{"task": {"lambda": 1, "alpha": 3, "lr": 1e-06, "wd": 0.0001, "bits": 24}, "result": {"time stopage": true, "loss": [0.8701818569898605, 0.5409266823530197, 0.4919206833839416, 0.47182213121652605, 0.45816503202915193, 0.44760403597354886, 0.4387420718073845, 0.43128516340255735, 0.4234350946545601, 0.41996352761983874, 0.4129859874248505, 0.408219606757164, 0.4006184848546982, 0.4003640123009682, 0.39475136947631834, 0.39249136263132095, 0.3893762365579605, 0.3862626278400421, 0.38410409677028656, 0.38286827647686006, 0.378991125702858, 0.3765643761754036, 0.37191361474990847, 0.37462780022621156, 0.36901129865646365, 0.36803091937303545, 0.3669815236926079, 0.3673166457414627, 0.3630798660516739, 0.3618383777141571, 0.35988604241609573, 0.35620142298936847, 0.3565544176101685, 0.3547967527508736, 0.3525338717699051, 0.3516823335886002, 0.34954898184537886, 0.34963653719425203, 0.3471836955547333, 0.34537022000551226, 0.3465451958179474, 0.34467434662580493, 0.3412599468231201, 0.3412732298374176, 0.3412308998703957, 0.34083060425519945, 0.33850236213207247, 0.33601362770795823, 0.3353332678079605, 0.334096624314785, 0.33340271151065826, 0.33263336747884753, 0.3298928859233856, 0.3321870048642159, 0.33173204731941225, 0.3286127316951752, 0.3275383420586586, 0.32654156774282456, 0.32410922890901567, 0.32531110471487046, 0.32613937509059904, 0.32263586348295215, 0.3211419494152069, 0.32181787109375, 0.32034049010276794, 0.32016766077280046, 0.31783069401979447, 0.31847916120290753, 0.31561969327926637, 0.31655878096818924, 0.3150733164548874, 0.3165008389949799, 0.31561632913351056, 0.3135148884654045, 0.3135551462173462, 0.3120654370188713, 0.31034118151664736, 0.31030134004354476, 0.31243721503019334, 0.3101242495179176, 0.3097346476316452, 0.3101857085824013, 0.30962618535757064, 0.3089701644182205, 0.3087335342764854, 0.3084352834820747, 0.3066020896434784, 0.30479674941301343, 0.3059208610057831, 0.3063136755824089, 0.303926710665226, 0.3052459399700165], "map": 0.042827885551501126}, "time": 3691.4546823501587}