{"task": {"lambda": 1, "alpha": 3, "lr": 0.0001, "wd": 1e-05, "bits": 12}, "result": {"time stopage": true, "loss": [0.711867363512516, 0.44806460458040237, 0.40539926129579545, 0.3746540657877922, 0.35804761344194413, 0.3413736721277237, 0.33162909185886386, 0.3199327199459076, 0.3126174147129059, 0.3049724772274494, 0.2957795372307301, 0.2872310852706432, 0.28269110596179964, 0.27583318927884104, 0.2674498656988144, 0.26245561650395394, 0.25599979054927824, 0.24876503774523734, 0.24209074786305426, 0.23828269585967063, 0.22815328258275985, 0.2266245830953121, 0.22077937898039818, 0.21703917726874353, 0.2127695528268814, 0.2098847692012787, 0.20689143207669258, 0.19975503808259965, 0.19764035135507585, 0.19301554960012435, 0.18941415441036225, 0.18922720342874527, 0.18567226427793504, 0.1823576790690422, 0.18065759435296058, 0.17922139099240303, 0.17629056844115257, 0.17719286030530929, 0.1729477990567684, 0.17361450889706612, 0.17030253468453885, 0.16824976918101311, 0.1666586890667677, 0.16748989632725717, 0.16511048032343387, 0.16507403030991555, 0.1648649087995291, 0.15705598336458207, 0.16152479235827924, 0.16178066807985306, 0.15977560779452324, 0.1564272319227457, 0.15293855334818363, 0.15481256505846977, 0.15597364766895772, 0.15395562639832497, 0.151629013851285, 0.15468757958710194, 0.15004494485259057, 0.15060996453464032, 0.14961011618375777, 0.14760257424414158, 0.15087589617073535, 0.14790093977749347, 0.147266327932477, 0.14597048856317996, 0.144042357519269, 0.14550517947971822, 0.14473841175436974, 0.14285600124299527, 0.1435664385408163, 0.14260502494871616, 0.14272841243445875, 0.14020300050079823, 0.1410510670989752, 0.14282111118733884, 0.14042848643660547, 0.13948778419196606, 0.14016256561875343, 0.13876059739291668, 0.13760478484630584, 0.13735976088047028, 0.1373479267656803, 0.1362896099090576, 0.13553739266097545, 0.13833384661376477, 0.13518806460499763, 0.13600261932611465, 0.13431563651561737, 0.13614360184967517, 0.13362757888436316, 0.13657740858197212, 0.13446679416298865], "map": 0.027834148051198566}, "time": 3702.9040927886963}