{"task": {"lambda": 2, "alpha": 5, "lr": 0.0001, "wd": 1e-06, "bits": 32}, "result": {"time stopage": true, "loss": [1.0318807878494263, 0.7093737131357193, 0.6240176556110382, 0.5795079383850098, 0.5451315023303032, 0.5228322477340698, 0.5029412990212441, 0.48787828892469404, 0.47595778506994246, 0.4640982118844986, 0.45337379664182664, 0.4409873261451721, 0.429693050801754, 0.418727758705616, 0.41303057903051377, 0.4035059087872505, 0.4001109444499016, 0.3901826939582825, 0.3873851752281189, 0.3809389998912811, 0.37236250030994417, 0.37056095027923586, 0.3658979389667511, 0.36014432364702226, 0.35639745992422106, 0.35065963089466096, 0.3466482387781143, 0.34231226098537443, 0.3373990014195442, 0.3345015341639519, 0.33251772516965866, 0.3298629670739174, 0.32668130588531497, 0.3193832511305809, 0.32109042716026304, 0.3131682685613632, 0.31264794325828554, 0.3093520531952381, 0.3060489796102047, 0.30637673860788345, 0.3018878343999386, 0.2995692772269249, 0.2981703422963619, 0.2948210285902023, 0.29397696098685266, 0.28859916210174563, 0.2859499926567078, 0.2824780783653259, 0.28392780220508573, 0.2804940719008446, 0.27821086391806604, 0.2777786754369736, 0.27476991459727285, 0.2744284076988697, 0.27162011760473254, 0.26999061805009844, 0.2676613067984581, 0.2651248486638069, 0.26655516320466993, 0.26066852986812594, 0.2591611862778664, 0.2552288758456707, 0.25735391518473627, 0.2520770427584648, 0.25038774117827417], "map": 0.05334831876237131}, "time": 2625.9158618450165}