{"task": {"lambda": 1, "alpha": 3, "lr": 0.0001, "wd": 0.0001, "bits": 48}, "result": {"time stopage": true, "loss": [0.5314466698169709, 0.38509288573265077, 0.32303175461292266, 0.3015301859080792, 0.2808683896958828, 0.2684282179772854, 0.25870773565769195, 0.2476347915828228, 0.23924886724352837, 0.2291242510676384, 0.22727878645062446, 0.21981945943832398, 0.2141492781639099, 0.20749573695659637, 0.20416065403819084, 0.19780233183503151, 0.19545310273766517, 0.19042855620384216, 0.1872587286531925, 0.18108859583735465, 0.17961013454198838, 0.1763913938701153, 0.1692440692782402, 0.1686878953874111, 0.16424079260230065, 0.16221793910861015, 0.16121741315722465, 0.15550468531250955, 0.15090596766769887, 0.14846841852366924, 0.14806381388008594, 0.14539565314352512, 0.1423006826788187, 0.14031532856822013, 0.13731554943323135, 0.13782344377040864, 0.1331537964940071, 0.13083688692748546, 0.13066673651337624, 0.12977241322398186, 0.12754001495242118, 0.12547759594023228, 0.12443971940875054, 0.12180127762258053, 0.11968030850589276, 0.11814154031872749, 0.11641229651868343, 0.11727700558304786, 0.11564287386834621, 0.11264175617694855, 0.11293646927177906, 0.1114524500221014, 0.11132879203557969, 0.11040202386677266, 0.11043508478999138, 0.1081262276917696, 0.10890965551137924, 0.10719420546293258, 0.10603000192344189, 0.10630771145224571, 0.10692382097244263, 0.10422982737421989, 0.10510819762945176, 0.10561483506858349, 0.10320141486823559, 0.10324205382168293, 0.10233610168099404, 0.10203472232818603, 0.10240510515868664, 0.1007921250462532, 0.09973144344985485, 0.1009109614342451, 0.10071611092984677, 0.09976918558776379, 0.09887222675979138, 0.09875015045702458, 0.09900922058522701, 0.09871724334359169, 0.09819852524995804, 0.09630039036273956, 0.09879768739640712, 0.09617955482006073, 0.09680549423396588], "map": 0.055441329737806334}, "time": 3308.453455209732}