{"task": {"lambda": 2, "alpha": 1, "lr": 1e-05, "wd": 1e-05, "bits": 24}, "result": {"time stopage": true, "loss": [0.6788349336385727, 0.5489478214383126, 0.4952064817547798, 0.46283806204795835, 0.44047575098276137, 0.4247501793503761, 0.411353053689003, 0.3973919289112091, 0.3884863185286522, 0.3804885290265083, 0.371826619386673, 0.36406590294837954, 0.3560193375945091, 0.3519187228679657, 0.34604620802402497, 0.3407190288901329, 0.3354043846130371, 0.330765148460865, 0.32793727189302446, 0.3248548939228058, 0.3196334547996521, 0.31575256669521334, 0.3152320090532303, 0.3078649805188179, 0.3049635239243507, 0.30404388236999513, 0.30148871695995333, 0.2979978367090225, 0.29427149358391763, 0.29308003062009813, 0.28986768701672555, 0.2878750567734242, 0.28569835647940633, 0.2844413729310036, 0.28074818348884584, 0.2783051446676254, 0.2774590916931629, 0.2748035477101803, 0.2715709927380085, 0.2716517998874187, 0.2675095204114914, 0.2664812816977501, 0.26496507981419565, 0.26291603457927704, 0.2630207039117813, 0.25877799940109253, 0.2572691963016987, 0.25638246929645536, 0.25555930751562117, 0.2546399186849594, 0.25200868970155715, 0.2512434730529785, 0.2487952817082405, 0.2479792200624943, 0.24700650799274446, 0.244857531696558, 0.24302292135357856, 0.24167756178975106, 0.24074571380019189, 0.2389310549199581], "map": 0.032445949530335375}, "time": 2734.6546552181244}