{"task": {"lambda": 2, "alpha": 1, "lr": 1e-05, "wd": 1e-06, "bits": 32}, "result": {"time stopage": true, "loss": [0.688335941195488, 0.5564513602256775, 0.5017810940146447, 0.46897534412145614, 0.4437350359559059, 0.42354615300893783, 0.40979877388477326, 0.3986818223595619, 0.3869630794525146, 0.37820065158605576, 0.37001973181962966, 0.36136173593997956, 0.3561711324453354, 0.3486015648841858, 0.34288644111156463, 0.3368197989463806, 0.3329259902238846, 0.32876549708843233, 0.3237116134762764, 0.31951678574085235, 0.3155078669786453, 0.3105814182162285, 0.3068238648176193, 0.3036697946190834, 0.30017414945363996, 0.2968640275597572, 0.29369240072369573, 0.29155083051323893, 0.2866014569699764, 0.2843922872543335, 0.2827156099975109, 0.2791805266737938, 0.2759322783350944, 0.27380826231837274, 0.27103065690398215, 0.2683803196847439, 0.2667963590025902, 0.26483146181702616, 0.2616303188800812, 0.25963095924258234, 0.25745465922355654, 0.2550184091329575, 0.25322408056259155, 0.2505125611722469, 0.24900576156377793, 0.24817193922400474, 0.2455247032046318, 0.24501105427742004, 0.242845173060894, 0.24048235774040222, 0.2386939498782158, 0.23774535527825355, 0.23574660563468933, 0.23577527168393136, 0.23369701731204987, 0.230964527875185, 0.2300622161924839, 0.22794162777066232, 0.2274284644126892, 0.22589352503418922, 0.22538330474495888, 0.2234303666651249, 0.2211116677224636, 0.22108177244663238, 0.21989155641198158, 0.2193178765773773, 0.2175721553862095, 0.21533738061785698, 0.21600117805600166, 0.21250811502337455, 0.21364038223028184, 0.21043560180068016, 0.21007776775956155, 0.20942611294984817, 0.20868161183595657, 0.20772177967429162, 0.20597869744896888, 0.20520136934518815, 0.2037971329689026, 0.2026803883612156, 0.202388119161129, 0.20122649326920508, 0.20147001951932908, 0.19957411581277848, 0.19805232015252114, 0.19922741562128066, 0.19743444007635116, 0.19619979721307754, 0.19594223606586456, 0.19319360658526422, 0.1936355230808258, 0.19359596231579781], "map": 0.03297741274996306}, "time": 3691.9434468746185}