{"task": {"lambda": 1, "alpha": 3, "lr": 1e-06, "wd": 1e-05, "bits": 32}, "result": {"time stopage": true, "loss": [0.8055415170192719, 0.5179145825505257, 0.4715671031475067, 0.4553407508134842, 0.43917397367954253, 0.43212775146961213, 0.42363176214694975, 0.41592683327198027, 0.4112246471643448, 0.4059541929960251, 0.39926353365182876, 0.39399900603294374, 0.39302035415172576, 0.38638626170158386, 0.3829317935705185, 0.3777681143283844, 0.37350340288877487, 0.37243205100297927, 0.37046134811639786, 0.3668391019105911, 0.36268246138095855, 0.3634443467855453, 0.35769773209095, 0.35817468523979185, 0.3545401054024696, 0.3535593004226685, 0.34866396605968475, 0.34624070006608965, 0.3440194858312607, 0.34221710556745527, 0.3417886338829994, 0.33877828806638716, 0.33868133705854414, 0.33386942756175997, 0.33343026316165925, 0.33317483246326446, 0.3295314863920212, 0.32671170806884764, 0.32797772282361987, 0.3263444020152092, 0.32410956400632857, 0.32284794121980664, 0.32043368977308273, 0.3211913911104202, 0.3198469876050949, 0.3190750988125801, 0.31680277651548383, 0.3155751730799675, 0.31534956085681914, 0.31392214620113373, 0.31235086023807523, 0.31152304673194886, 0.3104740415811539, 0.3097833291292191, 0.30906829923391343, 0.30539316368103026, 0.3050195780992508, 0.3038935407400131, 0.3034774352312088, 0.3021384540200234, 0.3017430367469788, 0.3023793218135834, 0.3019248780608177, 0.30196154642105105, 0.3013771441578865, 0.30006075191497805, 0.29767608070373536, 0.2998716959953308, 0.29927972465753555, 0.29822087198495867, 0.2961177854537964, 0.2945837041437626, 0.29644736152887347, 0.2930374411046505, 0.2927233178019524, 0.2930935069024563, 0.2923366222977638, 0.29296534532308577, 0.29227322030067443, 0.2900462307929993, 0.2894317810237408, 0.28877341660857203, 0.2898269584476948, 0.28837212547659874], "map": 0.048786159464959386}, "time": 3461.675253868103}