{"task": {"lambda": 2, "alpha": 5, "lr": 1e-06, "wd": 1e-06, "bits": 12}, "result": {"time stopage": true, "loss": [2.4494980511665343, 1.498547487974167, 1.3461491043567657, 1.2669515643119813, 1.20895086479187, 1.166578719854355, 1.134518313407898, 1.1070142716169358, 1.0847218772172929, 1.0659660440683365, 1.0463276225328446, 1.0341953459978104, 1.0220106377601623, 1.0087391667366028, 1.000068619608879, 0.9918821568489075, 0.9816091169118881, 0.9747151144742966, 0.9690398128032685, 0.9585650815963745, 0.9559920372962951, 0.9513789466619491, 0.9441019135713578, 0.9367582149505616, 0.9318454793691635, 0.9308397709131241, 0.921213392496109, 0.9166066591739654, 0.9146094191074371, 0.9134465335607529, 0.9097780166864395, 0.9041575148105622, 0.9004303255081176, 0.8981462479829788, 0.8943076056241989, 0.8915448839664459, 0.8874176770448685, 0.8846299488544465, 0.8795652968883514, 0.8793113909959793, 0.8774531331062317, 0.8691707912683487, 0.871275141119957, 0.8683760256767273, 0.8655073815584182, 0.8600421942472458, 0.8616913747787476, 0.8604287947416306, 0.8555263632535934, 0.8527431507110595, 0.8549856244325638, 0.852278930425644, 0.8482985180616379, 0.8478828197717667, 0.8458283734321594, 0.8387919957637787, 0.8404454782009124, 0.8367380061149597, 0.8350818154811859, 0.8353740365505219, 0.8291831811666489, 0.8300225590467453, 0.828360188126564, 0.8267853199243546, 0.8239435933828354, 0.8223596602678299, 0.821673437833786, 0.8208002259731293, 0.8177417049407959, 0.8184878727197648, 0.8160340131521225, 0.8149139143228531, 0.8145290102958679, 0.8096408877372742, 0.8104256206750869, 0.8089306274652481, 0.806238015294075, 0.8039628560543061, 0.8018957319259643, 0.8025499038696289, 0.8012273323535919], "map": 0.02373024532197845}, "time": 3336.361634492874}