{"task": {"lambda": 2, "alpha": 3, "lr": 1e-06, "wd": 0.0001, "bits": 32}, "result": {"time stopage": true, "loss": [1.1991070923805236, 0.892365807890892, 0.8375234081745148, 0.8110270583629609, 0.7894034724235535, 0.7684915617704392, 0.7564647744894027, 0.7403461751937866, 0.7273802109956742, 0.7145906975269317, 0.7035354411602021, 0.6932966557741165, 0.6849980651140213, 0.677916981101036, 0.6691227209568024, 0.662300134062767, 0.6545614229440689, 0.6457504912614822, 0.637847991347313, 0.6313701556921005, 0.625610292315483, 0.620034963130951, 0.6136641217470169, 0.6079102751016617, 0.6019320613145829, 0.5977592285871506, 0.5934795023202896, 0.5883231964111328, 0.5847117302417755, 0.5817186787128449, 0.5771280077695846, 0.5758250750303269, 0.5711118117570877, 0.5676484034061432, 0.5626428409814834, 0.5607234804034233, 0.5597913544178009, 0.5548473802804947, 0.5529279573559761, 0.5502154354453087, 0.5466137479543686, 0.5451576310992241, 0.5414762984514236, 0.537182265818119, 0.5368233897686004, 0.5330368790626526, 0.5342477549314499, 0.5292623756527901, 0.5297983718514443, 0.5265969907641411, 0.5222544800639153, 0.5223836821317672, 0.5198673739433288, 0.5185323610305786, 0.5178136473298073, 0.5144350158572197, 0.5138183212876319, 0.5107298237681389, 0.5103673125505448, 0.508955227792263, 0.5065201140046119, 0.5049186584949493, 0.5030990883111953, 0.5003154607415199, 0.5008725736737252, 0.4989983083605766, 0.498629477083683, 0.4961234672665596, 0.4940395666360855, 0.4935431110858917, 0.49408967596292497, 0.49062495839595793, 0.49051818674802783], "map": 0.0374647099110104}, "time": 3161.101578474045}