{"task": {"lambda": 1, "alpha": 3, "lr": 0.0001, "wd": 1e-06, "bits": 48}, "result": {"time stopage": true, "loss": [0.5585905411243439, 0.3908035845160484, 0.32396715277433397, 0.30394560062885284, 0.28445383566617966, 0.2738860403299332, 0.259161737293005, 0.2520617034137249, 0.24172895726561547, 0.2366676212847233, 0.2280828311443329, 0.2222726657986641, 0.2157795542180538, 0.21138192456960678, 0.20519125255942344, 0.2037856438457966, 0.19512740522623062, 0.1938357012271881, 0.19022103676199914, 0.18396402552723884, 0.1831255712211132, 0.1768667908012867, 0.17626187407970428, 0.1739346544444561, 0.1704233599305153, 0.16784532234072685, 0.16457546398043632, 0.16401525843143464, 0.16148719948530196, 0.15762131199240684, 0.15345270262658597, 0.15313611353933812, 0.1517887374162674, 0.1506596272289753, 0.14573040735721587, 0.14465614515542985, 0.14438497027754785, 0.14195727704465388, 0.13989764112234115, 0.13928177708387374, 0.13541153997182845, 0.13533398151397705, 0.1331813289821148, 0.13235913318395615, 0.1280369141250849, 0.1265187322795391, 0.12561354418098927, 0.12701838836073875, 0.12364314597845077, 0.12123523364961147, 0.12169266840815544, 0.11805226562917233, 0.11935955935716629, 0.1178574692606926, 0.1172309846431017, 0.1162760957479477, 0.11569372279942036, 0.11299628758430481, 0.11370628798007965, 0.11062209378182888, 0.11181801876425743, 0.1103899648487568, 0.10894864091277122, 0.11014323011040687, 0.1082418228238821, 0.1063893937766552, 0.10579604536294937, 0.10568079793453217, 0.10619997741281986, 0.10471380484104156, 0.10620179939270019, 0.10686672823131084, 0.10280292318761348, 0.104495699852705, 0.10206401066482067, 0.10408515326678752, 0.10100248439610005, 0.10327687734365464, 0.10139831210672855, 0.1014003018438816, 0.10344537872076034, 0.10118827122449875, 0.10125989347696304, 0.10060050648450851, 0.1009842133373022], "map": 0.05596170979709681}, "time": 3566.412537097931}