{"task": {"lambda": 0.5, "alpha": 3, "lr": 1e-06, "wd": 1e-06, "bits": 48}, "result": {"time stopage": true, "loss": [0.4967070942521095, 0.2993541426360607, 0.26507220008969307, 0.25057421466708185, 0.24670720902085305, 0.23973334696888923, 0.2335333291888237, 0.2342525552213192, 0.2283855774998665, 0.2244741791188717, 0.22363234561681747, 0.2242212652862072, 0.22076403909921646, 0.2183072334229946, 0.2167123688161373, 0.21561598229408263, 0.21489351126551628, 0.21268204900622367, 0.21097969689965249, 0.2108131188750267, 0.2102161293923855, 0.20805440604686737, 0.20684705209732054, 0.20686917051672934, 0.20482080757617951, 0.20496105566620826, 0.2048351491689682, 0.20217614498734474, 0.20160830822587014, 0.20232145538926125, 0.20027365642786027, 0.19971311488747598, 0.20033686906099318, 0.1977105194032192, 0.19860919350385667, 0.19665538370609284, 0.19659398183226584, 0.19592046386003495, 0.19452570348978043, 0.19377421885728835, 0.1927369284927845, 0.19274100697040558, 0.19220811510086058, 0.19273010110855102, 0.1900099394619465, 0.1906665996015072, 0.18928720745444297, 0.18981046703457832, 0.18709895798563958, 0.18745708391070365, 0.18753152537345885, 0.18833588221669198, 0.18653947722911834, 0.18632555842399598, 0.18596931010484696, 0.1819948299229145, 0.18419809371232987, 0.18300918683409692, 0.18323243603110315, 0.18521918320655822, 0.18411965864896773, 0.1837065333724022, 0.18105636641383172, 0.18266322973370552, 0.18212847006320954, 0.18151179853081703, 0.17993823170661927, 0.18030166923999785, 0.18122634941339494, 0.1786602795124054, 0.1769530857503414, 0.1757407311797142, 0.178214503377676, 0.17747269064188004, 0.17695651993155478, 0.17496574980020524, 0.17667840784788133, 0.17698348912596704, 0.17693153151869773, 0.17562568062543868, 0.17541730433702468, 0.1763064891397953, 0.17545496863126755, 0.17441404753923417, 0.17283466324210167], "map": 0.06932665282775165}, "time": 3408.808474302292}