{"task": {"lambda": 0.5, "alpha": 5, "lr": 1e-05, "wd": 1e-06, "bits": 12}, "result": {"time stopage": true, "loss": [0.5794939275979996, 0.4370915653705597, 0.40707302558422087, 0.38878927141427994, 0.3764458614587784, 0.3621808132529259, 0.35463443541526796, 0.35302038842439654, 0.3451914138197899, 0.34115653568506243, 0.3387924022078514, 0.33182582318782805, 0.3308484661579132, 0.32585442399978637, 0.3228476021885872, 0.3205034480392933, 0.3170182990729809, 0.31722293347120284, 0.31416379314661025, 0.30866423684358596, 0.31061196103692057, 0.30812002286314966, 0.3046327184438705, 0.3029574549794197, 0.30062819057703016, 0.30129650101065636, 0.295708663135767, 0.296593914180994, 0.2944023296535015, 0.2921731569468975, 0.29284763008356096, 0.29375324085354804, 0.2918604615330696, 0.2890069778859615, 0.28749574688076973, 0.28781472370028494, 0.28360831809043885, 0.2882320235967636, 0.2843594540655613, 0.2809284760653973, 0.2813130316734314, 0.2794842033684254, 0.27645953047275545, 0.2773364318907261, 0.2754394063651562, 0.2757644656896591, 0.2771481958031654, 0.27488298565149305, 0.27713688641786577, 0.2754493770897388, 0.27659455898404123, 0.2706833232343197, 0.2716969789266586, 0.27367515924572944, 0.2712330555021763, 0.2691921872496605, 0.26826739984750747, 0.2674913156926632, 0.2689798256754875, 0.2640502378642559, 0.2656105417013168, 0.26392193311452866, 0.26692329469323156, 0.26495074465870855, 0.2639027211070061, 0.26111474069952967, 0.25933547982573507, 0.25974806159734726, 0.26198345187306404, 0.26189914360642436, 0.2587517393827438, 0.2570597872436047, 0.25943471339344976, 0.2563798298537731, 0.255192406386137, 0.2578386352062225, 0.2563406452536583, 0.2556701953113079, 0.25483701315522195, 0.25417645141482353, 0.25314040637016294, 0.2522858161330223, 0.25408290112018583, 0.25053435149788855, 0.25390402030944825, 0.24935444098711013, 0.24738803830742837, 0.24734664180874824, 0.25238975834846494, 0.24694852682948112, 0.24862481826543809, 0.24781769222021102], "map": 0.036311128720800265}, "time": 3698.4167132377625}