{"task": {"lambda": 2, "alpha": 1, "lr": 1e-06, "wd": 1e-06, "bits": 32}, "result": {"time stopage": true, "loss": [1.0183573708534241, 0.8106712486743927, 0.7496688497066498, 0.712249141216278, 0.6844030545949936, 0.6593330692052841, 0.6387151529788971, 0.6213167200088501, 0.6060381318330765, 0.5941609904766083, 0.5817562524080276, 0.5713921958208084, 0.5611451289653778, 0.5528363774418831, 0.5447854323387146, 0.5377320774793625, 0.5327018057107925, 0.5251983799338341, 0.521555082499981, 0.5152940109968186, 0.5099113267064095, 0.5046837043762207, 0.499988879442215, 0.4960376686453819, 0.4916652564406395, 0.4886856677532196, 0.484828300178051, 0.4805862689614296, 0.47779840499162674, 0.47319289845228196, 0.4709152389764786, 0.46661493891477585, 0.46522215205430983, 0.46075351905822753, 0.4601305574774742, 0.45568822598457337, 0.4547217672467232, 0.4499166286587715, 0.44780775558948516, 0.44492652791738513, 0.44136684310436247, 0.44043557929992677, 0.43607210385799405, 0.43621658587455747, 0.4323891457915306, 0.4300322511792183, 0.4291277548670769, 0.4255142323374748, 0.4236113314628601, 0.42416371607780456, 0.42090700244903567, 0.41894418025016783, 0.41865587759017947, 0.4149967076778412, 0.4150641315579414, 0.4138584058880806, 0.41276037609577176, 0.40960732847452164, 0.4093735691308975, 0.4061058329343796, 0.40604511290788653, 0.4064860290288925, 0.4043930484652519, 0.40043243980407717, 0.40214357286691665, 0.4002446919679642, 0.39981168097257613, 0.3985588476061821, 0.3962767387628555, 0.39603666245937347, 0.39445175993442533, 0.3937094972133636, 0.39184143030643465, 0.39140650099515917, 0.390413237452507, 0.3869929208755493, 0.38730134534835814, 0.38633387660980223, 0.38556976103782653, 0.38473381686210634, 0.3830729492306709, 0.3822541366815567, 0.3809446188211441, 0.3799188844561577, 0.3788708992004394, 0.3791098340153694, 0.3788250536322594, 0.3779638811945915], "map": 0.034068962203560246}, "time": 3572.203010559082}