{"task": {"lambda": 2, "alpha": 5, "lr": 1e-05, "wd": 1e-05, "bits": 48}, "result": {"time stopage": true, "loss": [0.8462598937749862, 0.7147736105918884, 0.6661942009925842, 0.6264733922481537, 0.6011770628690719, 0.574689433157444, 0.5610547892451286, 0.5473120062947273, 0.5363928725123406, 0.5234477815628051, 0.5182207381725311, 0.5088880844116211, 0.4999149333834648, 0.4954245228767395, 0.4854047111272812, 0.4815466504693031, 0.4802930028438568, 0.4730198447704315, 0.46787112432718275, 0.4669357656240463, 0.4591076291799545, 0.4543392844200134, 0.4490749296545982, 0.44828688603639605, 0.44272863668203355, 0.4450926149487495, 0.440608516395092, 0.4370428509712219, 0.4331167246103287, 0.43149024629592897, 0.4295187982916832, 0.4253478986024857, 0.4201212763786316, 0.419042550444603, 0.41713374298810957, 0.4145662099123001, 0.40925777685642245, 0.4076683784127235, 0.4087167162895203, 0.4054870909452438, 0.4021602088809013, 0.39995387715101244, 0.3977763475179672, 0.3949235993027687, 0.39289859277009964, 0.39163868391513823, 0.3902890903353691, 0.39032351040840146, 0.3868482457399368, 0.3840162044167519, 0.38106372475624084, 0.37980696898698807, 0.38037109434604643, 0.3769699909687042, 0.37639320850372315, 0.37506874781847, 0.3735170436501503, 0.3720148064494133, 0.3677329483032227, 0.3681428081393242, 0.3645964834690094, 0.3669844769239426, 0.36364478611946105, 0.36233220154047013, 0.36281233859062195, 0.3573563741445541, 0.35776740503311155, 0.356095532476902, 0.3556264805197716, 0.3542746906280518, 0.35094445103406907, 0.35070623409748075, 0.34833501833677294, 0.3472047600150108, 0.3468137248158455, 0.3444477428197861, 0.34306221139431, 0.34357326054573056, 0.34047983372211454, 0.34123900181055067, 0.34021771723031996, 0.3393788987994194, 0.3344437114596367, 0.3362379069328308, 0.3338182371854782, 0.3314202726483345, 0.3334423130750656, 0.33111865109205246], "map": 0.06357680058754919}, "time": 3598.2004647254944}