{"task": {"lambda": 2, "alpha": 3, "lr": 1e-05, "wd": 1e-06, "bits": 48}, "result": {"time stopage": true, "loss": [0.7725335401296616, 0.6462195190191269, 0.5890181351304055, 0.5525901748538017, 0.5266040462851524, 0.503035689175129, 0.4850203772783279, 0.47372567844390867, 0.46373030883073807, 0.45723786669969557, 0.44627795517444613, 0.438365846991539, 0.4298091520667076, 0.42693845307826994, 0.4208890569806099, 0.4145883023738861, 0.4096251725554466, 0.40634328687191007, 0.39906918627023696, 0.39581687903404233, 0.3922796804308891, 0.3874780099987984, 0.38412332022190093, 0.38047297376394273, 0.3782716189622879, 0.37404602611064913, 0.3691966992616653, 0.3657232514619827, 0.3630537247061729, 0.3591603361368179, 0.35418592619895933, 0.3530323277711868, 0.3491963428854942, 0.34851855009794236, 0.3457678573727608, 0.3430991033911705, 0.34015054458379745, 0.3360277131199837, 0.3342414307594299, 0.33318652510643004, 0.3304994049668312, 0.3292478594183922, 0.32717774921655657, 0.3251098442077637, 0.3241037060618401, 0.3191711547970772, 0.3179473528265953, 0.3149894872903824, 0.3161476808786392, 0.3133972957730293, 0.31169027477502825, 0.3096282052397728, 0.30893850773572923, 0.3061252778172493, 0.30329247468709947, 0.30257845991849897, 0.300515084028244, 0.29931042951345443, 0.29812231108546255, 0.2951257599890232, 0.29456159013509753, 0.29146185925602913, 0.291191863745451, 0.29032346162199973, 0.2874156470298767, 0.28577591967582705, 0.2857880180478096, 0.2815338708758354, 0.2826246535778046, 0.28306310972571375], "map": 0.05589654627505379}, "time": 3095.593615293503}