{"task": {"lambda": 2, "alpha": 1, "lr": 0.0001, "wd": 0.0001, "bits": 24}, "result": {"time stopage": true, "loss": [0.8201722590923309, 0.5054367181658744, 0.4302551655173302, 0.3909273588061333, 0.36244073110818864, 0.3398188242316246, 0.3237021007537842, 0.30642426121234895, 0.29389796966314313, 0.2825082866251469, 0.2726138791441917, 0.26395109051465987, 0.2549773352444172, 0.24816484504938124, 0.23848248565196992, 0.23240622043609618, 0.2266986577510834, 0.2179352661371231, 0.21369142550230028, 0.20987382197380067, 0.20170602151751518, 0.1974698177278042, 0.1923681245148182, 0.18864267310500146, 0.18306829980015754, 0.179476861089468, 0.17393142774701117, 0.17207594868540763, 0.16740944150090217, 0.16356465047597885, 0.16181924244761467, 0.15848753798007964, 0.15734600764513015, 0.15421198010444642, 0.14957737220823764, 0.14872658288478852, 0.1472415425926447, 0.14541841667890548, 0.14220449137687682, 0.13919566442072392, 0.13947811679542066, 0.13724192258715628, 0.13567472657561302, 0.13330355322360993, 0.13337720522284507, 0.13220668867230415, 0.13046199974417685, 0.12815144543349744, 0.12875657606124877, 0.12633954018354415, 0.12665553459525108, 0.12497178816795348, 0.12498604655265808, 0.1230776196271181, 0.1235877882540226, 0.12205467034876347, 0.12072380305826665, 0.12024367126822472, 0.1189811442643404, 0.11828667896986007, 0.11865577028691769, 0.11537633886933327, 0.11591719795763493, 0.11585295671224594, 0.11480523712933063, 0.11477665428817273, 0.11346596433222293, 0.11394824807345867, 0.11384015807509422, 0.11448071445524692, 0.11089063984155655, 0.10985333049297333, 0.1107610020339489, 0.1094543144851923, 0.10978848299384117, 0.1101123501509428, 0.10826688466966153, 0.10738679780066013, 0.10866342602670193, 0.10736133459210395, 0.10777459959685802], "map": 0.02611360491638074}, "time": 3339.2160103321075}