{"task": {"lambda": 0.5, "alpha": 3, "lr": 1e-05, "wd": 0.0001, "bits": 48}, "result": {"time stopage": true, "loss": [0.26066687881946565, 0.2218239124417305, 0.2098458361029625, 0.20272580483555794, 0.1968819923698902, 0.1901664762198925, 0.18742390337586404, 0.1842728255391121, 0.17883641964197158, 0.1769465754032135, 0.17484149530529977, 0.1713214116692543, 0.1694430975615978, 0.16867352974414826, 0.1658622637987137, 0.16483148407936096, 0.16327064833045005, 0.1626219168305397, 0.15980113050341607, 0.16020385217666627, 0.15820473289489745, 0.1583890513777733, 0.1560635381191969, 0.1553365261554718, 0.15468674817681313, 0.1525413006991148, 0.1524392376691103, 0.1514633318334818, 0.14940413680672646, 0.1489838540107012, 0.14739156597852707, 0.14675438004732133, 0.1445347435474396, 0.14556939999759197, 0.14603803922235967, 0.14541221345961095, 0.14265001460909843, 0.1446613812893629, 0.1421806862205267, 0.14078643026947976, 0.1405223507732153, 0.13927657832205295, 0.13913280834257602, 0.14007667422294617, 0.13734650033712387, 0.13728585316240788, 0.13631282478570939, 0.13609979236125946, 0.13581771123409273, 0.1347615437656641, 0.13337255385518074, 0.13375552177429198, 0.13239848484098912, 0.131347265034914, 0.13330152240395546, 0.13047256490588188, 0.13033873076736927, 0.13044314777851104, 0.13012760213017463, 0.13122658228874207, 0.1287756719738245, 0.12925124675035476, 0.1295511931926012, 0.12944540670514107, 0.12770591463148595, 0.12995306883752347, 0.1275136159658432, 0.1263479803800583, 0.1265765042155981, 0.12465225945413112, 0.12632262666523456, 0.12626497745513915, 0.12441126500070095, 0.1239347386956215, 0.12462812842428685, 0.12321167530119419, 0.12351864576339722, 0.12381800621747971, 0.12251354049146175, 0.12280809995532035, 0.12232595999538899, 0.12209239344298839, 0.12062588030099869, 0.1207963008582592, 0.1209182606935501, 0.11915715077519416, 0.11898179596662521], "map": 0.07790400937465808}, "time": 3566.1036972999573}