{"task": {"lambda": 0.5, "alpha": 5, "lr": 1e-05, "wd": 0.0001, "bits": 24}, "result": {"time stopage": true, "loss": [0.3841072390973568, 0.29066539436578753, 0.26758596536517143, 0.25856661853194235, 0.24595569816231727, 0.24275575003027916, 0.2385953488945961, 0.2379567792415619, 0.2317014116346836, 0.2302346380352974, 0.22587959563732146, 0.22286002787947654, 0.22151427838206292, 0.2207779128551483, 0.22063839918375014, 0.21970905807614327, 0.21557537457346918, 0.21181906068325043, 0.21241481387615205, 0.2116158922612667, 0.211481996178627, 0.20873979550600053, 0.2085729793906212, 0.20750127282738687, 0.2058381258547306, 0.20563281548023224, 0.20613652655482292, 0.20565983137488364, 0.20219903200864792, 0.20201107716560363, 0.20282225129008294, 0.20650101611018182, 0.20130943197011947, 0.19943371590971948, 0.19937342834472657, 0.1996045742034912, 0.1990964403152466, 0.19604578214883805, 0.1993080015182495, 0.19678532391786574, 0.19678176933526992, 0.19432102727890016, 0.19542708292603492, 0.19321901139616965, 0.19386664569377898, 0.1917976212501526, 0.19358094242215157, 0.19192631503939628, 0.1937631957232952, 0.19085306677222252, 0.19260915920138358, 0.1899725697040558, 0.18984127822518349, 0.18964639514684678, 0.18884519657492638, 0.19100437161326408, 0.18787308061122895, 0.18634294337034227, 0.186399816185236, 0.18838298845291138, 0.18782195982336997, 0.1878844634592533, 0.18780105152726173, 0.18448239013552667, 0.1856742037832737, 0.1877497818171978, 0.18562639477849008, 0.18301180467009545, 0.18268892359733582], "map": 0.066601701212186}, "time": 2770.8739891052246}