{"task": {"lambda": 2, "alpha": 5, "lr": 1e-05, "wd": 1e-06, "bits": 48}, "result": {"time stopage": true, "loss": [0.8610751361846923, 0.73716916680336, 0.6807013418674469, 0.6387968759536743, 0.6093661354780198, 0.5876422082185745, 0.568718464076519, 0.5536961334943772, 0.5391052352786064, 0.5293675292730331, 0.5211594281196594, 0.5146425990462303, 0.5049657388329506, 0.4991617576479912, 0.48987654435634614, 0.4844339752793312, 0.47917739921808244, 0.47559324735403063, 0.46982690680027006, 0.4647954713702202, 0.461627078473568, 0.4568378775715828, 0.452509661257267, 0.45362980061769487, 0.4448367669582367, 0.4437195928096771, 0.43960890316963197, 0.43607267731428145, 0.43554264229536055, 0.43304054147005083, 0.42863347733020785, 0.42574818450212476, 0.42241133451461793, 0.4200512079000473, 0.4205655180811882, 0.416485720038414, 0.4135260171294212, 0.4129521878361702, 0.41017811530828474, 0.4078068540096283, 0.4037351984381676, 0.4030227248072624, 0.3996874692440033, 0.39715605705976487, 0.39739507108926775, 0.39514551013708116, 0.39389181673526763, 0.3910949429273605, 0.38780739134550096, 0.38613804483413694, 0.388683075428009, 0.3826603370308876, 0.3829707618355751, 0.3799391152262688, 0.3803109102845192, 0.3776290056109428, 0.37468652975559236, 0.3750360276699066, 0.37286915743350985, 0.3712097435593605, 0.37061680120229723, 0.36745052176713944, 0.3667769259214401, 0.36490731793642045, 0.3622251870036125, 0.3621739484667778, 0.3589704693555832, 0.36053828018903733, 0.3580350271463394, 0.35874713760614396, 0.35717271476984025, 0.35437259542942046, 0.35361007249355314, 0.3534564742445946, 0.3499877265691757, 0.34782450264692305, 0.34847614574432373, 0.3483145015835762, 0.3450157618522644, 0.34380693966150283, 0.34466479778289794, 0.34097502928972245, 0.3419608300924301, 0.3405496574044228], "map": 0.06651293175350058}, "time": 3477.82266664505}