{"task": {"lambda": 1, "alpha": 5, "lr": 1e-06, "wd": 1e-06, "bits": 12}, "result": {"time stopage": true, "loss": [2.057283611059189, 1.0403764098882675, 0.9112636835575104, 0.8475011078119278, 0.800276286482811, 0.773655526638031, 0.7451512124538422, 0.7284522974491119, 0.7103180137872696, 0.6931476509571075, 0.6817754408121109, 0.6730522129535675, 0.6664638954401017, 0.654938798904419, 0.6541470713615417, 0.6440529570579528, 0.635699929356575, 0.6340050592422485, 0.6249864376783371, 0.6245990240573883, 0.6177056401968002, 0.6104645181298256, 0.6062346765995026, 0.6033490949869156, 0.6007902157902718, 0.6002619098424912, 0.5928558173775673, 0.5917885529994965, 0.589651976108551, 0.5829560714960098, 0.5849414024949073, 0.5829630417823791, 0.580740306854248, 0.576704589009285, 0.5734360550642014, 0.5748940200209618, 0.5709587749838829, 0.5696711644530297, 0.5636715357899665, 0.5663654443025589, 0.5616862605810166, 0.5624146040081978, 0.554526544868946, 0.5569245086908341, 0.5568591029644012, 0.552165509223938, 0.5491806818842888, 0.5529854180812835, 0.5473560989499092, 0.5457401109933853, 0.543247992515564, 0.5460144280195236, 0.5454043577313423, 0.5395138243436813, 0.5398707116246223, 0.5420032048225403, 0.5403196498155594, 0.537459375679493, 0.5334932598471641, 0.5340271168947219, 0.5384013643860817, 0.5318220198750496, 0.5317365815043449, 0.5263775115013123, 0.5295240842103958, 0.5297333235740662, 0.5266129333376884, 0.5253459743857384, 0.5230240394473076, 0.5249926245808602, 0.5218974976539612, 0.5184682644009591, 0.5201150283813477, 0.5170458225011826, 0.5222566350102424, 0.5168652678132057, 0.5170678071379662, 0.5119879596233368, 0.5151142556071281, 0.5141999988555909, 0.511693970322609, 0.5143105879426002, 0.5132822670936584, 0.512860531270504, 0.5068930324316024, 0.5070910242795944, 0.5088716903328896, 0.5100032540559769, 0.507013035595417, 0.5076309983730316, 0.5068622601628303, 0.506384525358677, 0.5017847155332565], "map": 0.023214915525221477}, "time": 3708.0405485630035}