{"task": {"lambda": 0.5, "alpha": 1, "lr": 0.0001, "wd": 1e-06, "bits": 24}, "result": {"time stopage": true, "loss": [0.3080822415947914, 0.18958811137080192, 0.16778949502110482, 0.15672978234291077, 0.14973784816265107, 0.14458589981496334, 0.13912758108973503, 0.13591197331249713, 0.1309966746866703, 0.12677316723763943, 0.12340234434604645, 0.1214207711815834, 0.11816874028742314, 0.1167530075609684, 0.11210198280215264, 0.11196543325483799, 0.10816708405315877, 0.10589269943535327, 0.10505052630603313, 0.10432161308825016, 0.10170519660413266, 0.10147907024621963, 0.09868817427754402, 0.09708480513095856, 0.09695548857748508, 0.09430253268778324, 0.09368609015643596, 0.09266251151263714, 0.09056512449681758, 0.0892395683079958, 0.08896034099161625, 0.08669382579624653, 0.08490951788425445, 0.08563140021264554, 0.08423668804764747, 0.08218391254544258, 0.08310319565236568, 0.0808442019969225, 0.08022684572637082, 0.07941089353710414, 0.07794217427819967, 0.07726871284097434, 0.07593184869736433, 0.07554305952042341, 0.07606882042437792, 0.07456065698713064, 0.07360981410741806, 0.07180052404850722, 0.0721458956822753, 0.07131128452718258, 0.07075272031128406, 0.06929915535449982, 0.06910145224630833, 0.06923695153743029, 0.0671156450882554, 0.06713286403566598, 0.06628839836269618, 0.06576064447313547, 0.06525549739599228, 0.06515677248686552, 0.06436741805821657, 0.06390186738222838, 0.06347813078016043, 0.06279234303534031, 0.062258213020861146, 0.062343674674630166, 0.061548307575285434, 0.06218882969766855, 0.05964826354384422, 0.06043221813440323, 0.059070427775382996, 0.059385781399905684, 0.059062571592628954, 0.058954392842948435, 0.058547867402434346, 0.05839622592180967, 0.05729965605586767, 0.057980451442301274, 0.058270059280097486, 0.05688606109470129, 0.05746241638809443, 0.05577059569209814, 0.0561131517291069], "map": 0.0398959768375424}, "time": 3475.7273087501526}