{"task": {"lambda": 2, "alpha": 5, "lr": 1e-05, "wd": 0.0001, "bits": 12}, "result": {"time stopage": true, "loss": [1.2378086395263672, 1.0058896808624267, 0.9415535356998443, 0.9009752434492111, 0.8731336854696273, 0.8454171838760376, 0.827665476322174, 0.8142189301252365, 0.7937115980386734, 0.7817620681524277, 0.7733165897130966, 0.7596591893434524, 0.7487276654243469, 0.741796263217926, 0.7314472633600235, 0.7265185370445252, 0.718196760892868, 0.7094661755561829, 0.7036417319774627, 0.7006815731525421, 0.6949004151821137, 0.69139896941185, 0.684009137392044, 0.6767026156187057, 0.6747437443733215, 0.6700237256288528, 0.6645281090736389, 0.6646423174142837, 0.6554817574024201, 0.6552552334070205, 0.6495854169130325, 0.641865857243538, 0.642164493560791, 0.6402653493881225, 0.6346071565151215, 0.6316666464805603, 0.6325687284469604, 0.6267046124935151, 0.6258454047441483, 0.621886573433876, 0.6189663444757462, 0.617720936536789, 0.6118695411682129, 0.610861690044403, 0.6065912399291992, 0.6040995231866837, 0.6026366934776306, 0.5987859365940094, 0.5962337389588356, 0.5962530190944672, 0.5929528452157974, 0.5906605260968208, 0.5876301698088646, 0.5840703738331795, 0.5834045361876488, 0.5814794347882271, 0.5812339104413986, 0.5749289489984513, 0.5758677345514297, 0.5717671455740929, 0.5746158127784728, 0.5691159955859184, 0.5672384331822395, 0.5651210523843765, 0.5652231931686401, 0.5623723756074905, 0.5573277595043182, 0.5567369529008865, 0.5539870157837867, 0.554212877035141, 0.5507951617240906, 0.5495962378978729, 0.5504525929689408, 0.5484868497252464, 0.5434336590170861, 0.542114815890789, 0.5405975409150123, 0.5414805604815484, 0.5373537303209305, 0.5367474471926689, 0.535484859585762, 0.5316359028816223, 0.5297400387525558, 0.5309302040338516, 0.5287859454154968, 0.5228600164055824, 0.5208324667811394, 0.5233000974655151, 0.523439650118351, 0.5219757394194603, 0.5170193071365357, 0.5145848172903061, 0.5151359997391701], "map": 0.031716417123926866}, "time": 3722.0143542289734}