{"task": {"lambda": 0.5, "alpha": 1, "lr": 1e-05, "wd": 1e-05, "bits": 12}, "result": {"time stopage": true, "loss": [0.26458225417137143, 0.2203219907283783, 0.2051902478337288, 0.19629267129302025, 0.19018603357672692, 0.18349084588885306, 0.17789398089051248, 0.17513708582520485, 0.17055637633800508, 0.16857459235191347, 0.16614340493083, 0.16376336720585824, 0.16185509485006333, 0.1593176634311676, 0.15800651407241822, 0.1572497171163559, 0.1537140101492405, 0.15414904282987119, 0.15189090099930763, 0.15102387848496437, 0.14911384546756745, 0.14800200042128564, 0.148021264731884, 0.14589052480459214, 0.14459462693333625, 0.14358166109025478, 0.14306414473056794, 0.1420597535520792, 0.14138150346279144, 0.1400731375068426, 0.1395576731711626, 0.13943939666450023, 0.1380661839544773, 0.13664464174211025, 0.1375236485749483, 0.13586220829188825, 0.1356067216694355, 0.13479683119058608, 0.13568235132098197, 0.134140878662467, 0.13384417518973352, 0.13315602411329747, 0.13173876006901264, 0.13067579866945744, 0.1316781940162182, 0.13185668541491033, 0.13075494080781935, 0.12959198296070099, 0.12894771659374238, 0.12847597667574884, 0.12803956228494645, 0.12783097957074643, 0.12646763807535172, 0.12794023618102074, 0.12674191293120385, 0.1265083091557026, 0.12643760372698307, 0.12593742471933364, 0.12548885141313076, 0.12584388808906077, 0.12368107856810093, 0.12378600685298442, 0.12414411157369613, 0.12340818160772324, 0.12284556517004967, 0.12245088921487332, 0.12192214243113994, 0.12169938907027245, 0.12187326797842979, 0.12116825330257416, 0.12089034095406533, 0.12000911803543568, 0.11989631670713424, 0.11903167232871055, 0.118993511646986, 0.11868968348205089, 0.11848714227974415, 0.11921159532666206, 0.1189717226922512, 0.11811452397704124, 0.11810171490907669, 0.11620399683713913, 0.11789062450826168, 0.11771804736554622, 0.11599993197619915, 0.11683509622514247, 0.11640870010852813, 0.11604690454900264, 0.11679943037033082, 0.11511471131443977, 0.11430776511132718, 0.11465087659657001, 0.11408462291955948], "map": 0.03569228353154883}, "time": 3709.996928215027}