{"task": {"lambda": 1, "alpha": 5, "lr": 1e-06, "wd": 1e-05, "bits": 12}, "result": {"time stopage": true, "loss": [2.033827220439911, 1.022901333808899, 0.8865936821699143, 0.8244384150505066, 0.7868338363170624, 0.7542506473064423, 0.7314479914903641, 0.7135891449451447, 0.7035747802257538, 0.6851661690473556, 0.6791256115436554, 0.6679789520502091, 0.6587804703712463, 0.6495541194677353, 0.6446301896572113, 0.6337088140249252, 0.6280036916732789, 0.6240347464084626, 0.6204794126152993, 0.6162098487615585, 0.6121114972829819, 0.6062519212961197, 0.603661124587059, 0.5993089666962623, 0.5965961827635765, 0.5946795162558556, 0.5919145432710647, 0.5840156881213188, 0.5850812301635743, 0.584870149075985, 0.5748947382569313, 0.5769877029061318, 0.5756837773323059, 0.5726088417172432, 0.569705600142479, 0.5689015605449677, 0.5647269643545151, 0.5637406765222549, 0.5626522662639618, 0.5608925168514252, 0.5573649704456329, 0.5557660863995552, 0.5576749082803726, 0.5539794963002205, 0.5514602637290955, 0.5458463792204857, 0.5483913174271584, 0.5467537222504616, 0.5433538318872452, 0.5459802158474922, 0.5431712767481804, 0.5400126882195473, 0.5413295904994011, 0.5403218522071839, 0.5382792922854424, 0.5331058415770531, 0.5371575346589088, 0.5327090654373169, 0.5301682800650597, 0.5321422824263573, 0.5302867055535316, 0.5256083940267563, 0.5270677346587181, 0.5284758846759796, 0.5253206131458282, 0.52469754165411, 0.5261861154437065, 0.5249230766892433, 0.5209392302036285, 0.5189004661440849, 0.5189061831831933, 0.5176235154867173, 0.5183959472179412, 0.5199019623994827, 0.5192864102125168, 0.5152111895084381, 0.5153159123659133, 0.5157408977150917, 0.5098129061460495, 0.5135858911275863, 0.5095216958522797, 0.5107346742153168, 0.513042880475521, 0.5117899030447006, 0.5068050099015236, 0.5053955790400505, 0.5061098456382751, 0.5066590863466263, 0.5044808859229087, 0.5035817737579346, 0.5069377238154411, 0.5019029053449631, 0.5055768219232559], "map": 0.022517237458623766}, "time": 3710.7383568286896}