{"task": {"lambda": 0.5, "alpha": 1, "lr": 1e-06, "wd": 1e-06, "bits": 32}, "result": {"time stopage": true, "loss": [0.35237643736600877, 0.2512098428606987, 0.23301921859383584, 0.2243361969590187, 0.21895059314370155, 0.21513301458954812, 0.21052725970745087, 0.20718551820516587, 0.20426152095198633, 0.20347572222352028, 0.20075102213025092, 0.19793376550078393, 0.19781848827004433, 0.195172216296196, 0.19312869414687156, 0.19073570489883424, 0.1910682707130909, 0.1890649696588516, 0.18650287610292435, 0.1862258965075016, 0.1842128846347332, 0.18260683465003968, 0.18202401372790336, 0.18132716047763825, 0.17986082869768144, 0.1785180113017559, 0.17698728182911874, 0.176145143032074, 0.17433656445145607, 0.17447856277227403, 0.17322122299671172, 0.17192805674672126, 0.17068101224303245, 0.16918379673361778, 0.16783966013789178, 0.16810117545723915, 0.168571315407753, 0.1676179874241352, 0.16452775916457177, 0.1650780875980854, 0.16432976147532463, 0.16272412201762199, 0.16244930389523507, 0.16143814533948897, 0.1607200787961483, 0.15990916734933852, 0.1590046984255314, 0.15841906756162644, 0.1576106939315796, 0.1562169020175934, 0.15671725285053253, 0.15524897080659866, 0.15613858726620675, 0.15399985280632972, 0.15488940405845641, 0.1538583859205246, 0.1524106678068638, 0.15254580435156823, 0.15201751208305359, 0.1504895103275776, 0.1515982092618942, 0.15035006314516067, 0.14988786473870278, 0.15014197546243668, 0.14830234362185002, 0.14915010723471642, 0.14858299592137336, 0.14861733511090278, 0.14787253868579864, 0.14697055338323117, 0.1464893075078726, 0.1478307105153799, 0.1450406295955181, 0.14502680791914463, 0.14563818928599356, 0.14478012903034687, 0.14466712789237499, 0.14378435610234738, 0.14401546029746531, 0.14323768205940723, 0.14253737209737302, 0.14245533554255962, 0.14159885531663893, 0.14206460045278071, 0.1416131637096405, 0.1412107658982277, 0.1409297345429659, 0.14056369283795356, 0.14061307038366794, 0.13891509547829628, 0.13975683206319808, 0.13951932936906813, 0.13948602938652038], "map": 0.0452965668673352}, "time": 3748.442362546921}