{"task": {"lambda": 0.5, "alpha": 1, "lr": 0.0001, "wd": 0.0001, "bits": 32}, "result": {"time stopage": true, "loss": [0.34707714593410494, 0.22923261547088622, 0.17118444934487342, 0.15961574578285218, 0.15165208505094052, 0.142528352022171, 0.13717948842048644, 0.13167382001876832, 0.12648904244601727, 0.12434907054901123, 0.11980543354153633, 0.11737706722319126, 0.1122316487133503, 0.11003447678685188, 0.10729320243000984, 0.10324267885088921, 0.10107637819647788, 0.10022409492731095, 0.0967163705676794, 0.0957984879463911, 0.0947278050929308, 0.09171991434693337, 0.08970047241449355, 0.08807541273534297, 0.08751778803765774, 0.08591217406094075, 0.08461365270614624, 0.08319462111592293, 0.08208268953859806, 0.08118750450015068, 0.07952443429082633, 0.0783691545277834, 0.07722399160265922, 0.07538402843475342, 0.07449053546786308, 0.07423206970095635, 0.07245985476672649, 0.07163971799612046, 0.0712142530977726, 0.07092169184237719, 0.0694803514778614, 0.06800054029375315, 0.0679077649563551, 0.06511137244850397, 0.06617545100301504, 0.06487079404294491, 0.06488740854710341, 0.06309618046879768, 0.06306797946244479, 0.06315258672833443, 0.06281859509646892, 0.0617075702548027, 0.06110195107758045, 0.06044512911885977, 0.05989006183296442, 0.05995653965324164, 0.06022620551288128, 0.05819654503464699, 0.057867909647524356, 0.056538150906562806, 0.05700694676488638, 0.056515419222414494, 0.05658576245605946, 0.05592477708309889, 0.0552888650894165, 0.05486947153508663, 0.05439855621010065, 0.05411409539729357, 0.053605398669838905, 0.054519272364676, 0.053368925981223586, 0.05244859417527914, 0.05409911799430847, 0.05220673498511314, 0.05091580258309841, 0.052223442696034905, 0.05213923005014658, 0.05167224903404713, 0.05034374897927046, 0.05106060929596424, 0.05082773537933826, 0.05193796554207802, 0.05040744172036648, 0.05127957658469677, 0.0505885498970747, 0.05019395525753498, 0.050038167551159855, 0.05103430710732937, 0.05001291308552027, 0.04916797295957804, 0.049469379276037215], "map": 0.04035078419140259}, "time": 3681.5093429088593}