{"task": {"lambda": 0.5, "alpha": 5, "lr": 1e-06, "wd": 0.0001, "bits": 24}, "result": {"time stopage": true, "loss": [1.1270134513378143, 0.47778963857889173, 0.3853044339418411, 0.35972022208571436, 0.3355772405564785, 0.32938603234291075, 0.3179202378988266, 0.3077100691795349, 0.3042240931689739, 0.2978513753116131, 0.2923705085515976, 0.28759648817777633, 0.2847032201886177, 0.28196152290701865, 0.2791591159701347, 0.2779758791327476, 0.27100564807653427, 0.27185551235079763, 0.27121447414159777, 0.2667695027291775, 0.2662963124811649, 0.26470565074682234, 0.262975133985281, 0.2600207369327545, 0.2607437517940998, 0.2617764911055565, 0.2566412082612515, 0.2583565257191658, 0.25603063467144965, 0.25468128141760826, 0.25395106303691867, 0.2498084551692009, 0.25141691115498543, 0.2507939696907997, 0.25066017988324163, 0.2502353281676769, 0.24830164107680322, 0.24861971801519395, 0.24622494834661485, 0.24666314828395844, 0.24526184424757957, 0.24505310860276222, 0.24523047128319742, 0.24352040055394172, 0.24464370769262314, 0.24297073620557785, 0.2414139891564846, 0.24173377454280853, 0.2394725516140461, 0.24072594010829926, 0.2399941699206829, 0.23751960369944572, 0.2380827310681343, 0.23776129904389381, 0.23648555406928062, 0.2395745752453804, 0.2369852904677391, 0.23604087156057357], "map": 0.04251638127080497}, "time": 2727.7905609607697}