{"task": {"lambda": 0.5, "alpha": 1, "lr": 0.0001, "wd": 1e-06, "bits": 48}, "result": {"time stopage": true, "loss": [0.37209549722075463, 0.18989187988638878, 0.18033474427461624, 0.16629769411683082, 0.15789221504330636, 0.1472057943344116, 0.1435675497353077, 0.13473233450949193, 0.1298428733944893, 0.12651191683113575, 0.12132844860851764, 0.1197267107218504, 0.11368157511949539, 0.11209835827350617, 0.10875173082947731, 0.1048307736814022, 0.10281147703528404, 0.10003671017289162, 0.09816595996916294, 0.09504372546076775, 0.09301826032996177, 0.09018395228683948, 0.08928540274500847, 0.08545638017356395, 0.08334595641493797, 0.08314787583053113, 0.08063106366991997, 0.07994254733622073, 0.07680885113030672, 0.0744666319563985, 0.07459749215096236, 0.07117414012551308, 0.07131434107571841, 0.06906132002919912, 0.06792646349221468, 0.06656837261468172, 0.06463617599010467, 0.06410598842054606, 0.06250888648629188, 0.062830047942698, 0.0616053004860878, 0.060850623950362205, 0.059182770825922486, 0.05787441703677178, 0.05796540886163712, 0.05672674675285816, 0.05668162977695465, 0.0556450062841177, 0.05582850140333176, 0.05490609031915665, 0.053649011604487894, 0.053871996365487576, 0.05337039743363857, 0.05401824271678925, 0.052163602612912655, 0.05247107634693384, 0.05206307169795037, 0.050943851716816424, 0.05231313294172287, 0.05056467899680138, 0.05105447338521481, 0.05109984327852726, 0.05033916346728802, 0.049663320936262606, 0.04907103173434734, 0.0499367897361517, 0.04849668738991022, 0.04939164077490568, 0.048727479189634326, 0.04851988873630762, 0.04789623293280602, 0.047862578697502614, 0.04707842300087214, 0.04726588393002749, 0.046175728254020214, 0.04625826705992222, 0.04561905661225319, 0.04572911525517702, 0.046062623873353005, 0.045119958817958834, 0.04628430535644293, 0.04533646137267351], "map": 0.04789497234840597}, "time": 3404.5198538303375}