{"task": {"lambda": 1, "alpha": 1, "lr": 1e-06, "wd": 0.0001, "bits": 12}, "result": {"time stopage": true, "loss": [0.6609958375692367, 0.4942854532003403, 0.4628643213510513, 0.4429475871324539, 0.4299138516187668, 0.41786144083738325, 0.40951038056612016, 0.40120894569158555, 0.39482446175813674, 0.38947607183456423, 0.3846629390120506, 0.37915970200300214, 0.37370777893066404, 0.36837003684043884, 0.36578178316354754, 0.3626924835443497, 0.3566589716076851, 0.35428406119346617, 0.35225984543561933, 0.3478815881609917, 0.3464900112748146, 0.34429426324367524, 0.34020735639333727, 0.3389230002164841, 0.33674904638528824, 0.333405036509037, 0.33168845522403717, 0.3301475083231926, 0.327240596473217, 0.32497818833589553, 0.3231553512215614, 0.32162058365345003, 0.31995890456438064, 0.31880008935928345, 0.3168454271554947, 0.31556292772293093, 0.31262410008907315, 0.31150556725263595, 0.3104424755573273, 0.309942434489727, 0.30790511149168015, 0.3063673909902573, 0.3041386135220528, 0.30315202796459195, 0.3009907777309418, 0.30165134024620055, 0.3004998106956482, 0.29869622498750686, 0.29802014166116714, 0.297387206196785, 0.2960947343707085, 0.29418355244398114, 0.2953195121884346, 0.29363620376586913, 0.292489496588707, 0.2905911734104156, 0.2901488179564476, 0.2889459322094917, 0.28803155052661894, 0.2869959627389908, 0.2863694180548191, 0.28516249781847003, 0.28468278604745867, 0.28327570924162865, 0.2828937212228775, 0.2817500582039356, 0.2817081262171268, 0.28014643907547, 0.28041637694835664, 0.27859629213809967, 0.2785043603479862, 0.2763031219244003, 0.2763928071558476, 0.2757931698560715, 0.2747047103047371, 0.27447991287708284, 0.2734418367743492, 0.27391933315992356, 0.2718847868740559, 0.27280477064847947, 0.2708255487382412, 0.26944447910785674, 0.2691069704890251, 0.2683848989009857], "map": 0.020961896844347537}, "time": 3444.1737287044525}