{"task": {"lambda": 2, "alpha": 1, "lr": 1e-05, "wd": 1e-06, "bits": 12}, "result": {"time stopage": true, "loss": [0.7353215662240982, 0.5837813714146614, 0.5255699285268783, 0.4896371134519577, 0.464378874540329, 0.4442378177046776, 0.426803470492363, 0.4148086766600609, 0.4039909324645996, 0.3950398602485657, 0.3874329019188881, 0.37998771250247954, 0.3724431480765343, 0.3669834547042847, 0.36096308839321134, 0.35621195936203004, 0.3522062143087387, 0.3473803453445435, 0.34405109226703645, 0.3398322405219078, 0.3360413562059402, 0.3306629315018654, 0.3290908684134483, 0.32449886775016784, 0.3203295858502388, 0.3203076766133308, 0.31611327528953553, 0.3132469314932823, 0.31011534464359286, 0.3061178940534592, 0.30494763344526293, 0.30214528924226763, 0.2995168587565422, 0.29715520843863485, 0.2950851936340332, 0.2930168872475624, 0.2910086629390717, 0.28852150198817256, 0.28697876673936845, 0.2834896291196346, 0.2822389162182808, 0.27915319907665254, 0.27840705117583275, 0.27667091703414914, 0.2742830863595009, 0.2727418640255928, 0.27045802170038225, 0.2696120325624943, 0.26806361237168314, 0.2653989828824997, 0.26332353591918944, 0.26222350731492045, 0.2608778034448624, 0.2583231143653393, 0.2575832004845142, 0.2571812042295933, 0.254516820192337, 0.2520380401015282, 0.2508140940964222, 0.25125351670384405, 0.24884905889630318, 0.24600648978352546, 0.24458600679039955, 0.245405784368515, 0.24322652754187585, 0.24053048527240753, 0.23956448251008988, 0.24020548847317696, 0.23742832335829736, 0.23637606686353682, 0.23307660987973214, 0.23484134411811827, 0.2332730999290943, 0.23153968513011933, 0.23028883031010627, 0.22886056533455848, 0.22678627747297286, 0.2273309601843357, 0.22602078393101693, 0.22415319940447806, 0.223297617405653, 0.22135282903909684, 0.22141931629180908, 0.21982676061987877, 0.2185334969162941, 0.2176167223751545], "map": 0.015969885887355095}, "time": 3499.2166876792908}