{"task": {"lambda": 2, "alpha": 1, "lr": 0.0001, "wd": 1e-05, "bits": 12}, "result": {"time stopage": true, "loss": [0.8943892899751663, 0.5432887226343155, 0.45828590577840805, 0.4130001532435417, 0.3848797932267189, 0.363025526702404, 0.34437244272232054, 0.3273053377270699, 0.3122586454749107, 0.29848109874129297, 0.2856829429268837, 0.2759449175000191, 0.26330272036790847, 0.2548421956002712, 0.24724945786595345, 0.23822165730595588, 0.230799860984087, 0.22493591025471688, 0.2190426036119461, 0.21489135679602622, 0.20812347358465194, 0.20337940031290055, 0.1992918565273285, 0.19591504865884782, 0.19123178949952124, 0.18944200602173805, 0.18742893153429033, 0.1820016630589962, 0.1786653891801834, 0.17565033969283103, 0.17377360367774963, 0.17310083508491517, 0.16848124055564404, 0.16664033457636834, 0.16444298195838927, 0.16248861540853976, 0.16044081857800482, 0.1592859143167734, 0.15703227764368058, 0.15550443516671658, 0.15394248166680335, 0.15367459261417388, 0.15160713905096054, 0.15194867327809333, 0.15130837467312813, 0.14824526074528693, 0.14737933464348316, 0.14572660128772258, 0.14562858256697656, 0.14476991534233094, 0.1436096104979515, 0.14128640277683735, 0.1401154090464115, 0.14236793525516986, 0.1398108394294977, 0.13995782919228078, 0.13812177909910678, 0.13698856715857982, 0.13567890027165413, 0.13637451338768006, 0.13520333218574523, 0.1332263516485691, 0.1323242355287075, 0.13392001281678675, 0.13343369920551776, 0.13266286836564542, 0.12993478760123253, 0.13089426589012146, 0.1307451519072056, 0.12811394029855727, 0.1293053848594427, 0.12820158368349074, 0.1279990760833025, 0.12700166016817094, 0.12613373233377934, 0.12617499561607837, 0.12391162817180157, 0.1248072781264782, 0.12644296744465827, 0.12371733695268632, 0.12126902104914189, 0.12239335004985333, 0.1224674416333437, 0.12303194963932038, 0.12154512669146061, 0.12254418896138668, 0.12090707036852837, 0.12100590598583222, 0.11960029554367066, 0.12009684009850025, 0.11996138426661491, 0.12024288940429688], "map": 0.01572964752411575}, "time": 3689.061530351639}