{"task": {"lambda": 0.5, "alpha": 3, "lr": 1e-06, "wd": 1e-06, "bits": 32}, "result": {"time stopage": true, "loss": [0.5633106251358986, 0.3090237355530262, 0.2751398309469223, 0.2632775983810425, 0.25339439818263054, 0.24854046577215194, 0.24421999105811118, 0.24321414840221406, 0.23622224298119546, 0.23328044384717941, 0.23030924588441848, 0.22842276629805564, 0.2274915425479412, 0.2250713095664978, 0.22068585270643234, 0.2197559063434601, 0.21947451400756837, 0.21852571538090707, 0.21539976850152015, 0.2144328373372555, 0.2126253343820572, 0.2123414042890072, 0.21047612932324408, 0.2091011342406273, 0.20661828127503395, 0.2089349262714386, 0.20589944475889205, 0.20571708756685256, 0.2030441431105137, 0.2039977413713932, 0.20508844083547592, 0.20254856756329537, 0.2031362955570221, 0.20157647305727006, 0.20086643767356874, 0.2002808085680008, 0.19773328793048858, 0.19773955887556077, 0.19758298993110657, 0.19656391131877898, 0.19691496840119363, 0.19599110946059228, 0.1951748459637165, 0.19327232080698015, 0.19350026097893716, 0.1934677352309227, 0.19312561842799186, 0.19294754108786583, 0.1924666878581047, 0.191093032091856, 0.19172133922576903, 0.19103869915008545, 0.1891373585164547, 0.18868744653463362, 0.18993204534053804, 0.18767707526683808, 0.18712515982985498, 0.1864985179901123, 0.1854466506242752, 0.18725924757122994, 0.1866745649278164, 0.18509714370965957, 0.18605317357182502, 0.18616614666581155, 0.1864217273890972, 0.18327848455309867, 0.1841556532084942, 0.18417101043462752, 0.1830239116549492, 0.18385108613967896, 0.18399256178736687, 0.1821027216911316, 0.18231357258558273, 0.1815037976205349, 0.18204275295138359, 0.18113322502374649, 0.17946004119515419, 0.18051170030236244, 0.18074505481123923, 0.18055585992336273, 0.18003718781471253, 0.180185224622488, 0.1800676787495613, 0.1789476397931576, 0.17899519309401513, 0.17833115574717523, 0.178013490408659, 0.17805690586566925], "map": 0.05519310116873882}, "time": 3591.061220407486}