{"task": {"lambda": 1, "alpha": 1, "lr": 1e-05, "wd": 1e-05, "bits": 32}, "result": {"time stopage": true, "loss": [0.39698522990942003, 0.32871061795949935, 0.2998126030564308, 0.28216547137498854, 0.26640244862437246, 0.25414999359846113, 0.24603353172540665, 0.23929983499646187, 0.23402330899238585, 0.22889835307002068, 0.22502722868323327, 0.22090708354115487, 0.21600286647677422, 0.21414707362651825, 0.21213660204410553, 0.20744615137577058, 0.2061470899283886, 0.20251196604967117, 0.20178389865159987, 0.1983741442859173, 0.1952837401330471, 0.19491851529479026, 0.19039393296837806, 0.18935176214575766, 0.18724547752738, 0.18373371529579163, 0.18477811336517333, 0.18281693035364152, 0.18124873545765877, 0.1781103994846344, 0.1774060208797455, 0.17708174002170562, 0.17473861700296403, 0.17399764212965965, 0.1723759292066097, 0.17128142333030702, 0.17000235003232955, 0.16786571046710014, 0.1683346662223339, 0.16692488211393355, 0.16534250336885453, 0.16381179088354111, 0.16238390135765077, 0.16191430139541627, 0.16095385897159575, 0.16038220718503, 0.15843590021133422, 0.15750261002779006, 0.1558277540206909, 0.1555403164625168, 0.15367566108703612, 0.15506691014766694, 0.1521510900259018, 0.15205620902776718, 0.15139205847680567, 0.14942406684160234, 0.14910201942920684, 0.14905376639962195, 0.14786562147736548, 0.14614025181531906, 0.14715812170505524, 0.14621011593937874, 0.14447174808382987, 0.14409106209874153, 0.14225724782049656, 0.1412581690698862, 0.1416298626959324, 0.14043072412908078, 0.14059823167324065, 0.1396078494489193, 0.13862901192903518, 0.13863366933166982, 0.1357999909222126, 0.13677969570457935, 0.13678183364868163, 0.13557632578909398, 0.133674592345953, 0.13450412958860397, 0.13353276102244854, 0.13300375704467296, 0.13200036449730396, 0.13197893808782102, 0.1318211717903614, 0.1313586066365242, 0.1301092091947794, 0.1298432878702879], "map": 0.04223878008873649}, "time": 3544.139557361603}