{"task": {"lambda": 1, "alpha": 3, "lr": 1e-05, "wd": 1e-05, "bits": 24}, "result": {"time stopage": true, "loss": [0.4708370097875595, 0.40103318059444426, 0.3749292474389076, 0.35988630598783494, 0.3480466994047165, 0.3372627409696579, 0.3280516702532768, 0.31826980924606324, 0.31311303532123563, 0.31024341118335724, 0.3034121927022934, 0.2996801970005035, 0.29341730535030364, 0.29014210346341135, 0.28785576578974725, 0.2855388991832733, 0.28217883411049843, 0.2780767675936222, 0.2749078996777535, 0.27466094690561293, 0.27212238931655885, 0.2683731672167778, 0.26739731016755103, 0.2665090554356575, 0.26288918790221216, 0.261777570515871, 0.2617493449747562, 0.257925733089447, 0.2572493678033352, 0.25541286593675616, 0.25484199458360673, 0.25475217020511626, 0.25410456296801565, 0.24979443264007567, 0.24884684872627258, 0.24800756633281706, 0.24600113987922667, 0.24472808930277826, 0.24353881841897965, 0.24453926011919974, 0.24279911014437675, 0.24087616723775865, 0.24013994684815407, 0.23828173372149467, 0.2364639580845833, 0.23748516690731047, 0.2356300835311413, 0.23362047040462494, 0.23411564195156098, 0.23334250763058662, 0.2350935636460781, 0.23267269363999366, 0.2310659376978874, 0.2300542939901352, 0.22864616098999976, 0.22866380634903907, 0.22611584386229516, 0.22610603177547456, 0.22559483879804612, 0.22640086913108826, 0.22528733965754508, 0.22371337080001832, 0.22356726741790772, 0.22365730249881743, 0.2202933739423752, 0.21931268280744554, 0.2195378684103489, 0.21769316056370736, 0.21969880878925324, 0.21978893753886222, 0.21502667939662934, 0.21539429756999015, 0.21545875769853592, 0.21663821598887442, 0.21291630139946938, 0.21309952163696289, 0.214721767693758, 0.21284031137824058, 0.21196742871403695, 0.21331932520866395, 0.21158444452285766], "map": 0.05323035434347636}, "time": 3089.8924131393433}