{"task": {"lambda": 1, "alpha": 5, "lr": 1e-05, "wd": 1e-05, "bits": 32}, "result": {"time stopage": true, "loss": [0.5247909337282181, 0.4339301042556763, 0.40792647409439087, 0.3942370370030403, 0.38465050286054614, 0.37647566199302673, 0.365450004696846, 0.3615141870379448, 0.3556604689359665, 0.3505962499380112, 0.3484481515288353, 0.34136010068655015, 0.3377309249043465, 0.3370794316530228, 0.3333038823604584, 0.3298500666618347, 0.3304229786396027, 0.32514924824237823, 0.3223809704184532, 0.31887265616655347, 0.317246414899826, 0.3147306222319603, 0.3126967350840569, 0.3131377504467964, 0.3105520320534706, 0.30712202411890027, 0.3070322999358177, 0.3024752294421196, 0.3045634251832962, 0.30216850858926775, 0.3034055255651474, 0.29796744394302366, 0.2995160166621208, 0.29577586019039154, 0.29439935213327406, 0.29268297350406647, 0.29443735247850417, 0.2910888099372387, 0.29000732651352884, 0.2875282715260983, 0.29107690730690955, 0.28852155047655104, 0.2831722832620144, 0.2840784471035004, 0.28456303507089614, 0.28030105754733087, 0.28240238517522814, 0.2832578011751175, 0.27958520451188085, 0.2805391765832901, 0.27903402850031855, 0.2777156897187233, 0.2753584784269333, 0.2756667975783348, 0.2719073779582977, 0.2768136685490608, 0.2677327373921871, 0.27041250094771385, 0.27098427519202234, 0.2723089073896408, 0.26939946553111077, 0.2676146185696125, 0.2702245258688927, 0.26472150057554245, 0.26801952642202376, 0.2663156224191189, 0.26633200362324716, 0.2665427658557892, 0.2627891091406345, 0.2638498439490795, 0.26109692397713663, 0.2626403680741787, 0.2610901537537575, 0.26247370418906213, 0.26141925558447837, 0.25968857407569884, 0.2607528355717659, 0.25635477659106254, 0.25910442528128624, 0.25982445931434633, 0.25558895817399024, 0.2579066565036774, 0.255381752461195, 0.25549394339323045, 0.25415917840600016], "map": 0.07048201159981499}, "time": 3479.2646543979645}