{"task": {"lambda": 0.5, "alpha": 5, "lr": 1e-05, "wd": 0.0001, "bits": 12}, "result": {"time stopage": true, "loss": [0.5729091159701347, 0.43965786904096604, 0.4108553436398506, 0.3858076329231262, 0.37396622669696805, 0.3659279319047928, 0.3555667505264282, 0.3475210810899734, 0.3464068102240562, 0.34036724203825, 0.33297432434558866, 0.33138586166501044, 0.32546208828687667, 0.3239328052401543, 0.31912139189243316, 0.3221923314630985, 0.3152760674953461, 0.3145774993300438, 0.3136927654147148, 0.3056768844425678, 0.3112635579109192, 0.3061785550713539, 0.3038889618515968, 0.30320078459382055, 0.3000087990164757, 0.29832380852103235, 0.295629079580307, 0.29804880991578103, 0.291204627931118, 0.29354337373375894, 0.2933087661266327, 0.28997733554244043, 0.2899015576541424, 0.2862788842916489, 0.28528510439395904, 0.28335745361447334, 0.28471867117285726, 0.28175878372788427, 0.284130680501461, 0.2818551197350025, 0.2805295965075493, 0.28206368774175644, 0.28009168431162834, 0.2781297454535961, 0.27811824494600296, 0.27634494835138323, 0.2730984371304512, 0.27323772087693216, 0.27396526849269864, 0.2711418199837208, 0.27293740713596343, 0.2721758242845535, 0.2687958489060402, 0.27011517077684405, 0.26855631300807, 0.26719197183847426, 0.2674665439128876, 0.26719897720217706, 0.26738053223490715, 0.2669845724403858, 0.26594932997226717, 0.2642927622795105, 0.26260080182552337, 0.26371330508589746, 0.2612727971673012, 0.26169362470507623, 0.2597361554801464, 0.26077024507522584, 0.25955545911192895, 0.2596009473800659, 0.2590412364900112, 0.2588136729001999, 0.2574160445928574, 0.25815545561909675, 0.2542325345277786, 0.2583712349534035, 0.25491818860173227, 0.25344056487083433, 0.25206873086094855, 0.25098583194613455, 0.25356697726249694, 0.2543251445889473, 0.24979208469390868, 0.2510796285569668, 0.25231749179959295, 0.2491833316087723, 0.25125516015291216], "map": 0.03543754316316608}, "time": 3411.923104286194}