{"task": {"lambda": 2, "alpha": 3, "lr": 0.0001, "wd": 0.0001, "bits": 12}, "result": {"time stopage": true, "loss": [1.1215676872730256, 0.734980525135994, 0.6530074936151504, 0.6009211682081222, 0.5692895622253418, 0.5418904801011085, 0.5258098255991935, 0.5049933554530144, 0.4909514200091362, 0.47807784312963486, 0.46183162194490435, 0.44798735445737836, 0.4380851841568947, 0.4260653834342957, 0.4156041623950005, 0.4051260151863098, 0.39652353537082674, 0.3853831663131714, 0.3773713984489441, 0.3674784517884254, 0.3583579071760178, 0.3528550460934639, 0.34310269606113436, 0.33695510518550875, 0.3267387751340866, 0.32204900205135345, 0.3151997636258602, 0.3084321704506874, 0.302330423951149, 0.29834670427441595, 0.29272558575868607, 0.289125751465559, 0.2835607923865318, 0.27759148758649826, 0.27564252361655234, 0.27134254267811775, 0.2678316070735455, 0.26216442036628723, 0.2617313859462738, 0.2553229967355728, 0.25244345676898955, 0.24965034368634223, 0.24966080257296563, 0.24714502161741256, 0.24512992578744888, 0.23839634656906128, 0.24134585931897162, 0.2372514411509037, 0.23436496639251708, 0.23185420739650725, 0.23026318269968032, 0.22872966521978377, 0.22719198635220528, 0.22641339710354805, 0.22255924442410469, 0.22345661839842795, 0.22272734993696214, 0.2197469953596592, 0.21758850628137588, 0.2162777986228466, 0.2158866175711155, 0.2124003250002861, 0.2146704308986664, 0.21106580364704133, 0.21162080267071723, 0.2104261434674263, 0.21223474460840225, 0.20785610184073447, 0.20758852556347848, 0.20629016265273095, 0.20828297039866447, 0.201676253169775, 0.20598103287816047, 0.20340007162094118, 0.20415045294165612, 0.2021095034778118, 0.1992249392569065, 0.19945114567875863, 0.20030283805727958, 0.19735962533950804, 0.20035974603891374, 0.19717784981429576, 0.19779728963971138, 0.19795213216543198, 0.19702691835165023, 0.1928055374622345, 0.19373624742031098], "map": 0.02316608599580669}, "time": 3540.959450006485}