{"task": {"lambda": 0.5, "alpha": 3, "lr": 1e-05, "wd": 1e-05, "bits": 48}, "result": {"time stopage": true, "loss": [0.2555657505095005, 0.2206579796075821, 0.20883896043896674, 0.20319520401954652, 0.1974115288555622, 0.19148440062999725, 0.1855211400985718, 0.18453565862774848, 0.1802529813349247, 0.17796323695778846, 0.17376747319102287, 0.17258029717206955, 0.1694263282418251, 0.16715283921360968, 0.1661361724436283, 0.1619791637659073, 0.16075013747811318, 0.1596013117134571, 0.15933694538474083, 0.15742608514428139, 0.1546442145705223, 0.15472142764925956, 0.1544942174255848, 0.15168864481151104, 0.15060894748568535, 0.14911189949512482, 0.1494653987288475, 0.14871072027087212, 0.1471337533444166, 0.1455803219228983, 0.14718280209600926, 0.14555881616473199, 0.14536345671117307, 0.14278695729374885, 0.1451952133923769, 0.1424446164816618, 0.14126140709221363, 0.14021370866894722, 0.14068280409276485, 0.13967460595071315, 0.14019300073385238, 0.13946674478054047, 0.13780201250314714, 0.14016196097433567, 0.13839918401837348, 0.13746937000751494, 0.13749671114981174, 0.13776383796334266, 0.13589635476469994, 0.13654659186303617, 0.13375077025592327, 0.13585461658239364, 0.13507686407864095, 0.13379123018682004, 0.13403499315679074, 0.13186453878879548, 0.1323778538107872, 0.13067679168283938, 0.13245076717436313, 0.13082470305263996], "map": 0.07808630187629426}, "time": 2733.337033033371}