{"task": {"lambda": 1, "alpha": 1, "lr": 1e-06, "wd": 1e-06, "bits": 12}, "result": {"time stopage": true, "loss": [0.671823581814766, 0.4958352149128914, 0.4616526663303375, 0.443552552819252, 0.4298451313376427, 0.41917863303422925, 0.4085719386339188, 0.4003328526616097, 0.3937005621790886, 0.38803927004337313, 0.3811808609962463, 0.37679831475019454, 0.3720577208995819, 0.36818988889455795, 0.36352446192502974, 0.36001787358522414, 0.35663038074970244, 0.35413598293066023, 0.3505830420255661, 0.34781387794017793, 0.3437308510541916, 0.3417761930823326, 0.34063254672288895, 0.337058164536953, 0.33632455426454544, 0.33418441766500473, 0.33054760038852693, 0.32890678858757016, 0.3261153769493103, 0.3248626081943512, 0.3223409348130226, 0.32000395280122756, 0.3197638664841652, 0.31811970776319504, 0.31688190215826034, 0.31394163781404494, 0.3124650648832321, 0.31214377701282503, 0.31042181384563444, 0.3087096021771431, 0.30625275123119355, 0.3061373497247696, 0.30480064523220063, 0.30346223413944245, 0.3021361385583878, 0.30023234176635744, 0.29922446513175965, 0.29816662657260895, 0.29673380428552626, 0.2965766001343727, 0.2953099328875542, 0.29289001709222795, 0.2926224767267704, 0.29174054807424543, 0.28981395429372786, 0.2903771238923073, 0.2886613173484802, 0.2871431960165501, 0.28611449810862544, 0.2859004191160202, 0.28555545926094056, 0.28436401894688607, 0.28345601677894594, 0.2825696253478527, 0.2810805429518223, 0.2795957662463188, 0.27993214964866636, 0.27770852217078207, 0.27791053837537766, 0.27762064871191977, 0.276913257420063, 0.27506456306576726, 0.27569810682535173, 0.2738393043875694, 0.2735442216694355, 0.27345301300287245, 0.2719397792816162, 0.2709340605735779, 0.27137734267115593, 0.27064927357435226, 0.26964012721180913, 0.27021753683686256, 0.2686282179951668, 0.26761547681689263, 0.2665575088262558, 0.2672573654651642, 0.26650501519441605, 0.2649014337360859, 0.2645546511113644, 0.26534186697006223, 0.26314243891835215], "map": 0.021397636486946807}, "time": 3626.2188506126404}