{"task": {"lambda": 2, "alpha": 3, "lr": 0.0001, "wd": 1e-06, "bits": 32}, "result": {"time stopage": true, "loss": [0.9160553171634674, 0.5875796225070954, 0.5135154766440392, 0.47493212401866913, 0.4439639487862587, 0.42017758351564405, 0.402417981505394, 0.3875029488801956, 0.37267430728673934, 0.36227674001455307, 0.34944160413742065, 0.3397943583726883, 0.3318419531583786, 0.32685399413108823, 0.3181231147348881, 0.31075970286130905, 0.3056321505308151, 0.29896262601017953, 0.29386437743902205, 0.28810512340068817, 0.28361239418387413, 0.2762661423385143, 0.2730796594619751, 0.2678018427193165, 0.26599703896045684, 0.26115506172180175, 0.25853208217024803, 0.25641842651367186, 0.25354458194971086, 0.24791535398364067, 0.24397228768467902, 0.24073069086670876, 0.2391325981914997, 0.23586909967660905, 0.23147198957204818, 0.22906686368584633, 0.2261560724377632, 0.22202635273337365, 0.21830271497368814, 0.216828842908144, 0.21299880772829055, 0.20854628869891167, 0.20799686497449874, 0.20135833930969238, 0.19943547254800797, 0.1961308690905571, 0.1922793962955475, 0.190699668943882, 0.18970320025086404, 0.18510911032557487, 0.18411300018429755, 0.18170065939426422, 0.17847248101234436, 0.17739444380998612, 0.17286843931674958, 0.17245937630534172, 0.16954373979568482, 0.16815653160214425, 0.16406891755759717, 0.16533281810581685, 0.16187792110443117, 0.16003803490102292, 0.16064611227810383, 0.15743138007819651, 0.15587772664427757, 0.15640359997749329, 0.15472991345822812, 0.1532999395877123, 0.15408672370016574, 0.15366889770328998, 0.1513705632686615, 0.14958002147078514, 0.1476581676453352, 0.14625052772462369, 0.143016138702631, 0.1450376134365797, 0.14551720671355725, 0.1434651926457882, 0.14417345727980138, 0.14053995001316072, 0.1408543050289154, 0.14071122694015503], "map": 0.03497900598717846}, "time": 3454.0132904052734}