{"task": {"lambda": 1, "alpha": 3, "lr": 1e-05, "wd": 1e-06, "bits": 12}, "result": {"time stopage": true, "loss": [0.5951674573421478, 0.49459820330142973, 0.4561378967165947, 0.43535049837827683, 0.4209567540884018, 0.4093503957390785, 0.3990229551792145, 0.39023070758581163, 0.3850398476719856, 0.37772308140993116, 0.37288520407676695, 0.36764258992671967, 0.36460974538326263, 0.3591647561788559, 0.3551148902773857, 0.35156175756454466, 0.34660655611753466, 0.34439438515901566, 0.34190741974115374, 0.33888610351085663, 0.3382253793478012, 0.3328333860039711, 0.33004748541116713, 0.32607673507928847, 0.3262882508635521, 0.32232169502973557, 0.3218213564157486, 0.320666974902153, 0.3153483651280403, 0.3133550537824631, 0.31370892840623854, 0.3131649827957153, 0.30883802157640455, 0.30970583629608156, 0.30736191594600676, 0.30645118409395217, 0.3019863594174385, 0.301472913146019, 0.30198898184299466, 0.2992466735243797, 0.29590511640906336, 0.2973173106312752, 0.2929293489456177, 0.2931411738097668, 0.29101215517520906, 0.29193699279427526, 0.2907363897562027, 0.28964989909529687, 0.28747211676836015, 0.28572876039147377, 0.28461500933766365, 0.28383790239691736, 0.2827536115348339, 0.2810965485870838, 0.28172612646222117, 0.28172574743628503, 0.27840696451067926, 0.27948644158244135, 0.27810327050089834, 0.2749102744758129, 0.27325689992308616, 0.27219169333577153, 0.2733073883056641, 0.268995274335146, 0.272676817804575, 0.2702250889241695, 0.26850557258725166, 0.26726683011651037, 0.2672948736846447, 0.26718680521845817, 0.26765601721405985, 0.26608157858252524, 0.2628216535151005, 0.2614151621162891, 0.2622745703756809, 0.26195696407556535, 0.26084890007972716, 0.2605761874914169, 0.26016396206617354, 0.2584290658831596, 0.2575873795151711, 0.25937987041473387, 0.2558290994465351, 0.2541530000567436, 0.25517542070150373], "map": 0.033783420319151554}, "time": 3407.9595143795013}