{"task": {"lambda": 0.5, "alpha": 1, "lr": 1e-06, "wd": 0.0001, "bits": 24}, "result": {"time stopage": true, "loss": [0.37570261871814725, 0.2600456117987633, 0.2397018300294876, 0.22932148897647858, 0.22249893867969514, 0.21889218282699585, 0.21437023386359214, 0.21138303294777872, 0.20634656599164009, 0.2042997160553932, 0.20270721745491027, 0.19984069013595582, 0.19801387935876846, 0.19520435014367105, 0.19554848098754882, 0.1944075388610363, 0.19072776311635972, 0.19060842606425285, 0.18896470412611963, 0.18706867355108261, 0.1852136379480362, 0.18465734681487084, 0.1826988553404808, 0.18217510583996774, 0.1803642928302288, 0.1805591878592968, 0.17764296495914458, 0.17878807759284973, 0.17517998322844505, 0.17527955266833306, 0.17561885023117066, 0.17360110226273537, 0.17316990554332734, 0.1726046293079853, 0.17056405505537986, 0.17125801196694374, 0.16958019310235978, 0.16874039202928542, 0.1681616816520691, 0.16824195903539657, 0.16814773839712144, 0.16783303523063658, 0.16645978081226348, 0.16475494512915612, 0.16528202161192895, 0.1643633731007576, 0.16369385442137718, 0.16259170612692833, 0.16282100674510003, 0.16107944425940512, 0.16156038907170295, 0.1609590557515621, 0.16004420420527457, 0.16035712468624114, 0.15977590641379355, 0.1585331158041954, 0.15914413756132126, 0.15831556060910226, 0.15716459122300147, 0.15602776277065278, 0.15649174547195435, 0.15730475613474845, 0.1559552940428257, 0.15559998419880866, 0.1552003149688244, 0.15418690256774426, 0.15408261182904243, 0.1541780207157135, 0.15247876846790315, 0.1524855869114399, 0.15173842856287956, 0.15218302488327026, 0.1520400132238865, 0.1511399711370468, 0.15020110163092612, 0.1499050797522068, 0.1500318008810282, 0.14933060562610626, 0.1496583425104618, 0.14891063694655896, 0.14864418916404248, 0.14843976728618144, 0.14822592329978942, 0.14743160888552664, 0.1467066323310137, 0.14829797151684762, 0.14693396690487862, 0.1464635779708624, 0.14475002858042718, 0.14553171579539775, 0.1454925728291273, 0.14463362032175064], "map": 0.03943333255613068}, "time": 3711.129325866699}