{"task": {"lambda": 2, "alpha": 5, "lr": 1e-06, "wd": 1e-05, "bits": 48}, "result": {"time stopage": true, "loss": [1.4584636769294739, 0.9691069122552872, 0.880742507815361, 0.8501435219049454, 0.8295825616121292, 0.8157700332403183, 0.7943795126676559, 0.785577996134758, 0.7715992255210876, 0.759898866057396, 0.7530006388425827, 0.7420405838489532, 0.7377714061737061, 0.7294593888521195, 0.721958930015564, 0.7162739932537079, 0.7060928530693055, 0.7024623867273331, 0.6944718911647797, 0.6874216336011887, 0.6810037673711776, 0.6776050980091095, 0.6740130677223205, 0.6683552668094636, 0.6652685155868531, 0.6557258306741715, 0.6529838607311249, 0.6485909701585769, 0.6418671438694, 0.6395349454879761, 0.6337896791696549, 0.6327868500947952, 0.6259647715091705, 0.6241394468545913, 0.6195599497556686, 0.6181936677694321, 0.6134334886074067, 0.6128749639987946, 0.6078256703615189, 0.6067549765110016, 0.6025479661226273, 0.5994884136915207, 0.5956837441921234, 0.5947004418373107, 0.5897389971017838, 0.5904421459436416, 0.5864016305208206, 0.5848566167354584, 0.5802688184976578, 0.5787166684865952, 0.5764951109886169, 0.575207244515419, 0.5722105447053909, 0.5720961500406265, 0.572692084312439, 0.5667625792622566, 0.5679885624647141, 0.564480827987194, 0.5614014101028443, 0.5618841091394424, 0.560382626414299, 0.5576441152095795, 0.5571497510075569, 0.553448029100895, 0.553797367155552, 0.55255949229002, 0.5524673401117325, 0.5508600346446038, 0.5482246012687683, 0.5460191236138344, 0.5434710234999657, 0.5431421408057213, 0.5395516605973244, 0.5389848078489303, 0.5387298191785812, 0.5376316109895706, 0.5365684441924096, 0.5349816364049912, 0.5340805192589759, 0.5344950342774392], "map": 0.0577799689409729}, "time": 3350.045511007309}