{"task": {"lambda": 0.5, "alpha": 1, "lr": 0.0001, "wd": 0.0001, "bits": 48}, "result": {"time stopage": true, "loss": [0.31766611260175703, 0.1877273822426796, 0.17287633669376373, 0.16033951404690744, 0.15134455695748328, 0.143067783087492, 0.13692141816020012, 0.13145462641119957, 0.12726333616673946, 0.12340890455245972, 0.11980776832997798, 0.11613091762363911, 0.11382838635146618, 0.11139950220286846, 0.10631878052651882, 0.10561201778054237, 0.1015262863188982, 0.09910085965692997, 0.09608953431248665, 0.0934085897654295, 0.09202575989067555, 0.08900241224467755, 0.08807455351948738, 0.08461528605222703, 0.08408063149452209, 0.08143378795683384, 0.07892514792084694, 0.07787792494893074, 0.07560949663072825, 0.07433327413350344, 0.07226219318062067, 0.06942987624555826, 0.07033155470341444, 0.06834134620428085, 0.06715645390748978, 0.06622519499063492, 0.06493593426793813, 0.06319950333237648, 0.06324833390116692, 0.06159070499241352, 0.06175770886987448, 0.06057950747013092, 0.05968525552749634, 0.05834491065889597, 0.057089475043118, 0.056432237364351746, 0.056572622567415236, 0.05542155779153109, 0.055700485400855544, 0.055048981592059135, 0.05395340946316719, 0.05415371092408895, 0.053951102301478385, 0.05288954070210457, 0.05316373851895333, 0.05224005988240242, 0.05135856008529663, 0.05135977545380593, 0.05176077838242054, 0.05082393874228001, 0.05155870346724987, 0.05027883079648018, 0.04981442143768072, 0.050617585442960265, 0.04940500657260418, 0.04981049043685198, 0.04999302998185158, 0.04861242289841175, 0.04853707621991634, 0.048453442230820654, 0.04898657889664173, 0.04764135495573282, 0.047862745262682437, 0.048473607510328295, 0.04820478495210409, 0.047594465300440786, 0.048233593344688415, 0.047877356208860876, 0.04718681754916906, 0.048528825238347055, 0.04655471826344729, 0.04698683162033558, 0.04568092282116413], "map": 0.04973483265379674}, "time": 3439.4182682037354}