{"task": {"lambda": 1, "alpha": 5, "lr": 1e-05, "wd": 1e-05, "bits": 24}, "result": {"time stopage": true, "loss": [0.5699779999256134, 0.46116733133792875, 0.4337667088508606, 0.4155481787323952, 0.40435329538583753, 0.39394149142503737, 0.3872613188624382, 0.3841524243950844, 0.3736745457649231, 0.3666852692961693, 0.3654635611176491, 0.3585136634707451, 0.3569649197459221, 0.3506659361124039, 0.3518437874317169, 0.34756398808956146, 0.3434102190732956, 0.3421972681879997, 0.34034178644418717, 0.3383598421216011, 0.3373055374622345, 0.33314627265930175, 0.3333805064558983, 0.32977167356014253, 0.330837454855442, 0.32713733822107316, 0.3269553234577179, 0.3246685553193092, 0.32603619223833086, 0.3200512734055519, 0.32041583758592607, 0.31954063922166825, 0.3172441815137863, 0.31722113144397734, 0.31572425842285157, 0.31260058015584946, 0.31093317246437074, 0.31191846281290053, 0.3111284614801407, 0.3093467107415199, 0.30589803409576416, 0.30625598019361494, 0.30812847113609315, 0.30719094651937484, 0.30449886465072634, 0.30182128873467445, 0.3006355819404125, 0.30019126349687575, 0.2996926944255829, 0.30048244470357893, 0.29786979538202285, 0.2971242531836033, 0.29783155795931815, 0.2955128645300865, 0.29436851558089255, 0.2931876300871372, 0.29547878381609916, 0.2927184042930603, 0.2903883848190308, 0.2906106698513031, 0.2887611516714096, 0.28981894654035567, 0.28831984734535215, 0.28810146284103394, 0.2883036081790924, 0.2851796889305115, 0.287591333001852, 0.28578282657265663, 0.2836092640757561, 0.28391686391830445, 0.28528599950671196, 0.282893852353096, 0.2825545869469643, 0.28087513184547425, 0.2795608502924442, 0.2776120382845402, 0.2790615476667881, 0.2767234598994255, 0.27969704049825667, 0.2791845521628857, 0.27668608230352404], "map": 0.06426126413744049}, "time": 3229.938494682312}