{"task": {"lambda": 0.5, "alpha": 5, "lr": 1e-06, "wd": 1e-05, "bits": 24}, "result": {"time stopage": true, "loss": [1.1727856037020683, 0.49171163177490235, 0.4010723005533218, 0.36436841809749604, 0.34810908061265944, 0.333445058375597, 0.3257590226829052, 0.3137123892903328, 0.3117809720933437, 0.30326474785804747, 0.3034013835191727, 0.29479759821295737, 0.2896962125301361, 0.2888407281935215, 0.2852840479016304, 0.280221950173378, 0.279291652739048, 0.275391686052084, 0.27367338252067563, 0.27197815373539924, 0.2728465298116207, 0.27018520727753637, 0.2662535582184792, 0.26539652356505394, 0.26325977385044097, 0.26615817350149157, 0.2624332411289215, 0.25694896578788756, 0.25795825707912445, 0.2559532376229763, 0.25873596224188805, 0.2550867769122124, 0.2520498348176479, 0.2545248961746693, 0.2540258095562458, 0.2552287516891956, 0.2529649589955807, 0.2496021310389042, 0.25077974611520765, 0.24884038165211678, 0.246700848788023, 0.24887909862399102, 0.24762437909841536, 0.24959161338210106, 0.2449268774986267, 0.2463282032608986, 0.24724234092235564, 0.2428705134987831, 0.24344412165880203, 0.2407515275478363, 0.2420859557390213, 0.24093400618433952, 0.24365851232409477, 0.24054666337370872, 0.2418344468176365, 0.24047941619157792, 0.23846447905898094, 0.2385055860877037, 0.238796766936779, 0.2372485701441765, 0.23859006386995316, 0.23558228626847266, 0.23359128230810167, 0.23615696889162063, 0.23457415726780892, 0.23795725536346435, 0.23676597794890403, 0.23565610727667807, 0.23670566004514695, 0.23308016088604927, 0.23505626046657563, 0.23518939554691315, 0.23405000218749047, 0.2320892381966114, 0.23000994077324868, 0.23126788014173508, 0.23229892745614053, 0.22947309109568595, 0.23137081554532052, 0.2316185751259327, 0.22968064513802527, 0.23005738738179207, 0.22857214403152465, 0.23233908545970916], "map": 0.04543122656679067}, "time": 3445.4024515151978}