{"task": {"lambda": 1, "alpha": 5, "lr": 1e-05, "wd": 0.0001, "bits": 32}, "result": {"time stopage": true, "loss": [0.5187997165322303, 0.43640732526779175, 0.41353865605592727, 0.39584112757444384, 0.384606780230999, 0.3758674868941307, 0.37049546545743944, 0.3633211629986763, 0.35791799986362455, 0.3507884265780449, 0.3464402441382408, 0.3449087495803833, 0.3389142128229141, 0.3339891543388367, 0.33073838126659394, 0.32781197476387025, 0.3256832230091095, 0.3202329339385033, 0.3234140654206276, 0.31869289398193357, 0.31927479845285417, 0.3166094366908073, 0.31449637579917905, 0.31120433181524276, 0.3118879596590996, 0.3098799244761467, 0.30518670946359633, 0.3042511904835701, 0.30178743344545367, 0.30106305539608, 0.2990546719431877, 0.2996932733654976, 0.29748176702857015, 0.2955322684049606, 0.29411726486682893, 0.29126385325193405, 0.29314749759435654, 0.28949196365475655, 0.2897921349108219, 0.2873899512887001, 0.2890169408917427, 0.2848870722353458, 0.28716549786925316, 0.28430388298630715, 0.2815583521425724, 0.2827197478711605, 0.28131524980068207, 0.28100522404909134, 0.2803251846432686, 0.2810700730681419, 0.2790340555906296, 0.2771354702413082, 0.27541409611701967, 0.27458299085497856, 0.27463690063357354, 0.2733764793872833, 0.2734937520325184, 0.2722454341351986, 0.269197295576334, 0.2702032907009125, 0.27006657540798185, 0.2714460374712944, 0.2702936491072178, 0.2669684700667858, 0.2673540230989456, 0.26636972108483314, 0.2642406839132309, 0.26265387377142907, 0.2650759195387363, 0.2615168182849884, 0.2635325915813446, 0.26316280815005305, 0.2613334657847881, 0.2623140360713005, 0.2607453216314316, 0.2601519384682178, 0.2598916900753975, 0.2596850912570953, 0.25959073507785796, 0.25761625862121584, 0.2593537106812, 0.2558896042406559, 0.2549497669041157, 0.25598959359526635, 0.2538094784915447, 0.25410581028461454, 0.2522755722105503], "map": 0.0716263090802792}, "time": 3514.8789491653442}