{"task": {"lambda": 1, "alpha": 5, "lr": 0.0001, "wd": 0.0001, "bits": 32}, "result": {"time stopage": true, "loss": [0.6153896053433419, 0.4166136610507965, 0.3741208214759827, 0.3606842004656792, 0.3443777507543564, 0.3329073796272278, 0.32183882015943527, 0.31244149869680404, 0.30468175864219665, 0.30041040366888044, 0.29180218309164047, 0.286999660551548, 0.28635003346204757, 0.2806221329569817, 0.27582019618153575, 0.2714495573937893, 0.27125939109921454, 0.26633051961660387, 0.2658347574174404, 0.2613470739722252, 0.2571685290634632, 0.2563476694226265, 0.25283792248368264, 0.24955684489011765, 0.25157909467816353, 0.245262718051672, 0.24183644795417786, 0.2410594996213913, 0.24045099690556526, 0.23686562156677246, 0.2359079384803772, 0.23622959420084955, 0.2332783376276493, 0.23148344573378563, 0.22807328486442566, 0.227331124573946, 0.22383293268084525, 0.22119240576028823, 0.2223032695353031, 0.22060315763950347, 0.21977960884571077, 0.2168492832183838, 0.21494153505563737, 0.2144127278327942, 0.21009458085894583, 0.2087041060626507, 0.20634527623653412, 0.20738433548808097, 0.2039653687775135, 0.20440387508273125, 0.20209984812140463, 0.20208245328068733, 0.20208758825063705, 0.20111479046940803, 0.19947134366631508, 0.20006310456991197, 0.19675631752610206, 0.19430981516838075], "map": 0.07263206377119327}, "time": 2640.7548685073853}