{"task": {"lambda": 1, "alpha": 3, "lr": 1e-06, "wd": 1e-06, "bits": 48}, "result": {"time stopage": true, "loss": [0.6933077775239944, 0.4949347576498985, 0.4516858018040657, 0.4368481135368347, 0.42785106456279753, 0.4170873477458954, 0.4133524393439293, 0.405281947016716, 0.4000015780925751, 0.397906133890152, 0.3935847406387329, 0.3898076370358467, 0.38413248127698896, 0.3805716413259506, 0.37702204287052155, 0.3735816555023193, 0.36828037339448927, 0.36582246267795565, 0.3633070631623268, 0.3601402801275253, 0.3570302949547768, 0.3545785849690437, 0.35022141826152803, 0.3489445087313652, 0.3456396937966347, 0.3419448833465576, 0.3404550489187241, 0.3392632458806038, 0.3381445971131325, 0.3349238024353981, 0.3331578425168991, 0.3293355779051781, 0.3303215228319168, 0.32651157492399213, 0.3259628775715828, 0.32477222406864165, 0.322230145573616, 0.32220298421382904, 0.3161388196349144, 0.31728640776872635, 0.317282958984375, 0.3127574498653412, 0.31333156043291094, 0.31186740577220917, 0.3123604871034622, 0.3086998811364174, 0.3062499564886093, 0.30443888711929323, 0.30643247163295745, 0.30440890973806384, 0.3023581572175026, 0.3021329510211945, 0.3012661892771721, 0.30094506764411927, 0.2981084939241409, 0.29931764453649523, 0.29736559504270554, 0.29651210847496984, 0.29761466097831724, 0.29662597125768664, 0.2925075600743294, 0.2925160609483719, 0.2931108223199844, 0.2912865009903908, 0.2934061127603054, 0.29031739044189453, 0.2910546973049641, 0.2895993817448616, 0.2885988940894604, 0.28927933356165886, 0.2869078312516212, 0.28644383665919304, 0.2847110554277897, 0.28324975329637525, 0.2840982816815376, 0.28393786209821703, 0.28687859532237053, 0.28212995716929434, 0.28160884708166123, 0.280486991584301, 0.2816260954737663, 0.28120321354269984, 0.28047503852844236, 0.27815550956130025, 0.2785699034631252, 0.27885687339305876, 0.27928043872117997, 0.2761220393180847], "map": 0.059769259868575876}, "time": 3537.1857306957245}