{"task": {"lambda": 1, "alpha": 3, "lr": 1e-05, "wd": 0.0001, "bits": 32}, "result": {"time stopage": true, "loss": [0.45080431693792344, 0.38823085361719134, 0.36099603831768035, 0.3425283791422844, 0.32807368093729017, 0.31481154829263686, 0.31090773177146913, 0.30192658698558805, 0.29734697127342224, 0.2916049445569515, 0.287362186640501, 0.28330278941988946, 0.27951848819851877, 0.2755137496888638, 0.27352831241488457, 0.2688022372722626, 0.2675267083644867, 0.2637639526128769, 0.26173483169078826, 0.25813917085528376, 0.2551266831457615, 0.2553579460978508, 0.2520606242418289, 0.24901635557413102, 0.24757888343930246, 0.2452558644413948, 0.24326336425542833, 0.24093180671334266, 0.2393579775393009, 0.2390387958586216, 0.2361958907544613, 0.23604780545830725, 0.2344166699051857, 0.23343632081151008, 0.23257566252350806, 0.23022802531719208, 0.2299365869164467, 0.22744899368286134, 0.2265570155978203, 0.2257260127365589, 0.2249567431807518, 0.224401553273201, 0.22263810551166535, 0.2219767520427704, 0.21931040400266646, 0.22081004595756532, 0.21905927401781083, 0.21844291192293167, 0.2179015453159809, 0.21573734971880912, 0.21448312640190126, 0.2132577398121357, 0.21316325083374976, 0.2109834008216858, 0.21373111507296563, 0.21148849418759347, 0.21173673993349076, 0.20864232116937637, 0.2096460860967636, 0.20745232874155045, 0.20551608327031134, 0.20498426961898802, 0.20552531948685646, 0.20339417698979378, 0.2031921952366829, 0.20183736383914946, 0.20174848961830139, 0.20247252199053764, 0.19966074368357659, 0.2010373911857605, 0.19951978397369385, 0.19877666121721269, 0.197466420263052, 0.19809378197789193, 0.19650232049822808, 0.19555086439847946, 0.19542880216240882, 0.1964540786743164, 0.19401162287592888, 0.19422213655710222, 0.19421273332834244, 0.1930289885997772, 0.19097359368205072, 0.19020405918359756, 0.19042547369003296, 0.19066119369864465, 0.19024348133802413, 0.18868487828969954, 0.18844405862689018, 0.18846572881937027, 0.18889739501476288, 0.1859759384095669], "map": 0.059183008177691065}, "time": 3716.7964713573456}