{"task": {"lambda": 2, "alpha": 3, "lr": 1e-05, "wd": 1e-05, "bits": 24}, "result": {"time stopage": true, "loss": [0.8058205978870392, 0.6837530686855317, 0.634458155632019, 0.5989195401668549, 0.5757094929218293, 0.5543437914252282, 0.536873960018158, 0.5248401662111283, 0.5115038923025131, 0.5036747532486916, 0.4930245407223702, 0.48573364877700803, 0.47760308963060377, 0.47017075890302656, 0.46557341837882993, 0.4614928601384163, 0.4562340795993805, 0.4489793393611908, 0.4466790976524353, 0.4410741953849793, 0.4377448555827141, 0.43521270900964737, 0.43007578992843626, 0.42823050904273985, 0.4237683913707733, 0.41930280470848086, 0.4174008545279503, 0.4134253258109093, 0.4104907225370407, 0.4087129983305931, 0.406806361913681, 0.40443893188238145, 0.4002667418718338, 0.39923391354084015, 0.3945760173797607, 0.3932892853617668, 0.39131313413381574, 0.3882586926817894, 0.3872741842269897, 0.38363816040754317, 0.3816862594485283, 0.37838650703430177, 0.3787777752280235, 0.37713562256097793, 0.3734921454191208, 0.37334621280431746, 0.3699035516381264, 0.3694760626554489, 0.36674031788110734, 0.36464080345630645, 0.36205065220594407, 0.3629072514772415, 0.36112193363904954, 0.35848101615905764, 0.3569302548766136, 0.3552087709903717, 0.3529069892168045, 0.3524871523976326, 0.3484974108934403, 0.3484683694243431, 0.348398633480072, 0.3468334633708, 0.3466181207895279, 0.34421166878938675, 0.34040978944301603, 0.3405657727718353, 0.33834920728206636, 0.3376121141910553, 0.33701772236824035, 0.33329534316062925, 0.3343154298067093, 0.3343338061571121, 0.3306842909455299, 0.3320310637354851, 0.3293190147280693, 0.32651764595508576, 0.32543613922595976, 0.32782066029310225, 0.32501403760910036, 0.32293597489595416, 0.32249248802661895, 0.3233022970557213, 0.31874790996313096, 0.32120864671468735, 0.3182771910429001, 0.3185532227754593], "map": 0.045027023752298286}, "time": 3428.2609899044037}