{"task": {"lambda": 0.5, "alpha": 3, "lr": 1e-06, "wd": 1e-05, "bits": 32}, "result": {"time stopage": true, "loss": [0.5678172088861465, 0.31321859887242315, 0.2770993002653122, 0.26175860938429835, 0.25480514439940455, 0.24486940079927444, 0.24465844067931175, 0.24168013989925385, 0.2371316409409046, 0.23283821377158165, 0.22875196939706802, 0.22731179162859916, 0.22404631158709526, 0.22387778109312056, 0.2215197801887989, 0.21922016525268553, 0.21731650608778, 0.21517191845178604, 0.2152382165491581, 0.2125884521305561, 0.21190655198693276, 0.20886625802516937, 0.20801411208510398, 0.2077535291314125, 0.20661084935069085, 0.206654669880867, 0.20569366398453712, 0.20418936628103257, 0.2019084729552269, 0.2017617787718773, 0.20217541128396987, 0.20122035485506057, 0.2009499309360981, 0.19876862305402757, 0.19731974229216576, 0.1991517698764801, 0.19931532829999923, 0.19640359741449356, 0.19645020133256913, 0.19668569973111152, 0.19540793699026107, 0.1948524272441864, 0.19599614730477333, 0.1944463147521019, 0.1931328234374523, 0.19362864270806313, 0.19191154396533966, 0.19136416137218476, 0.19124188631772995, 0.18994588235020637, 0.19095978543162345, 0.18874186560511588, 0.1882215295135975, 0.18969225367903708, 0.18894739681482314, 0.18797216257452964, 0.18953666809201242, 0.18690079152584077, 0.18856437593698502, 0.1873112614452839, 0.18816508364677428, 0.18494365933537482, 0.1842505583167076, 0.18560058560967446, 0.18370574653148652, 0.18364319509267807, 0.1858843147456646, 0.18217286825180054, 0.18389749509096145, 0.18379925847053527, 0.1825736747980118, 0.18105830746889115, 0.1804424598813057, 0.18148059192299842, 0.18169169774651528, 0.18014201283454895, 0.18102592155337333, 0.18090726959705353, 0.18020276761054993], "map": 0.05438514677700171}, "time": 3303.9512882232666}