{"task": {"lambda": 0.5, "alpha": 5, "lr": 0.0001, "wd": 1e-06, "bits": 12}, "result": {"time stopage": true, "loss": [0.6437822538018226, 0.38391465044021605, 0.35671509206295016, 0.33641113567352293, 0.3252283111214638, 0.31590099477767947, 0.30462688010931016, 0.29880901622772216, 0.29796957451105116, 0.2882615057528019, 0.28695872566103936, 0.2836040878593922, 0.2817926505506039, 0.2764199856519699, 0.274169543415308, 0.2681460152864456, 0.2702448846995831, 0.26520856422185896, 0.2647429794669151, 0.26495609706640244, 0.25864584764838217, 0.26054272359609604, 0.2555074551403522, 0.2545678028166294, 0.25234979021549225, 0.2504259141087532, 0.2511805200576782, 0.24491414216160773, 0.2447572582066059, 0.2441823719739914, 0.24140761232376098, 0.23734101688861847, 0.23663087657094, 0.23927504712343217, 0.2347355730831623, 0.23421775165200234, 0.23308376753330232, 0.2297729836702347, 0.22591083207726478, 0.22630734181404114, 0.2224707750082016, 0.22413003087043762, 0.2212761247754097, 0.2234448501765728, 0.22006727117300035, 0.21979557481408118, 0.2192804470062256, 0.21498737362027168, 0.21331032672524453, 0.21280907768011093, 0.2138241746723652, 0.21015598252415657, 0.2119353191256523, 0.20836262267827987, 0.2076119010448456, 0.20762335029244422, 0.20799867737293243, 0.20524781328439712, 0.2037504768371582, 0.20121708476543426, 0.20299806076288224, 0.19826924833655357, 0.2003732159435749, 0.19972184070944787, 0.19671358716487886, 0.19426760748028754, 0.19752273395657538, 0.19584837293624877, 0.19141871386766435, 0.1926833339035511, 0.19660350409150124, 0.190377575725317, 0.18973523965477943, 0.19053437116742133, 0.18843328672647477, 0.18865847384929657, 0.19055046752095223, 0.18766366812586785, 0.18485910645127296, 0.18630975636839867, 0.18402200892567636, 0.18543400976061822, 0.18416190695762635, 0.1873341639637947, 0.18088372664153576, 0.1831361621916294, 0.18220325192809106, 0.18386164693534374, 0.18109628468751907, 0.17970804791152478, 0.17820018252730369], "map": 0.03358579696449518}, "time": 3728.2858822345734}