{"task": {"lambda": 1, "alpha": 3, "lr": 0.0001, "wd": 0.0001, "bits": 32}, "result": {"time stopage": true, "loss": [0.5974921285510063, 0.38459960812330246, 0.3291256577372551, 0.3074780803322792, 0.28954078367352487, 0.2746380876302719, 0.26681748980283737, 0.2569846240580082, 0.2469571369588375, 0.24119719138741494, 0.23324872064590454, 0.22788735845685004, 0.22178560709953307, 0.21785723742842675, 0.2091466476023197, 0.20809068024158478, 0.20312686321139337, 0.1992932659983635, 0.19417436695098877, 0.19160814487934114, 0.18822684544324875, 0.18389447647333146, 0.18094861739873885, 0.17899365371465684, 0.17546973192691803, 0.17167510017752646, 0.1700906214416027, 0.17027840554714202, 0.16589643293619155, 0.1632206225991249, 0.16438430064916612, 0.15948267072439193, 0.1563746691197157, 0.15428478963673115, 0.15241438746452332, 0.1506419360488653, 0.1488186869621277, 0.1442417785078287, 0.143333351328969, 0.1424899257719517, 0.14198228469491006, 0.14006626106798648, 0.13722630997002125, 0.1371206414550543, 0.13403699174523354, 0.132436607375741, 0.13201511365175247, 0.1310825351178646, 0.12959796188771724, 0.1276934916228056, 0.12895892710983753, 0.12582942312955855, 0.12539034807682037, 0.12318669795989991, 0.122869169652462, 0.12543466483056545, 0.12282054215669631, 0.12009068854153156, 0.12016441555321217, 0.1188532969802618, 0.11985980074107647, 0.11605946590006351, 0.11604520858824253, 0.11445986101031304, 0.1147526072114706, 0.11468744042515755, 0.11291362352669239, 0.1145312402844429, 0.11292467920482159, 0.11352102023363113, 0.11229496085643768, 0.11073354227840901, 0.11073523619771004, 0.11314051726460457, 0.1102049565166235, 0.10896977941691875, 0.10863216295838356, 0.1082773129492998, 0.10901119829714298, 0.10590386018157005, 0.10605426907539367, 0.10646105642616749, 0.10425811983644963, 0.10451306129992008, 0.1039173498749733], "map": 0.04823540509157505}, "time": 3461.1767501831055}