{"task": {"lambda": 2, "alpha": 1, "lr": 1e-06, "wd": 1e-05, "bits": 48}, "result": {"time stopage": true, "loss": [0.9993997631072998, 0.8170828689336777, 0.7600995577573776, 0.7257416682243347, 0.7001590287685394, 0.6739887971878051, 0.6520145639181137, 0.6339416217803955, 0.6202311599254609, 0.6026685584783554, 0.5918224798440933, 0.5821365123987198, 0.5725269111394882, 0.5619171636104584, 0.5561570543050766, 0.54690916711092, 0.5417163137793541, 0.5342667177915573, 0.5304309633970261, 0.521745765388012, 0.5186168466806411, 0.5116133264303208, 0.5075182688236236, 0.501192534327507, 0.49816219717264176, 0.49433641266822814, 0.49007217639684675, 0.4865158490538597, 0.48151828402280805, 0.478770427942276, 0.4770674217939377, 0.47551276004314424, 0.4701568028330803, 0.4678163651227951, 0.466274239897728, 0.4631712882518768, 0.46131927335262296, 0.46029395270347595, 0.45620876401662824, 0.4540198138356209, 0.4530750077366829, 0.449484502017498, 0.4481415985226631, 0.44518828570842744, 0.4429822844862938, 0.4397598702311516, 0.44028390997648237, 0.4402758415937424, 0.43522081619501113, 0.4336463593244553, 0.43083287370204926, 0.43039866399765014, 0.42861850166320803, 0.4257002432346344, 0.4230520434975624, 0.42323104494810104, 0.4218829925656319, 0.4199803742170334, 0.42015305191278457, 0.4163959165811539, 0.4172604086399078, 0.4148990740776062, 0.41383430272340777, 0.41300064969062805, 0.4117973362207413, 0.4087419028878212, 0.4095522392988205, 0.4074299709200859, 0.4066091239452362, 0.4039337890148163, 0.40303563308715823, 0.4012072223424912, 0.39927295154333114, 0.39811031061410906, 0.39936324709653853, 0.3977032126188278, 0.39726584434509277, 0.39269945991039273, 0.3948608846068382, 0.39331645822525024, 0.39130424219369886, 0.39214476937055587, 0.3888337585926056, 0.3894650027155876], "map": 0.04555150432492925}, "time": 3345.527550458908}