{"task": {"lambda": 0.5, "alpha": 3, "lr": 0.0001, "wd": 0.0001, "bits": 12}, "result": {"time stopage": true, "loss": [0.515260518103838, 0.28459813860058786, 0.25861485040187837, 0.24506515136361123, 0.23323396557569503, 0.22579012489318848, 0.21824681982398034, 0.21530117893218995, 0.21124443128705025, 0.2045431014895439, 0.20152528682351112, 0.19988981875777245, 0.19418202763795853, 0.1937113685309887, 0.18897994822263717, 0.18570374447107316, 0.18243426257371903, 0.18034980687499047, 0.17674288746714592, 0.17417685794830323, 0.1725881824195385, 0.16955541771650315, 0.16880331736803056, 0.1648500369489193, 0.16289591208100318, 0.16118808461725712, 0.15989375045895576, 0.1574965692460537, 0.15813180232048035, 0.15378153155744076, 0.15350437542796136, 0.15095828174054624, 0.15034465877711772, 0.14954463903605938, 0.14430819341540338, 0.14506476002931595, 0.1431877734810114, 0.14160550889372825, 0.13938953261077405, 0.13737432980537415, 0.1361916289627552, 0.1353605597168207, 0.13336496445536614, 0.13301064781844615, 0.13652675172686576, 0.12961855113506318, 0.12665717492997647, 0.12936958420276642, 0.12597533825039864, 0.12731260314583778, 0.12576751206815243, 0.12462229695916176, 0.12661150780320168, 0.12440636305510998, 0.12235408599674702, 0.12065369787812233, 0.11992341065406799, 0.12213641722500325, 0.12039849492907524, 0.119986628100276, 0.11929814422130584, 0.1191294447928667, 0.11753138211369514, 0.11923154106736183, 0.11594954009354115, 0.1144093563258648, 0.11580912514030933, 0.1140441532433033, 0.11603565123677254, 0.11415164846181869, 0.11400247471034528, 0.11318289110064507, 0.11373839029669762, 0.11363500848412514, 0.1133910961151123, 0.1126799558699131, 0.11429810981452465, 0.11214461150765419, 0.10995749324560165, 0.11109411861002445, 0.11140535542368889, 0.11049365463852882, 0.10979959776997567, 0.10976262226700782, 0.10896640413999557, 0.10864140829443932, 0.1112352664321661, 0.10881092835962772, 0.1080756633579731, 0.10771156378090381, 0.11012696987390518, 0.10575718954205512, 0.10803606905043125], "map": 0.027821888484878775}, "time": 3740.2850127220154}