{"task": {"lambda": 1, "alpha": 5, "lr": 0.0001, "wd": 1e-06, "bits": 24}, "result": {"time stopage": true, "loss": [0.6703007769584656, 0.45859670895338056, 0.39787807381153106, 0.38029638880491257, 0.36212973099946977, 0.35019099378585816, 0.34665993857383726, 0.33496535670757294, 0.32967219084501265, 0.324275387942791, 0.3150169510245323, 0.3127615846991539, 0.3061983857750893, 0.30483467799425124, 0.30084796497225763, 0.29549666339159014, 0.29196562537550924, 0.2885690843462944, 0.2881996251940727, 0.28304345497488975, 0.28202612715959546, 0.28052660048007966, 0.27286879605054853, 0.27325586518645284, 0.2708735706806183, 0.26741327133774756, 0.26502819487452506, 0.26376135858893396, 0.2583198228776455, 0.2587391828596592, 0.25951519376039506, 0.25557526433467864, 0.2537294695973396, 0.24990711587667466, 0.24830548438429834, 0.24626029708981514, 0.24452335831522942, 0.24383697244524954, 0.24059362784028054, 0.24039631846547127, 0.23766314694285393, 0.23856204882264137, 0.23322697058320047, 0.23137835228443146, 0.2314963301718235, 0.2298111727833748, 0.22796889036893844, 0.22599233853816986, 0.22347316640615464, 0.2217855406701565, 0.21790215450525283, 0.217625515550375, 0.21424291402101517, 0.2143756910264492, 0.2140770593881607, 0.21083059379458427, 0.21152860420942307, 0.20998295280337334, 0.20811658236384392, 0.20500898048281668, 0.20658750262856485, 0.20254322466254235, 0.19981195306777955, 0.2016089727282524, 0.1957020053267479, 0.1988161477148533, 0.19782516673207284, 0.19638623455166818, 0.19500683256983756, 0.1947441568672657, 0.1976553329527378, 0.19127196443080902, 0.19239911112189292, 0.1889599829018116, 0.18865514373779296, 0.18861821019649505, 0.1866336959898472, 0.18790246111154557, 0.1840627858042717, 0.1876196653842926, 0.18382425659894944, 0.18518603205680848, 0.18233759319782258, 0.18143668028712273, 0.1835760249197483, 0.18087005192041397], "map": 0.06361728065058829}, "time": 3569.7272386550903}