{"task": {"lambda": 2, "alpha": 3, "lr": 0.0001, "wd": 0.0001, "bits": 24}, "result": {"time stopage": true, "loss": [0.9648871639966965, 0.6180962040424347, 0.543875381231308, 0.4967457979917526, 0.46330822563171387, 0.44130868512392046, 0.4221949000954628, 0.40495503026247026, 0.39084473335742953, 0.3782753063440323, 0.3643044679760933, 0.35924105936288836, 0.3481211122870445, 0.3412364743351936, 0.3324153103232384, 0.32460324227809906, 0.319633613884449, 0.3118266830444336, 0.3045758011341095, 0.2973999182879925, 0.2924776837825775, 0.2867022747695446, 0.2809828450679779, 0.2742648214399815, 0.26643227341771125, 0.26184707289934156, 0.256375227689743, 0.25212580141425134, 0.2511329967677593, 0.24162142166495323, 0.23850047037005426, 0.23408462458848953, 0.22970359414815902, 0.22643903961777687, 0.22232354509830474, 0.21935930189490319, 0.21450633296370505, 0.21401726922392844, 0.21108423236012458, 0.21082722172141075, 0.20678455585241318, 0.20334430292248726, 0.19922779968380927, 0.19753606981039049, 0.19574104502797127, 0.19186358034610748, 0.19088999980688096, 0.18822137132287026, 0.1855927568078041, 0.1843237280845642, 0.18299299788475037, 0.1808656257390976, 0.1813462033867836, 0.17958425307273865, 0.17887413422763349, 0.1760504215657711, 0.17405162535607815, 0.17473994414508343, 0.17184751541912555, 0.1691478838324547, 0.16784120109677314, 0.16793486972153188, 0.1657372928261757, 0.16611788442730904, 0.16354952542483805, 0.1640517281740904, 0.16305100224912167, 0.15985192820429803, 0.16045016184449196, 0.15967458780109883, 0.15798278921842576, 0.1567944527119398, 0.15916808021068574, 0.15403750362992286, 0.15471913307905197, 0.15308184623718263, 0.15308377438783646, 0.1524384294897318, 0.1530591107606888, 0.15114452090859412, 0.15060285668075085, 0.15033386494219303, 0.1477593811750412, 0.1504940159767866, 0.14877432981133462, 0.14537951546907424, 0.14555123816430568, 0.14616305540502073, 0.1451302472651005, 0.14548771463334562, 0.14378776700794696, 0.14346375147998333, 0.14257988250255585], "map": 0.03341101189189658}, "time": 3713.717898607254}