{"task": {"lambda": 0.5, "alpha": 1, "lr": 0.0001, "wd": 1e-06, "bits": 32}, "result": {"time stopage": true, "loss": [0.30926044744253156, 0.2086069788634777, 0.17066465112566948, 0.16028366723656653, 0.1506059608757496, 0.1442589422315359, 0.13863485734164716, 0.13150215275585653, 0.12736281016469, 0.1240294291973114, 0.12012475779652595, 0.11629360826313495, 0.11185702778398991, 0.10980812868475914, 0.10656932373344898, 0.10432485349476338, 0.10143664585053921, 0.09943901713192463, 0.09765213467180729, 0.0948694050014019, 0.09253522509336472, 0.09071990974247456, 0.08914365248382092, 0.0870686823129654, 0.08601803646981716, 0.0838902973383665, 0.08286291594803333, 0.08050394005328416, 0.07948540843278169, 0.07726266995072364, 0.07784007216244936, 0.07628536315262317, 0.07552929020673037, 0.07325371450185776, 0.07259837643057108, 0.07142136926203967, 0.07023449084907771, 0.06972394514828921, 0.06956232387572527, 0.0671425062790513, 0.06723914500325918, 0.0668031801879406, 0.06638616846501827, 0.06349691443145275, 0.06438436210900546, 0.06434073933959007, 0.06379299557954073, 0.06257937221974134, 0.060826963156461716, 0.061367870464920996, 0.061129246897995475, 0.06075083170086146, 0.05979277414083481, 0.060298411712050436, 0.060670986287295815, 0.05911772659420967, 0.058263684563338754, 0.058790385946631434, 0.05809185533225537, 0.05721236190199852, 0.058368608601391314, 0.0570943161547184, 0.05735017179697752, 0.05620773807168007, 0.055761275567114355, 0.054100657172501086, 0.05547492955625057, 0.05571415234357119, 0.055283144287765026, 0.05532340481132269, 0.05539727282524109, 0.05501446278393268, 0.05429444679617882, 0.052943206682801246, 0.053821649447083474, 0.0537830765247345, 0.05435062221437693, 0.052509039916098114, 0.053029725350439545, 0.05396322462707758, 0.05303814416378737, 0.052177111960947514, 0.052308086708188054, 0.051299554631114005, 0.05158741767704487, 0.05070465722680092, 0.05124796961247921, 0.05225250436365604, 0.051184231027960776, 0.05047311241924763], "map": 0.040036942830446585}, "time": 3736.964308977127}