{"task": {"lambda": 0.5, "alpha": 5, "lr": 0.0001, "wd": 1e-05, "bits": 12}, "result": {"time stopage": true, "loss": [0.6675861294269562, 0.3934579291343689, 0.35695743530988694, 0.33792304718494415, 0.3289935727715492, 0.31597724270820615, 0.3111239854693413, 0.2997509663403034, 0.29794609543681144, 0.2873968872725964, 0.2856917933821678, 0.2834112194776535, 0.2790250121355057, 0.2782602499425411, 0.2683730605840683, 0.26678878769278525, 0.2648190313577652, 0.26452675816416743, 0.263569708943367, 0.2617718380689621, 0.2576923272609711, 0.25838693177700045, 0.2534273267686367, 0.254395708322525, 0.2491727706193924, 0.25050209429860115, 0.2451094689965248, 0.2449234900176525, 0.24261643397808075, 0.2415161238014698, 0.23694710209965705, 0.23473140302300452, 0.23561809289455413, 0.2344789710044861, 0.23333614683151246, 0.23227874901890755, 0.23156484991312026, 0.23059539273381233, 0.22537902933359147, 0.22491567188501357, 0.2256440204679966, 0.22277879884839058, 0.21803468504548074, 0.21872608637809754, 0.21773113030195237, 0.2156384216248989, 0.2140391571223736, 0.2126134926080704, 0.21208989879488946, 0.21205531275272368, 0.20528911924362184, 0.20826220750808716, 0.20554742515087127, 0.204485546708107, 0.20563022017478944, 0.2018299085497856, 0.2039123541712761, 0.19848594573140144, 0.20059712266921997, 0.1991934162080288, 0.19466856053471565, 0.19362808591127395, 0.194629576086998, 0.19626654130220414, 0.19204111409187316, 0.1913415274620056, 0.19078376498818397, 0.18944573843479157, 0.18870367550849915, 0.18841855016350745, 0.18245191499590874, 0.18636305525898933, 0.18611614936590196, 0.18291019070148468, 0.1837986695319414, 0.181822261095047, 0.1814747497290373, 0.18305261343717574, 0.17983809733390807, 0.18050703257322312], "map": 0.03330743212676534}, "time": 3310.864336490631}