{"task": {"lambda": 0.5, "alpha": 1, "lr": 1e-06, "wd": 1e-06, "bits": 24}, "result": {"time stopage": true, "loss": [0.3817040418386459, 0.2571616989672184, 0.23502868551015854, 0.22550118544697761, 0.22164586368203162, 0.21786394095420838, 0.21401761174201966, 0.20962759414315224, 0.20764187636971473, 0.204641277551651, 0.2012963699400425, 0.19835421085357666, 0.19820754426717757, 0.19540791833400725, 0.19434439459443092, 0.19085561579465865, 0.19123642629384993, 0.18951365727186203, 0.187712250828743, 0.1861748637855053, 0.18576921355724335, 0.18499441647529602, 0.18345646148920058, 0.18014281082153322, 0.18113583716750145, 0.17934128993749618, 0.17785924136638642, 0.17851471561193466, 0.17691678577661515, 0.17643982183933257, 0.1747642901837826, 0.1728907035589218, 0.17380089941620827, 0.17230693256855012, 0.1714508436024189, 0.17095777249336241, 0.17013403621315956, 0.16878848773241042, 0.16849123483896256, 0.16771225649118424, 0.16705720260739326, 0.16538116735219954, 0.16531212887167931, 0.16452503460645676, 0.1647502855658531, 0.16454058641195296, 0.16319502755999565, 0.16262900608778, 0.16089133420586585, 0.16132530453801155, 0.1592952021062374, 0.15894895669817924, 0.1590336216390133, 0.15750686272978784, 0.15757236289978027, 0.15722905367612838, 0.15817715847492217, 0.1565812080204487, 0.15610807180404662, 0.1559853110909462, 0.15558326387405397, 0.1540695357620716, 0.15418494039773942, 0.15344345632195472, 0.15363446965813637, 0.15346466763317584, 0.1525377024412155, 0.1525798273384571, 0.151518218934536, 0.1517019343674183, 0.15127568554878235, 0.15015939259529112, 0.1503795360326767, 0.14867765226960183, 0.15034881338477135, 0.14820186969637872, 0.14805762645602227, 0.15021545019745827, 0.14832316374778748, 0.14772499205172063, 0.14769627459347248, 0.1479738353341818, 0.14585823717713356, 0.1460963519960642, 0.1468948840200901, 0.14606550951302052, 0.145649167701602, 0.14590336307883262, 0.14498731945455073, 0.1441086559444666, 0.1444725333303213, 0.14397837986052037, 0.1445230153053999], "map": 0.038580126506614354}, "time": 3729.9979162216187}