{"task": {"lambda": 0.5, "alpha": 1, "lr": 1e-06, "wd": 1e-06, "bits": 48}, "result": {"time stopage": true, "loss": [0.3057775512933731, 0.25053601890802385, 0.2324927222430706, 0.2236732602715492, 0.2196703694164753, 0.2137185077369213, 0.21360402634739875, 0.20756408753991126, 0.20608469921350478, 0.20418618938326835, 0.2027193520963192, 0.20030928081274033, 0.19813890862464906, 0.19523677211999893, 0.19555985072255136, 0.19250069591403007, 0.19082617256045342, 0.18972657886147498, 0.18723118257522584, 0.1858697017133236, 0.18447115072607995, 0.1836668067276478, 0.18265994444489478, 0.18079408383369447, 0.18019990104436875, 0.17817793744802474, 0.1784004118144512, 0.1764586831331253, 0.1760077823102474, 0.17418148109316825, 0.17374808764457703, 0.1731959721148014, 0.1726907398700714, 0.17244306483864785, 0.17110946473479272, 0.16882574507594109, 0.16807992553710938, 0.1673392858505249, 0.16718001097440718, 0.16573492503166198, 0.1653674392402172, 0.16573285871744156, 0.16361266860365867, 0.16387250998616218, 0.16253884595632553, 0.1615606259703636, 0.16279763612151146, 0.16154275318980216, 0.16192788356542587, 0.15733609285950662, 0.1599782662987709, 0.15949061450362206, 0.1566518717110157, 0.15728522607684137, 0.1568083050251007, 0.15605678802728654, 0.15506132131814956, 0.15516453886032106, 0.15458581352233886, 0.1542010866701603, 0.15443910226225854, 0.15335182774066924, 0.15478808131814004, 0.15277611553668977, 0.15333582040667534, 0.15352852299809455, 0.15186686855554582, 0.15129799273610114, 0.14999689975380898, 0.14967660918831827, 0.1510856773853302, 0.1497517269551754, 0.1495437805056572, 0.14908945278823377, 0.14876699721813202, 0.14869745215773583, 0.1480633001923561, 0.14677224144339562, 0.14726652470231055, 0.14638439168035983, 0.14672274476289748, 0.14686057223379612, 0.1463035653233528, 0.14449466776847839, 0.14487018178403377, 0.14495313857495784, 0.1437920740544796, 0.14443267899751663, 0.14321548719704152, 0.14350101397931575, 0.1428987416625023, 0.14325688806176184], "map": 0.061753332450205756}, "time": 3704.018194437027}