{"task": {"lambda": 1, "alpha": 1, "lr": 0.0001, "wd": 1e-05, "bits": 48}, "result": {"time stopage": true, "loss": [0.4936230176687241, 0.29935957673192026, 0.26833125039935113, 0.24730495089292526, 0.23146158063411712, 0.21864865428209304, 0.20676390355825425, 0.19761083191633225, 0.19186408242583275, 0.18181737986207008, 0.17613616806268692, 0.16909368073940276, 0.16457728707790376, 0.15838709503412246, 0.1518447525203228, 0.14803121289610863, 0.1428412084132433, 0.13864654453098774, 0.1331294462233782, 0.13205891370773315, 0.12765223506093026, 0.12297943545877933, 0.12024370059370995, 0.11526541323959827, 0.11195526099205017, 0.10858629551529884, 0.10499327240884304, 0.1027794210612774, 0.09999766163527965, 0.09840783989429473, 0.0953696309030056, 0.09396009401977062, 0.09226836176216602, 0.08953838640451431, 0.08777224133908748, 0.08623077251017093, 0.08566248799860478, 0.08428352110087872, 0.08318193769454955, 0.08215726703405381, 0.0811041500866413, 0.0798761502802372, 0.08008584821224213, 0.07699576304852962, 0.07642403460294009, 0.07740082431584597, 0.07544390631467104, 0.07380412803590297, 0.07448864684253931, 0.07246040634810924, 0.07294243424385786, 0.0721321993470192, 0.07233697874844074, 0.07078516843914985, 0.06961958682537078, 0.06957051611691713, 0.06849168112128973, 0.06749147666990757, 0.06712371622025967, 0.06622665774077177, 0.06606270243227481, 0.06633336170017719, 0.0654276795014739, 0.06464352110773325, 0.06538398061692714, 0.06522815591096878, 0.06489237548410892, 0.06301462004333734, 0.06340666183829308, 0.06247785478830337, 0.062265207313001156, 0.06124038738012314, 0.06085373052209616, 0.06072874183952808, 0.060062008149921894, 0.06198704747110605, 0.06117353849112987, 0.06063677740842104, 0.060082646042108535, 0.05976041649281979, 0.06055033763498068, 0.05906246815621853, 0.05875855090469122], "map": 0.038201805222804606}, "time": 3450.4370403289795}