{"task": {"lambda": 1, "alpha": 3, "lr": 1e-05, "wd": 1e-06, "bits": 32}, "result": {"time stopage": true, "loss": [0.45138834434747693, 0.3880883972644806, 0.3609185680150986, 0.3419249804615974, 0.33059848845005035, 0.3194068767428398, 0.309574105322361, 0.30187429386377335, 0.29676090720295906, 0.2897413088977337, 0.2843528662919998, 0.28234674969315526, 0.2791038488149643, 0.276052416652441, 0.2724836903214455, 0.26829720377922056, 0.26745229482650756, 0.26367189472913743, 0.2604349309504032, 0.26081936532258987, 0.2558913762271404, 0.2546664215028286, 0.2540945824086666, 0.25064867359399795, 0.2494919554591179, 0.2461193524003029, 0.2466890247166157, 0.24498588633537294, 0.24404859608411789, 0.24359610977768897, 0.23812208917737007, 0.2390175561606884, 0.2361922973394394, 0.23632191941142083, 0.2367871737778187, 0.23373533952236175, 0.23257214641571045, 0.2321463906466961, 0.2300792760848999, 0.2289790004491806, 0.22763543704152106, 0.22679898092150688, 0.22613426288962366, 0.2256140668988228, 0.22464469793438913, 0.22309450444579124, 0.22335103988647462, 0.22244471207261085, 0.21929196816682817, 0.219416319668293, 0.22000853410363197, 0.21646638798713685, 0.21805231562256813, 0.21497220158576966, 0.21476227307319642, 0.21501673585176467, 0.21488338837027549, 0.21430562129616737, 0.211143503844738, 0.2108277824819088, 0.20999538099765777, 0.20986258232593535, 0.20702278053760528, 0.2078114387691021, 0.2086173185110092, 0.2055813142955303, 0.20674698823690416, 0.20570263460278512, 0.20381507685780526, 0.20437118369340895, 0.20370849427580834, 0.2018568320274353, 0.20106915509700776, 0.20115447223186492, 0.2005746892094612, 0.1974050857126713, 0.1992512829899788, 0.19884742379188539, 0.19755507189035415, 0.19629981771111488, 0.1964264385700226, 0.19611047154664993, 0.19717708051204683, 0.19586122995615005, 0.19340884527564048, 0.19242001596093178, 0.19493596053123474, 0.19225387996435164, 0.19241449877619743, 0.19256101649999618, 0.19041041320562363, 0.19053191539645195, 0.18937512323260308], "map": 0.058737897671484}, "time": 3745.1869688034058}