{"task": {"lambda": 0.5, "alpha": 5, "lr": 1e-06, "wd": 1e-06, "bits": 12}, "result": {"time stopage": true, "loss": [1.6961760464906692, 0.7220956072211265, 0.6064767295718193, 0.5642617211937905, 0.5344619609713555, 0.5120905278325081, 0.5007876991033554, 0.4808766385316849, 0.4744206416606903, 0.4660244722366333, 0.45238511633872985, 0.4492282063961029, 0.4414882733821869, 0.4353856470584869, 0.4340993921160698, 0.4284397239089012, 0.42516424840688705, 0.41483289223909375, 0.4152514892220497, 0.41010871720314024, 0.40723654985427854, 0.4019476565718651, 0.4027916234135628, 0.3993616462945938, 0.3962799615263939, 0.3950541216135025, 0.3954317201972008, 0.38749713158607485, 0.38794233852624893, 0.38650444453954697, 0.3825325871706009, 0.37829405450820924, 0.37957143485546113, 0.37705888611078264, 0.3752310610413551, 0.37414429253339765, 0.3750659434199333, 0.36949867409467696, 0.37370682978630065, 0.3712934491038322, 0.3721193192005158, 0.3676283940076828, 0.364203205704689, 0.3673216863870621, 0.365528067946434, 0.3613130825161934, 0.36101750540733335, 0.360862184047699, 0.3620493495464325, 0.36037321561574936, 0.3587651069164276, 0.3568670526146889, 0.35723935067653656, 0.3575402440428734, 0.3507337639331818, 0.35129829663038253, 0.35323070448637006, 0.356107447385788, 0.35110526490211486, 0.35087390238046645, 0.3510649905204773, 0.35086914426088334, 0.34957857489585875, 0.3494293775558472, 0.34721210891008375, 0.34305295324325563, 0.35188521081209184, 0.3454451383948326, 0.3463424541354179, 0.3450120822787285, 0.34228816306591037, 0.34078139793872836, 0.3411440191268921, 0.34200489783287047, 0.34304785388708114, 0.3412284545302391, 0.34182157784700395, 0.33839563554525376, 0.3379216686487198, 0.3386648032069206, 0.3359599258303642, 0.34046605283021925, 0.3388648790717125, 0.3366913021206856, 0.3362202292084694, 0.3341504158973694, 0.33483610761165616, 0.3332088755965233, 0.33541264474391935, 0.33465065282583234, 0.33577231884002684, 0.33311895829439164, 0.33084290283918383], "map": 0.022597913327816087}, "time": 3738.762234687805}