{"task": {"lambda": 1, "alpha": 3, "lr": 0.0001, "wd": 1e-05, "bits": 48}, "result": {"time stopage": true, "loss": [0.5524552929401397, 0.35581767523288726, 0.32982316225767133, 0.3032889005541801, 0.2849923746287823, 0.2745395224392414, 0.2603993833065033, 0.24999716752767562, 0.24299131190776824, 0.2328646932542324, 0.22645065292716027, 0.21989407342672349, 0.21384938728809358, 0.20614607393741607, 0.2041203275024891, 0.19503074812889098, 0.1924554195702076, 0.18693451163172722, 0.1843309463262558, 0.178351218521595, 0.1771752941608429, 0.16938887906074523, 0.1674378976225853, 0.16506394481658934, 0.15923903772234918, 0.15696249414980412, 0.15566978996992112, 0.15176036980748175, 0.14880177380144596, 0.14636474023759366, 0.1439750362634659, 0.14022266025841237, 0.13793366323411466, 0.1353231273293495, 0.13327976928651333, 0.13094587537646293, 0.12968682217597963, 0.12950896354019642, 0.12560351321101187, 0.12471167090535164, 0.12157334220409394, 0.12134825912117958, 0.11860097739100456, 0.11670056258141995, 0.11553117702901364, 0.11600473628938199, 0.11399768136441707, 0.11317385251820088, 0.1117509519904852, 0.11292720195651054, 0.11013364462554455, 0.10958865313231946, 0.10958906662464142, 0.10580709248781205, 0.1084072591215372, 0.10594230450689793, 0.10386994563043117, 0.10559890498220921, 0.10388412174582481, 0.10282408083975315, 0.1025574782192707, 0.1018371864259243, 0.10168510542809964, 0.09970286190509796, 0.10072103716433048, 0.09944577278196812, 0.09846241690218449, 0.09985968887805939, 0.0969876869916916, 0.09639729501307011, 0.09561756892502307, 0.09772325015068054, 0.09502926810085774, 0.09717901188135147, 0.09557392962276935, 0.09667286142706871, 0.09518150541186332, 0.09278725734353066, 0.09255435439944268, 0.09369238886237144, 0.09240643845498561], "map": 0.05281462860792037}, "time": 3202.466174840927}