{"task": {"lambda": 1, "alpha": 3, "lr": 1e-06, "wd": 1e-06, "bits": 32}, "result": {"time stopage": true, "loss": [0.7821151517629623, 0.5095382904410363, 0.4655318070650101, 0.44642012441158296, 0.43627651888132096, 0.4233962641954422, 0.4191837192773819, 0.4097518582940102, 0.40745571559667587, 0.40045944929122923, 0.3953282300233841, 0.39290802770853045, 0.38873579478263853, 0.3859269654750824, 0.3790054424405098, 0.37549670052528383, 0.3741426389813423, 0.36980017346143723, 0.36978785508871076, 0.3632513304948807, 0.3624170827269554, 0.3607727347612381, 0.3550094544291496, 0.3570122480392456, 0.3533922949433327, 0.3501754558086395, 0.349406563937664, 0.34654710119962695, 0.34393522626161577, 0.3427121081352234, 0.3415223469734192, 0.3388592085838318, 0.33720735424757003, 0.3354333770275116, 0.33447504657506943, 0.3323021055459976, 0.3324500124454498, 0.32982272797822954, 0.3300224489569664, 0.32836181020736693, 0.32642971539497373, 0.32466688126325605, 0.32277424520254133, 0.3229298532009125, 0.3218395331501961, 0.3203764116168022, 0.320082850754261, 0.3186326337456703, 0.318869331240654, 0.3162025870680809, 0.31891390931606295, 0.3145636119842529, 0.3142805837392807, 0.3140573338270187, 0.31127811217308043, 0.31201903253793717, 0.31032535976171494, 0.3091190310716629, 0.3093308488726616, 0.30834718137979505, 0.30804900974035265, 0.306422232568264, 0.3058215928673744, 0.3055963137149811, 0.30454035389423373, 0.3022898868918419, 0.3036649648547173, 0.30441421312093736, 0.30111277049779894, 0.2996137201786041, 0.30122244769334794, 0.2990302116274834, 0.29848670536279676, 0.2993060936331749, 0.29754864597320557, 0.2969058968424797, 0.2986289079785347, 0.29557200956344604], "map": 0.05019662113497108}, "time": 3169.0197575092316}