{"task": {"lambda": 0.5, "alpha": 1, "lr": 1e-06, "wd": 0.0001, "bits": 12}, "result": {"time stopage": true, "loss": [0.45738008242845535, 0.29808640757203103, 0.2745800116956234, 0.2634075895249844, 0.25455663540959356, 0.2473873859643936, 0.24186083218455315, 0.2365472131073475, 0.2338324917256832, 0.23058507511019707, 0.2261311100423336, 0.2236549936234951, 0.22081906434893608, 0.2178624140918255, 0.21563552311062814, 0.2141980536878109, 0.21186696034669877, 0.2105300810933113, 0.20800485652685166, 0.20739603623747827, 0.20554130840301513, 0.20549588242173195, 0.20282696294784547, 0.20157253029942512, 0.2002057403922081, 0.1998581248521805, 0.19905796363949776, 0.1980017360150814, 0.19602225318551064, 0.19620006489753722, 0.19541941767930984, 0.1939141364991665, 0.19260701343417166, 0.19121676868200302, 0.1917787807583809, 0.19126145368814468, 0.1891617598235607, 0.19002568539977074, 0.1894615080654621, 0.18777304419875146, 0.1885721454322338, 0.18791954028606414, 0.18700902065634728, 0.18411110916733742, 0.18475739306211472, 0.1843593033850193, 0.1836635954082012, 0.1839638506770134, 0.1814101150929928, 0.18379251357913018, 0.1814158164560795, 0.18168641024827958, 0.18050448554754256, 0.18064686062932014, 0.18135841071605682, 0.18010242688655853, 0.178726753115654, 0.17801257780194282, 0.1779580405652523, 0.17748259481787682, 0.17777367940545083, 0.17678892236948013, 0.1777139973640442, 0.17749503085017204, 0.17544854253530504, 0.1753379229903221, 0.1745558625459671, 0.17426913389563561, 0.17470672023296357, 0.17330636808276176, 0.1736036841571331, 0.17339584875106812, 0.172153618901968, 0.17201290678977965, 0.17209942117333413, 0.17138151279091834, 0.1710894783437252, 0.1709883371591568, 0.17051731616258622, 0.16979900488257407, 0.1701324066519737, 0.16934494736790656, 0.16883067655563355, 0.16909156817197799], "map": 0.02333849044965348}, "time": 3456.993551492691}