{"task": {"lambda": 2, "alpha": 1, "lr": 1e-06, "wd": 1e-05, "bits": 24}, "result": {"time stopage": true, "loss": [1.0434349896907806, 0.8196941937208175, 0.7613980635404587, 0.7218427757024765, 0.6908121808767319, 0.6697798715829849, 0.6478732546567917, 0.6293000094890594, 0.6136815065145492, 0.5975283995866776, 0.582948043346405, 0.5714874368906021, 0.5614542834758759, 0.5531732203364372, 0.5438255730867386, 0.5373006749153137, 0.528488216817379, 0.5229750301241874, 0.5182859339118003, 0.5149955189824105, 0.5088428542017936, 0.5024811571836472, 0.4989814104437828, 0.494406952381134, 0.48895580887794493, 0.48464634758234026, 0.4824334709644318, 0.47904247814416884, 0.4746559849977493, 0.4731278566122055, 0.47046852970123293, 0.46805631726980207, 0.4651181379556656, 0.46275216829776766, 0.45879740351438525, 0.45715858298540113, 0.4546135202050209, 0.4525760517716408, 0.4491455988883972, 0.44793261295557024, 0.4439683328270912, 0.4434222446680069, 0.4410362687110901, 0.4384080850481987, 0.4380409206748009, 0.4345992258787155, 0.43274532377719876, 0.431666938662529, 0.4298610665798187, 0.42822839206457136, 0.42643376952409745, 0.4247509852647781, 0.42340530651807784], "map": 0.025092251551413317}, "time": 2514.8585348129272}