{"task": {"lambda": 1, "alpha": 3, "lr": 1e-06, "wd": 1e-05, "bits": 24}, "result": {"time stopage": true, "loss": [0.8668385684490204, 0.5411102448105812, 0.4910653436779976, 0.4689280100464821, 0.45702327305078505, 0.4432463562488556, 0.4371585096120834, 0.43000192219018935, 0.42326489627361297, 0.415556554377079, 0.4144052072167397, 0.4057682622075081, 0.4030396679639816, 0.39758450496196746, 0.3953999693393707, 0.39137469047307966, 0.3898767974972725, 0.3870370891690254, 0.3833860526680946, 0.38026795625686644, 0.37794858700037004, 0.3763908824920654, 0.3718270110487938, 0.3721953498721123, 0.36874844789505007, 0.36950984919071195, 0.36353311747312544, 0.36379237043857576, 0.35980020588636397, 0.3608846444487572, 0.3579809872508049, 0.3551020995974541, 0.35599942594766615, 0.3547319731712341, 0.3522123132944107, 0.35204744565486906, 0.3498886992931366, 0.3493715240955353, 0.34629929435253143, 0.3451372301578522, 0.3408360006213188, 0.3425287722349167, 0.3389049766659737, 0.34099278146028517, 0.3375231664776802, 0.3374535616636276, 0.33712945187091825, 0.33591432321071624, 0.33611027264595034, 0.33307103914022446, 0.33368279951810836, 0.33284897792339324, 0.3313300451040268, 0.3307097041010857, 0.32769771361351013, 0.3271655855774879, 0.3270771536231041, 0.32689470279216765, 0.32513985204696655, 0.32461171728372573, 0.32331668335199354, 0.3228403704166412, 0.3211628198623657, 0.3199922720193863, 0.32152348971366884, 0.3192169234156609, 0.3189438056945801, 0.3188355605006218, 0.3167324199676514, 0.31763862651586533, 0.3157918449640274, 0.31720288306474687, 0.3160752102136612, 0.3153990679383278, 0.3162887427806854, 0.3141101748943329, 0.3126442838907242, 0.31363043034076693, 0.3111428006887436, 0.31117527443170545, 0.30975184607505796, 0.3104047368168831, 0.31008643221855164, 0.30783057916164397, 0.3071966943740845, 0.30704340726137164, 0.3082048230171204, 0.30632650619745255, 0.3072796854376793, 0.30703607451915743, 0.30434490996599195, 0.3044896414279938, 0.304379296541214], "map": 0.04414194019172289}, "time": 3733.330671072006}