{"task": {"lambda": 1, "alpha": 3, "lr": 1e-05, "wd": 1e-05, "bits": 12}, "result": {"time stopage": true, "loss": [0.5889560203552247, 0.4822963727116585, 0.4491724525690079, 0.43182384699583054, 0.4137440664172173, 0.40445814734697344, 0.3921875969171524, 0.3843522046804428, 0.3794337705373764, 0.3733453000187874, 0.36584315317869187, 0.36090353775024414, 0.35731871098279955, 0.3527126385569572, 0.35094693714380265, 0.3443155115842819, 0.34286017322540285, 0.34124667513370516, 0.33572914934158327, 0.3336020767688751, 0.3306443011760712, 0.3289888740777969, 0.32860586553812027, 0.32407578694820405, 0.32028546410799025, 0.3206124566793442, 0.31878144401311875, 0.31870060807466505, 0.31540952557325364, 0.31335673230886457, 0.30993902575969695, 0.30769757050275803, 0.30749801874160765, 0.30449617063999174, 0.30415343534946443, 0.3011428949832916, 0.29833957469463346, 0.29787319403886797, 0.2982133978009224, 0.2946458996236324, 0.2944392842948437, 0.294003061234951, 0.29379834261536597, 0.2913244258761406, 0.2903359292447567, 0.2853195088803768, 0.28739817494153974, 0.2864356017410755, 0.28322656229138377, 0.28590646809339526, 0.2805216872394085, 0.28268980196118354, 0.27966576728224757, 0.27791221103072167, 0.27766461789608, 0.27605803263187406, 0.2785225764513016, 0.27396502703428266, 0.2748737423121929, 0.27281063854694365, 0.2708863317668438, 0.2713148028552532, 0.268514192044735, 0.2692274372279644, 0.267165602773428, 0.267520920842886, 0.2668672597706318, 0.2655148842930794, 0.26389999145269394, 0.263353511929512, 0.2627086055576801, 0.2625198990404606, 0.26238081175088884, 0.2584914880692959, 0.2604486417174339, 0.25892673406004907, 0.25781220859289167, 0.25673604023456575, 0.25821942928433417, 0.25645886519551275, 0.254842893242836, 0.25323150715231896, 0.2514896879196167, 0.2526068370640278, 0.25000778889656067, 0.25063247603178024, 0.2488618243932724], "map": 0.03492900920823805}, "time": 3561.6775410175323}