{"task": {"lambda": 1, "alpha": 3, "lr": 1e-05, "wd": 1e-05, "bits": 48}, "result": {"time stopage": true, "loss": [0.44310879409313203, 0.38413288766145703, 0.35909685856103896, 0.3350779330134392, 0.32143904608488083, 0.3085421372652054, 0.30103270488977435, 0.2944658855199814, 0.2874799507558346, 0.2809544079899788, 0.2761776662766933, 0.27226201578974724, 0.26967553892731666, 0.2656297628581524, 0.260716213285923, 0.2587486396729946, 0.2531496673822403, 0.2532259612083435, 0.2506182706356049, 0.24762891790270805, 0.24650275114178657, 0.24336930504441262, 0.24145856609940528, 0.2386029675900936, 0.2388073481619358, 0.23727257639169694, 0.2340138531923294, 0.23202854660153388, 0.23034270378947258, 0.23051628503203392, 0.22632752588391303, 0.22651286116242408, 0.22246640557050704, 0.222546796053648, 0.22003395968675613, 0.2189028412103653, 0.21944784596562386, 0.21696772786974908, 0.2157094768881798, 0.21401759859919547, 0.2117625957429409, 0.21171691489219666, 0.21124459838867188, 0.20813972276449202, 0.2067076265513897, 0.20604361268877983, 0.2044714937210083, 0.20394583913683892, 0.203406429708004, 0.2010051572918892, 0.2021547117829323, 0.19850598379969597, 0.19958606189489364, 0.1994126294851303, 0.1966091638505459, 0.194569731593132, 0.1947434370815754, 0.1947537297606468, 0.19324789601564407, 0.19241567236185073, 0.19426566928625108, 0.1911663392484188, 0.1895777135491371, 0.18983315446972848, 0.1878515278995037, 0.19040080326795578, 0.18515690395236015, 0.187480615735054, 0.1854855995774269, 0.18507874137163163, 0.18389249151945114, 0.18148502153158189, 0.1824730640053749, 0.18100013172626495, 0.18055523708462715, 0.1813207891881466, 0.17991259557008743, 0.1796752815246582, 0.1789449621140957, 0.17736188653111457, 0.176742930829525, 0.1762634105682373, 0.17541886791586875, 0.1732441538274288], "map": 0.0649580860380173}, "time": 3472.1725449562073}