{"task": {"lambda": 0.5, "alpha": 5, "lr": 1e-05, "wd": 1e-05, "bits": 24}, "result": {"time stopage": true, "loss": [0.37542175939679145, 0.28352612066268923, 0.26598832419514656, 0.25590964978933334, 0.2500326451957226, 0.24226023650169373, 0.24270563533902167, 0.23250590533018112, 0.23210951015353204, 0.22975293210148812, 0.22692530620098114, 0.22719478395581244, 0.224676819473505, 0.2235320660471916, 0.22002450522780417, 0.21643992149829863, 0.21833237728476523, 0.21464059492945672, 0.21333205610513686, 0.21545795783400534, 0.2133743553161621, 0.211117457985878, 0.20893727439641951, 0.20714177241921425, 0.20717725825309755, 0.20232596683502196, 0.20754398259520532, 0.20440777507424354, 0.2039088289439678, 0.2038142751157284, 0.20352318051457405, 0.20144820082187653, 0.1998090788424015, 0.2022319822013378, 0.20178520673513411, 0.19847574588656425, 0.20110878098011017, 0.19972500896453857, 0.19918302792310716, 0.19520687016844748, 0.1979808153808117, 0.19435752168297768, 0.19393100133538246, 0.19336397835612298, 0.19499930891394615, 0.19307358556985854, 0.1915186089873314, 0.1937392539381981, 0.19149652042984963, 0.1910419264137745, 0.19020497572422027, 0.19175769740343093, 0.19092347645759583, 0.1909063977599144, 0.19176858246326448, 0.19002179792523385, 0.18860974103212358, 0.1876136031150818, 0.18572077524662017, 0.18891820561885833, 0.1871566202044487, 0.18663693878054619, 0.1867870357632637, 0.1840824834406376, 0.18550010704994202, 0.18595616135001183, 0.1842007540166378, 0.18411072409152984, 0.18426242768764495, 0.18470599645376207, 0.18331641420722009, 0.18214992758631707, 0.18295561876893043, 0.1826604847609997, 0.18149260905385017, 0.18218749630451203, 0.18034194764494896, 0.1824201114177704, 0.1795756256878376, 0.18176952269673347, 0.17860138499736786, 0.17940476566553115, 0.17977303484082222, 0.178604494869709, 0.17907336097955703, 0.1772039389014244, 0.17832402566075325, 0.17898173254728317], "map": 0.06686740752590299}, "time": 3606.7149238586426}