{"task": {"lambda": 1, "alpha": 3, "lr": 1e-06, "wd": 1e-06, "bits": 12}, "result": {"time stopage": true, "loss": [1.1245532824993134, 0.6900446932315827, 0.6282342441082001, 0.5963919706344605, 0.5724732304811477, 0.5552536170482636, 0.5454942418336868, 0.5304708662033081, 0.5232997482419014, 0.5103581937551498, 0.5054325256943702, 0.4986125931739807, 0.49358133685588834, 0.4862845771312714, 0.47950161212682724, 0.47682737070322034, 0.469482731282711, 0.4677080600857735, 0.4630361598730087, 0.461854255259037, 0.4580170660614967, 0.4544370559453964, 0.45312044221162795, 0.44928220254182816, 0.4480252540111542, 0.44780392974615096, 0.4420659112930298, 0.4415403581261635, 0.43797433936595914, 0.4367836092114449, 0.4338849205970764, 0.433041224360466, 0.43197279757261275, 0.42648741441965105, 0.42742291766405105, 0.4272572380900383, 0.4219534002542496, 0.4207009656429291, 0.4202558341622353, 0.41969464683532715, 0.41677630895376205, 0.4149359832406044, 0.4151146768331528, 0.4156563228368759, 0.41432422280311587, 0.41192916870117186, 0.40717542827129366, 0.40805307376384736, 0.4062685070037842, 0.4056491450071335, 0.4024309878945351, 0.40360809314250945, 0.4035363435149193, 0.4024116243124008, 0.4008351711034775, 0.4006767258644104, 0.3981745877861977, 0.40094371742010115, 0.3972708990573883, 0.39675021189451215, 0.3963437656760216, 0.39299726581573485, 0.39286717438697816, 0.3928720468878746, 0.3913659160137177, 0.38999431109428406, 0.3895474824309349, 0.39147111123800277, 0.3902477176189423, 0.38685021513700485, 0.38844498014450074, 0.3879873396158218, 0.38605346184968947], "map": 0.022353382084115005}, "time": 2588.3453431129456}