{"task": {"lambda": 1, "alpha": 1, "lr": 0.0001, "wd": 0.0001, "bits": 12}, "result": {"time stopage": true, "loss": [0.5142272350788116, 0.33677825272083284, 0.2940697076320648, 0.26923430344462396, 0.2552051332592964, 0.23995685881376266, 0.2319704230427742, 0.22263621643185616, 0.2148143754005432, 0.20542506936192512, 0.19739949914813043, 0.19021755638718604, 0.1833699345588684, 0.178342261582613, 0.1720599756836891, 0.16721531176567078, 0.16109839230775833, 0.1571973484903574, 0.15373590552806854, 0.1478622648268938, 0.1460907136052847, 0.14159987984597683, 0.1410850325077772, 0.13540159571170807, 0.13369766756892204, 0.13140284362435342, 0.1280954583734274, 0.1282882177233696, 0.1256159254014492, 0.12258140622079372, 0.12135633045434951, 0.12027548809349536, 0.11829262940585614, 0.11648610980808735, 0.11813285906612873, 0.11443193097412586, 0.1118605962395668, 0.11074850058555603, 0.11045968690514564, 0.10886637409031391, 0.10719462917745114, 0.10838841593265533, 0.10617497104406357, 0.1044739825874567, 0.10351574555039406, 0.10361005944013596, 0.10180472016334534, 0.10246164436638355, 0.1026184073239565, 0.0997709217518568, 0.0993494677990675, 0.09980764517188072, 0.09809999281167985, 0.09749137456715107, 0.09773519943654538, 0.0959163578748703, 0.0977215175628662, 0.09611973130702972, 0.09532022556662559, 0.09754075635969639, 0.09431291723251342, 0.09551297158002853, 0.09384082731604576, 0.09460257059335708, 0.09380356712639332, 0.09390147197246551, 0.09409560923278332, 0.0932560604736209, 0.09136222444474697, 0.0922606557160616, 0.09207583296298981, 0.08965932359546423, 0.09137293708324433, 0.09080846774578094, 0.09174582365900279, 0.09073882327228784, 0.08924642411619425, 0.08981049473583698, 0.0877347500398755, 0.08890104065090418, 0.08904127641767264, 0.08824342703074217, 0.08914476968348026, 0.08868301872164011, 0.08648391521722078, 0.08758317153155804, 0.08645028795301914, 0.08665472449362278, 0.08663231397420168, 0.08691480911523104, 0.08641784282773733, 0.08507904164493084, 0.08583620365709066], "map": 0.019451115037860123}, "time": 3743.477739095688}