{"task": {"lambda": 1, "alpha": 3, "lr": 1e-06, "wd": 1e-05, "bits": 12}, "result": {"time stopage": true, "loss": [1.1937467283010483, 0.7170643171072006, 0.6440270792245865, 0.6060971661210061, 0.5808243588805199, 0.5602114997506141, 0.5450142881274224, 0.5334153568148613, 0.5246232514977455, 0.5184214064478874, 0.5090491313934327, 0.5014936323165894, 0.4952679822444916, 0.48890890526771547, 0.48312246704101564, 0.48009872883558274, 0.47804906409978865, 0.4707959460616112, 0.4679170374274254, 0.4651409955024719, 0.4636726408004761, 0.4601808779835701, 0.45624301743507384, 0.45146419256925585, 0.45042414820194243, 0.4486515675187111, 0.44646705842018125, 0.44270459628105163, 0.43990313857793806, 0.43904605066776276, 0.43751922488212586, 0.43806210821866987, 0.433854130923748, 0.4305273752808571, 0.4318280392885208, 0.4277051113247871, 0.42786731564998626, 0.4243007222414017, 0.42500110536813734, 0.42300128108263013, 0.4210300942659378, 0.42140356242656707, 0.4173926384449005, 0.41744435226917265, 0.41449043089151383, 0.4133482008576393, 0.4120723474621773, 0.41399912410974504, 0.41191997373104094, 0.41050430566072466, 0.40735217517614364, 0.40658810949325563, 0.40594151997566225, 0.40398444384336474, 0.4033400211334229, 0.40358651274442675, 0.40305878335237505, 0.4022514672875404, 0.3995099322795868, 0.40008822309970854, 0.397746236205101, 0.3978292316198349, 0.3948544464111328, 0.39670158839225766, 0.39660880583524705, 0.3948362844586372, 0.392883428812027, 0.3918220517039299, 0.39218458861112593, 0.39002771067619324, 0.3901456567645073, 0.3904985947012901, 0.3898073102235794, 0.38772063928842543, 0.38832166278362273, 0.3850593497157097, 0.38505510592460634, 0.384329481780529, 0.3839162436723709, 0.3846619375348091, 0.3815332524180412, 0.38402861428260804, 0.38105496472120287, 0.3811730220913887, 0.3807791494131088, 0.3802502825260162, 0.37966824263334276, 0.3785696411728859, 0.3775187040567398, 0.3776497914791107, 0.37555135804414747, 0.37621268528699875], "map": 0.023718828465322084}, "time": 3681.8940086364746}