{"task": {"lambda": 2, "alpha": 3, "lr": 1e-06, "wd": 0.0001, "bits": 12}, "result": {"time stopage": true, "loss": [1.578748769760132, 1.108828801870346, 1.0297248409986497, 0.986788891673088, 0.9524955055713653, 0.9248884136676788, 0.9022728422880173, 0.8853261022567749, 0.8659991027116776, 0.8553535865545273, 0.8430441628694534, 0.8309802514314651, 0.8217302747964859, 0.8105106302499772, 0.8024906342029572, 0.7962385164499283, 0.7883324278593064, 0.7817171397209167, 0.7747308951616287, 0.7687923489809037, 0.7633656704425812, 0.7586442337036133, 0.7551885130405426, 0.7478956035375595, 0.7455311870574951, 0.7376375443935395, 0.7351832271814346, 0.728114286184311, 0.7268857935667038, 0.7233857219219207, 0.7186180286407471, 0.7157778639793396, 0.7114138748645783, 0.7073434677124023, 0.7042743693590164, 0.6998144854307174, 0.6963836337327958, 0.6944142229557038, 0.6897013486623764, 0.6886889998912811, 0.6853533507585525, 0.6831342805624008, 0.6794582339525223, 0.6776091177463531, 0.6745563031435012, 0.6725058287382126, 0.6710939046144485, 0.6657868390083312, 0.6635677940845489, 0.6612422976493836, 0.6615322490930557, 0.6571455878019333, 0.6565282431840896, 0.6541546477079392, 0.652049255490303, 0.6487062603235245, 0.6509745908975602, 0.64619449198246, 0.6440031270980835, 0.6428073987960815, 0.640341545343399, 0.6404868960380554, 0.6360572488307953, 0.6364061374664307, 0.6352184925079346, 0.629130546450615, 0.6315575840473175, 0.6285828974246979, 0.6276550358533859, 0.6264772231578827, 0.623899062871933, 0.6237568702697754, 0.6223991973400116, 0.6212210785150528, 0.6166926176548004, 0.6167882056236267, 0.6166278303861618, 0.6122116942405701, 0.6141931592226029, 0.6127752468585969, 0.6116406763792038, 0.6090044649839401, 0.6073203151226043, 0.6080485695600509, 0.6046559480428696, 0.6027822321653367], "map": 0.022431645960398323}, "time": 3482.215031862259}