{"task": {"lambda": 1, "alpha": 1, "lr": 0.0001, "wd": 0.0001, "bits": 24}, "result": {"time stopage": true, "loss": [0.47597480928897856, 0.30655776274204255, 0.266392408311367, 0.2399610957801342, 0.22450366553664208, 0.2114284054338932, 0.20246386250853537, 0.19407590651512147, 0.1877819692492485, 0.18088090580701827, 0.17546896103024484, 0.1699129006266594, 0.16472865638136863, 0.1597916299700737, 0.15564648017287255, 0.1538231208920479, 0.14931035259366035, 0.14574545414745807, 0.14341427443921567, 0.13871622858941554, 0.1357690782546997, 0.13326810155808927, 0.1301630658507347, 0.1276527876853943, 0.12410133258998395, 0.12349428707361221, 0.11899135965108872, 0.11770207566022874, 0.11565157629549504, 0.11123541237413884, 0.10941434659063816, 0.1068642833083868, 0.10575390955805779, 0.10246517123281956, 0.10067657367885113, 0.10126774950325489, 0.09844308142364025, 0.09754796636104583, 0.09376336921751499, 0.09410810063779354, 0.0919051278680563, 0.08955948239564895, 0.08969658575952053, 0.08795590138435364, 0.08755876161158085, 0.08602352194488048, 0.08443873216956854, 0.08472515984624625, 0.08181006532162428, 0.08163760798424483, 0.0821933011636138, 0.08053738191723823, 0.0795892718359828, 0.07857420049607754, 0.07791400476545095, 0.0770690272897482, 0.07735777224600315, 0.0760333140566945, 0.07525145054608584, 0.07506005363166332, 0.07341670503467321, 0.07338588783890009, 0.07255380901694297, 0.07259308448433877, 0.07073302514851093, 0.07146136366575956, 0.07129552141577006, 0.07022906848788261, 0.07170492155104875, 0.07049504660069943, 0.0693414422571659, 0.06825953008979559, 0.06832546907663345, 0.06721289592981339, 0.06806189419329166, 0.06802624022960663, 0.06929768173396587, 0.06740672141313553, 0.06757993056625128], "map": 0.029172925129876893}, "time": 3316.789608001709}