{"task": {"lambda": 0.5, "alpha": 1, "lr": 1e-05, "wd": 0.0001, "bits": 12}, "result": {"time stopage": true, "loss": [0.26322242787480354, 0.2159859837591648, 0.20176709765195847, 0.192663158506155, 0.1854456174969673, 0.18157510006427766, 0.1761778855919838, 0.17234165278077127, 0.1699909743964672, 0.16569773295521736, 0.1642042002081871, 0.1608946740925312, 0.15896626606583594, 0.15838392639160156, 0.15494019478559495, 0.15380971577763558, 0.1517468976676464, 0.1508116759955883, 0.14946862277388573, 0.1488898687660694, 0.14668818464875222, 0.14506716093420982, 0.14377267456054688, 0.14318001030385494, 0.14205310939252377, 0.14170094752311707, 0.1403144103884697, 0.1399779123812914, 0.13807822073996068, 0.13664159390330316, 0.13650307953357696, 0.13575194925069808, 0.13627274464070796, 0.13492965096235277, 0.13359720078110696, 0.13312750799953937, 0.13231021428108217, 0.1314986172914505, 0.13190295359492302, 0.13073672768473626, 0.13051541693508625, 0.13054507948458194, 0.12913665340840816, 0.12941809831559659, 0.12714843741059303, 0.12703340446949005, 0.12650615425407888, 0.12581829841434955, 0.12697890947759152, 0.12662005065381526, 0.12480266006290913, 0.12465456618368626, 0.12347384752333164, 0.12372967244684696, 0.12238145509362221, 0.12296223522722721, 0.12229626081883907, 0.12091505436599255, 0.12197380477190017, 0.12257017575204372, 0.12089038163423538, 0.12052757503092289, 0.11969294209778308, 0.11906629610061646, 0.11896900029480457, 0.1185138480067253, 0.11872620315849781, 0.11742331865429878, 0.11770634318888187, 0.11762956540286541, 0.11673290447890758, 0.11677529360353947, 0.11706822210550308, 0.11578262375295162, 0.1164438700824976, 0.11529743242263794, 0.11470025092363358, 0.11432232144474984, 0.11329450990259647, 0.11505186280608178, 0.11379399210214615, 0.11320269413292408, 0.1121731273829937, 0.11261755625903606, 0.11244081300497055, 0.11252606137096882], "map": 0.029443351723726266}, "time": 3500.069519996643}