{"task": {"lambda": 2, "alpha": 5, "lr": 0.0001, "wd": 0.0001, "bits": 32}, "result": {"time stopage": true, "loss": [0.9890262480974198, 0.6752034636735916, 0.6107902910709381, 0.5696720429062844, 0.5399958062767982, 0.513784496486187, 0.49562866932153704, 0.474784097969532, 0.4581481287479401, 0.4512546092867851, 0.4372682849764824, 0.4315906572341919, 0.4187923542261124, 0.4132252765893936, 0.4036014880537987, 0.39599002301692965, 0.38482485485076906, 0.37905054247379305, 0.3701022081375122, 0.3642868990898132, 0.36004797810316086, 0.35274294203519824, 0.3492700592279434, 0.34149453353881837, 0.33401885360479355, 0.33215579169988635, 0.32433142346143723, 0.3245926367044449, 0.31584281420707705, 0.3111023340821266, 0.3038092975914478, 0.3045105767250061, 0.29720053941011426, 0.296471857637167, 0.29085189932584765, 0.29153037479519844, 0.2820103492736816, 0.2850583325326443, 0.2790565642416477, 0.27516385120153425, 0.27363749146461486, 0.26837065526843074, 0.26472652226686477, 0.26290635254979133, 0.2588105230927467, 0.2607787342071533, 0.2598157420754433, 0.25294842359423636, 0.2517304887473583, 0.24810109862685203, 0.24253074383735657, 0.24780026543140413, 0.2422731088399887, 0.23903035697340966, 0.23720350551605224, 0.2357778308391571, 0.2341463962495327, 0.2315257251858711, 0.23533157512545586, 0.23037437096238136, 0.22981015279889105, 0.22823010808229446, 0.22477024203538895, 0.22240673065185546, 0.2239521654844284, 0.22402350568771362, 0.22035475322604178, 0.22109386774897574, 0.21748885011672975, 0.21681854489445687, 0.2141219700872898, 0.21450136864185335, 0.21355318969488143, 0.2111625285744667, 0.21229489955306052, 0.20787905877828597, 0.2101974901854992, 0.20772545331716538, 0.2057789695262909, 0.2077901918888092], "map": 0.048779629903727695}, "time": 3385.3973894119263}