{"task": {"lambda": 1, "alpha": 5, "lr": 1e-05, "wd": 0.0001, "bits": 24}, "result": {"time stopage": true, "loss": [0.5678912549614906, 0.461055078625679, 0.4359418044090271, 0.4222073091864586, 0.4044894867539406, 0.3972972775697708, 0.3917948575615883, 0.38364121663570405, 0.3782872983217239, 0.374280725479126, 0.3698058522343636, 0.36721452510356906, 0.3623165020942688, 0.36180939292907716, 0.3550668480992317, 0.35369374907016754, 0.3509906750321388, 0.3502798739671707, 0.3463813769817352, 0.34617440557479856, 0.3422252264022827, 0.34033870351314544, 0.33819807606935504, 0.3361103667020798, 0.3338529573082924, 0.33257862031459806, 0.32931618320941924, 0.3290868294835091, 0.32924662679433825, 0.32523137277364733, 0.3224092446565628, 0.3238394703865051, 0.32078152292966844, 0.3199027667045593, 0.3177894504070282, 0.3183964715600014, 0.3171771611571312, 0.3155644189119339, 0.31616201627254487, 0.31455478811264037, 0.31203795146942137, 0.31160795855522155, 0.3112438332438469, 0.3077224578857422, 0.30805816465616226, 0.308855008661747, 0.3081294350624085, 0.30461378866434097, 0.30395885929465294, 0.3024907950758934, 0.30490857508778574, 0.3042779085636139, 0.3001307423710823, 0.29976588264107706, 0.3017925967276096, 0.29801787254214285, 0.29842876571416854, 0.2954201404452324, 0.29773417341709135, 0.2988062880933285, 0.2941052586436272, 0.29297124937176705, 0.2944006286561489, 0.29164734783768653, 0.29202084642648696, 0.2907304481565952, 0.29090668582916257, 0.29045781341195104, 0.2891107547581196, 0.28996749404072764, 0.28784887260198594, 0.28720025941729543, 0.28637717133760454, 0.2859347054064274, 0.2870101112127304, 0.28387519723176957, 0.28571665808558466, 0.2851538510620594, 0.28264594346284866, 0.28448454654216765, 0.28045432004332543, 0.28201425465941427, 0.2834835196435451, 0.2784112058877945, 0.27999464502930643, 0.27863833621144296, 0.2770251379311085, 0.27894331428408625, 0.2750208174288273, 0.2773575543165207, 0.2797706725001335, 0.2758014994263649, 0.2770360019505024], "map": 0.06323442392683498}, "time": 3736.0939660072327}