{"task": {"lambda": 1, "alpha": 3, "lr": 1e-05, "wd": 1e-06, "bits": 24}, "result": {"time stopage": true, "loss": [0.47132574278116224, 0.3988280615210533, 0.37493749552965167, 0.3566163312196732, 0.34414385306835177, 0.33255881881713867, 0.32501287281513214, 0.3170014610886574, 0.3135937574505806, 0.3068429722189903, 0.30244770789146425, 0.29793304127454756, 0.29292231279611586, 0.28984089827537535, 0.28814747628569604, 0.28384152382612227, 0.281223468542099, 0.2785736416578293, 0.2771406704485416, 0.273586465716362, 0.27472991719841955, 0.2682929115593433, 0.26717570939660074, 0.2667595525085926, 0.26655570876598356, 0.26366264805197714, 0.2621862906813622, 0.25829032650589945, 0.2570472908318043, 0.2564475165307522, 0.2553088491857052, 0.25539906972646714, 0.2510880226492882, 0.25157339170575144, 0.24916619259119033, 0.25019535261392595, 0.24797430649399757, 0.24476665076613427, 0.24615098407864572, 0.2433727870285511, 0.24308777666091919, 0.24249716091156007, 0.2412410492002964, 0.24046526527404785, 0.23839185839891433, 0.23705772504210473, 0.23732069802284242, 0.23725407707691193, 0.23493652668595313, 0.23512701097130775, 0.23238626995682715, 0.23273231837153435, 0.23068369764089586, 0.22937935957312583, 0.22708979842066765, 0.2296921735703945, 0.22765032979846, 0.22642057651281358, 0.2265239553153515, 0.22596446284651756, 0.2241234592795372, 0.2231543629169464, 0.22349758124351501, 0.22235788115859031, 0.221288417249918, 0.22195883914828302, 0.2187579786479473, 0.22036601269245149, 0.22024817660450935, 0.21775431528687478, 0.21855865105986594, 0.21756248378753662, 0.21734311270713808, 0.21554670602083206, 0.21455218714475632, 0.2167500936090946, 0.21386649411916733, 0.2131186147928238, 0.21259315836429596, 0.2119961172938347, 0.2111279870867729, 0.2100174217224121, 0.2093862094283104, 0.21133034697175027, 0.20691978180408477, 0.20754432001709938, 0.2060054288506508], "map": 0.05209580331251535}, "time": 3534.2063295841217}