{"task": {"lambda": 1, "alpha": 3, "lr": 0.0001, "wd": 1e-05, "bits": 32}, "result": {"time stopage": true, "loss": [0.5705349038243294, 0.3570732762813568, 0.33035541355609893, 0.3042932862639427, 0.2872701555788517, 0.27860595950484274, 0.26597162514925005, 0.2578662697672844, 0.24846751075983048, 0.24077412781119348, 0.2375528700351715, 0.23007938450574875, 0.22543855974078178, 0.22155640122294426, 0.21621138492226602, 0.21208516508340836, 0.2064031073153019, 0.20379562485218047, 0.20161615818738937, 0.1960521771609783, 0.19427510583400726, 0.1916062642633915, 0.18914283537864685, 0.18594399204850195, 0.18534977677464484, 0.17977443739771842, 0.1792281756401062, 0.17762764623761176, 0.17489034408330917, 0.17168497782945633, 0.1678153837621212, 0.16887308502197265, 0.16479593455791475, 0.16215027025341988, 0.16050332993268968, 0.16030490452051163, 0.15779471150040628, 0.15557781185209751, 0.15295255233347416, 0.1527507048845291, 0.14863837845623493, 0.14913277503848077, 0.14830045974254608, 0.14642316012084483, 0.1423842940479517, 0.13951470293104648, 0.140573875695467, 0.13861212125420572, 0.1363795076608658, 0.1359906387478113, 0.13520677100121975, 0.13169632291793823, 0.13128862211108208, 0.12983455862104892, 0.1271247376948595, 0.12844604593515396, 0.12698213666677474, 0.12588142348825931, 0.12618780528008938, 0.1260404813438654, 0.12624960504472255, 0.12416300296783447, 0.12227814523875713, 0.11975904536247253, 0.12196325817704201, 0.11964751189947129, 0.11669300255179406, 0.11723293869197368, 0.11691929787397384, 0.1161747799962759, 0.11775974097847938, 0.11350289599597455, 0.11321625921130181, 0.11258163771033287, 0.11260389465093612], "map": 0.049214436053991534}, "time": 2728.243476629257}