{"task": {"lambda": 0.5, "alpha": 1, "lr": 0.0001, "wd": 1e-05, "bits": 32}, "result": {"time stopage": true, "loss": [0.3061304426193237, 0.2242373332977295, 0.17096163588762284, 0.1586988512277603, 0.1493907137811184, 0.140415555909276, 0.135942370519042, 0.12931327736377715, 0.12565131039917468, 0.12172913916409016, 0.11782436783611774, 0.11449694074690342, 0.11012680722773074, 0.1091502838730812, 0.10746500296890736, 0.10396691340208053, 0.10104231975972652, 0.09853721018135547, 0.0949407061189413, 0.09419867353141308, 0.09264106629788875, 0.09034184749424458, 0.08964472904801368, 0.08720412224531174, 0.08588890343904496, 0.0832495117932558, 0.08163897082209587, 0.0807638381049037, 0.07971295408904552, 0.07741660317778587, 0.07644566877186298, 0.07660649532824755, 0.0737481002509594, 0.07365124616771937, 0.07269648358225822, 0.0714118723347783, 0.07007332359999419, 0.07028936722874642, 0.06784658412635326, 0.06880804067105055, 0.06787852253764867, 0.06668591806292534, 0.06521509934216738, 0.06441527313739061, 0.06402321886271238, 0.06413192082196474, 0.06361937325447797, 0.06239884054660797, 0.06343035700917243, 0.0630397699996829, 0.06169874083995819, 0.05969454320520163, 0.060774712406098844, 0.05931915844231844, 0.060110338285565376, 0.05848788436502218, 0.05831413246691227, 0.058165901854634286, 0.05754101817309856, 0.057258966818451884, 0.057447679840028285, 0.05688965664058924, 0.05734595196694136, 0.05516516633331776, 0.05590126820653677, 0.05457058910280466, 0.0548468457236886, 0.05546753315627575, 0.0532664640545845, 0.05396419381350279, 0.05352074901759624, 0.0545172761157155, 0.053836414121091365, 0.051609201282262804, 0.05294476327300072, 0.052346052326262, 0.051347833424806595, 0.051041024558246134, 0.051736852414906026, 0.05199676302075386, 0.05109412083029747, 0.05094195237010717, 0.05103035608679056, 0.05072975935041905, 0.050744925029575824], "map": 0.043208053193610624}, "time": 3378.0164268016815}