{"task": {"lambda": 0.5, "alpha": 3, "lr": 1e-06, "wd": 1e-05, "bits": 24}, "result": {"time stopage": true, "loss": [0.6443125002980232, 0.34321077626943586, 0.3004095381498337, 0.28075145521759987, 0.27328621032834055, 0.2646415922939777, 0.25630777204036714, 0.2539583181142807, 0.24734935039281844, 0.2433514183461666, 0.24194998317956926, 0.23886952140927314, 0.2376359274685383, 0.23407520946860313, 0.23142174956202508, 0.22808368495106698, 0.23033788979053496, 0.22682498291134834, 0.22601668912172318, 0.22399760288000106, 0.22095705872774124, 0.22043788716197013, 0.21937718176841736, 0.21883615893125535, 0.2172655503451824, 0.21612055239081382, 0.21516542440652847, 0.21425304102897644, 0.2131976952254772, 0.21317546206712723, 0.21146665981411933, 0.2102278393805027, 0.20902070492506028, 0.2110680855214596, 0.2092132175564766, 0.20759012645483016, 0.20744003906846045, 0.20846643316745758, 0.20496756291389465, 0.20480870392918588, 0.20498294711112977, 0.20543046927452088, 0.20236773517727852, 0.20350440800189973, 0.20166542461514472, 0.20183611023426057, 0.20240393128991127, 0.1990504204630852, 0.20009401789307593, 0.1999086707532406, 0.19865744248032569, 0.19981417959928513, 0.19761647561192514, 0.19870118644833565, 0.19732997807860375, 0.19776228189468384, 0.1970804772078991, 0.19495193865895272, 0.19465566417574884, 0.19540321865677834, 0.19524327567219735, 0.19521409726142883, 0.19664507099986075, 0.19484506568312646, 0.19284839117527008, 0.1915847640633583, 0.19434708175063134, 0.1926959510743618, 0.19135499221086502, 0.19115129593014718, 0.1926087344288826, 0.18955009135603904, 0.19106360229849814, 0.19156348431110382, 0.1915595392882824, 0.19150118619203568, 0.1896315441429615, 0.18804873502254485, 0.19027207750082015, 0.18808106991648674, 0.18786888322234155, 0.18746957936882971, 0.18911594691872596, 0.18744683912396432, 0.1875425484776497, 0.18706879433989526, 0.18862754708528517], "map": 0.044923410420532564}, "time": 3519.2720465660095}