{"task": {"lambda": 1, "alpha": 1, "lr": 1e-06, "wd": 1e-05, "bits": 32}, "result": {"time stopage": true, "loss": [0.5659472505450249, 0.44377068608999254, 0.4164117229580879, 0.39945742446184157, 0.38636377501487734, 0.3768165833950043, 0.3679643623828888, 0.3607485718727112, 0.35275605326890946, 0.34741036701202394, 0.34315963345766065, 0.3373869159221649, 0.33242386132478713, 0.32791199994087217, 0.32303813749551774, 0.31959043085575106, 0.3170516806840897, 0.31522238767147065, 0.30881832683086397, 0.307814182639122, 0.30602090030908585, 0.30047668898105623, 0.3005889563560486, 0.29699547386169434, 0.2943395333886146, 0.28962828278541564, 0.289884977042675, 0.2878765460252762, 0.2848357601761818, 0.28323291245102883, 0.2808844009041786, 0.2801197540462017, 0.2787135809361935, 0.2760175698101521, 0.2744734090566635, 0.27322935143113136, 0.27185641434788704, 0.27121435847878456, 0.26949105843901633, 0.2690576268732548, 0.2674427274167538, 0.266715773075819, 0.2649714411497116, 0.26406866884231567, 0.26304349955916406, 0.26211046230793, 0.26133776259422303, 0.2591327156424522, 0.25818179112672807, 0.2574899071455002, 0.2560113177597523, 0.25562080621719363, 0.2540634603202343, 0.25429309079051016, 0.2517598102390766, 0.2516032972931862, 0.25095239832997324, 0.24981036293506623, 0.2494104537963867, 0.24743196219205857, 0.24658548745512962, 0.24787605100870133, 0.24583197209239005, 0.24446790072321892, 0.24216033560037614, 0.24281053838133812, 0.24173372283577918, 0.24266394650936127, 0.2414309711456299, 0.2393355716764927, 0.24053768819570542, 0.23906264844536781, 0.23926536414027214, 0.2388745892047882, 0.23768555331230162, 0.2368334154188633, 0.2350193193554878, 0.23501895731687547, 0.2350638306736946, 0.23460618680715561, 0.23345555266737938, 0.23349894437193872, 0.23185701125860214, 0.23225618970394135, 0.23187738326191903, 0.23015883043408394, 0.23005422121286392, 0.22887126007676126], "map": 0.04032234076308208}, "time": 3548.392185688019}