{"task": {"lambda": 0.5, "alpha": 5, "lr": 1e-06, "wd": 1e-06, "bits": 24}, "result": {"time stopage": true, "loss": [1.1254131047725677, 0.48177452862262726, 0.38939568293094634, 0.35680368304252624, 0.3405174176692963, 0.32816651892662047, 0.32261859530210496, 0.31236151897907255, 0.3105670607984066, 0.30422144842147825, 0.2997261045873165, 0.2918992238640785, 0.2886059863269329, 0.28327664664387703, 0.2819842225909233, 0.2814534167647362, 0.27760443183779715, 0.2747890845835209, 0.27290776413679124, 0.2709759595096111, 0.2693595318198204, 0.2674026592075825, 0.26252176868915555, 0.26153140193223956, 0.2637559340894222, 0.263198068022728, 0.26341615575551985, 0.2600847196578979, 0.2602238967716694, 0.25874882197380067, 0.2562381129860878, 0.25389080637693406, 0.25159965208172796, 0.252740042835474, 0.25481777572631836, 0.25635909312963484, 0.2515812933743, 0.24944861096143722, 0.24893896859884262, 0.2485251241326332, 0.24519687861204148, 0.2457907126545906, 0.24848977091908456, 0.24215944734215736, 0.24437957552075387, 0.24301484066247941, 0.24476599371433258, 0.2402142204940319, 0.24234015718102456, 0.2444670822918415, 0.24268401101231574, 0.2445528652369976, 0.23859142118692397, 0.24046483674645425, 0.23983664792776108, 0.23726178127527237, 0.23796350464224816, 0.23582668006420135, 0.23848830392956732, 0.236422494828701, 0.2352079484462738, 0.23743491113185883, 0.23664728710055352, 0.23077056765556336, 0.23120984426140787, 0.2346712859272957, 0.23210615774989127, 0.23360804829001428, 0.2318652985394001, 0.23295221582055092, 0.23192519146203994, 0.23278130146861076, 0.2302611320912838, 0.2323832221031189, 0.2323979490995407, 0.2315976730287075, 0.23257620331645013, 0.23197409015893936, 0.22941178759932518, 0.22806402480602264, 0.22654799199104309, 0.2275985639989376, 0.22722764566540718, 0.22659770634770393, 0.2285331623852253, 0.22681183350086212, 0.22600249803066252, 0.22756289407610894, 0.22729778268933296, 0.2254334594011307, 0.22711476147174836, 0.22528800225257872, 0.22642541489005089], "map": 0.045054815470404096}, "time": 3748.049382686615}