{"task": {"lambda": 2, "alpha": 5, "lr": 0.0001, "wd": 0.0001, "bits": 12}, "result": {"time stopage": true, "loss": [1.4202118917703628, 0.9312102053165435, 0.8361518038511276, 0.7807578182220459, 0.7413275648355484, 0.7154193633794784, 0.6855068432092667, 0.667146126627922, 0.6461629682779312, 0.6282508779764175, 0.6057598383426667, 0.5952911040186882, 0.5821997483372688, 0.5654254411458969, 0.5496139680147171, 0.5407504066824913, 0.5290808538794518, 0.5194736633300782, 0.5078437902331352, 0.4982229750752449, 0.48699286913871764, 0.4763276392221451, 0.47047770392894744, 0.4590882462859154, 0.45318519282341, 0.44351999390125274, 0.43687356024980545, 0.43539700311422347, 0.42422885686159134, 0.41909410178661344, 0.4140888186693191, 0.4075217345356941, 0.4026371012330055, 0.3976186600923538, 0.3953757054209709, 0.3875579677224159, 0.38452399694919587, 0.3789862210154533, 0.3773570833206177, 0.370119419157505, 0.37248127567768097, 0.3619495415687561, 0.3634562052488327, 0.3540227709412575, 0.3517394033074379, 0.34958011043071746, 0.34143519163131714, 0.3420572984814644, 0.34534503537416456, 0.3351437757909298, 0.33403178697824476, 0.3329012445807457, 0.32769456443190575, 0.3274388955235481, 0.3244468808472157, 0.3223275380730629, 0.322952943444252, 0.32069128277897835, 0.31484328162670133, 0.3194210078418255, 0.31113207766413686, 0.3140720353424549, 0.30851977732777597, 0.30955024483799937, 0.30940329706668857, 0.304414006203413, 0.3032163533270359, 0.30310971853137014, 0.3034064289927483, 0.2995639470219612, 0.2949277102351189, 0.29926287016272546, 0.2992095128297806, 0.2934699475169182, 0.2922814093232155, 0.29367580834031104, 0.29228238460421563, 0.29348843240737915, 0.2877875060737133, 0.28694833236932754, 0.2868544313311577, 0.2878501564562321, 0.28860406696796415, 0.28771455293893816, 0.28536340028047563, 0.2807722134590149, 0.28574636855721475, 0.2828812477886677, 0.28271128088235853, 0.2818007053434849, 0.2756566891670227], "map": 0.025651728973719343}, "time": 3639.1717004776}