{"task": {"lambda": 0.5, "alpha": 3, "lr": 0.0001, "wd": 0.0001, "bits": 32}, "result": {"time stopage": true, "loss": [0.3619014413654804, 0.22262906217575074, 0.2037954300045967, 0.19242846551537512, 0.18332670530676842, 0.1786495723426342, 0.17400930282473565, 0.16919470548629761, 0.16640463533997535, 0.16205501180887222, 0.1615804485976696, 0.15571272966265678, 0.1526834064424038, 0.15099600486457349, 0.1493688929527998, 0.1467420822829008, 0.14284430304169654, 0.1433749080300331, 0.14016550821065904, 0.13837784695625305, 0.13554738041758538, 0.1356952727586031, 0.13338167031109333, 0.13251694974303246, 0.1326669121235609, 0.12919857837259768, 0.1284471460878849, 0.12464149023592472, 0.1263420706987381, 0.12186038354039193, 0.12189026193320751, 0.1209589753895998, 0.12172850695252418, 0.12120108404755592, 0.11826768538355828, 0.1189765274822712, 0.11569987873733044, 0.11611172983050347, 0.1142945372313261, 0.11477630062401295, 0.11423976446688175, 0.11260725353658199, 0.11126454235613346, 0.1126627350449562, 0.1084372183829546, 0.10901743860542774, 0.10645146358013154, 0.1070542014092207, 0.10653033064305782, 0.10527242869138717, 0.10529479494690895, 0.10484927546977997, 0.10467385755479336, 0.10382323822379112, 0.10299609519541264, 0.10180173230171204, 0.10264784932136535, 0.10217300060391427, 0.10046901151537896, 0.09871163108944893, 0.0980241816341877, 0.09747793292999267, 0.09852032497525215, 0.09690445418655873, 0.09747997173666954, 0.09615851151943207, 0.0951939793676138, 0.09640748898684978, 0.09659143996238709, 0.09504880118370056, 0.09513484923541546, 0.09592039839923382, 0.09398871022462844, 0.09230658574402333, 0.09416450244188308, 0.09291919457912445, 0.09264077119529247, 0.09277775697410107, 0.0912721957564354, 0.08989441928267479, 0.09152612556517124, 0.09117079538106919, 0.08839400643110275, 0.09053485915064811, 0.08888597238063813, 0.08934675811231137, 0.088457096606493], "map": 0.06569015595063071}, "time": 3553.849588871002}