{"task": {"lambda": 1, "alpha": 1, "lr": 0.0001, "wd": 0.0001, "bits": 48}, "result": {"time stopage": true, "loss": [0.5033939158916474, 0.3586818933188915, 0.27704876178503035, 0.2553568302690983, 0.23805508083105087, 0.22322300347685814, 0.21446634963154793, 0.20464707902073861, 0.1945402153134346, 0.18760655429959297, 0.18271834924817085, 0.17331141424179078, 0.16872238025069236, 0.16339379075169563, 0.15888124424219133, 0.15325135144591331, 0.14832049752771853, 0.14341828300058843, 0.14072233468294143, 0.13424551989138125, 0.1316081378608942, 0.12703367593884468, 0.12368572473526002, 0.11961447077989579, 0.11764187805354595, 0.1137369907796383, 0.10959178347885609, 0.10828145332634449, 0.10520309235155582, 0.10271561178565025, 0.1000412070453167, 0.09631954084336758, 0.09282738895714283, 0.09145395790040493, 0.09105505023896694, 0.08734796132147313, 0.08648885461688041, 0.08324404600262642, 0.08211225175857544, 0.08215298016369343, 0.07960068493336439, 0.07884320539981127, 0.07887132795155048, 0.0762627332136035, 0.07660121516883374, 0.07372223671525717, 0.07306558461487293, 0.07304368487000465, 0.07047884584963322, 0.07055090505629778, 0.07147057921439409, 0.0691172621846199, 0.06918432990461588, 0.06747800435125828, 0.06647322995215654, 0.06655939784646034, 0.0660307391434908, 0.06514745122939349, 0.06469346071779727, 0.06396308543533087, 0.06374793649464845, 0.06311149927973747, 0.06094106002151966, 0.0613095758035779, 0.061076753854751586, 0.06140261817723513, 0.0599979307949543, 0.059150208435952666, 0.05894652935117483, 0.05869011190533638], "map": 0.03494890724274411}, "time": 3142.0217266082764}