{"task": {"lambda": 1, "alpha": 5, "lr": 1e-06, "wd": 0.0001, "bits": 48}, "result": {"time stopage": true, "loss": [1.0042477287054061, 0.5660937268733979, 0.5010976803898811, 0.4756664446592331, 0.4625574297308922, 0.4560951189994812, 0.450365207195282, 0.4394774512052536, 0.44441649091243746, 0.4332537359595299, 0.43023281955718995, 0.42493532758951186, 0.41993818479776385, 0.4199436537027359, 0.4152662210464478, 0.40889830255508425, 0.4070525622367859, 0.40607465982437135, 0.40755153554677964, 0.40124330949783327, 0.39847760516405106, 0.3962111667990684, 0.39487779879570006, 0.3919041240811348, 0.3913906240463257, 0.3905858533382416, 0.3887559968829155, 0.38733540844917297, 0.38402416360378266, 0.3809412822127342, 0.3805012152194977, 0.3774195531010628, 0.37863508504629134, 0.37652198177576063, 0.3724405654668808, 0.37009631490707395, 0.37145675760507585, 0.3680181214213371, 0.3674827806353569, 0.3694876654744148, 0.3649632223248482, 0.3669741733670235, 0.3607139346003532, 0.3626296481490135, 0.35803152376413344, 0.3583779553771019, 0.3596061232686043, 0.3569652396440506, 0.3558202391862869, 0.3547252524495125, 0.3550831375718117, 0.3543252623677254, 0.3518463340997696, 0.35111217987537385, 0.3490619632601738, 0.34682614105939863, 0.347530975997448, 0.3442277103662491, 0.3454680616259575, 0.3459192185997963, 0.34481153517961505, 0.3450067899227142, 0.3419018350839615, 0.34144691020250323, 0.34555581480264663, 0.3415221439599991, 0.338949845969677, 0.33586931467056275, 0.33858644908666613, 0.3370923857688904, 0.33632738155126574, 0.33896145910024644, 0.3365431287288666, 0.3339294836521149, 0.3328064954280853, 0.33307897645235063], "map": 0.06802710034868775}, "time": 3297.5879576206207}