{"task": {"lambda": 1, "alpha": 5, "lr": 1e-05, "wd": 1e-06, "bits": 12}, "result": {"time stopage": true, "loss": [0.8148772302865982, 0.6455827267169952, 0.6082317109107971, 0.5774375378489495, 0.5592360138297081, 0.5491487585902214, 0.5369341627955436, 0.5267304704785347, 0.5184004155397415, 0.5100271476507187, 0.5072248346209526, 0.5015774564743042, 0.49343445205688474, 0.48657205724716185, 0.48022417378425597, 0.47939012277126314, 0.4751445526480675, 0.47253535068035124, 0.46777540957927705, 0.46341311395168305, 0.4599361726641655, 0.45591042667627335, 0.45290665930509566, 0.45040127241611483, 0.4465796730518341, 0.4445678880214691, 0.4414055311083794, 0.4423289895057678, 0.4389445779323578, 0.4368495547175407, 0.43299124360084534, 0.43146674066782, 0.43196706503629684, 0.43224619710445406, 0.42588832265138626, 0.42300058728456497, 0.4237520126104355, 0.4176342753171921, 0.4170718591213226, 0.41590876412391664, 0.41690366208553314, 0.41641143494844435, 0.41384371554851535, 0.4118577600121498, 0.41147914749383924, 0.40980072057247163, 0.40368017578125, 0.4017527743577957, 0.4021026045680046, 0.4041424537301064, 0.4020121276974678, 0.4036267772912979, 0.3954763505458832, 0.3964359284639358, 0.3953395110964775, 0.394656466960907, 0.39243552613258365, 0.3920116330981255, 0.3913803693652153, 0.38991019517183306, 0.3886886904835701, 0.38804546028375625, 0.3872787337303162, 0.3859022159576416, 0.3829345885515213, 0.3828611342310905, 0.3817397931218147, 0.38304394733905794, 0.382294681429863, 0.37736627650260923, 0.37915525817871093, 0.3800107758641243, 0.3744385991692543, 0.3776076809167862, 0.3727892928123474, 0.37364821738004683, 0.3737846129536629, 0.37335527819395065, 0.37061445707082746, 0.3698244151473045, 0.36807200968265535, 0.3704879536628723, 0.36771543574333193, 0.3662286202311516], "map": 0.0356781076381773}, "time": 3301.4279823303223}