{"task": {"lambda": 2, "alpha": 1, "lr": 1e-06, "wd": 0.0001, "bits": 24}, "result": {"time stopage": true, "loss": [1.0272228096723557, 0.814599918961525, 0.7547698093652725, 0.7173053674697876, 0.6905215845108033, 0.6682245650291443, 0.6481478769779205, 0.6299241396188736, 0.6148481975793838, 0.6047213704586029, 0.5935680956840516, 0.5838604780435562, 0.5756130959987641, 0.5659634610414505, 0.5573566341400147, 0.5494962408542633, 0.5442954491972923, 0.5385829697847366, 0.5321305642724037, 0.5257727219462395, 0.5190629039406777, 0.513602417588234, 0.5113722558021545, 0.5052422307729721, 0.5001244357824326, 0.4971095312833786, 0.494406876206398, 0.4882395074367523, 0.48643829679489137, 0.4828386937379837, 0.4789045437574387, 0.4755004369020462, 0.47160246878862383, 0.47034922885894775, 0.4660130481123924, 0.4640028664469719, 0.4612175885438919, 0.45818148094415667, 0.45658597695827485, 0.4525903126597404, 0.45140878880023955, 0.4481490013003349, 0.445447250187397, 0.4437301268577576, 0.440553887963295, 0.4391557841897011, 0.4392599353790283, 0.43461107212305067, 0.4340420753955841, 0.4303681163787842, 0.429129232108593, 0.42803932094573977, 0.4259072484970093, 0.42444825994968416, 0.42386084312200545, 0.4208571773767471, 0.4202539169788361, 0.4188168456554413, 0.41599299931526185, 0.4144005556702614, 0.41294158750772475, 0.4116056264638901, 0.4101134728193283, 0.4090070058703423, 0.4069133553504944, 0.4058350310921669, 0.40435101073980334, 0.4041637283563614, 0.4011090521216393, 0.4013574959039688, 0.399087184548378, 0.39799167060852053, 0.3977485619187355, 0.3932964425086975, 0.3946736168265343, 0.39292763847112655, 0.39255380469560625, 0.3895965686440468, 0.389031871676445, 0.3884501186609268, 0.38754533338546754, 0.38636034601926805, 0.3850604509115219], "map": 0.026601441923648713}, "time": 3389.4344024658203}