{"task": {"lambda": 0.5, "alpha": 5, "lr": 1e-05, "wd": 1e-05, "bits": 12}, "result": {"time stopage": true, "loss": [0.5786228446364403, 0.44036850827932356, 0.4087007085084915, 0.3890432386994362, 0.38019915866851806, 0.36591473865509033, 0.3595919527411461, 0.35277721118927, 0.3482672647237778, 0.34253317314386367, 0.34124728709459307, 0.33631253784894943, 0.33099897533655165, 0.3274189360737801, 0.32487158262729643, 0.320131599932909, 0.3193906140327454, 0.31497153675556183, 0.31578463870286944, 0.3170652543306351, 0.30955923223495485, 0.31086201426386834, 0.30877573120594026, 0.30682679629325865, 0.3049475146234035, 0.3040940393507481, 0.30158618211746213, 0.3019321653544903, 0.2961848348081112, 0.29601168882846834, 0.296436030626297, 0.2958270916044712, 0.29379160270094873, 0.29302714121341705, 0.28924113950133323, 0.2912502554059029, 0.28906517693400385, 0.28660261672735216, 0.2873280983567238, 0.28636007344722747, 0.2847078955471516, 0.28466286444664, 0.27999173483252526, 0.28272567567229273, 0.28207577911019327, 0.28051675808429716, 0.2801795349419117, 0.2808150200247765, 0.2764139879345894, 0.2762549465596676, 0.27644274243712424, 0.2763778666853905, 0.27504174593091013, 0.27516176682710647, 0.2738725414276123, 0.2715953322947025, 0.27306134447455405, 0.2707927728891373, 0.2703470164835453, 0.2690304748117924, 0.2692033249139786, 0.26871245956420897, 0.26820103004574775, 0.26738104289770126, 0.267335427582264, 0.2649484308063984, 0.26380406603217127, 0.26485398414731026, 0.2648106166124344, 0.26327787950634957, 0.26268797248601916, 0.26038619300723076], "map": 0.03512656557223272}, "time": 2520.1857998371124}