{"task": {"lambda": 2, "alpha": 5, "lr": 1e-05, "wd": 0.0001, "bits": 32}, "result": {"time stopage": true, "loss": [0.882465163230896, 0.7508705712556839, 0.7032828866243362, 0.6683458286523819, 0.6475941421985626, 0.6270659304857255, 0.6107352242469788, 0.5982535932064056, 0.5852717074155808, 0.5767398785352706, 0.5663159182667732, 0.5596465680003166, 0.5487110658288002, 0.5418752762079239, 0.5362562938332558, 0.5310314753651619, 0.5284170488715172, 0.5239479350447654, 0.5182064490318299, 0.5103289853930474, 0.5091507084965706, 0.5046041823029518, 0.501162936091423, 0.49716062635183333, 0.49498309892416, 0.49087761574983596, 0.48833983987569807, 0.48517662239074705, 0.48541675865650175, 0.481058254301548, 0.47712725335359574, 0.4738488536477089, 0.47143512588739395, 0.469339350938797, 0.464960776090622, 0.4638053067326546, 0.4643746194243431, 0.4613550599217415, 0.4589672196507454, 0.4607338963150978, 0.45542543452978135, 0.45218048024177554, 0.4522789153456688, 0.45017889416217804, 0.45031118470430376, 0.4447056413888931, 0.4448983159065247, 0.4415285854935646, 0.4393664534687996, 0.4431179241538048, 0.43701032572984694, 0.4348586447238922, 0.43582416713237765, 0.43375722402334216, 0.43127794003486636, 0.43077031975984575, 0.42981571739912033, 0.42816862308979037, 0.42585554909706114, 0.42512475979328157, 0.4242742849588394, 0.42753278875350953, 0.42118547374010085, 0.4196624874472618, 0.41973794651031493, 0.41757705122232436, 0.41701591181755066, 0.41547518837451936, 0.4118671352863312, 0.4120518455505371, 0.41256535857915877, 0.41016743224859237, 0.41211055326461793, 0.4068232428431511, 0.40599382162094116, 0.40776769393682477, 0.40430741268396375, 0.40598607981204987, 0.40339961248636247, 0.40348325270414354, 0.4002271912693977, 0.3996803390979767, 0.3957378487586975, 0.3977568125128746, 0.39846249800920486, 0.3950811991095543, 0.39024966192245486, 0.39294849419593814], "map": 0.05941303260739949}, "time": 3595.8280062675476}