{"task": {"lambda": 0.5, "alpha": 1, "lr": 0.0001, "wd": 0.0001, "bits": 12}, "result": {"time stopage": true, "loss": [0.40422031676769254, 0.2392930039167404, 0.19174900275468826, 0.17604474887251853, 0.16539472994208335, 0.15744449332356453, 0.15166730089485644, 0.14702589218318463, 0.14156080505251883, 0.13817661741375922, 0.1357706777602434, 0.13151446376740933, 0.12893348240852356, 0.12508139403164387, 0.12391567413508892, 0.12153324675559997, 0.11969410660862922, 0.11643423590064049, 0.1161458266377449, 0.11233522380888462, 0.11105390059947967, 0.1090782878100872, 0.10845489527285099, 0.10664002601802348, 0.10429293018579483, 0.10371667098999024, 0.10214870029687881, 0.0998252894282341, 0.09900870306789875, 0.09674242767691613, 0.09686785420775414, 0.09455127945542335, 0.09315812692046166, 0.09387662737071514, 0.09113835328817367, 0.08943733693659306, 0.08974339745938778, 0.08738638308644295, 0.08639469204843045, 0.08568136525899171, 0.0830990459471941, 0.0833906840160489, 0.08317868065088987, 0.08237383567541838, 0.08224596949666739, 0.08140688457340002, 0.08110932939499617, 0.08122604496777058, 0.08009805115312338, 0.07947800908237695, 0.07855661957710981, 0.07978808395564556, 0.07635196070373058, 0.07701404904574156, 0.07766887700557709, 0.07604692238569259, 0.07541616820544005, 0.07405404302477836, 0.07460847320407629, 0.075093884781003, 0.07276687271893025, 0.07347895553708077, 0.07259206216782331, 0.07217302047461271, 0.07223768255859614, 0.07210876493155956, 0.07084492624551057, 0.07180336482822895, 0.07035807806253433, 0.0719024029225111, 0.06944512610882521, 0.07170962258428336, 0.07069976260513067, 0.07070371889322996, 0.0700247351154685, 0.07043166748434306, 0.06877522537112236, 0.0700430253148079, 0.0701156894415617, 0.0694598435908556, 0.06815342653542757, 0.06940239706635475, 0.06877898308634758, 0.06812848019599914, 0.0692153697386384, 0.06768788970261812, 0.06764917431771755, 0.06813644044101239, 0.0664632325693965, 0.06718334874510765, 0.06618848419189453, 0.06702684286236762, 0.06634464085102082], "map": 0.025222694126114185}, "time": 3728.5075829029083}