{"task": {"lambda": 0.5, "alpha": 5, "lr": 1e-06, "wd": 0.0001, "bits": 48}, "result": {"time stopage": true, "loss": [0.7697091652154923, 0.37134855836629865, 0.308127265393734, 0.28752566924691203, 0.28035577085614205, 0.2743430931568146, 0.26569943737983703, 0.26504480186104773, 0.25703051790595055, 0.25701604622602464, 0.251706024646759, 0.25335266229510306, 0.24851069229841233, 0.2469212802350521, 0.2448125878870487, 0.24404316881299018, 0.24048448491096497, 0.24156392735242843, 0.23834319841861726, 0.2399479689002037, 0.234242660343647, 0.23559339705109597, 0.2344386742413044, 0.2349998987019062, 0.2333368431329727, 0.23254682475328445, 0.22803924804925918, 0.23069386005401613, 0.225564089179039, 0.2267128055691719, 0.2244141077697277, 0.22526754856109618, 0.22315723833441733, 0.2217982272207737, 0.22414528807997702, 0.22392515581846237, 0.22210591119527817, 0.22149011078476905, 0.22083927717804908, 0.21774634233117104, 0.21930453166365624, 0.2168139306604862, 0.21669590300321578, 0.21883373257517816, 0.21767845138907432, 0.21569971480965613, 0.2185903522670269, 0.21761369079351425, 0.21658155637979506, 0.21365864872932433, 0.21340218475461006, 0.2114107580780983, 0.2136725300848484, 0.21187798607349395, 0.2138800525665283, 0.21249501565098763, 0.21398942759633063, 0.20937616071105003, 0.2127258598804474, 0.20929676476120948, 0.20787364158034324, 0.20699571430683136, 0.20871414175629616, 0.20964578130841255, 0.20513920426368715, 0.20713452488183975, 0.2042760910689831, 0.20886635068058967, 0.20665821412205695, 0.2054300815463066, 0.20580619117617607, 0.2073070446252823, 0.20739592903852463, 0.20461881527304648, 0.2040475070476532, 0.20418812847137452, 0.2051595804989338, 0.20290377056598663, 0.20195116257667542, 0.2065348511338234, 0.2030785625576973, 0.20272512087225913, 0.20227748423814773], "map": 0.07542868333158105}, "time": 3444.939276456833}