{"task": {"lambda": 1, "alpha": 1, "lr": 1e-06, "wd": 0.0001, "bits": 24}, "result": {"time stopage": true, "loss": [0.5919945950508118, 0.4486026954650879, 0.42124040389060974, 0.4066826785802841, 0.3959210966229439, 0.3854661055803299, 0.3780418385863304, 0.36860983628034594, 0.36177104967832563, 0.3549925168156624, 0.347475931763649, 0.3416715404987335, 0.3343460418581963, 0.3285153692960739, 0.3244209634065628, 0.3196206869482994, 0.3170673012137413, 0.31288189405202865, 0.31032295906543733, 0.30707294660806655, 0.3043648792505264, 0.3022793152332306, 0.299948593378067, 0.29708637243509295, 0.2947382597923279, 0.29309923148155215, 0.29069255211949346, 0.2872126889228821, 0.28632646691799163, 0.28606976044178006, 0.28270112204551695, 0.2814439239799976, 0.2799374078810215, 0.27794229954481126, 0.27727715066075326, 0.27590267950296404, 0.2729054800271988, 0.2741269138455391, 0.27092057445645334, 0.26948027962446214, 0.2688246575295925, 0.2677811304032803, 0.2670702902674675, 0.26542592531442644, 0.264463281929493, 0.2634169105291367, 0.2613509661257267, 0.26095364227890966, 0.2608898709714413, 0.2587994963526726, 0.25831933435797694, 0.2562028860449791, 0.2563729702234268, 0.2552883431315422, 0.25352976509928704, 0.2541247532963753, 0.2523365069627762, 0.25124069160223006, 0.25047909596562384, 0.2492452417910099, 0.2500564172565937, 0.24868412438035012, 0.24592897453904153, 0.24696117645502091, 0.24676157701015472, 0.24600054284930228, 0.2454478721320629, 0.24360719031095504, 0.24325995105504988, 0.2418445159494877, 0.24183720901608466, 0.24126495844125748, 0.2412145126760006, 0.24099235966801644, 0.23904862657189369, 0.238780541151762], "map": 0.0337294945121702}, "time": 3237.1376090049744}