{"task": {"lambda": 2, "alpha": 3, "lr": 1e-05, "wd": 1e-06, "bits": 12}, "result": {"time stopage": true, "loss": [0.9588925803899765, 0.8035356817245484, 0.7470890762805938, 0.7095774134397507, 0.6806600190401078, 0.6568873525857926, 0.6406131067276001, 0.6201267141103745, 0.605513723731041, 0.5923100785017014, 0.5841233869194984, 0.5720111230611801, 0.5612779671549797, 0.5556240519881248, 0.5482791759371758, 0.5424717348814011, 0.5341158383488656, 0.5339266080856323, 0.526925389111042, 0.5196722286343575, 0.5132962347865104, 0.5093007018566131, 0.506660843372345, 0.501897037267685, 0.49890719944238665, 0.4957176005244255, 0.49120957851409913, 0.485827500641346, 0.48335320287942884, 0.4797565218806267, 0.4768540993928909, 0.4751334429979324, 0.4693488664627075, 0.46764635652303693, 0.4650589191913605, 0.4626406019926071, 0.4594977671504021, 0.4567912949323654, 0.45291642677783966, 0.4523072085380554, 0.44934306168556215, 0.4478947696685791, 0.44451825869083406, 0.44269527822732924, 0.4407345077395439, 0.4378715434670448, 0.43662397921085355, 0.4323334662914276, 0.4304852593541145, 0.4308663647770882, 0.42709756261110304, 0.42549615061283114, 0.4232692161202431, 0.42307454043626785, 0.4198351545333862, 0.41956775134801866, 0.41456325447559356, 0.41649413883686065, 0.41226188588142393, 0.41199645286798475, 0.40885275864601134, 0.4076517195105553, 0.4062759828567505, 0.40367355501651764, 0.40301727336645127, 0.40309543889760974, 0.3995384891629219, 0.3963130721449852, 0.39753435415029525, 0.3953189494013786, 0.3934405569434166, 0.39297152268886565], "map": 0.026068279333469165}, "time": 3134.3594193458557}