{"task": {"lambda": 1, "alpha": 5, "lr": 1e-06, "wd": 0.0001, "bits": 32}, "result": {"time stopage": true, "loss": [1.1572531102895736, 0.6061554221510888, 0.539048561513424, 0.5130540969371795, 0.49898870050907135, 0.48652581983804705, 0.47927668297290804, 0.4656594942808151, 0.45832873660326007, 0.45395843344926834, 0.4495894614458084, 0.4438098437786102, 0.4408714933991432, 0.43694988459348677, 0.4331213739514351, 0.425537261903286, 0.42678971284627915, 0.42183599025011065, 0.422701503932476, 0.41969678008556366, 0.41642554801702497, 0.41365553718805315, 0.40937081336975095, 0.4086192388534546, 0.4063351568579674, 0.40460710936784744, 0.40244815695285796, 0.40063060736656186, 0.3978122234940529, 0.3977395132780075, 0.39718186581134796, 0.39677885723114015, 0.3956752269864082, 0.38991818588972094, 0.39105153822898864, 0.38928389477729797, 0.38604303151369096, 0.38808386677503587, 0.38466149443387987, 0.38524609994888304, 0.38557546472549437, 0.38083160275220873, 0.37991659170389175, 0.3797259740829468, 0.38112915873527525, 0.37831354057788846, 0.37687075304985046, 0.3762012405395508, 0.37552966237068175, 0.3749232124686241, 0.375356048822403, 0.37148528468608855, 0.37547830390930176, 0.3725278935432434, 0.36707540214061735, 0.3680411549806595], "map": 0.05307582497029168}, "time": 2635.6820714473724}