{"task": {"lambda": 2, "alpha": 5, "lr": 0.0001, "wd": 1e-05, "bits": 12}, "result": {"time stopage": true, "loss": [1.3697546684741975, 0.9451378241777421, 0.8529660915136337, 0.7954799591302871, 0.7527390859127044, 0.7271490490436554, 0.6932542694807052, 0.6755640300512313, 0.6577398023605346, 0.6436352640390396, 0.6257223105430603, 0.611381442308426, 0.5946694365739822, 0.5811723790168762, 0.5669386380314827, 0.5523080231547356, 0.5392296789884568, 0.530828253030777, 0.5182212695479393, 0.5073183380365371, 0.49637589293718337, 0.4864339434504509, 0.47997235345840455, 0.4701706632971764, 0.4623911709189415, 0.4509791233539581, 0.44760470986366274, 0.4353397071957588, 0.43343683367967606, 0.4228327307701111, 0.4216968736052513, 0.4107007875442505, 0.41032724434137346, 0.40201272052526477, 0.39891147834062574, 0.39526891595125196, 0.388504947245121, 0.38245859199762344, 0.3733822858929634, 0.37737331837415694, 0.37507288819551465, 0.3674253807067871, 0.36483461475372314, 0.3603348605632782, 0.3577774510383606, 0.352915197968483, 0.35393776309490205, 0.34726048016548156, 0.34724980932474137, 0.3410036334395409, 0.343828821182251, 0.33757800808548927, 0.33298742642998697, 0.3317123813331127, 0.32841041377186775, 0.3283738618195057, 0.3280242937803268, 0.3226770192682743, 0.3221196933984756, 0.3215174844264984, 0.31411663615703583], "map": 0.02920199294525496}, "time": 2818.0750823020935}