{"task": {"lambda": 0.5, "alpha": 3, "lr": 0.0001, "wd": 0.0001, "bits": 48}, "result": {"time stopage": true, "loss": [0.398754436314106, 0.2213015621304512, 0.2035429249405861, 0.19575384679436683, 0.18635282835364342, 0.18183456805348397, 0.17572852304577827, 0.17510800218582154, 0.16819567254185677, 0.16308012893795967, 0.16119465318322182, 0.15695815540850164, 0.15302970823645592, 0.148529473811388, 0.14551638694107533, 0.1436519549936056, 0.14079956474900246, 0.13814991761744022, 0.13489096765220165, 0.13252591632306576, 0.13068694803118705, 0.12892513653635979, 0.12717919588088988, 0.12758917091786862, 0.12507326251268386, 0.1212133206129074, 0.1191901005357504, 0.11958603595197201, 0.11804193879663945, 0.11564713338017464, 0.11104118420183659, 0.11128577074408531, 0.10968651768565178, 0.11012677063047886, 0.10514003080129623, 0.10436839877068996, 0.10378901369869709, 0.10335994753241538, 0.1021256660670042, 0.10078952035307884, 0.0978147903829813, 0.0969111949801445, 0.09653514216840267, 0.09659213411808014, 0.09645984064042568, 0.09493859599530696, 0.0942034645229578, 0.09146221205592156, 0.089420573502779, 0.08919498030841351, 0.0877925998866558, 0.08713251502811908, 0.08895815519988537, 0.08804872210323811, 0.0862009703218937, 0.0854437562674284, 0.08610263082385063, 0.08494564586132765, 0.08398730459809303, 0.08271543495357037, 0.08210195456445217, 0.0808311026468873, 0.08077426023781299, 0.08106035463511944, 0.08194533888995648, 0.08047003576904535, 0.08053940837830305, 0.08002851358801126, 0.07788018891215324, 0.07934593268483878, 0.07671772919595242, 0.07812965221703053, 0.07775019460171462, 0.0753914530351758, 0.07595656467229128, 0.07525666929036379, 0.07664850866049529, 0.07424062445759773, 0.07495128348469735, 0.07613233359903097, 0.07535504695773125, 0.0747174742743373, 0.07459555195271969, 0.07387616088986397, 0.07448218246549368, 0.07345190121233464], "map": 0.06424917336790945}, "time": 3515.3278362751007}