{"task": {"lambda": 1, "alpha": 1, "lr": 0.0001, "wd": 1e-06, "bits": 48}, "result": {"time stopage": true, "loss": [0.49229575115442276, 0.30869485485553744, 0.2723824635744095, 0.25009768980741504, 0.2344115597009659, 0.2214192344546318, 0.20929498517513276, 0.20202678099274635, 0.19241270339488983, 0.18579833543300628, 0.178085334867239, 0.172532281935215, 0.16676606273651123, 0.1613899564743042, 0.15457143557071687, 0.15077334608137608, 0.14655653011798858, 0.14069558526575565, 0.1371242910772562, 0.13402186639606953, 0.13134327517449856, 0.1277528148442507, 0.12272438076138496, 0.11899136567115784, 0.11710118839144706, 0.11291063097119332, 0.11023879536986352, 0.10904742316901683, 0.10457355344295502, 0.10232704403996468, 0.10048843732476234, 0.09946238195896148, 0.09786872455477715, 0.09682620775699616, 0.0955574087947607, 0.09252016219496727, 0.09128959913551807, 0.08937798880040645, 0.08854280298948287, 0.08686384946107864, 0.08510223595798015, 0.08423969860374927, 0.08229822461307049, 0.08129748438298702, 0.08129868438839913, 0.07982938958704472, 0.0801067029684782, 0.0787532646805048, 0.077786449983716, 0.07546022355556488, 0.07449675572663546, 0.07466191947460174, 0.0742436434701085, 0.07349692215770483, 0.07160734795033932, 0.07174031889438628, 0.0712923036813736, 0.06967958116531373, 0.06899620772898198, 0.06866387161612511, 0.06843414924293756, 0.0677263196632266, 0.0667418833002448, 0.0658123748973012, 0.067585733525455, 0.06624692597985268, 0.06412055908888578, 0.0667305888608098, 0.06423950050026178, 0.06252346944063902, 0.062322925977408884, 0.06242738400399685, 0.06193510919064284, 0.06129305846989155, 0.06272169750928878, 0.06141343415528536, 0.06115951845794916, 0.060066275857388975, 0.06101667382568121, 0.0594512993991375, 0.059710150741040705, 0.05991375344246626, 0.059129682920873165, 0.059213701345026494, 0.05870932181179524, 0.057820194870233536, 0.05719429815560579, 0.05694096979498863, 0.05702733771502971], "map": 0.03646021344911058}, "time": 3734.3547661304474}