{"task": {"lambda": 2, "alpha": 3, "lr": 0.0001, "wd": 1e-05, "bits": 12}, "result": {"time stopage": true, "loss": [1.1875062177181244, 0.7339970644712448, 0.6511541874408722, 0.6002636709213257, 0.565392284810543, 0.537244399189949, 0.5190189791321754, 0.49745754384994506, 0.484168096601963, 0.46902812057733534, 0.45417562198638917, 0.4415953599214554, 0.43055990397930144, 0.4189979712367058, 0.40981257623434064, 0.39971639823913574, 0.39133259373903273, 0.38095235550403594, 0.37174214553833007, 0.36560169684886934, 0.35765073543787, 0.35250931364297866, 0.3477427207827568, 0.33890061497688295, 0.3332911719083786, 0.3264691434502602, 0.3194417850971222, 0.31561583971977236, 0.31015292429924013, 0.3029551306962967, 0.3019082258939743, 0.2950111833512783, 0.2931599536538124, 0.28811791735887526, 0.28359183451533315, 0.28006353572010995, 0.28196099999547003, 0.277640899091959, 0.27073519280552866, 0.2695884145796299, 0.267686990916729, 0.2635781610608101, 0.2641759640276432, 0.2572628453075886, 0.2573230403959751, 0.2556885989010334, 0.255176461994648, 0.25084801799058914, 0.24817601841688156, 0.24768813741207124, 0.24254788273572922, 0.24256946069002153, 0.2418222622871399, 0.24081479448080062, 0.23901326099038125, 0.237586398512125, 0.23538784205913543, 0.2342232965528965, 0.23368548408150672, 0.2302964128255844, 0.23090852043032647, 0.22865113270282744, 0.22709274330735207, 0.22547323167324065, 0.22580718815326692, 0.2233177309036255, 0.2226314649283886, 0.22145841765403748, 0.21958922830224037, 0.21873152735829354, 0.21752578258514405, 0.21649777668714523, 0.21284379702806472, 0.21578725424408912, 0.2135362654030323, 0.2091476697921753, 0.21120041880011559, 0.21185014685988426, 0.20931997793912888, 0.20727491682767868, 0.20975271245837213, 0.20484026709198952, 0.20729852065443993, 0.20577479374408722, 0.2013926194012165, 0.20524158084392546, 0.20303848937153815, 0.19931862533092498, 0.20045311561226845, 0.2008096685707569, 0.1985190594494343, 0.19780691254138946, 0.19867917534708976, 0.19733917000889778], "map": 0.026187126926459164}, "time": 3761.6809289455414}