{"task": {"lambda": 2, "alpha": 5, "lr": 1e-05, "wd": 0.0001, "bits": 24}, "result": {"time stopage": true, "loss": [0.94783130133152, 0.7941240495443345, 0.7406569697856903, 0.711992706656456, 0.6872579789161682, 0.6675768611431122, 0.6554473335742951, 0.6418182373046875, 0.6281362144947052, 0.6207930088043213, 0.6130609697103501, 0.6025677486658096, 0.5922092210054397, 0.5853852856159211, 0.5829570151567459, 0.574425493478775, 0.5698637850284577, 0.5619874058961868, 0.5577074308395386, 0.553432435810566, 0.5503134577274322, 0.5472477583289146, 0.5422364045977592, 0.5375654103159905, 0.5373117957115173, 0.5318986978530884, 0.5298042549490929, 0.5254622313380242, 0.522965797841549, 0.5158930698037147, 0.5144436568021774, 0.5110364558696747, 0.508850658774376, 0.5101938987970353, 0.5057544290423394, 0.5045312641859054, 0.5027123082876206, 0.4982580270171165, 0.4984070775508881, 0.496131929397583, 0.49299448895454406, 0.4912221165299416, 0.4888320232629776, 0.48744675266742704, 0.48452596724033353, 0.4851679940223694, 0.4826240628361702, 0.48160896468162534, 0.4772819028496742, 0.4774854409098625, 0.4737166313529015, 0.4722461702227592, 0.46958486378192904, 0.4692755519151688, 0.4668707491159439, 0.46515517091751096, 0.4606809240579605, 0.45928854286670684, 0.4607537098526955, 0.45873890233039855, 0.45689885622262955, 0.45818460285663604, 0.4525783656835556, 0.4513167613744736, 0.4510800776481628, 0.44918813300132754, 0.4498202939033508, 0.4453256042599678, 0.4484470762610436, 0.44833704656362533, 0.444941829264164, 0.4436360074877739, 0.4423145469427109, 0.44023399049043654, 0.4395821813941002, 0.4343830602765083, 0.4408209119439125, 0.4337710875868797, 0.4352005903720856, 0.439203784763813, 0.4309130276441574, 0.43110502636432646, 0.43022001218795775, 0.43325641894340516, 0.4284818945527077, 0.4296586322188377, 0.4288675031661987], "map": 0.053464220382868015}, "time": 3532.6637024879456}