{"task": {"lambda": 2, "alpha": 5, "lr": 1e-05, "wd": 1e-06, "bits": 12}, "result": {"time stopage": true, "loss": [1.2473319948911668, 1.0229609593153, 0.9532552186250687, 0.9145510535240173, 0.8858459725379944, 0.8590232896804809, 0.8413349759578704, 0.8203527562618256, 0.8060791105031967, 0.7900532206296921, 0.7844234195947647, 0.7675749220848084, 0.7562080091238021, 0.7502028297185898, 0.742278769493103, 0.7349916006326676, 0.7300183969736099, 0.7218506256341934, 0.7102047438621522, 0.7070842134952545, 0.7008001583814621, 0.6943894284963608, 0.6932198824882507, 0.6856191759109497, 0.6770843840837478, 0.6776036353111267, 0.6696552549600601, 0.6683502119779586, 0.663969885468483, 0.6595329391956329, 0.6574180353879928, 0.6541553828716278, 0.6470458126068115, 0.6435679980516433, 0.6446520867347717, 0.6398199464082718, 0.637795982837677, 0.6302443155050278, 0.6295774300098419, 0.6291411482095718, 0.6254070154428482, 0.6228508465290069, 0.6190041671991349, 0.6171698914766311, 0.6143710017204285, 0.6125100773572921, 0.6080957289934158, 0.6054509137868881, 0.6035242321491241, 0.6022263392210007, 0.5977384061813354, 0.6011521071195602, 0.5966525697708129, 0.592509626865387, 0.5904475482702255, 0.5871721381545066, 0.5865625002980233, 0.5841544862985611, 0.5804313496947289, 0.5763856422901154, 0.5767346416115761, 0.5761484659910202, 0.570861255466938, 0.5717057750821114, 0.5702720192670823, 0.5674505478739739, 0.5660951050519943, 0.5663614314794541, 0.5612558252215385, 0.5594189885854721, 0.5602560994029046, 0.5597244709730148, 0.5548848434686661], "map": 0.03298166944032894}, "time": 3161.3307819366455}