{"task": {"lambda": 2, "alpha": 3, "lr": 0.0001, "wd": 1e-05, "bits": 48}, "result": {"time stopage": true, "loss": [0.8632800348997116, 0.5760464147925377, 0.5066581969857216, 0.46078895539045334, 0.43322292321920397, 0.41039767384529113, 0.39295736360549927, 0.3774637456536293, 0.36335778987407685, 0.3496043840050697, 0.33870312517881396, 0.3288190628290176, 0.31694898664951326, 0.3095930594801903, 0.30213402009010315, 0.29259111982584, 0.28598682063817976, 0.28099522614479067, 0.27618042930960657, 0.26699374622106553, 0.2603858815133572, 0.25494598999619483, 0.25065251523256304, 0.24429913276433946, 0.24083537089824678, 0.23339063066244126, 0.2302249412536621, 0.22296634179353714, 0.22050273039937018, 0.21416218963265418, 0.21085661453008653, 0.20717266914248467, 0.2051153866648674, 0.1963805304169655, 0.1990661409497261, 0.19544570276141165, 0.19081106102466583, 0.18464113637804985, 0.1846672311425209, 0.18122495409846306, 0.1809089051783085, 0.1747654756307602, 0.17484102496504783, 0.1747621650993824, 0.17011750039458276, 0.1664535109102726, 0.16906133180856706, 0.1677749623954296, 0.16310012146830558, 0.162956771671772, 0.16037872879207135, 0.15719139021635056, 0.15957576815783978, 0.15673969873785973, 0.15528299902379514, 0.15648506888747216, 0.15116424104571344, 0.1536561045795679, 0.15001396344602108, 0.1489578648507595, 0.14828681997954846, 0.14717031043767928, 0.14672765670716761, 0.1453649154752493, 0.14709035059809686, 0.1436946462392807, 0.143414986461401, 0.14491605113446712, 0.14346273216605188, 0.14150437566637994, 0.13917895157635213, 0.13885419799387455, 0.13944225762784482, 0.14026051631569864, 0.13701911155879498, 0.13536442852020264, 0.13425340142846107, 0.13618012197315693, 0.13300379690527916, 0.13094221167266368, 0.1340711514353752, 0.13395282849669457, 0.1346174747645855, 0.1297141478806734, 0.13098815417289733], "map": 0.0421007359099321}, "time": 3548.6771762371063}