{"task": {"lambda": 2, "alpha": 3, "lr": 1e-06, "wd": 0.0001, "bits": 24}, "result": {"time stopage": true, "loss": [1.345579165816307, 0.9290973019599914, 0.8669477487802506, 0.8333202705383301, 0.8127265704870223, 0.7932011462450027, 0.7750815048217773, 0.7609938970804214, 0.7509971920251847, 0.7395031739473343, 0.7286853883266449, 0.7218410828113556, 0.709916516661644, 0.7000987815856934, 0.6956182961463928, 0.6895744445323944, 0.6808156198263169, 0.6734281630516052, 0.6678413323163986, 0.6617866374254227, 0.6554173293113709, 0.6503728902339936, 0.645791485786438, 0.6398760215044021, 0.633938350558281, 0.6331747152805328, 0.6254297058582305, 0.6216753673553467, 0.6182978652715683, 0.612602134346962, 0.6087451053857803, 0.6060891369581223, 0.6010932693481446, 0.599530593752861, 0.5965114159584045, 0.5916940160989761, 0.5909208117723465, 0.5878715724945068, 0.582389126420021, 0.5809151684045791, 0.5802068017721176, 0.5753634903430939, 0.5737814359664917, 0.5696984161138534, 0.5701130610704422, 0.5668284484744072, 0.5649041033983231, 0.5620092958211899, 0.5606908193826675, 0.5562607746720314, 0.5562092115879059, 0.5564869541525841, 0.5523446849584579, 0.547319982945919, 0.5471143493652344, 0.5479369670152664, 0.5448502969741821, 0.5434592601060867, 0.5441816705465317], "map": 0.033737165681775455}, "time": 2789.747176170349}