{"task": {"lambda": 0.5, "alpha": 5, "lr": 1e-05, "wd": 1e-05, "bits": 32}, "result": {"time stopage": true, "loss": [0.3361351521611214, 0.2625640155673027, 0.2465751395523548, 0.23770144441723823, 0.22989505219459533, 0.22659796118736267, 0.22025619187951087, 0.21529994243383407, 0.21596175861358644, 0.21463201346993446, 0.213730214625597, 0.2093076663315296, 0.20766048073768617, 0.2049364249408245, 0.20632952752709388, 0.20429556202888488, 0.19964402067661285, 0.19941371977329253, 0.20067260146141053, 0.19637809258699418, 0.19729094618558884, 0.19497971186041832, 0.19450005650520324, 0.19500802743434906, 0.19396031454205512, 0.19251101565361023, 0.19086634176969527, 0.190847939401865, 0.19246569845080375, 0.18979780521988868, 0.18870938283205033, 0.18802651941776274, 0.18761350831389428, 0.18465835720300675, 0.18587478968501092, 0.18402581164240836, 0.18590911138057709, 0.18400665214657783, 0.18473777946829795, 0.18302647158503532, 0.18027495029568671, 0.18177762028574942, 0.17954443109035492, 0.18290509197115898, 0.1827111768722534, 0.17850524359941483, 0.1786227450966835, 0.17874581825733185, 0.1793912391066551, 0.17869280543923377, 0.17933417391777037, 0.1769414749443531, 0.17614720690250396, 0.17822956770658493, 0.17647378343343734, 0.17626718494296073, 0.17454101198911667, 0.17612823796272278, 0.17564466637372972, 0.174272538036108, 0.17192850297689438, 0.17528673988580704, 0.17404208868741988, 0.17201822251081467, 0.17221222737431527, 0.17252871444821358, 0.17010634368658065, 0.17063778778910638, 0.1713054677248001, 0.1702082466483116, 0.1680352154672146, 0.16957234978675842, 0.16652768290042877, 0.16967829948663712, 0.16831183472275735, 0.16812870863080026, 0.16994383668899535, 0.16889658707380295, 0.16689308705925943, 0.1665894856452942, 0.16644917625188826, 0.16823464956879616, 0.16668255549669267, 0.16551483350992202, 0.16452764505147935, 0.16539389017224312], "map": 0.07735588560324116}, "time": 3400.8280012607574}