{"task": {"lambda": 0.5, "alpha": 5, "lr": 1e-05, "wd": 0.0001, "bits": 48}, "result": {"time stopage": true, "loss": [0.3026810210645199, 0.2453400527536869, 0.235261845856905, 0.2255586730837822, 0.2210239377915859, 0.2172274135351181, 0.2118965536057949, 0.20916095209121705, 0.20711439642310142, 0.20631709945201873, 0.20185067933797837, 0.20247125741839408, 0.1987701031267643, 0.19623883137106896, 0.1916847383081913, 0.1970330047905445, 0.19148343989253044, 0.1898389163315296, 0.19152129340171814, 0.18763771542906763, 0.18476247283816338, 0.18611946007609367, 0.18452451688051225, 0.18553746861219406, 0.1809176432490349, 0.18079948416352273, 0.17961929208040237, 0.1776936194896698, 0.17895701643824577, 0.1768693667948246, 0.1781783749461174, 0.17541507479548454, 0.17652190843224524, 0.17367022475600244, 0.17303372141718865, 0.17384561017155647, 0.17387736684083938, 0.17383438220620157, 0.17082582688331605, 0.17225937116146087, 0.16981762754917146, 0.169148934841156, 0.16699539735913277, 0.16978684461116791, 0.16629633316397666, 0.16796636229753495, 0.1669787809550762, 0.1655409102141857, 0.16275787350535392, 0.163904198795557, 0.16377827465534212, 0.16132258382439613, 0.1634260050356388, 0.16297578600049017, 0.16233507469296454, 0.16170533967018128, 0.16333250829577445, 0.16134863343834877, 0.161451334387064, 0.1598712345957756, 0.16004593181610108, 0.15899699625372887, 0.15989260476827621, 0.1584563297331333, 0.158375624448061, 0.15714909394085408, 0.15636923879384995, 0.15643899974226952, 0.15679259911179544, 0.15561922372877598, 0.1548597579598427, 0.1536127755790949, 0.15291186203062535, 0.1540307702869177, 0.15611121293902397, 0.15203546646237373, 0.15368744690716266, 0.15125815691053868, 0.15307120072841646, 0.15579932610690594, 0.15189005516469478, 0.15074294866621493, 0.1515877485871315, 0.15186685559153557, 0.149518939062953, 0.1514728714376688, 0.14924876683950425], "map": 0.08737317933014281}, "time": 3554.038761615753}