{"task": {"lambda": 2, "alpha": 3, "lr": 1e-06, "wd": 0.0001, "bits": 48}, "result": {"time stopage": true, "loss": [1.1372055780887604, 0.8842405029535294, 0.8197785940170288, 0.7922326980829238, 0.765190948009491, 0.7477528657913208, 0.7310597507953643, 0.7149283294677734, 0.6999778059720994, 0.6911848140954971, 0.6827771795988082, 0.670719819188118, 0.6598482475280761, 0.6513740295171737, 0.6435799976587295, 0.635466207742691, 0.628896854519844, 0.6222989164590835, 0.6173251905441284, 0.6113641879558563, 0.6054677608013153, 0.5978171410560608, 0.5951095972061157, 0.5885168462991714, 0.5849604824781418, 0.5785036637783051, 0.5751514637470245, 0.5733901972770691, 0.5659735515117645, 0.5628430049419403, 0.5586047525405884, 0.5565900481939315, 0.5538899326324462, 0.5505397167801857, 0.5467381239533424, 0.5453257166147232, 0.5415684710144997, 0.5404850618243218, 0.5352191568613053, 0.5339957000613212, 0.5313143828511238, 0.5280303204059601, 0.5252221571207046, 0.5246951609253884, 0.52068484967947, 0.52032921230793, 0.5185612612962722, 0.5161497974991799, 0.5113545706868172, 0.5094764026999473, 0.5083074595332145, 0.5058475996851921, 0.5045973872542381, 0.5036452286243439, 0.4981128312945366, 0.500068694114685, 0.4983321093916893, 0.49490751975774766, 0.4963500567674637, 0.4925465022325516, 0.4906899209022522, 0.48853310602903366, 0.48532386583089826, 0.4867211457490921, 0.486335652589798, 0.4867369144558907, 0.48417301785945893, 0.4808322175741196, 0.478291854262352, 0.4787485403418541, 0.47842921340465544, 0.4766556897163391, 0.4772503424882889, 0.47320463675260543, 0.4725986279845238, 0.471214103937149, 0.4713566600680351, 0.46750640308856967, 0.46939463061094283, 0.4683421099185944, 0.4668167356848717, 0.4656044124960899, 0.4647470415234566, 0.4646240669488907, 0.46349486863613126, 0.4589698720574379, 0.4567741117477417], "map": 0.052388270385299064}, "time": 3554.9970366954803}