{"task": {"lambda": 2, "alpha": 1, "lr": 1e-06, "wd": 1e-05, "bits": 32}, "result": {"time stopage": true, "loss": [0.9761663278341294, 0.8009086300134659, 0.7469811117649079, 0.7126942284107208, 0.6865457780361176, 0.6680158634185791, 0.6497367113828659, 0.633823224067688, 0.6172418568134308, 0.6059048898220062, 0.5934904898405076, 0.5818698862791062, 0.5714152973890304, 0.5643011165857315, 0.5551245885491372, 0.5462073222398758, 0.5403382041454315, 0.5337980499267578, 0.5264899927973747, 0.5224868918657303, 0.5162675975561142, 0.5117438111901284, 0.5082374029159545, 0.50151185464859, 0.49841024523973465, 0.49411754578351974, 0.4912578613162041, 0.4867803842425346, 0.4823167816996574, 0.4799473225474358, 0.4772491109967232, 0.47398821264505386, 0.47134604400396346, 0.4665038158893585, 0.46484394079446795, 0.463523492872715, 0.4589351542592049, 0.456904756963253, 0.4553657143712044, 0.45241224187612533, 0.450679840862751, 0.44981096011400223, 0.4471630844473839, 0.44481479352712633, 0.44256588143110276, 0.4418335799574852, 0.43965932190418244, 0.43701703441143036, 0.4364054026007652, 0.43304391992092134, 0.4301835299730301, 0.429756905734539, 0.42736730408668516, 0.42612367343902585, 0.42365957725048065, 0.42151001960039136, 0.4225368379950523, 0.41847094786167144, 0.4178281147480011, 0.4171160714030266, 0.415432865858078, 0.41225222384929655, 0.4110677748322487, 0.41007193791866303, 0.4092332066297531, 0.4052211285829544, 0.4063342261314392, 0.4044502727389336, 0.40246777433156966, 0.4005727295279503, 0.401583169400692, 0.39837220913171767, 0.3979727115035057, 0.3984904809594154, 0.3953599873185158, 0.39492645394802095, 0.3936928294301033, 0.39150934785604474, 0.3911198760867119, 0.3887152509689331, 0.38829037606716155, 0.3881796080470085, 0.38556544768810275, 0.3852510874867439, 0.38476781874895094, 0.3827350158691406, 0.38201166069507597], "map": 0.033562047028179234}, "time": 3497.8176872730255}