{"task": {"lambda": 1, "alpha": 1, "lr": 0.0001, "wd": 1e-06, "bits": 24}, "result": {"time stopage": true, "loss": [0.4812718660235405, 0.29572737842798236, 0.2587179617583752, 0.23780964332818985, 0.22383642980456353, 0.2122207306623459, 0.2036087048947811, 0.19522208547592163, 0.18908350083231926, 0.18414805871248247, 0.17590618202090263, 0.17141412046551704, 0.16751608011126518, 0.16478227293491363, 0.15844854113459586, 0.15497238740324973, 0.151330114454031, 0.1484036417603493, 0.14547687803208828, 0.14108493979275227, 0.13905305179953575, 0.13783038592338562, 0.13255374796688557, 0.1323925720602274, 0.12887341348826886, 0.1280999835729599, 0.1238018929362297, 0.12140467609465122, 0.11924149490892887, 0.118571432441473, 0.11550904388725758, 0.11362548239529133, 0.11104943741858006, 0.10985826742649078, 0.1100558139383793, 0.10637351013720035, 0.10422033825516701, 0.10255324259400368, 0.10279021532833577, 0.10209108488261699, 0.09913199079036712, 0.09811637657880783, 0.09700293557345867, 0.0957774825245142, 0.09481612625718117, 0.09318598064780236, 0.09183875915408135, 0.09127034871280193, 0.08998046977818012, 0.08899641901254654, 0.08718138244748115, 0.08847536116838456, 0.08569626767933369, 0.08434185536950826, 0.08309681913256645, 0.08396940180659294, 0.08242928067594767, 0.08241964460164308, 0.08115644274652004, 0.08057700384408235, 0.08027348385751247, 0.07990522218495608, 0.0779374634847045, 0.07777401697635651, 0.07665071252733469, 0.0774417479634285, 0.07703239188343286, 0.07478636308759451, 0.07444784852862359, 0.07456698529422283, 0.0745334832072258, 0.07467926701903344, 0.0741441812440753, 0.07268168605864048, 0.07311264482885599, 0.07256849479675292, 0.07233018263429403, 0.0702367440238595, 0.07262793800979853, 0.07094552546739578, 0.07150094285607338, 0.0701288400888443, 0.07103362479060889, 0.06909382621198892], "map": 0.02863480846857449}, "time": 3553.1716301441193}