{"task": {"alpha": 1, "lr": 1e-05, "wd": 1e-05, "bits": 48}, "result": {"time stopage": true, "loss": [203.21858474731445, 185.46634521484376, 176.15819595336913, 168.96918968200683, 161.87583824157716, 159.41735038757324, 150.8092879486084, 149.20941917419432, 149.84696281433105, 147.2308558654785, 141.27219665527343, 139.0528762817383, 137.41514068603516, 136.56338302612303, 134.64681037902832, 131.74083694458008, 131.3699111557007, 128.21775619506835, 127.09176521301269, 123.98286140441894, 121.5237963104248, 124.22059204101562, 120.66937580108643, 116.86787590026856, 118.79901313781738, 117.49881526947021, 116.87538242340088, 114.83856246948243, 112.67210655212402, 115.48531288146972, 113.19676010131836, 114.23371726989745, 110.95443046569824, 110.01189033508301, 110.15641868591308, 109.28799407958985, 108.51437564849853, 106.79382690429688, 108.02884757995605, 104.91620609283447, 102.77562770843505, 104.74650535583496, 104.5632661819458, 102.4075203704834, 102.55437587738037, 102.95006786346435, 102.62654685974121, 101.87574558258056, 100.3518212890625, 102.03013206481934, 98.8544900894165, 98.78492721557618, 97.18663837432861, 99.67162452697754, 98.50175682067871, 97.77820991516113, 97.32220527648926, 95.46772926330567, 94.97034839630128, 93.98065036773681, 93.17354568481446, 93.85303268432617, 93.84334634780883, 93.87651973724365, 95.81649097442627, 93.99465702056885, 92.42390384674073, 93.65243415832519, 90.39813423156738, 92.89564558029174, 90.82958068847657, 89.95958911895752, 90.68693447113037, 88.76163116455078, 87.61637283325196, 90.91667205810546, 87.25819221496582, 84.32611085891723, 85.16625946044923, 86.27101787567139, 84.00883769989014, 85.03918907165527, 86.28337718963623, 82.76944004058838, 81.34424549102783, 80.76545965194703, 81.74857873916626, 82.67108158111573, 80.70729068756104, 79.76407667160034, 77.84060104370117, 78.64501064300538, 77.46948055267335, 77.10715274810791, 76.37884279251098, 73.94624073028564, 77.53839092254638, 77.91364589691162, 73.68304100036622, 73.39437009811401, 74.1943727684021, 73.53379552841187, 72.3513750076294, 72.39746179580689, 71.20732147216796, 72.01558074951171, 71.95463188171387, 67.46249782562256, 69.75927375793457, 69.87917650222778, 66.74720489501954, 66.83204776763915, 66.51067648887634, 65.7916102218628, 64.18456384658813, 64.01942873001099, 64.07355354309082, 61.676126537323, 63.443877925872805, 63.82906980514527, 61.31795360565186, 63.149515571594236, 61.16789707183838, 60.3030400466919, 59.164705286026, 60.24056575775146, 57.64625282287598, 55.37544500350952, 56.38011531829834, 57.091573848724366, 55.826946105957035, 54.511513767242434, 53.87353157043457, 55.95976432800293, 53.54443702697754, 53.12773105621338, 51.28165868759155, 51.2921598148346, 50.72386200904846, 49.69943481445313, 50.413559169769286, 48.45971040725708, 48.703312425613404, 47.42279442787171, 47.8332818031311, 46.189964570999145, 45.15050691604614, 45.24135372161865, 45.71369198799133, 43.176620140075684, 43.18502830505371, 41.3803354549408, 42.88157824516296, 41.833355016708374, 39.49864624023437, 40.44768084526062, 39.58622326374054, 38.31899528503418, 38.518209552764894, 38.61069390296936, 37.21175410270691, 37.542107315063475, 34.84263138771057, 35.38294105529785, 35.236703643798826, 35.11731701374054, 33.124796628952026, 31.800504512786866, 33.787800016403196, 31.03661726951599, 30.744686074256897, 30.65498592376709, 29.61478880882263, 30.09038007259369, 29.28337459564209, 29.335384840965272, 27.94783200740814, 26.733005890846254, 26.968832998275758, 26.967528676986696, 27.245103540420534, 25.752745344638825, 25.15125270843506, 24.01041558265686, 24.660515470504762, 23.708435044288635, 24.411559581756592, 22.49600984096527, 22.532748470306398, 21.19772596359253, 21.93237920999527, 21.842285108566283, 20.72248373746872, 20.76791776418686, 20.003802127838135, 19.826262245178224, 18.442948169708252, 18.43470220088959, 17.529000129699707, 16.933098788261415, 17.594486231803895, 16.28301201581955], "map": 0.5966288891964132}, "time": 1802.6243057250977}