{"task": {"alpha": 3, "lr": 0.0001, "wd": 1e-06, "bits": 24}, "result": {"earlyStop": true, "loss": [497.26076263427734, 417.1973370361328, 386.02450241088866, 376.88391220092774, 351.31504470825195, 336.49724212646487, 327.9690103149414, 317.2140905761719, 309.3957849121094, 304.4903059387207, 289.88788864135745, 288.2892448425293, 288.40702575683594, 288.2349920654297, 274.7997473144531, 271.04154113769533, 261.51078773498534, 256.94270965576175, 250.58529357910157, 254.96079727172852, 247.5881768798828, 240.260354385376, 247.38399871826172, 239.13278160095214, 236.31693519592284, 234.1435181427002, 227.25640083312987, 227.24585304260253, 226.80244834899904, 224.31232398986816, 218.88053550720215, 220.54254249572753, 213.09779663085936, 216.2603089904785, 205.1173287200928, 206.81306228637695, 203.15251838684082, 205.39228561401367, 194.11504608154297, 189.9981255340576, 194.0712395477295, 183.90825717926026, 178.7941111755371, 176.20726493835448, 172.91603446960448, 166.04123317718506, 161.19600410461425, 161.00811058044434, 160.39525398254395, 152.15962215423585, 151.1780436706543, 146.98693325042726, 138.51366622924806, 136.74202709198, 130.0117495727539, 131.1999278831482, 127.79629550933838, 120.73976531982422, 117.74965503692627, 114.86637119293214, 104.16914973258972, 102.14258907318116, 102.85842966079711, 101.37218247413635, 89.95187217712402, 87.88142951965332, 83.30268551826477, 78.04188279151917, 72.79716337203979, 72.21963026046753, 72.74506028175354, 66.87941158294677, 68.44713300704956, 59.21662796974182, 56.559816446304325, 56.222492609024044, 52.92237387180328, 47.36065960884094, 45.28841970443725, 51.84235255241394, 42.247493534088136, 38.7702357006073, 39.09474361419678, 39.500667791366574, 35.74471167564392, 35.2251553440094, 28.473435821533204, 34.61381291866302, 26.270432262420655, 25.89764197349548, 24.826445317268373, 29.965789756774903, 22.72366119861603, 22.176111750602722, 20.15745289802551, 18.93116150379181, 21.17705366611481, 18.46653512954712, 19.340214910507203, 16.398940982818605, 17.80830874443054, 16.54486412525177, 15.648420014381408, 15.17785460948944, 12.581475920677185, 11.62033669948578, 15.963531317710876, 10.573693294525146, 12.285130476951599, 12.989719758033752, 9.055870175361633, 11.984849009513855, 7.7351127004623415, 13.98597222328186, 8.924276480674743, 8.40151611804962, 12.199809255599975, 7.887423129081726, 6.957077932357788, 12.60282781600952, 4.525699605941773, 12.235395226478577, 5.833583669662476, 9.173633213043212, 6.462994842529297, 7.366845426559448, 9.013213367462159, 8.305654282569884, 6.119503521919251, 4.881713886260986, 5.634205813407898], "map": 0.7514228050913357}, "time": 1090.8511855602264}