{"task": {"alpha": 1, "lr": 1e-06, "wd": 1e-06, "bits": 48}, "result": {"earlyStop": true, "loss": [230.33279327392577, 227.79701873779297, 225.56902267456056, 224.34990142822267, 218.7109194946289, 218.22762329101562, 218.35708374023437, 212.17019775390625, 211.2123532104492, 211.26930130004882, 204.7614891052246, 204.50868743896484, 205.50002349853514, 203.24652175903321, 199.50580444335938, 197.40814056396485, 199.77614151000978, 194.14485229492186, 195.14068817138673, 197.28610595703125, 191.51987670898438, 193.18199996948243, 195.908497467041, 192.29479858398437, 190.85505096435546, 187.09215942382812, 187.84945678710938, 187.6063967895508, 182.97676528930663, 183.86223526000975, 183.33178131103514, 179.11730850219726, 180.13084465026856, 178.56194305419922, 178.08436599731445, 179.34900787353516, 176.80178131103514, 180.39528564453124, 174.0656187438965, 176.87386291503907, 175.431434173584, 174.52562286376954, 174.1807995605469, 174.08888107299805, 172.90379043579102, 172.42843841552735, 167.70799423217773, 171.99122062683105, 170.21569564819336, 170.50670806884764, 168.0006308746338, 167.93236145019532, 170.59754333496093, 169.47820640563964, 165.32294975280763, 167.0344408416748, 165.0056079864502, 163.99072174072265, 165.62680198669435, 167.95568908691405, 165.40397109985352, 162.7948910522461, 163.14885139465332, 165.1066515350342, 160.9057624053955, 162.00323097229003, 161.48145614624025, 162.19536819458008, 159.54530166625977, 160.5962533569336, 159.43407196044922, 159.436586227417, 158.32435066223144, 161.49940277099608, 155.25247787475587, 156.4803874206543, 157.75787033081053, 157.64139762878418, 156.343828125, 155.34191650390625, 155.02831840515137, 154.95398712158203, 156.91500213623047, 157.07397506713866, 155.84488815307617, 152.00204917907715, 151.59975776672363, 152.65081130981446, 156.2416236114502, 152.25361770629883, 153.09358032226564, 151.54998008728026, 151.69568977355956, 150.02198120117188, 153.30476066589355, 152.1804049682617, 150.67678817749024, 148.0146768951416, 150.3812808227539, 149.9508878326416, 146.9927619934082, 146.82802062988281, 149.4212092590332, 149.10303497314453, 150.17372337341308, 149.22986999511718, 146.8713695526123, 146.20788452148437, 147.43881927490236, 146.00631942749024, 146.92831436157226, 146.82054466247558, 145.4211025238037, 145.51649002075195, 147.48356201171876, 142.26388221740723, 145.51760612487794, 144.7444873046875, 143.72609771728514, 141.0951350402832, 144.33500610351564, 147.6602170562744, 145.3545401763916, 143.0974186706543, 142.0107566833496, 143.88268356323243, 141.41102279663085, 141.3179867553711, 142.02269882202148, 139.06489486694335, 141.92086418151857, 141.59060707092286, 141.8622132873535, 142.62605201721192, 140.5725919342041, 141.16665740966798, 140.33976036071778, 136.01860641479493, 139.0874366760254, 139.56212043762207, 138.59838661193848, 140.09401077270508, 136.39570602416993, 137.4070491027832, 139.74230705261232, 138.09688331604005, 135.72026084899903, 137.5214200592041, 136.55458068847656, 137.19735633850098, 136.92355525970459, 136.56076568603515, 138.29725761413573, 135.81336952209472, 132.63252296447754, 135.80581428527833, 134.66182205200195, 135.55112861633302, 136.8598504638672, 136.1239842224121, 134.7391667175293, 135.4842993927002, 136.1121026611328, 135.86280464172364, 133.42640464782716], "map": 0.567685410615034}, "time": 1634.0115761756897}