{"task": {"alpha": 1, "lr": 1e-06, "wd": 1e-05, "bits": 32}, "result": {"earlyStop": true, "loss": [231.71638229370117, 228.6538700866699, 229.93769271850587, 223.9803709411621, 221.30164642333983, 218.79857650756836, 217.834754486084, 217.7224394226074, 216.63511459350585, 214.0342707824707, 212.79450271606444, 211.72600845336913, 209.69294128417968, 210.71663513183594, 206.06686340332033, 206.37443603515624, 203.8462187194824, 203.08404815673828, 198.58277450561525, 198.58111251831053, 198.9196286010742, 196.4377735900879, 198.9371566772461, 195.86187026977538, 193.44004028320313, 193.98249130249025, 193.65113708496094, 191.8435415649414, 191.44768753051758, 190.2360223388672, 187.99476837158204, 188.62083648681642, 185.62826705932616, 185.60250213623047, 186.30231430053712, 182.64585540771483, 183.3538787841797, 179.17141052246095, 186.02197341918946, 182.4326383972168, 178.7232992553711, 180.85729064941407, 177.612626953125, 176.0652976989746, 178.7597248840332, 176.54656188964844, 176.38516479492188, 174.48682823181153, 175.8390983581543, 171.85954460144043, 174.10296630859375, 170.77447929382325, 173.87988723754881, 170.6644428253174, 170.30088027954102, 171.46472930908203, 172.03655799865723, 170.5775631713867, 167.7399730682373, 169.0251092529297, 168.08709938049316, 170.50197769165038, 169.62452941894531, 166.9617342376709, 165.7730711364746, 165.98540878295898, 167.67626838684083, 165.51826484680177, 165.43189804077147, 163.15457664489747, 162.38319580078124, 164.0200789642334, 165.16706520080567, 162.9242414855957, 160.61498626708985, 163.1389079284668, 161.44956893920897, 160.90947639465332, 161.05278213500978, 157.69362503051758, 160.53159423828126, 158.2018598175049, 159.49026947021486, 157.20596755981444, 158.32452842712402, 157.96912315368652, 157.72953239440918, 157.17225891113281, 156.32276397705078, 155.20532066345214, 154.19838600158693, 157.33024047851563, 156.84152282714842, 156.12849479675293, 156.12846565246582, 152.58744956970216, 153.19165534973143, 153.61978965759278, 152.96896430969238, 152.5757814025879, 153.29172622680665, 152.51785102844238, 152.71560455322265, 152.0170400238037, 151.58822784423828, 151.9020559692383, 153.20787071228028, 151.19552047729493, 151.25076194763184, 150.84781608581542, 154.54712036132813, 151.81994003295898, 147.2861368560791, 151.58125312805177, 150.82991249084472, 150.3156169128418, 148.64975883483888, 149.58935867309572, 148.46987342834473, 148.91143646240235, 148.09125984191894, 148.08201904296874, 148.1422148132324], "map": 0.5013219505770596}, "time": 1237.2536222934723}