{"task": {"alpha": 3, "lr": 1e-06, "wd": 1e-05, "bits": 32}, "result": {"earlyStop": true, "loss": [746.3188543701172, 740.2721075439454, 753.0446221923828, 739.2005596923829, 734.9295104980469, 738.8882043457031, 735.2464569091796, 725.6457360839844, 719.187105102539, 725.3928619384766, 723.7599969482421, 720.0143505859374, 697.4747644042968, 704.0134643554687, 713.4609112548828, 699.0935302734375, 708.4663842773438, 700.1886090087891, 689.1927984619141, 690.1000805664063, 699.1598345947266, 695.5686193847656, 679.1219561767579, 694.3744818115234, 686.9611346435547, 674.332861328125, 681.5211981201172, 680.3484423828126, 671.1537384033203, 666.0011730957032, 664.5462927246094, 663.6512353515625, 671.2713214111328, 670.3785870361328, 656.8875897216797, 662.5043664550781, 660.88375, 657.7589520263672, 650.9728491210938, 648.1830072021485, 648.8076922607422, 649.3186309814453, 644.6905947875977, 642.1144024658203, 646.6535342407227, 642.2518719482422, 634.6324645996094, 646.2788122558594, 631.618850402832, 631.0868786621094, 640.4263946533204, 625.3013861083984, 621.1860278320313, 633.1939785766601, 631.0705139160157, 630.5796716308594, 618.5662139892578, 619.5307424926758, 627.1628881835937, 615.3734786987304, 625.1612231445313, 614.3002807617188, 620.2714776611328, 620.3794964599609, 604.6851428222657, 616.1646658325195, 605.5594219970703, 604.7717434692382, 601.7376681518555, 598.9097482299804, 599.6589700317382, 603.5072958374024, 613.1259066772461, 591.086637878418, 598.9018005371094, 599.0467105102539, 597.0841815185547, 596.9734649658203, 594.1513269042969, 586.7810153198242, 600.5023278808594, 586.5885516357422, 583.5410256958007, 578.9272708129882, 587.6100100708007, 590.5161569213867, 589.5782748413086, 583.1674597167969, 582.2278173828125, 586.1589291381836, 583.4004602050782, 579.0936029052734, 581.8031921386719, 573.5536434936523, 573.1657272338867, 571.4077734375, 574.8299276733399, 574.8606951904297, 580.6314135742188, 573.190821838379, 567.8814025878906, 569.5906524658203, 569.4840240478516, 563.8683883666993, 568.0212350463867, 560.0496472167969, 562.2096020507812, 564.810329284668, 562.7994012451172, 558.1983865356445, 577.0170651245118, 564.234098815918, 561.0478088378907, 567.0615158081055, 559.2562936401367, 558.3430450439453, 562.6746112060547, 550.3838037109375, 565.6873254394532, 546.3657373046875, 549.9485888671875, 546.8904849243164, 539.6626901245118, 550.6518786621094, 546.410855102539, 557.1327438354492, 551.1471865844727, 543.8876199340821, 545.7984725952149, 548.2739428710937, 554.6032458496094, 545.6111898803711, 540.7677597045898], "map": 0.5318373409087573}, "time": 1385.6337540149689}