{"task": {"alpha": 5, "lr": 0.0001, "wd": 1e-05, "bits": 48}, "result": {"earlyStop": true, "loss": [922.9758111572265, 763.0912286376953, 725.711918334961, 672.9086495971679, 638.0895568847657, 612.1305599975586, 595.139609375, 554.8239102172852, 563.5727471923828, 541.5534088134766, 513.6111297607422, 510.05855529785157, 497.29967834472654, 476.27551025390625, 485.24430908203124, 463.08826187133786, 455.4745722961426, 452.8217071533203, 444.78913543701174, 440.1004774475098, 432.0928567504883, 433.7115284729004, 411.1625915527344, 414.5763957214356, 405.6092762756348, 405.77556358337404, 407.9789891052246, 387.0337725830078, 393.16755950927734, 380.5896955871582, 382.1645217895508, 375.30061080932614, 378.1013784790039, 365.0415461730957, 357.01801162719727, 359.9831993103027, 364.57036026000975, 343.1477354431152, 352.95390518188475, 338.669840927124, 342.6752912902832, 331.50560455322267, 332.07653305053714, 313.4686456298828, 319.4456427001953, 311.22745964050296, 301.421741027832, 295.8328755187988, 294.6942147064209, 282.1492007446289, 277.8569669342041, 274.09468841552734, 266.5410189819336, 263.81370471954347, 248.5422329711914, 244.58821815490722, 238.00274162292482, 235.45246948242186, 217.36313095092774, 212.03547286987305, 214.9144306945801, 206.16445247650145, 187.04129680633545, 190.7230327987671, 176.36844863891602, 175.3275754547119, 169.32473917007445, 159.6486667251587, 156.70530164718627, 142.59718563079835, 151.3786623764038, 140.71861515045165, 137.26429666519164, 124.58082134246825, 113.6424691772461, 116.35804801940918, 109.4305818939209, 101.68918590545654, 103.40944012641907, 87.26798328399659, 84.57728178024291, 86.95662801742554, 77.49274432182312, 79.87090585708619, 73.70385265350342, 74.61082412719726, 69.44855924606323, 57.56211677551269, 57.0534948348999, 56.2066184425354, 55.119434404373166, 49.07567761421203, 45.48938591957092, 48.457473068237306, 44.18696146011352, 46.581214361190796, 33.9128918838501, 33.15449457168579, 37.66062964439392, 38.22043747901917, 30.022631006240843, 28.4845267868042, 30.008189401626588, 25.89761613845825, 28.95860327720642, 17.627223129272462, 27.85753984451294, 23.990213890075683, 19.66975142478943, 22.542345581054686, 19.557789306640625, 19.95100642204285, 18.703436546325683, 17.526848554611206, 17.31944231033325, 19.975545434951783, 18.484887571334838, 13.362091045379639, 16.648934898376464, 11.243133945465088, 21.94104105949402, 10.445235691070557, 14.977527580261231, 9.774827814102172, 19.74291389465332, 6.829784231185913, 15.3833971118927, 11.81772674560547, 9.028843612670899, 17.950356216430663, 6.426349401473999, 6.587711868286132, 16.819436540603636, 7.005691709518433, 9.745444898605347, 9.903294410705566, 7.984405689239502, 15.245673618316651, 6.464371042251587, 4.822231464385986, 13.89329514503479, 3.8525638294219973, 4.395373363494873, 12.882261371612548, 11.715627422332764, 7.232187986373901, 1.8010223007202149, 8.54672194480896, 10.081925945281982, 8.091947069168091, 3.3476932144165037, 4.329181356430054, 12.008600940704346, 3.5521339321136476, 2.8211860847473145, 9.952314033508301, 8.641894006729126], "map": 0.7860971607714339}, "time": 1324.7122163772583}