{"task": {"alpha": 1, "lr": 1e-05, "wd": 1e-05, "bits": 12}, "result": {"time stopage": true, "loss": [211.58157760620117, 192.9381718444824, 187.7430874633789, 177.61220489501954, 170.8781258392334, 169.6559439086914, 161.3991276550293, 159.54046867370604, 156.60644966125489, 153.92313064575194, 154.32708869934083, 146.9825453186035, 150.8229953765869, 145.18754165649415, 144.8891251373291, 142.38171981811524, 140.54755023956298, 139.26575408935548, 136.9995718383789, 135.44399299621583, 135.5376040649414, 135.16130798339844, 135.39240188598632, 134.40016845703124, 131.82249290466308, 129.45174911499024, 127.06479633331298, 126.44479972839355, 127.35769981384277, 125.26613971710205, 124.24712722778321, 126.24088230133057, 123.3129044342041, 122.21438163757324, 122.00435516357422, 118.26941879272461, 118.70925582885742, 120.47512756347656, 118.67598049163819, 118.54234420776368, 116.84050258636475, 115.38859703063964, 115.25636405944825, 115.43585582733154, 113.12409019470215, 113.71256488800049, 113.14456439971924, 112.48638763427735, 111.54112541198731, 112.05336212158203, 110.4751457977295, 108.52343193054199, 110.02094680786132, 107.14504154205322, 108.13664611816407, 109.1538461303711, 106.56908782958985, 106.61203838348389, 104.8971601486206, 107.11795761108398, 104.07348598480225, 103.66792491912842, 103.47155925750732, 101.24661205291748, 103.35069389343262, 100.87181869506836, 99.82206420898437, 100.94457122802734, 99.49406410217286, 99.56049461364746, 97.98864322662354, 98.4194934463501, 97.43926303863526, 98.2024301147461, 97.16732326507568, 94.49047008514404, 94.43729091644288, 91.63982116699219, 94.38145126342773, 93.6613212966919, 92.28679313659669, 92.8875545501709, 93.72683204650879, 90.20765766143799, 89.30656761169433, 88.55550380706786, 87.15761821746827, 88.33928634643554, 88.03572982788086, 87.58336904525757, 86.22614490509034, 85.30213279724121, 85.25282329559326, 86.83567905426025, 82.22218105316162, 83.93371963500977, 83.44426967620849, 84.56029502868653, 82.0999609375, 79.57991275787353, 78.9544563293457, 80.35410591125488, 80.09970069885254, 78.04879249572754, 79.70490413665772, 75.65468448638916, 77.1835864830017, 73.70649766921997, 74.18137910842896, 74.03338516235351, 72.69608057022094, 74.4077364730835, 71.62578607559205, 71.26990743637084, 69.35296998977661, 70.85729970932007, 71.75394105911255, 69.59406492233276, 66.79661323547363, 67.54368408203125, 67.95520692825318, 66.75180641174316, 66.35273851394653, 65.23840785980225, 63.89799566268921, 65.15506881713867, 62.70705032348633, 63.47806697845459, 63.22087802886963, 61.82577100753784, 60.79556219100952, 59.748225631713865, 59.289379138946536, 58.26553586959839, 59.05807193756104, 55.31420524597168, 57.105664539337155, 57.04640712738037, 56.60863235473633, 54.40273401260376, 52.89751577377319, 56.74466161727905, 53.24897729873657, 50.80656051635742, 51.97584631919861, 52.254382591247555, 51.54102430343628, 48.744570684432986, 49.25081305503845, 49.48860709190369, 48.88841389656067, 47.836229677200315, 48.284844074249264, 45.22885850906372, 45.49778310775757, 45.32246187210083, 45.27707935333252, 43.76241184234619, 43.10047127723694, 43.18837377548218, 41.77512295722961, 40.335874214172364, 41.97776618003845, 40.05833498001098, 40.296199026107786, 40.230627784729, 39.9105172920227, 38.26496569633484, 37.48788069725037, 37.14109839439392, 38.171252737045286, 37.511618089675906, 35.40371778488159, 36.742597827911375, 35.54000885009766, 35.17343857765198, 33.77948543548584, 33.297631368637084, 32.35260841369629, 31.165549182891844, 32.10635855674744, 30.932832803726196, 30.11648416519165, 29.934824295043946, 30.733714265823366, 29.397388696670532, 28.624728708267213, 28.90192804336548, 27.65977415084839, 27.002792983055116, 27.113526577949525, 25.945850343704222, 26.31842554092407, 26.24236309528351, 25.644176139831544, 24.842030577659607, 23.562193322181702, 24.333757755756377, 23.0188658952713, 24.054532980918886, 22.22883831501007], "map": 0.5598217040710921}, "time": 1806.7277171611786}