{"task": {"alpha": 5, "lr": 1e-05, "wd": 1e-06, "bits": 32}, "result": {"earlyStop": true, "loss": [1232.1692150878907, 1217.836932373047, 1162.9114764404296, 1138.344227294922, 1115.304721069336, 1084.1128857421875, 1076.660606689453, 1042.4909930419922, 1030.9488201904296, 1009.8912127685547, 1004.2914080810547, 991.5020269775391, 977.6309423828125, 955.6940966796875, 939.1861236572265, 938.6692370605468, 924.2652557373046, 918.0306903076172, 908.2547741699219, 894.955961303711, 873.8707434082031, 876.8012921142578, 855.2651788330078, 858.3261126708984, 864.535908203125, 833.3825219726563, 845.5146057128907, 831.7453332519531, 830.7223083496094, 815.246117553711, 815.8713067626953, 808.8540246582031, 798.7474145507813, 784.9696426391602, 781.5133081054687, 782.0146960449218, 772.0066790771484, 779.0304132080078, 757.7197427368164, 759.0169442749024, 750.9113580322265, 760.5163299560547, 745.4226864624023, 744.0695449829102, 736.1573370361328, 726.1411041259765, 714.6819018554687, 726.569920349121, 727.3761032104492, 713.8192074584961, 720.4290698242188, 704.5673449707032, 692.6142681884766, 692.8378634643555, 703.5637884521484, 694.5620700073242, 683.8063751220703, 687.82275390625, 681.1742404174805, 691.906364440918, 672.6354849243164, 669.7332513427734, 672.7456198120117, 672.1707397460938, 662.0530203247071, 677.8523919677734, 663.6558029174805, 659.9502560424804, 664.067463684082, 660.3577838134765, 649.2431726074219, 639.0267565917969, 644.5982510375976, 645.9180422973633, 650.2723812866211, 644.3574404907226, 628.9391476440429, 634.2113256835937, 626.2246780395508, 630.3223724365234, 631.8927026367187, 629.9554992675781, 616.8817459106446, 626.7096875, 608.5550476074219, 620.8007217407227, 622.7375088500977, 613.1923052978516, 607.0752365112305, 607.8383224487304, 603.2488049316406, 601.232091369629, 607.7875802612305, 596.8659323120118, 598.0876028442383, 586.9778280639648, 589.4873468017578, 586.1168423461914, 596.0523156738282, 591.3951235961914, 606.9288665771485, 581.7741670227051, 582.2735418701172, 586.9544567871094, 594.1438024902344, 575.1349224853516, 568.4618171691894, 583.6176937866211, 585.0142294311523, 558.0364724731445, 564.7253857421875, 566.773660583496, 561.2669720458985, 568.361654510498, 565.5451480102539, 560.7171752929687, 558.3289392089844, 550.9421902465821, 549.3570086669922, 558.1313076782227, 552.0651864624024, 561.0927276611328, 550.1394644165039, 549.33734375, 544.6891404724121, 551.6467361450195, 548.2134954833984, 552.2098356628418, 538.3619662475586, 548.5623405456543, 541.2315408325195, 539.9133688354492, 534.2559805297851, 543.6750939941406, 536.2279672241211, 541.1287200927734, 534.8653024291992, 527.2698983764649, 527.3512078857422, 521.2568112182618, 532.0176541137695, 532.0363673400878, 518.214513244629, 533.187992553711, 525.879786682129, 508.4286911010742, 521.0483163452149, 514.8037350463867, 523.3520669555664, 512.2176470947265, 512.9652919006347, 502.07867553710935, 514.1205612182617, 503.71264907836917, 501.4144366455078, 506.3495718383789, 505.44636459350585, 502.2303643798828, 499.358505859375, 495.9006671142578, 506.84650054931643, 494.786024017334, 507.32457855224607, 497.2807925415039, 495.3512875366211, 493.3575932312012, 492.3434745788574, 501.1466532897949, 495.2966343688965, 481.1263572692871, 492.08332107543947, 497.49466796875, 482.7997085571289, 498.72359420776365, 491.912311706543, 488.0254690551758, 483.5600109863281, 485.2600727844238, 481.3485791015625, 488.2317547607422], "map": 0.7185382529303871}, "time": 1751.2956252098083}