{"task": {"alpha": 5, "lr": 0.0001, "wd": 1e-06, "bits": 48}, "result": {"earlyStop": true, "loss": [893.328110961914, 749.2120281982421, 685.7469949340821, 666.9442242431641, 626.2459872436524, 608.3238568115235, 575.4157171630859, 575.5702899169922, 554.3112832641601, 538.2408560180664, 516.2601232910156, 503.2897521972656, 494.3522018432617, 475.69675018310545, 475.20491653442383, 457.7084811401367, 451.38188690185547, 452.91530319213865, 446.7856846618652, 425.12828704833987, 427.0633222961426, 418.10081359863284, 418.242657623291, 416.7566023254395, 411.8706799316406, 400.9709533691406, 405.95185424804686, 398.5305926513672, 397.0152243041992, 391.73304443359376, 380.6738391113281, 378.31278625488284, 366.874578704834, 363.2100706481934, 372.5223832702637, 358.30738037109376, 354.9109306335449, 344.69828605651855, 355.41628547668455, 339.50680892944337, 334.7999558258057, 330.47320503234863, 330.9101879882812, 317.43856979370116, 317.60062351226804, 309.1651148986816, 303.05411933898927, 304.06548049926755, 294.3587933349609, 295.12051620483396, 283.73311737060544, 263.8893916320801, 262.13959800720215, 261.7101530456543, 252.76582244873046, 249.81747009277345, 235.6028261566162, 234.01966976165772, 224.2227649307251, 219.53321578979492, 220.4829528427124, 200.87641258239745, 196.13519821166992, 192.86649192810057, 194.521417388916, 174.32549793243408, 176.2970141029358, 163.74321571350097, 165.84989738464355, 160.1284780883789, 143.9391162109375, 147.47344274520873, 128.02372257232665, 139.02936641693114, 127.89284280776978, 127.20001907348633, 113.27350023269653, 103.95369299888611, 108.19314141273499, 89.7392645263672, 96.32482166290283, 88.74022024154664, 82.02869414329528, 89.4792075252533, 76.44181520462035, 70.02081803321839, 68.65732154846191, 68.92533310890198, 64.69522199630737, 58.99892363548279, 54.93412907600403, 54.978961095809936, 52.267550220489504, 43.03197603225708, 45.86645209312439, 43.35535109519959, 43.49349197387696, 38.905803213119505, 37.039488525390624, 35.3233291721344, 34.46930517196655, 32.02749551773071, 30.136676416397094, 30.436833295822144, 24.011842327117918, 33.5476500415802, 24.820748491287233, 28.480227270126342, 19.105754880905153, 25.568655061721802, 20.00461615562439, 24.227835607528686, 14.181255855560302, 29.51762731552124, 11.488655643463135, 21.583173418045043, 18.339978342056273, 11.222589683532714, 21.599184255599976, 16.828430900573732, 18.725345878601075, 8.012515602111817, 11.759447231292725, 23.52749804496765, 10.167430486679077, 13.955538749694824, 11.473145723342896, 11.840827045440674, 12.020313425064087, 9.96811469078064, 16.339214782714844, 6.864719572067261, 13.451412467956542, 11.331058902740478, 7.310290660858154, 6.788095531463623, 17.435809783935547, 6.504182796478272, 9.08622721672058, 6.70107216835022, 13.672354736328124, 4.612752704620362, 10.512800073623657, 5.583988428115845, 12.054139614105225, 8.3458451461792, 5.191873893737793, 10.441506481170654, 8.829423847198486, 4.121617317199707, 4.85179295539856, 12.654877643585206, 3.805903129577637, 7.278866691589355, 5.237862415313721, 12.495995407104493, 3.895856418609619, 1.1454899406433106, 12.556292209625244, 1.990617141723633, 4.289228372573852, 14.929178733825683, 2.610342626571655, 2.28359338760376, 2.695731563568115, 8.17884892463684, 4.466618461608887, 2.682595691680908], "map": 0.7834847711164411}, "time": 1401.833200931549}