{"task": {"alpha": 3, "lr": 0.0001, "wd": 1e-05, "bits": 12}, "result": {"earlyStop": true, "loss": [512.3978039550781, 432.7353210449219, 409.8241845703125, 385.6390628051758, 373.44956939697266, 357.6347721862793, 340.5737162780762, 335.9896653747559, 326.79116744995116, 314.087227935791, 318.7216532897949, 304.9939886474609, 296.8802944946289, 297.79536178588864, 289.7844236755371, 287.3326679992676, 280.6783438110352, 278.1013845062256, 274.37253860473635, 261.0987796020508, 264.80002334594724, 265.4842887878418, 255.24424697875978, 251.66978927612305, 251.5886068725586, 253.4934268951416, 249.50786071777344, 240.51844383239745, 235.27580451965332, 239.01476020812987, 240.38108245849608, 232.11823860168457, 230.59516006469727, 225.21266361236573, 225.91669090270997, 220.54377700805665, 217.87911949157714, 216.49171142578126, 209.153916015625, 212.4692874145508, 206.03010009765626, 208.25277587890625, 200.6140121459961, 203.93230728149413, 188.4048523712158, 187.69843528747558, 181.64069786071778, 185.79953125, 177.8475369644165, 171.03000116348267, 169.6863983154297, 160.23900020599365, 161.09582286834717, 156.9290756225586, 149.8734049987793, 146.00169471740722, 142.98179485321046, 137.85435890197755, 135.32835952758788, 137.0226332473755, 126.82014503479004, 121.66006683349609, 122.8527841758728, 117.10781822204589, 112.24542274475098, 107.53482080459595, 103.52430372238159, 101.55963031768799, 93.05629821777343, 92.95062461853027, 89.97872360229492, 80.1563203907013, 82.0154200553894, 83.39025176048278, 78.16759632587433, 76.37630805015564, 66.62385340690612, 64.86030697822571, 64.43360954284668, 57.77019100189209, 54.04529811382294, 53.64529326438904, 53.99589778900147, 48.96234282016754, 45.19124588012696, 45.44261885643005, 47.38415743350983, 39.574957571029664, 38.81904286384582, 34.23869491577148, 36.847681679725646, 30.761848354339598, 30.879984703063965, 26.95326783657074, 30.55701564311981, 29.0658681678772, 22.07745717048645, 24.80496021747589, 23.603370189666748, 22.045930795669555, 20.57343065738678, 20.797472372055054, 16.279124011993407, 20.591252360343933, 20.380167622566223, 15.496866507530212, 18.299311423301695, 14.60274305820465, 13.746568336486817, 14.467374877929688, 13.712451944351196, 12.6625385761261, 15.375754384994506, 10.499274621009826, 11.366257095336914, 14.475158114433288, 9.137779660224915, 6.680426197052002, 12.346949467658996, 13.003120012283325, 5.867663488388062, 10.86923176765442, 7.846174144744873, 9.093662848472595, 6.8487919902801515, 6.619754147529602, 6.9080406761169435, 10.857153987884521, 6.239056625366211, 5.216247415542602, 8.526236643791199, 7.945584797859192, 5.948331422805786, 3.124316444396973, 6.837602033615112, 8.258999972343444, 3.8567098999023437, 4.998023953437805, 7.8001385688781735, 2.5424545192718506, 8.593877172470092, 3.3370033836364748, 2.884226584434509, 6.002304978370667, 2.37376482963562, 7.343895945549011, 8.035822434425354, 1.144558882713318, 6.153004813194275, 4.5520436668396, 2.6220407342910765, 7.229772896766662, 2.6152057456970215, 3.6591447162628175, 4.791133370399475, 2.706611404418945, 5.514515852928161, 2.4079857587814333], "map": 0.7374519885768622}, "time": 1313.6854903697968}