{"task": {"alpha": 5, "lr": 1e-06, "wd": 1e-06, "bits": 24}, "result": {"earlyStop": true, "loss": [1264.6392822265625, 1277.495498046875, 1261.4803540039063, 1241.2292333984376, 1273.49345703125, 1241.9283813476563, 1254.5737243652343, 1250.019276123047, 1255.20271484375, 1241.6732238769532, 1236.5731323242187, 1237.3044091796876, 1247.9472204589845, 1234.6083581542969, 1233.0662451171875, 1226.0086962890625, 1233.2772021484375, 1225.7272827148438, 1218.9238537597657, 1210.9715014648436, 1207.4773181152343, 1196.793037109375, 1208.859990234375, 1203.7658276367188, 1207.9272204589843, 1205.0156896972655, 1194.173018798828, 1190.9031372070312, 1196.0078552246093, 1209.3770043945312, 1201.6025885009765, 1194.9246984863282, 1183.2589459228516, 1177.0936108398437, 1190.1173571777344, 1211.0347399902344, 1184.2481091308593, 1181.9082482910155, 1173.2859375, 1190.6336389160156, 1176.9138500976562, 1151.9020672607421, 1167.761484375, 1170.4442620849609, 1157.824955444336, 1183.6434313964844, 1166.5466149902343, 1158.7651263427733, 1158.7534814453124, 1143.1589459228517, 1159.8312951660157, 1151.3950268554688, 1169.2893658447265, 1142.0346905517579, 1141.3986120605468, 1136.666739501953, 1130.557963256836, 1145.8347540283203, 1143.8265008544922, 1131.3282135009765, 1126.3335314941405, 1117.809468383789, 1122.004471435547, 1130.912119140625, 1131.5067303466797, 1119.515532836914, 1109.1316094970703, 1114.4562225341797, 1118.7857250976563, 1117.8196978759765, 1108.5821807861328, 1115.1230865478515, 1097.2850805664064, 1096.3090032958985, 1099.067562866211, 1099.7930432128906, 1112.893812866211, 1085.3705444335938, 1090.4298608398437, 1080.6038842773437, 1116.5228295898437, 1088.4461224365234, 1085.4467419433595, 1082.2503594970703, 1078.8928790283203, 1072.8361627197266, 1086.1423095703126, 1066.637505493164, 1082.249464111328, 1079.8631213378906, 1052.3592321777344, 1067.4485443115234, 1060.0900354003907, 1069.88294921875, 1065.0670275878906, 1065.0683673095702, 1067.4039404296875, 1063.6631030273438, 1058.181395263672, 1069.7653448486328, 1060.8690594482423], "map": 0.48607463996198086}, "time": 1051.0705072879791}