{"task": {"alpha": 1, "lr": 1e-06, "wd": 1e-06, "bits": 24}, "result": {"earlyStop": true, "loss": [232.16745849609376, 228.921349029541, 226.56319381713868, 225.37883575439454, 222.76064041137695, 218.92815673828125, 216.03851760864256, 215.78419692993165, 216.1103224182129, 213.44966186523436, 210.1898338317871, 213.24524185180664, 208.6801741027832, 210.85703552246093, 206.14906692504883, 204.8532565307617, 204.44924545288086, 201.6671517944336, 202.38274536132812, 198.09901641845704, 199.40784927368165, 196.9100877380371, 194.45169799804688, 196.6345234680176, 193.5411360168457, 195.3754621887207, 193.98345108032225, 190.3887448120117, 190.79359466552734, 190.04229019165038, 187.67245635986328, 187.08137741088868, 189.78015594482423, 185.80380271911622, 187.34517593383788, 183.81412048339843, 187.98102478027343, 183.87288452148437, 180.97698120117187, 182.4285237121582, 182.16579620361327, 182.63654281616212, 178.84487670898437, 179.9871356201172, 178.54225891113282, 175.90723968505858, 176.93417160034178, 177.3397492980957, 177.68097412109375, 176.81730911254883, 175.462638092041, 175.73065612792968, 173.1129608154297, 174.5196768951416, 173.10801071166992, 173.45035919189453, 172.6489524078369, 170.8503497314453, 171.02691177368163, 169.06683853149414, 172.43920738220214, 171.53876228332518, 169.93946533203126, 165.64801864624025, 166.17187553405762, 169.50293746948242, 168.7630989074707, 167.6558358001709, 167.4136753845215, 165.69542678833008, 164.4375308227539, 164.05855697631836, 162.43948654174804, 165.68655235290527, 166.3790299987793, 163.64903175354004, 160.33242218017577, 161.76527130126954, 163.06375663757325, 159.78482315063476, 160.63741157531737, 162.95525421142577, 162.8430615234375, 160.42668823242187, 159.9464604949951, 160.02975273132324, 160.1731022644043, 160.36789390563965, 158.44790473937988, 155.5403231048584, 158.93746154785157, 158.48665046691895, 156.4491815185547, 158.28604850769042, 156.73456703186037, 157.65576995849608, 159.80120399475098, 155.21342391967772, 153.968648147583, 156.1253269958496, 152.48737678527831, 154.8184893798828, 153.50619728088378, 154.6953411102295, 153.21304359436036, 156.35218925476073, 153.17818084716797, 154.53660003662108, 151.80861557006835, 152.43163452148437, 152.72777656555175, 151.48176750183106, 151.96684783935547, 152.75199768066406, 152.18049942016603, 152.31819511413573, 149.2899983215332, 152.91998695373536, 150.35072563171386, 151.1815699005127, 149.45846298217774, 149.34399932861328, 149.22373580932617, 148.70026733398439, 149.68322364807128, 145.92770957946777, 147.80581184387208, 147.70164901733398, 149.06457199096678, 148.99955299377442, 149.228077545166, 147.7625811767578, 146.41307861328124, 146.491509475708, 146.85590957641602, 150.85911445617677], "map": 0.48465202019560855}, "time": 1352.5456993579865}