{"task": {"alpha": 1, "lr": 1e-05, "wd": 0.0001, "bits": 32}, "result": {"time stopage": true, "loss": [207.01128799438476, 185.32546768188476, 177.02844482421875, 171.37671813964843, 163.08408111572265, 164.7138237762451, 158.8457731628418, 153.44737632751466, 151.05973167419432, 147.4950064086914, 144.42932403564453, 146.20415893554687, 142.74999099731446, 136.65073486328126, 137.01162979125976, 134.52554626464843, 135.6899520111084, 132.80912796020507, 130.93882926940918, 130.16483268737792, 126.79929584503174, 127.48594535827637, 124.17630470275878, 126.11038902282715, 122.66523029327392, 120.30885860443115, 120.96516670227051, 119.59826622009277, 117.5568293762207, 119.82122566223144, 115.91406745910645, 117.08587348937988, 116.52453849792481, 114.30644962310791, 112.06305728912353, 113.74319850921631, 113.77140655517579, 112.41249656677246, 110.95238262176514, 109.40042770385742, 107.53799167633056, 110.22084220886231, 109.82433937072754, 108.64050243377686, 110.5196569442749, 104.19109035491944, 106.29851913452148, 105.63468856811524, 105.06043720245361, 104.8260241317749, 105.14923122406006, 104.71293483734131, 102.32346134185791, 104.61604312896729, 101.2796039199829, 102.70344245910644, 101.25807052612305, 100.66227436065674, 99.73854778289795, 97.88137733459473, 97.92927734375, 94.80893882751465, 96.05142948150635, 95.48317546844483, 95.82004001617432, 96.26907390594482, 94.92297691345215, 96.40529430389404, 93.638561668396, 93.6889359664917, 91.79981769561768, 92.36186336517333, 92.1743263244629, 93.19215000152587, 90.41087955474853, 88.40757690429687, 89.47739810943604, 90.1849165725708, 89.0087646484375, 87.43993839263916, 87.23141540527344, 87.25363708496094, 88.35971555709838, 85.47917610168457, 85.30273788452149, 85.74962867736816, 84.84046737670899, 82.18950256347657, 82.38100109100341, 81.37781900405884, 82.04768039703369, 79.0016007232666, 80.76607372283935, 79.33098281860352, 77.33103118896484, 79.90939931869507, 77.12349151611328, 77.56024139404298, 76.56890251159668, 74.07377462387085, 75.6705124092102, 76.54356901168823, 72.56790412902832, 75.32252586364746, 72.19807994842529, 70.32682416915894, 73.21366672515869, 69.38587574005128, 69.63112474441529, 70.25634147644043, 69.24905813217163, 70.00453868865966, 67.4720609664917, 67.62439344406128, 67.00066558837891, 67.28661373138428, 64.9818385887146, 62.98427764892578, 64.1036382484436, 63.65758224487305, 63.01839757919311, 61.143369903564455, 61.631390476226805, 64.41864320755005, 60.32322546005249, 60.44188789367676, 59.08452682495117, 57.70078763961792, 59.26254699707031, 57.52514877319336, 55.26039485931396, 55.896556034088135, 55.704387950897214, 55.54467909812927, 55.5951833152771, 52.914722213745115, 52.56028829574585, 52.25339676856995, 51.72043475151062, 51.07919445037842, 50.90195683479309, 48.27714998245239, 48.667855186462404, 47.562700004577636, 48.23164808273315, 45.80516767501831, 46.45886264801025, 46.73342542648315, 43.981823692321775, 43.71729244232178, 44.446613483428955, 43.36352883338928, 42.847988014221194, 41.945342235565185, 40.22377630233765, 42.790881838798526, 41.04632140159607, 41.66309282302856, 39.11570749282837, 38.071766738891604, 37.219236574172974, 38.38679995536804, 39.02945556640625, 35.14602989196777, 35.80428780555725, 35.62500261306763, 35.01213431835175, 33.617783632278446, 33.26315084457397, 32.920758714675905, 32.01086715698242, 32.862795825004575, 32.99942394256592, 29.835982043743133, 30.31868908405304, 30.162726974487306, 28.81534492492676, 28.845815653800965, 28.108891286849975, 27.24664725780487, 26.57184428215027, 26.685194892883302, 27.040515384674073, 26.922776689529417, 26.439534001350403, 25.09706488609314, 24.94107041835785, 23.693351056575775, 24.085708801746367, 23.237513375282287, 22.343130197525024, 22.41748057126999, 21.934776659011842, 21.522567553520204, 20.85155086517334, 19.891002547740936, 20.49262515306473, 19.752448835372924, 19.195832552909852, 19.271361966133117, 18.052075550556182, 18.318858513832094], "map": 0.5796704221835548}, "time": 1809.3652057647705}