{"task": {"alpha": 5, "lr": 1e-06, "wd": 0.0001, "bits": 32}, "result": {"time stopage": true, "loss": [1261.057109375, 1250.7798266601562, 1253.2614685058593, 1264.1642236328125, 1259.57203125, 1262.7700463867188, 1237.4559436035156, 1253.4667602539062, 1258.61912109375, 1245.6376354980468, 1237.4333056640626, 1233.670454711914, 1222.9689617919921, 1213.026103515625, 1209.6821240234376, 1236.455987548828, 1246.899571533203, 1202.3953283691405, 1216.0997998046876, 1215.1461181640625, 1212.3698193359376, 1210.777142944336, 1207.2535363769532, 1200.5669677734375, 1191.8461975097657, 1192.8915661621095, 1198.5419494628907, 1180.6748681640624, 1207.2064172363282, 1209.385675048828, 1189.3285290527344, 1194.9312426757813, 1177.1255676269532, 1178.3852416992188, 1178.5688232421876, 1176.4042657470702, 1173.4628637695312, 1166.718970336914, 1169.8102380371095, 1163.9343426513672, 1154.7665826416016, 1165.7555187988282, 1150.0682885742187, 1149.6184381103515, 1152.3956042480468, 1158.3132196044921, 1150.400892944336, 1134.677308959961, 1145.3737854003907, 1144.3409503173827, 1135.4545343017578, 1128.0968072509766, 1114.7969262695312, 1125.7768841552734, 1133.170108642578, 1121.0668280029297, 1135.612807006836, 1104.9816625976562, 1119.8336157226563, 1120.6065954589844, 1106.3044146728516, 1106.8091467285155, 1107.4931372070312, 1095.1519494628906, 1105.3306658935546, 1098.2756524658203, 1091.7526416015626, 1097.4217736816406, 1117.0459350585938, 1087.6343365478515, 1086.9468548583984, 1078.9267218017578, 1101.7670697021485, 1089.7767071533203, 1097.4786553955078, 1093.2759130859374, 1094.5545495605468, 1089.8476623535157, 1085.5530194091798, 1070.1581286621094, 1061.918175048828, 1062.3031121826173, 1059.7551123046876, 1082.3540118408202, 1051.7148114013671, 1051.5198760986327, 1054.1588232421875, 1047.5026171875, 1047.6116217041015, 1053.466332397461, 1063.2141510009765, 1059.706246948242, 1053.1290075683594, 1053.4790393066405, 1035.142576904297, 1046.2068969726563, 1027.5353302001954, 1044.5745336914063, 1031.8840002441407, 1030.7110247802734, 1035.1740209960938, 1035.8612109375, 1041.1471710205078, 1019.6334149169921, 1036.1920971679688, 1027.647772216797, 1007.5088519287109, 1004.7740301513672, 1018.940029296875, 1028.6759802246095, 1025.1090728759766, 1014.6162530517578, 1008.3573516845703, 1020.3002526855469, 1007.7727960205078, 1005.2689080810546, 999.662798461914, 990.6647998046875, 1015.2708227539063, 1006.9076568603516, 1006.235810546875, 1001.2961419677735, 997.2811004638672, 994.0530743408203, 1008.3134436035157, 1010.6581768798828, 974.8738702392578, 987.0882696533204, 974.7224523925781, 990.5000494384766, 986.9505084228516, 992.122236328125, 977.1552368164063, 986.4672875976562, 985.4260144042969, 972.5759741210937, 988.8809252929688, 964.6568786621094, 985.5349108886719, 971.4000378417969, 966.0623468017578, 991.6143383789063, 979.7744104003906, 970.6607202148438, 964.2533386230468, 966.2618170166015, 963.4126025390625, 950.6481481933594, 970.7681848144531, 957.208330078125, 962.8844836425782, 959.8084857177735, 956.6765692138672, 958.3351007080078, 956.7113696289063, 955.9549768066406, 956.9594525146484, 948.3086834716797, 960.7780316162109, 941.0967596435547, 934.496943359375, 948.555810546875, 948.4554840087891, 934.2315270996094, 950.4049353027344, 936.7912274169922, 947.5324493408203, 934.180659790039, 951.1590539550781, 942.8577154541016, 938.0999053955078, 930.1594567871093, 951.5315515136718, 931.3601184082031, 933.6182354736328], "map": 0.5589958741305602}, "time": 1807.6597537994385}