{"task": {"alpha": 5, "lr": 1e-06, "wd": 0.0001, "bits": 24}, "result": {"earlyStop": true, "loss": [1270.7991442871094, 1265.5273205566407, 1272.4779016113282, 1250.4566247558594, 1268.7312426757812, 1249.5049877929687, 1235.8005871582031, 1252.021915283203, 1258.7436499023438, 1252.8983984375, 1253.7518029785156, 1251.5823400878905, 1243.206240234375, 1247.0116723632811, 1245.1285302734375, 1220.8959838867188, 1228.641796875, 1233.4788427734375, 1223.9014074707031, 1200.2788354492188, 1207.570528564453, 1233.5207751464843, 1236.8948815917968, 1205.4305688476563, 1208.520919189453, 1213.4840350341797, 1193.4149810791016, 1192.6675622558594, 1193.4973388671874, 1198.3358880615235, 1200.3853881835937, 1193.4488897705078, 1208.6639263916015, 1179.4189501953124, 1174.5015899658204, 1177.9486358642578, 1180.0613360595703, 1158.9047076416016, 1170.1984204101564, 1176.6318841552734, 1168.784091796875, 1179.9439556884765, 1159.434757080078, 1178.0804705810547, 1160.6765423583984, 1152.9396484375, 1158.5953625488282, 1174.8938177490234, 1168.5619158935547, 1151.6656500244142, 1135.1341864013673, 1168.0714270019532, 1157.2619232177735, 1144.4226721191405, 1135.1109619140625, 1148.2340197753906, 1145.8067614746094, 1140.296967163086, 1134.2213397216797, 1113.958471069336, 1110.47958984375, 1121.063042602539, 1120.7557495117187, 1131.9155743408203, 1123.2373602294922, 1121.8999029541017, 1129.332953491211, 1122.8204669189454, 1122.0292138671875, 1100.388375854492, 1095.8606286621093, 1106.6645526123048, 1102.4545458984376, 1103.4771307373046, 1097.5044305419922, 1104.0082312011718, 1102.4255853271484, 1101.5532055664062, 1093.0103576660156, 1083.6206982421875, 1105.1156689453126, 1093.9880078125, 1080.3012463378907, 1075.831801147461, 1090.4568353271484, 1080.1074444580079, 1085.6640753173829, 1081.6692706298827, 1071.051756591797, 1072.2809307861328, 1076.9846417236329, 1065.7049090576172, 1055.1722399902344, 1067.6987463378907, 1050.6718200683595, 1053.0863153076173, 1060.6146215820313, 1059.010680541992, 1049.105266723633, 1047.4757611083985, 1055.0360089111327, 1040.8159619140624, 1060.4835571289063, 1048.2146319580079, 1046.2221307373047, 1042.9946362304688, 1036.5778747558593, 1036.466270751953, 1029.0789862060547, 1039.2758599853516, 1050.5579864501954, 1034.932191772461, 1051.357463989258, 1045.0333068847656, 1033.9659857177735, 1012.9107489013672, 1010.6134698486328, 1035.0344396972657, 1024.3593542480469, 1019.1692095947266, 1027.780337524414, 1013.3098870849609, 1036.088206176758, 1013.9123999023437, 1018.0662683105469, 1021.2916998291016, 1018.3905194091797], "map": 0.5074314080018145}, "time": 1325.2905139923096}