{"task": {"alpha": 1, "lr": 1e-06, "wd": 0.0001, "bits": 24}, "result": {"earlyStop": true, "loss": [231.94954879760743, 231.85516189575196, 227.58002578735352, 223.32043365478515, 222.98258499145507, 222.86693923950196, 222.33923751831054, 216.60773574829102, 216.36297378540038, 216.09608291625977, 212.80309692382812, 209.09282455444335, 210.31842315673828, 209.41543487548827, 206.4901382446289, 206.23702804565428, 203.06487258911133, 203.31328842163086, 198.2624020385742, 201.5742346191406, 199.51664459228516, 196.06887130737306, 198.08129302978514, 193.48575134277343, 196.18020538330077, 191.67932952880858, 188.9730694580078, 188.95918762207032, 190.98646835327148, 189.1252417755127, 192.81309005737305, 186.81187210083007, 186.81957260131836, 188.99763275146483, 184.23424545288086, 185.70938552856444, 185.14039260864257, 183.76226959228515, 179.28039505004884, 184.5425, 180.27788238525392, 184.89622299194335, 177.93046875, 178.10832733154297, 176.7484736633301, 179.83480712890625, 177.1740934753418, 175.69482093811035, 175.66411819458008, 178.97667793273925, 172.39051010131837, 174.93610260009766, 171.62978912353515, 172.746572265625, 172.02085800170897, 171.84177017211914, 172.77911872863768, 172.05493041992187, 172.6825621032715, 170.85962089538575, 171.31982482910155, 168.4526160430908, 170.19288146972656, 169.0638215637207, 170.94333724975587, 166.36808906555177, 167.57996955871582, 168.80046363830567, 168.27567085266114, 168.0622699737549, 166.10164123535156, 167.6352816772461, 167.627099609375, 167.2953385925293, 163.90562713623046, 167.02689392089843, 163.1861099243164, 165.08609367370605, 168.609052734375, 163.19927070617675, 162.49801765441896, 161.3136415863037, 161.38657821655272, 164.73724601745604, 160.84173164367675, 159.50367317199706, 162.17008934020996, 159.05165824890136, 163.7124275970459, 159.51081436157227, 158.57501724243164, 160.1415000152588, 157.92255088806152, 158.9068876647949, 156.0090884399414, 157.79024803161622, 155.6434937286377, 157.0130670928955, 156.43889366149904, 157.20599884033203, 155.85563011169432, 157.09179748535155, 155.89672088623047, 156.20911918640138, 154.7290389251709, 156.21816864013672, 153.15180625915528, 155.42666542053223, 152.44493736267088, 154.64062103271485, 153.63170852661133, 154.00912117004395, 152.61593452453613, 152.6216414642334, 153.94410987854005, 150.4828101348877, 152.81649711608887, 151.20163246154786, 152.79818771362304, 150.60111671447754, 150.67505584716798, 149.09392250061035, 152.0006795501709, 149.3204640197754, 149.17930229187013, 151.86593933105468, 149.58800201416017, 149.05717277526855, 150.15308876037597, 149.8564604949951, 148.5581378173828, 149.98827735900878, 149.61270233154298, 149.3716764831543, 149.4192970275879, 145.76001724243164, 149.98333305358886, 147.05448081970215, 145.60154075622557, 147.10212020874025, 146.5394313812256, 147.308369140625, 147.71154777526854, 147.91137573242187, 145.41130416870118, 148.68697761535645, 144.2820738220215, 146.58111068725586, 146.94662078857422, 143.90115333557128, 143.4616990661621, 143.28577201843262, 144.39655838012695, 143.66817764282226, 143.3661180114746, 141.61464614868163, 147.51048721313475, 143.52556655883788, 142.781974029541, 144.09516998291016, 142.300078125, 140.83108879089355, 140.56842742919923, 140.23455039978026, 141.48543411254883, 141.49784774780272, 144.45014450073242, 141.06310234069824, 141.49997512817382, 142.369141998291, 141.81724380493165, 140.2414379119873, 141.75574851989745, 140.52486343383788], "map": 0.5377446314527368}, "time": 1716.8658394813538}