{"task": {"alpha": 5, "lr": 0.0001, "wd": 0.0001, "bits": 24}, "result": {"earlyStop": true, "loss": [956.4627105712891, 813.2913256835938, 739.3444766235351, 702.7883639526367, 663.3395510864258, 648.1111318969727, 633.8609191894532, 613.7097732543946, 580.7288464355469, 581.1396646118164, 556.3825158691407, 538.9164276123047, 544.2466900634765, 531.6613363647461, 512.6620175170898, 499.32577728271485, 500.21370391845704, 483.1038458251953, 495.4762854003906, 480.70985626220704, 473.71865768432616, 462.2768788146973, 458.48546325683594, 448.1206481933594, 437.33147094726564, 447.2280171203613, 431.22018508911134, 423.90243728637694, 426.3119786071777, 420.90498413085936, 418.81562118530275, 410.0606755065918, 399.2482411193848, 404.214525604248, 403.6974627685547, 400.7395901489258, 383.8233911132813, 383.4698945617676, 384.0535499572754, 372.6015657043457, 376.4078153991699, 365.68516860961915, 361.9582823944092, 360.78623428344724, 352.1057671356201, 343.7773472595215, 337.03042266845705, 348.1002621459961, 326.5531719970703, 319.44672821044924, 320.90621841430664, 309.8614114379883, 312.75272018432617, 294.5860182952881, 296.109930267334, 285.18108207702636, 281.07689224243165, 277.08329612731933, 259.0948727416992, 268.1133002471924, 260.2188719177246, 241.78833320617676, 239.6213119506836, 237.5396363067627, 230.9252879333496, 218.52886848449708, 212.71717353820802, 205.10398399353028, 190.97465530395507, 191.8714877319336, 189.69576473236083, 173.67520622253417, 177.94556632995605, 163.80015811920165, 160.12376251220704, 143.97524368286133, 153.53498270988464, 144.25377658843993, 141.47101024627685, 139.54993198394774, 133.16077960968016, 117.65815396308899, 115.6295012664795, 115.16314180374145, 104.47295464515686, 105.96160488128662, 96.80768302917481, 90.35782230377197, 92.73143650054932, 84.94454934120178, 73.75734415054322, 76.66180637359619, 76.01260025024413, 67.8939722251892, 77.75529941558838, 63.39309343338013, 60.2638334274292, 53.43228872299194, 57.63572205543518, 55.67028985977173, 48.698572387695314, 49.43588189125061, 39.393468704223636, 44.73863080024719, 39.57349075317383, 40.765268115997316, 36.45401554107666, 31.603039588928223, 37.05319140434265, 35.41663721084595, 34.265435428619384, 29.153813695907594, 28.709496164321898, 30.19434825897217, 25.87379256248474, 26.230001831054686, 23.66902768135071, 23.447799310684204, 24.17217140197754, 19.65422128677368, 23.81381317138672, 17.738118600845336, 20.2654190826416, 16.457270622253418, 15.78241886138916, 18.583130502700804, 14.254340076446534, 16.705136308670046, 11.495766992568969, 19.3293613243103, 13.907434692382813, 10.207014970779419, 12.37873314857483, 11.069191570281982, 10.056156253814697, 11.713432750701905, 14.492735738754272, 9.558858909606933, 11.292599563598634, 5.706217317581177, 14.614473962783814, 9.588919649124145, 5.205971565246582, 10.111543054580688, 9.071113929748535, 12.275950603485107, 6.971589641571045, 10.11561752319336, 6.623618927001953, 8.657164268493652, 8.194020900726319, 5.301157875061035, 10.867158441543578], "map": 0.7561242973091423}, "time": 1277.2180953025818}