{"task": {"alpha": 3, "lr": 1e-05, "wd": 0.0001, "bits": 32}, "result": {"time stopage": true, "loss": [713.6232305908203, 671.1443530273438, 655.8413256835937, 620.6155657958984, 618.4471270751953, 599.3424545288086, 595.7796853637695, 574.1759619140626, 578.1319284057618, 560.3326754760742, 550.1967681884765, 534.6349389648437, 536.782809753418, 524.9127587890625, 526.7955288696289, 521.6686920166015, 509.63296478271485, 507.9507946777344, 493.5417562866211, 491.4774783325195, 483.43647064208983, 475.3788250732422, 472.7263427734375, 472.1009698486328, 458.7102160644531, 462.538508605957, 454.3424926757813, 451.6189974975586, 448.88455337524414, 445.70807586669923, 449.28434600830076, 435.4288836669922, 439.1952850341797, 433.2884959411621, 426.3778521728516, 416.35029220581055, 424.29501953125, 420.11993896484375, 418.8240544128418, 410.85149169921874, 405.8712240600586, 413.63650787353515, 399.4748822021484, 402.6095867919922, 402.5094470214844, 405.0512272644043, 391.20223251342776, 388.657696685791, 405.3519387817383, 393.1113407897949, 386.5096211242676, 386.5554455566406, 385.5591441345215, 381.35431045532226, 381.68895111083987, 382.21531372070314, 370.1937171936035, 378.79164611816407, 371.43917694091795, 376.9654489135742, 369.76393463134764, 375.5728213500977, 370.8204704284668, 364.1291062927246, 367.78935791015624, 359.4659591674805, 362.0075064086914, 353.4666180419922, 355.9081462097168, 353.4803405761719, 356.39594299316406, 356.8065075683594, 366.29179885864255, 357.96213150024414, 345.0385618591309, 347.8451275634766, 355.4972445678711, 350.5367132568359, 341.3454414367676, 349.57831787109376, 347.67913116455077, 344.85403762817384, 345.32755950927736, 349.17052276611327, 341.1215657043457, 337.37781845092775, 334.8809260559082, 334.15680938720703, 332.1281033325195, 334.05724853515625, 328.1409410095215, 334.43506546020507, 325.4448960876465, 323.95931381225586, 330.450525970459, 334.7219828796387, 327.86528839111327, 332.0408055114746, 320.57503372192383, 323.67140884399413, 319.9819093322754, 323.06749313354493, 315.5571716308594, 317.4498674011231, 322.8315143585205, 313.77338088989256, 322.12833312988283, 311.4523731994629, 310.72465774536136, 304.14366333007814, 310.1771235656738, 305.7656130981445, 309.04321884155274, 298.762434387207, 301.06531845092775, 306.37949378967284, 311.877989654541, 302.17746978759766, 303.4386520385742, 301.9188484954834, 298.4090844726563, 296.5111630249023, 299.4877502441406, 297.5190328979492, 297.3318620300293, 294.5235411071777, 298.08516738891603, 292.8106446838379, 295.1728497314453, 288.7659101104736, 292.72315399169923, 291.29739753723146, 291.71025115966796, 283.1228742980957, 291.248871383667, 286.3014028930664, 287.7758155822754, 290.09589431762697, 290.8344451904297, 278.6169111633301, 282.473277053833, 289.32374969482424, 282.74731643676756, 281.6335008239746, 282.43044998168943, 279.243053817749, 277.3720161437988, 281.84009246826173, 264.97483070373534, 269.38783798217776, 274.9322985839844, 278.66222763061523, 279.1779623413086, 277.62980361938475, 275.4400481414795, 263.2523973083496, 275.70618453979495, 269.88731346130373, 274.10348182678223, 261.3183451843262, 264.6022705078125, 264.7934412384033, 266.0351840209961, 264.4425164031982, 264.6976838684082, 262.02297492980955, 261.55817749023436, 260.4444715881348, 260.3941606140137, 259.6032077026367, 262.26458251953125, 257.3106439208984, 257.125578994751, 250.3285517883301, 253.02927291870117, 256.3016471862793, 242.81493522644044, 251.75149871826173, 249.44553482055665, 251.3580866241455, 246.7512483215332, 250.67661308288575, 248.92253524780273, 241.14539932250977, 245.32720321655273, 245.35243438720704, 238.37935279846192, 242.87220771789552, 242.32601684570312, 239.39934387207032, 244.08099967956542, 238.42568229675294], "map": 0.726018693718683}, "time": 1805.7434039115906}