{"task": {"alpha": 3, "lr": 1e-06, "wd": 0.0001, "bits": 32}, "result": {"earlyStop": true, "loss": [757.6636383056641, 746.0130462646484, 750.2889508056641, 736.2969024658203, 741.5132012939453, 730.2786535644532, 734.0524438476563, 726.1703833007813, 723.5406134033203, 713.222308959961, 707.8276934814453, 711.733031616211, 718.6252783203125, 716.8062438964844, 702.9663348388672, 702.721810913086, 697.4432415771485, 703.9134350585938, 698.5260052490235, 686.5581420898437, 699.5689227294922, 691.5723443603515, 687.5210943603515, 675.5684716796875, 681.7747637939453, 678.239136352539, 668.2152813720703, 670.9798431396484, 674.9152209472657, 664.1443249511718, 669.3161938476562, 665.7704333496093, 662.0515161132812, 654.9692163085938, 653.8166455078125, 643.8145355224609, 638.5506628417969, 657.9540106201172, 663.1689349365234, 648.8845190429688, 639.5284094238282, 651.3029821777344, 636.8979748535156, 647.3124114990235, 641.7288220214843, 636.8369897460938, 635.6057641601562, 634.5654220581055, 645.2773608398437, 639.472876586914, 641.0876110839844, 635.9575106811524, 628.044683227539, 624.041714477539, 626.020491027832, 618.6998941040039, 616.3605657958984, 629.2545324707031, 619.1093887329101, 624.547999572754, 609.0623214721679, 609.062326965332, 614.9374780273438, 619.8046160888672, 614.6173233032226, 619.3588589477539, 611.3743002319336, 604.8554232788086, 609.9192840576172, 604.4574362182617, 602.6837454223632, 598.5897604370117, 596.0279843139648, 595.5279550170899, 600.8163159179687, 590.6375469970703, 594.3986300659179, 593.7740029907227, 593.5468850708007, 588.1030090332031, 593.3104180908203, 595.4595108032227, 587.119850769043, 587.525129699707, 584.7353573608399, 583.526979675293, 578.3598449707031, 578.0060876464844, 587.4216079711914, 581.5130645751954, 580.9811187744141, 570.9215811157227, 577.9223406982422, 573.3817880249023, 578.9279940795899, 567.1790176391602, 578.4508923339844, 571.1002987670898, 564.3435986328125, 579.0524807739258, 564.8349591064454, 570.9352981567383, 570.9392752075196, 568.676171875, 571.676383972168, 570.1365869140625, 562.4896865844727, 560.5246362304688, 556.9726998901367, 564.8671969604492, 560.9915005493164, 555.1366802978515, 553.0108227539063, 556.564330444336, 549.2683334350586, 558.4333560180664, 554.7418225097656, 556.3655392456054, 544.2444192504882, 553.5619891357422, 554.5314315795898, 549.4192529296874, 536.2680169677734, 550.8498559570312, 546.866189880371, 541.362204284668, 544.856887512207, 542.6049530029297, 543.6790145874023, 544.6272601318359, 537.9457901000976, 548.5134619140625, 536.5019125366211], "map": 0.5623483398019378}, "time": 1380.1149897575378}