{"task": {"alpha": 5, "lr": 1e-05, "wd": 1e-06, "bits": 48}, "result": {"earlyStop": true, "loss": [1223.8457092285157, 1161.0745935058594, 1137.6100177001954, 1115.6632440185547, 1079.2933923339845, 1060.762653198242, 1049.0908947753906, 1029.8053338623047, 1015.320166015625, 989.9556677246094, 976.880160522461, 957.8956005859375, 959.5310620117187, 925.9636828613282, 924.5022552490234, 904.5835845947265, 892.1654693603516, 892.3722546386718, 871.885952758789, 859.1921514892579, 874.2381774902344, 851.2940411376953, 846.8940155029297, 834.7730627441406, 832.9336413574218, 820.4476132202149, 817.5543896484374, 810.1000482177734, 792.0472808837891, 801.64359375, 809.0090042114258, 773.3728918457032, 782.8926342773437, 777.3241802978515, 755.8114755249023, 766.9977853393555, 759.2036193847656, 748.0212561035156, 740.1171752929688, 749.2581280517578, 744.9291693115234, 725.6883792114257, 719.5807464599609, 714.5565551757812, 714.9969253540039, 699.9261779785156, 695.3987658691407, 709.0943643188476, 695.3645520019531, 688.7659622192383, 696.7965692138672, 692.8234295654297, 674.8591885375977, 675.2714208984376, 671.3524520874023, 675.8219076538086, 663.2251235961915, 657.2390548706055, 673.399895324707, 655.8298245239258, 661.3261215209961, 648.3586068725585, 647.9734069824219, 652.2473574829102, 640.0051556396485, 650.702033996582, 633.1093228149414, 630.9740557861328, 645.3320724487305, 631.3236987304688, 623.6197232055664, 627.4930645751953, 633.2764358520508, 615.8791708374024, 628.3390093994141, 617.6553472900391, 618.1239770507813, 609.9623620605469, 613.739157409668, 593.5934962463378, 619.0288244628906, 601.1358413696289, 595.8642974853516, 594.401003112793, 590.9639889526367, 592.4617971801758, 596.7621429443359, 594.5485842895508, 591.3779983520508, 590.5549835205078, 589.1117126464844, 582.233200378418, 583.490691833496, 580.7159985351562, 584.0404382324218, 576.7122708129883, 573.7653515625, 580.7387072753907, 570.2627627563477, 580.7768713378906, 567.1698538208008, 564.5636920166015, 552.9805737304688, 555.8133679199219, 553.6541085815429, 567.536527709961, 548.0575662231445, 552.1857916259765, 557.4637405395508, 572.2938507080078, 545.4447029113769, 550.6994702148437, 551.0982955932617, 547.2374281311036, 537.7307785034179, 538.078256225586, 536.2217074584961, 535.9546621704102, 538.6124066162109, 524.6547439575195, 538.6993766784668, 520.4166949462891, 534.6003308105469, 536.5333645629883, 532.6757200622559, 527.1301628112793, 522.0965036010742, 517.0685855102539, 518.7595104980469, 517.6318421936035, 518.7645349121094, 517.3512414550781, 514.8158003234863, 522.2732423400879, 520.7056921386719, 511.5788861083984, 518.7563375854493, 510.8641035461426, 515.098063659668, 511.6883288574219, 506.9021415710449, 509.84419677734377, 500.50243194580077, 511.07036956787107, 499.0878695678711, 484.6898991394043, 501.20752944946287, 510.8305633544922, 486.0444288635254, 496.90274200439455, 487.54747680664065, 495.55770721435545, 485.5543032836914, 491.1396646118164, 494.8748655700684, 493.2260028076172], "map": 0.7453121977314516}, "time": 1500.1721324920654}