{"task": {"alpha": 3, "lr": 1e-06, "wd": 1e-06, "bits": 12}, "result": {"earlyStop": true, "loss": [752.5013690185547, 749.1810650634766, 758.4999780273438, 748.2731182861328, 741.8348516845704, 757.1079089355469, 732.2792230224609, 728.3820489501953, 729.8314770507812, 735.5623028564453, 721.2844189453125, 724.1786071777344, 721.3737609863281, 720.3351922607421, 725.2689459228516, 719.707451171875, 705.3082061767578, 712.334097290039, 704.7859515380859, 697.8029791259765, 709.1124566650391, 693.9572210693359, 702.1292034912109, 711.7891326904297, 706.4807843017578, 695.0599096679688, 683.5860552978515, 683.6842840576172, 685.1353698730469, 692.1779852294922, 677.4881182861328, 683.9917993164063, 683.8179193115234, 689.1726428222656, 669.9383673095704, 666.430869140625, 669.6093377685547, 674.2344641113282, 669.0157159423828, 670.2650354003906, 672.1213201904297, 669.0750262451172, 670.1111724853515, 654.5644921875, 674.6909368896485, 670.3391326904297, 662.8218768310547, 655.1706005859374, 657.8087414550781, 655.1382873535156, 652.9360723876953, 656.968392944336, 640.6792181396485, 642.6710818481446, 652.9034521484375, 648.5846752929688, 646.6353723144531, 644.0787939453126, 645.3076440429687, 644.5367791748047, 631.9054376220703, 632.0511157226563, 635.2783782958984, 631.4638555908203, 632.6534133911133, 634.3257360839843, 629.7487481689453, 635.8952154541016, 618.9876821899414, 629.3760180664062, 634.559203491211, 625.4424893188476, 624.1971371459961, 622.3360015869141, 624.1413583374024, 616.3738928222656, 611.0351470947265, 614.8276330566406, 614.4108905029296, 611.8425189208984, 615.1091903686523, 603.5967443847657, 610.8627764892578, 610.1263836669922, 614.6649661254883, 613.1694314575195, 595.9225396728516, 612.3531469726563, 612.4606320190429, 597.4531454467774, 604.6802871704101, 608.6252352905274, 600.2689834594727, 596.6988128662109, 596.7986108398437, 605.7497955322266, 590.6303170776367, 597.4120733642578, 595.3780545043945, 603.162015991211, 588.1207614135742, 591.0767309570313, 590.754059753418, 591.416640625, 586.9981167602539, 584.4041857910156, 594.3267825317383, 587.9057540893555, 584.1172351074218, 575.1262307739257, 581.9103353881836, 572.0667050170898, 583.4281491088867, 583.8438671875, 573.8374679565429, 574.3888473510742, 572.0490383911133, 579.1343429565429, 569.5045098876953, 585.3696560668945, 575.2460516357422, 570.3842413330078, 573.7082931518555, 570.8331573486328, 570.2952230834961, 573.0990350341797, 570.2056671142578, 570.8516625976563, 562.3455429077148, 566.354860534668, 579.7037384033204, 568.6882919311523, 567.7539508056641, 566.8347366333007, 562.767809753418, 561.8881506347657, 569.9987139892578, 554.9745263671875, 560.9087979125976, 557.6972979736328, 556.6090060424805, 546.2873373413086, 560.8657849121093, 559.2282217407227, 551.2975936889649, 554.6651806640625, 558.6973114013672, 556.7610455322266, 558.2275906372071, 550.5182360839843, 548.7528042602539, 551.9086846923828], "map": 0.46829734323460775}, "time": 1557.1006186008453}