{"task": {"alpha": 3, "lr": 1e-06, "wd": 0.0001, "bits": 12}, "result": {"earlyStop": true, "loss": [755.9004565429688, 753.3388983154297, 748.3023254394532, 748.9661645507813, 737.5825354003906, 733.5250323486329, 744.37224609375, 737.2277801513671, 734.8668670654297, 727.0763781738282, 731.1379376220704, 727.9839660644532, 723.8289776611329, 731.8305932617187, 712.2182684326172, 723.1842938232422, 711.0810729980469, 716.1973681640625, 708.4791619873047, 715.3431860351562, 703.1814959716797, 701.5465637207031, 704.3450750732422, 701.2666705322266, 696.3057214355468, 692.3378741455078, 701.5234539794922, 695.5519256591797, 696.9436145019531, 689.8278125, 693.43501953125, 686.8403790283203, 689.7312139892579, 680.9045306396484, 674.71921875, 675.9383264160156, 684.7664312744141, 679.1707763671875, 678.9098852539063, 672.4833135986328, 669.3980053710937, 676.1067596435547, 649.017427368164, 665.1651556396484, 669.0743743896485, 653.6091125488281, 653.9945874023438, 662.4424060058594, 658.4798321533203, 656.2675854492187, 655.2191760253907, 645.3577551269532, 652.9556829833984, 651.225092163086, 650.1693920898438, 638.8206701660156, 644.1576922607422, 640.9780377197266, 651.526587524414, 646.4609893798828, 637.8475512695312, 645.2130926513672, 633.7690380859375, 634.9971154785156, 634.5351428222656, 638.5112121582031, 625.5243869018555, 627.7215740966797, 631.7553448486328, 635.2849627685547, 625.9249179077149, 624.4697903442383, 625.6811776733398, 620.053978881836, 621.1530935668945, 625.2368072509765, 608.9307986450195, 630.3108483886718, 620.9121096801758, 610.5859857177734, 615.0998733520507, 611.4157040405273, 603.0441766357421, 611.1077102661133, 612.9659527587891, 603.9324508666992, 597.6337957763672, 600.7687524414063, 611.0662985229492, 603.1753161621094, 606.0638473510742, 605.2490341186524, 615.2134967041015, 599.7997982788086, 600.0360845947266, 604.0546926879883, 595.8792199707032, 601.2351196289062, 596.6831817626953, 589.6351525878906, 594.6990209960937, 585.7144201660157, 596.494418334961, 593.554303894043, 593.4558096313476, 584.9652136230469, 590.0838626098633, 587.568532409668, 586.837766418457, 585.6846008300781, 585.4228271484375, 588.8911544799805, 580.1337585449219, 585.1489431762695, 583.4556158447266, 583.7459289550782, 567.5809115600586, 580.2278497314453, 573.7651638793945, 574.0508065795898, 572.4405865478516, 570.7234539794922, 565.4392086791992, 572.4802279663086, 572.0201934814453, 576.778542175293, 564.9136199951172, 569.9146768188476, 568.5873971557617, 567.1086376953125, 569.6326171875, 568.2206610107422, 560.6018154907226, 570.4162609863281, 566.2107342529297, 565.5745822143555, 563.4550308227539, 557.6678231811524, 564.4344592285156, 563.3834051513672, 565.1864151000976, 560.7742611694335, 549.0587524414062, 556.7552703857422, 554.3538833618164, 558.9820156860352, 549.7518753051758, 559.1960842895508, 556.07013671875, 562.0344848632812, 554.7742977905274, 558.0085995483398, 553.1402722167969], "map": 0.5791217340032131}, "time": 1560.4304158687592}