{"task": {"alpha": 1, "lr": 0.0001, "wd": 1e-06, "bits": 32}, "result": {"earlyStop": true, "loss": [117.43969299316406, 97.40449893951416, 92.80416114807129, 88.5532469177246, 83.95515602111817, 80.8656744003296, 80.35139888763428, 75.65538791656495, 75.26358375549316, 74.13745182037354, 72.86179077148438, 69.85779529571533, 68.40428312301636, 66.84382989883423, 66.37496568679809, 65.7785195159912, 64.72041736602783, 64.3673303604126, 64.57260772705078, 63.61561580657959, 60.85893543243408, 60.652350997924806, 59.4119223022461, 57.77979064941406, 58.405565147399905, 57.136019992828366, 55.91064521789551, 52.634061107635496, 53.42554437637329, 51.83579801082611, 50.67922201156616, 48.793730640411376, 48.822506523132326, 47.09415187835693, 45.010278968811036, 44.076201038360594, 43.230051364898685, 41.90008419036865, 40.119299726486204, 38.50630475997925, 37.07472855567932, 37.29553553581238, 35.096056060791014, 33.837164621353146, 31.486392760276793, 31.194575033187867, 31.956652374267577, 26.973196029663086, 26.90861526489258, 25.952131237983703, 27.242485947608948, 24.375469670295715, 21.778523054122925, 21.801523942947387, 21.171087908744813, 18.784781594276428, 19.00171857833862, 18.798066296577453, 16.819014830589296, 16.268228573799135, 14.200259218215942, 14.175822095870972, 14.185302972793579, 13.652707123756409, 12.401640882492066, 11.607516140937806, 11.742524147033691, 10.472609515190124, 10.662007422447205, 9.995828471183778, 8.89435736656189, 8.566103415489197, 8.548416848182677, 7.6522697162628175, 8.764342136383057, 7.312010924816132, 7.934984226226806, 6.3256233167648315, 6.805205307006836, 5.502589879035949, 6.306747059822083, 5.79156355381012, 5.937837595939636, 5.498631267547608, 6.535461778640747, 4.499882550239563, 3.870122013092041, 6.337912096977234, 5.284803061485291, 3.89806200504303, 4.222241110801697, 4.195537142753601, 4.722282457351684, 3.3040104055404664, 4.891922101974488, 3.517468447685242, 3.231137638092041, 3.002736072540283, 3.9753597450256346, 2.340818428993225, 3.534484724998474, 5.286771354675293, 2.539291789531708, 1.7470636415481566, 4.169653453826904, 2.5869986057281493, 2.7872306060791017, 2.270195598602295, 3.4062695264816285, 3.3968677520751953, 1.9150965595245362, 2.9169788455963133, 2.9100282859802244, 1.6279097700119018, 2.180682969093323, 2.562029447555542, 2.26206353187561, 2.6208642959594726, 3.4710495281219482, 1.776297378540039, 1.6886457443237304, 1.7817827701568603, 2.4128331756591797, 1.0619302368164063, 1.9577502727508544, 2.0590510892868044, 2.333467516899109, 1.9879049158096314, 2.2890799379348756, 1.1371497344970702, 2.0668238162994386, 2.014760627746582, 2.412091450691223, 0.6916894483566284, 0.43371339321136476, 2.2583594274520875, 0.8483666133880615, 1.5207329511642456, 1.728285655975342, 0.9028554916381836, 2.009986720085144, 1.0289733362197877, 0.7541415500640869, 1.7278396940231324, 1.5683954668045044], "map": 0.7601892376184584}, "time": 1167.7064452171326}