{"task": {"alpha": 3, "lr": 1e-05, "wd": 1e-06, "bits": 12}, "result": {"time stopage": true, "loss": [715.4861120605469, 691.3561199951172, 662.0172235107422, 642.2725842285156, 637.6762564086914, 614.6863302612305, 612.9982131958008, 597.3254684448242, 587.8994497680665, 578.4063208007813, 566.9920629882813, 569.1820776367188, 565.6461917114258, 540.8344598388671, 538.4281689453124, 524.6489810180664, 523.3324227905273, 513.9395315551758, 517.9775274658203, 507.0104058837891, 507.9515997314453, 501.0717578125, 494.4978140258789, 489.73320343017576, 498.73253631591797, 482.49211822509767, 475.09116516113284, 483.65327911376954, 473.10578582763674, 472.95845306396484, 469.65335678100587, 458.50939086914065, 458.13462127685546, 454.59869781494143, 446.6101510620117, 445.1654925537109, 441.44978561401365, 453.9789877319336, 447.6635275268555, 443.08855102539064, 427.4065921020508, 442.3185757446289, 432.33928176879886, 431.1483428955078, 420.09388717651365, 428.93308410644534, 420.53853881835937, 411.79204299926755, 419.24547088623046, 405.67446563720705, 409.24236434936523, 412.49804916381834, 414.7477378845215, 417.6814875793457, 403.5830667114258, 405.7298989868164, 402.4008172607422, 396.6899356079102, 400.93861511230466, 392.967021484375, 396.87058197021486, 399.28015869140626, 390.9926171875, 386.50283767700193, 383.03490646362303, 388.7623489379883, 390.2587339782715, 379.3260549926758, 385.0755284118652, 381.2326707458496, 377.74869522094724, 383.88392150878906, 373.10679229736326, 374.69354370117185, 374.58591171264646, 373.92373153686526, 363.8425372314453, 379.3137547302246, 372.9349038696289, 374.67648300170896, 368.45364868164063, 367.79503021240237, 371.2025321960449, 361.97936462402345, 365.28064193725584, 363.3570443725586, 354.51931335449217, 366.55166732788086, 359.0663845825195, 363.213851776123, 349.6470114135742, 356.1323400878906, 354.28258544921874, 353.07899948120115, 354.57110412597655, 348.25659240722655, 348.2345738220215, 355.41658645629883, 345.2641363525391, 347.7584426879883, 342.233821105957, 339.783563079834, 339.04033203125, 348.90712326049805, 344.4312294006348, 343.3352452087402, 343.16064254760744, 334.8472848510742, 334.90686904907227, 339.7654539489746, 332.7978274536133, 331.93231643676756, 336.95410232543946, 333.8348616027832, 336.6319287109375, 334.8921115112305, 334.44420501708987, 330.7427673339844, 320.7855963897705, 327.59094467163084, 332.6866065979004, 322.43408309936524, 327.46521484375, 333.1472343444824, 319.7077375793457, 316.1916777038574, 321.6722413635254, 316.77570388793947, 318.22096282958984, 315.2505975341797, 316.30408966064454, 310.5471647644043, 309.6750035095215, 312.3251257324219, 319.91229766845703, 312.05935546875, 313.5997346496582, 313.71273056030276, 310.2101742553711, 311.36948059082033, 306.5642864990234, 304.9824488067627, 306.80533325195313, 310.5842809295654, 311.3083676147461, 303.60890594482424, 303.42631301879885, 311.8717243957519, 301.8513426208496, 311.0154795837402, 298.24921188354494, 303.7076354980469, 301.33050216674803, 293.10733169555664, 299.3897366333008, 291.51862045288084, 291.0447708129883, 291.1288479614258, 298.1243649291992, 293.33689849853516, 294.8294007873535, 289.7562818145752, 294.90397003173825, 296.11421173095704, 296.641110534668, 288.7224020385742, 291.3275979614258, 295.7699900817871, 289.0226592254639, 292.1240988922119, 289.3027043914795, 284.6392395019531, 283.3788296508789, 282.85968627929685, 281.90745285034177, 281.7606645202637, 280.19326622009277, 278.09309226989745, 285.7697525024414, 279.95774810791016, 276.6566963195801, 274.8186771392822, 278.1026441192627, 274.8642198944092, 276.4020188903809, 268.583058013916, 271.90369941711424, 277.0539003753662], "map": 0.6687287140282324}, "time": 1809.9716527462006}