{"task": {"alpha": 3, "lr": 1e-05, "wd": 1e-05, "bits": 32}, "result": {"time stopage": true, "loss": [2079.8221508063893, 1893.6747732634592, 1779.2990263381807, 1713.692666233176, 1640.579401299505, 1598.005585018951, 1566.6985890605663, 1515.8221199866568, 1483.1336688051128, 1441.1907451365253, 1441.6736148041073, 1402.0183552657024, 1378.8312758644029, 1376.5648876227956, 1346.6565152914218, 1329.927453371558, 1325.5522134610922, 1304.6574688901997, 1295.127914579788, 1274.7066632261372, 1276.055471892404, 1262.4255008508662, 1251.633111028388, 1225.5632831837872, 1226.313547266592, 1218.7828701510289, 1210.9296016881963, 1205.0883266335666, 1190.5619688128481, 1201.8531143641708, 1181.410361110574, 1178.27174241472, 1170.9507778658726, 1177.3137944287594, 1148.029824436301, 1156.7894939762532, 1141.8944472511216, 1141.6039978631652, 1143.2783293771272, 1119.394423683091, 1140.6858073319538, 1111.297554242729, 1124.5319395159731, 1105.862267824683, 1112.6925172711362, 1104.0031375696162, 1103.4177820186803, 1098.1945087697247, 1087.4526500135364, 1102.2589606861077, 1091.1631246132426, 1071.8473945844291, 1087.0989941889698, 1085.498886863784, 1080.5926846041539, 1077.6616440574721, 1057.6791010186223, 1063.040990244044, 1074.9369491728226, 1057.8186850972695, 1063.295332804765, 1055.7892111598856, 1051.9050492390547, 1039.8406033657566, 1057.7862307104733, 1051.8746507096998, 1040.1055835686107, 1033.776770865563, 1036.5810722124459, 1016.8049836111541, 1039.1089695090116, 1041.271131458849, 1027.2529973700496, 1027.8865120765006, 1042.6073339481165, 1019.0687938727955, 1023.7202921952352, 1024.6018190289487, 1014.1966443958848, 1009.5086787762028, 1011.8035725508586, 996.964031559406, 1007.2147718372911, 992.5196512052328, 1001.100870566793, 1000.5295760655167, 1001.3864449982595, 989.4828599986464, 979.9425230120669, 987.4921038032759, 985.7714481164913, 1001.0107400724203, 990.822117569423, 971.0754648340811, 974.7947720064975, 974.6726696656482, 977.9736624236155, 967.1370707596883, 965.3856956557472, 982.2428066140354], "map": 0.7432527728633407}, "time": 1813.3223869800568}