{"task": {"alpha": 1, "lr": 0.0001, "wd": 0.0001, "bits": 32}, "result": {"time stopage": true, "loss": [261.7143521450534, 216.82937229269803, 206.97565656605335, 205.3635700339138, 199.07403073452488, 196.88252077008238, 198.11957278110012, 196.72078349802754, 197.30657581291575, 192.83757970828822, 197.1708755493164, 194.1586113353767, 194.82827789004486, 190.89946210502399, 194.79255442099995, 192.2016226135858, 191.11346140946492, 185.3951598063554, 181.53840214191098, 182.04733314136467, 178.106235315304, 180.42067612751876, 176.72405220258355, 172.2106631439511, 168.84456177513198, 165.83728185974726, 160.50676953910602, 160.1991358842, 155.7311482948832, 155.68010409515682, 147.46193785714632, 147.03095018745648, 146.41261144203716, 144.90087388293577, 139.0108621805021, 138.8359279443722, 136.19923121386236, 132.55759856724504, 130.46929142262675, 126.86518621916818, 127.03877341393196, 125.21515232501643, 121.52014205479387, 123.2136063528533, 118.65154557180877, 118.46097417397074, 112.19697925832011, 112.12037960845645, 110.8004140948305, 112.21263481366752, 108.3103979884988, 108.5945675538318, 104.41353444769831, 103.55724500901628, 101.457934124635, 103.23660667343896, 101.30013127846293, 99.39499751175984, 98.16638444201782, 95.1772886597284, 93.65142880808008, 95.66153664164024, 91.95324608831122, 92.09085524908387, 89.82957556696222, 88.41865902135868, 87.51858524284741, 87.76907537479212, 85.69269569321435, 86.15345224059455, 83.38780227510055, 83.5270409159141, 81.20856740215036, 78.63516790559976, 80.28220352323929, 79.49436085767086, 79.16943351821143, 78.09017627073986, 76.2435566647218, 74.2234467987967, 75.8088115465523, 74.90606277767975, 73.75259541048862, 72.93188956232355, 72.87984319252543, 70.52783078486377, 71.65721132259557, 70.8802355020353, 70.01999086436659, 71.06429596702651, 67.14726684117082, 66.09143121171705, 69.81697364844898, 65.66072683051081, 67.84548214638588, 66.6341422241513, 64.37897589655206, 66.50233323503248, 63.73925712321064, 63.01747101132232, 63.43263692194873, 64.195578773423, 60.25815518067615, 61.32572385580233, 61.27240250842406], "map": 0.7551961978732029}, "time": 1803.7980420589447}