{"task": {"alpha": 3, "lr": 0.0001, "wd": 1e-06, "bits": 12}, "result": {"time stopage": true, "loss": [1275.207723183207, 1023.0890913859453, 977.0395453424737, 936.3372246770575, 896.0163954933091, 876.4044606425974, 854.4807929614983, 837.7222063423384, 825.9166661630762, 804.7929500164372, 799.9253065656908, 797.4898551714302, 785.580742260017, 775.1853160291615, 767.0328187848081, 768.9856736589186, 758.7817467415687, 760.2097675587871, 751.3710484268641, 739.4943418597231, 746.0708856865912, 734.467252221438, 739.4020570056273, 728.2678636607558, 733.5736071898206, 720.3509467096612, 725.1473758810818, 711.3996721022199, 704.9992678802793, 723.8803689786703, 703.7381915101911, 704.7380286490563, 697.1907191512609, 695.9366086449953, 679.8853744657913, 670.3577657265238, 665.7945456929726, 664.3543133121906, 652.6018424459023, 648.549616143255, 630.1081931236947, 640.0210589418317, 625.4778282241066, 611.0401454207921, 619.7378358746519, 603.3092604533281, 605.4378498946086, 595.120949622428, 580.4879615708153, 577.4810815187964, 564.165391978651, 553.9767172029703, 556.596524229144, 551.8513361864751, 534.3555383965521, 533.7605049964225, 531.4706517587794, 518.2964704154741, 523.2795706267405, 512.2497662836962, 510.814765552483, 502.8894990222289, 498.7778797716197, 489.62793331335087, 485.50317035335127, 479.7443013710551, 472.5959107049621, 473.69100785963604, 464.4670887559947, 461.0039795224029, 457.10077614359335, 449.85589750686495, 448.4553269490157, 447.65112214041227, 432.21052445515545, 438.85071692136256, 430.0292660552676, 421.2036382089747, 415.41398575282335, 417.98117594199607, 408.2000931843673, 416.6044696770092, 396.5512245102684, 405.5724825717435, 398.1801457169032, 395.15464178406364, 392.45647286896656, 395.21552420134594, 385.9146340247428, 385.6415369014929, 373.7500196400255, 382.73867722313, 368.8845356856242, 372.4526968474435, 371.87089938928585, 364.4814941104096, 357.39405037152886, 354.4003282301497, 363.2461958025942], "map": 0.7060102630924293}, "time": 1808.9453172683716}