{"task": {"alpha": 1, "lr": 1e-05, "wd": 0.0001, "bits": 24}, "result": {"time stopage": true, "loss": [578.9243173127127, 493.97838056205524, 460.0645489078937, 442.31040093450264, 427.8823894840656, 410.9894520976756, 406.6303266770769, 397.94233597859295, 396.6172704413386, 386.6576119602317, 383.89411004699105, 379.28982861207265, 370.99590656544905, 373.11909726586674, 367.5432692423905, 367.82437390620163, 365.0903666279103, 362.1368370433845, 363.4055635055693, 355.84996576592476, 357.94667899254523, 355.4951881937461, 354.3620966543065, 349.5835314457959, 349.3847671357712, 347.67361540841586, 343.8880373510984, 346.4833053739944, 348.58836107914993, 341.43574418171795, 340.52425422290764, 340.49010505298577, 336.283776160514, 338.9956683168317, 336.9519997776145, 335.2266668942895, 339.76435413927135, 331.8700643105082, 330.94347645976757, 334.94708856261605, 330.2031101944423, 330.4074849043742, 330.01188417944576, 328.5724289393661, 325.89768921502747, 321.89002673460703, 321.3616662355933, 321.07373258382967, 317.6607176525758, 323.53758768516013, 319.5269059285079, 312.8044166187249, 315.0404915384727, 314.66329381961634, 312.10084035136913, 313.04072132677135, 310.38716472965655, 311.1760501672726, 307.4221470898921, 309.2045510169303, 307.5470158038753, 311.3087928696434, 303.1088660211846, 311.08240728095024, 304.00016391867456, 302.0462147929881, 297.9119936499265, 296.8182764336614, 295.1645515366356, 294.5415312512086, 293.9503094512637, 292.05210740495437, 289.24020672788714, 288.7283585047958, 284.97912945133623, 285.99595430581877, 280.7164462250058, 277.72341631898786, 278.14615185426015, 278.01307935053757, 279.6687782212059, 280.1799580791209, 274.21340247428066, 278.59711932191755, 276.2265205005608, 272.8006803304842, 270.3723823622902, 268.03497918761605, 264.9692100298287], "map": 0.6911997566327364}, "time": 1817.6453223228455}