{"task": {"alpha": 1, "lr": 0.0001, "wd": 1e-05, "bits": 12}, "result": {"time stopage": true, "loss": [288.6336722798867, 238.46732594707225, 228.2299416419303, 219.57328501786336, 217.5263769319742, 217.6083914879525, 212.94769830987005, 210.5540735981252, 206.02923372476408, 209.86382323916595, 204.56709342427774, 210.8579034333182, 206.8141338235081, 206.64087442832417, 203.0692440826114, 206.65261629312346, 201.1536418801487, 203.11391456528466, 201.5481262962417, 195.78468964831663, 195.04073046693708, 191.353029232214, 193.55395334073813, 187.46489277452525, 183.5696118043201, 184.07633836198562, 177.42446121366896, 174.03656897214378, 174.50739877530845, 169.2994630265944, 166.25387165333964, 165.16068607745785, 163.86399101030707, 158.96986426929436, 155.75167170609578, 153.02824617140365, 150.88973364499535, 148.95459278975383, 145.13633728027344, 147.4477893716038, 142.22967755912555, 141.7682675654345, 135.3561688791407, 135.73492609156241, 136.7827199048335, 133.94276020314433, 127.94289133808401, 129.36720615802426, 124.66842817552019, 124.03077716638546, 122.78920598549418, 119.19362402434396, 120.65263041883412, 120.09272354428131, 115.8594119383557, 114.55997281971544, 114.42607554822865, 111.17774570578396, 112.02063146912225, 109.52618000294902, 108.38349098734336, 107.3499891073397, 101.82219911329817, 105.84739756820225, 103.58711514614596, 102.90092339846167, 102.83141851897287, 101.0457639788637, 98.92859060457437, 97.92122385761526, 99.15342651971496, 96.74481688395585, 95.38516484628809, 94.71356641183985, 94.68151804480222, 92.04202636869827, 94.10373287389774, 90.22877861249565, 90.21416394073184, 88.58637826749595, 88.64614337505681, 87.81686163420724, 84.08812113091497, 86.93034149396537, 85.19876850241482, 82.11345177829855, 80.78257739189827, 83.35117275880116, 80.43381028128142, 81.24480056762695, 81.15559864988421, 79.35277391188215, 79.91576068236095, 77.92155956985927, 77.08032625028403, 75.77371747422926, 76.30843349494556, 75.59954461956968, 74.72985065573513, 75.05520962252476, 72.23495615590917, 72.52792048690343, 70.93386287500363, 70.99811924094021, 71.29805731065203], "map": 0.7076735049661578}, "time": 1809.3740119934082}