{"task": {"alpha": 5, "lr": 1e-06, "wd": 1e-05, "bits": 12}, "result": {"time stopage": true, "loss": [3868.869841622834, 3851.453340133818, 3861.5838175858603, 3840.416363706683, 3820.7334830406867, 3823.3638130414606, 3790.2423397857365, 3787.990969214109, 3803.8368778039912, 3772.839473913212, 3759.0841004022277, 3756.1459404973702, 3753.6353312577353, 3738.6048306002476, 3734.2561083500927, 3727.5287384939666, 3701.7119261486696, 3714.8854787090036, 3718.7932298112623, 3671.372365215037, 3678.669138691213, 3653.2515083539606, 3663.2049838528774, 3643.628981184251, 3627.1409924195545, 3608.1424500116027, 3597.69031849474, 3587.7468745165534, 3572.5682916924507, 3566.0012883856743, 3565.018334719214, 3550.1342072439666, 3543.7536065129952, 3526.587020420792, 3504.679332166615, 3518.3803880143873, 3509.871635210396, 3485.8091013691214, 3514.722385519802, 3483.512117593595, 3454.332623472308, 3458.071702409499, 3427.657086362933, 3419.131828685798, 3405.3769168664912, 3390.8145522315904, 3397.0951133199255, 3398.0583036819307, 3365.695097366182, 3360.934978825031, 3362.937176090656, 3385.3423189975247, 3325.8804653658726, 3315.465788888459, 3302.146078279703, 3316.5336720683786, 3303.127409982209, 3291.7644695621907, 3277.3700519221843, 3248.975805905786, 3256.426977780786, 3248.0365002320545, 3262.968962716584, 3229.5397538288985, 3219.1101485148515, 3221.7485303217823, 3209.1979279470916, 3185.373810720916, 3168.8794863861385, 3159.929820447865, 3158.621101001702, 3187.768290000387, 3147.1899003132735, 3152.0454464147588, 3131.6766442025064, 3161.456032932395, 3089.459767558787, 3123.040645788212], "map": 0.685619432172298}, "time": 1808.1252262592316}