{"task": {"alpha": 5, "lr": 1e-05, "wd": 1e-06, "bits": 48}, "result": {"time stopage": true, "loss": [3660.2722844794243, 3436.7358446782177, 3266.6614688080135, 3148.695476871906, 3002.7896450533726, 2929.709259939666, 2831.7591250580135, 2774.378225798654, 2705.49012318224, 2639.908646687423, 2606.8739581721843, 2537.3389529993037, 2487.122587600557, 2417.762538192296, 2434.961300085087, 2397.1310068262687, 2365.1351620513615, 2309.7495443514076, 2295.6495155863245, 2273.471740118348, 2229.1427582089264, 2234.848138488165, 2216.4094419573794, 2194.5982593498607, 2172.6783894453897, 2133.493732112469, 2123.062329585009, 2115.261851697865, 2098.5385017017325, 2068.7715520575493, 2072.610809628326, 2057.8260437616027, 2032.6054566638304, 2011.549370794013, 2001.1821754380028, 2021.3026860303219, 1989.5773502765317, 1963.4709919844524, 1947.8232748201578, 1956.0321413550046, 1955.3134088799504, 1966.71225549679, 1920.324844813583, 1908.6835919370747, 1888.931018187268, 1898.7896559309252, 1885.6228945892635, 1877.472518467667, 1850.864448773979, 1881.3012042659343, 1822.5242847404857, 1862.0796611521503, 1842.977675636216, 1844.9907335338025, 1829.8358710260675, 1810.6545531017946, 1834.8013698464572, 1802.5623882029315, 1827.947932177251, 1792.3892556369894, 1795.9397202293471, 1795.8658543954982, 1779.6504027111696, 1762.2174023920948, 1769.5450783908957, 1767.671471321937, 1749.855968513111, 1777.8670793287824, 1747.1350472327506, 1744.4835404499922, 1763.5503509823639, 1743.2701669825185, 1721.189345558091, 1722.1219567025062, 1722.1200930151608, 1721.7090466187733, 1744.8251064791539, 1696.6001478138537, 1691.2152202341815, 1716.9165462078433, 1692.931314298422, 1710.2145772499614, 1677.4125595848159, 1701.6946423218983, 1677.7248335734453], "map": 0.7527150309334555}, "time": 1802.1628851890564}