{"task": {"alpha": 5, "lr": 0.0001, "wd": 1e-05, "bits": 24}, "result": {"time stopage": true, "loss": [2293.710915140586, 1847.2270822052908, 1725.388904533764, 1670.6481939636835, 1559.6217113532643, 1525.8691793007426, 1480.0222530553838, 1468.105926815826, 1413.6486979569538, 1402.8921393970452, 1396.2182840781636, 1352.406967314163, 1335.909221384785, 1338.8900339863087, 1318.634631468518, 1307.6727294921875, 1302.3533512530942, 1290.710952607712, 1259.6271159861346, 1267.705728360922, 1262.2694369778774, 1253.8468724619045, 1267.4905256516863, 1253.9481732963336, 1244.3887854849938, 1219.0289693398051, 1253.2092067605197, 1225.063882657797, 1224.9403269550587, 1205.0247778562036, 1212.066108930229, 1194.7463046536586, 1201.2810409092667, 1174.4320400729039, 1166.993857204324, 1178.0223853989403, 1154.5443501991801, 1150.8738947197942, 1148.5755134809135, 1137.240696066677, 1113.8755677478148, 1126.7864712252476, 1091.9433817344136, 1080.0402596350943, 1070.4288910214264, 1060.682881572459, 1069.6746119130955, 1043.3653546323872, 1029.9739083771658, 1001.3378066261216, 1002.5923582775758, 989.8080234338742, 969.7789796130492, 960.0126557302947, 970.6190182525332, 945.4151206441445, 928.475680813931, 920.9658103414101, 914.9646857233331, 907.2034622041306, 904.3354498230585, 883.7745442909769, 870.4248194930577, 863.2357875710667, 852.9849031656096, 846.0050798170637, 843.2857140267249, 835.2683576829363, 814.0599756524115, 811.5066313790803, 795.8852354748415, 808.909288463026, 783.8091246349977, 778.3574291267017, 776.8900249216816, 758.4825484776261, 769.256234952719, 748.3126350629448, 742.4479950253326, 728.7402177565168, 749.4051181302212, 708.1636340452893, 716.2069430209623, 719.333840096351, 683.3972618178566, 686.4620965636602, 686.5690103663077, 679.6880136622061, 689.5128068074141, 674.3024536737121, 649.3375552337949, 657.5991661147316, 653.3070282888884, 645.4225560556544, 625.6820373535156, 642.0785187069732, 616.3016889213335, 631.6367749506884], "map": 0.7676279177075411}, "time": 1808.3883213996887}