{"task": {"alpha": 1, "lr": 1e-06, "wd": 0.0001, "bits": 12}, "result": {"time stopage": true, "loss": [717.3011900646852, 704.7318353936224, 695.3726362473894, 680.1328856213258, 665.7041480942528, 647.4927331905553, 642.1619250609143, 634.339532531134, 628.6917150516322, 607.5870660460821, 611.0241620658647, 597.9374193248183, 590.1788650361618, 583.1461075886641, 578.0016826969562, 576.0519013357634, 571.6400539284886, 567.595023882271, 561.8409212320158, 551.0415187118077, 549.0260737957341, 544.6803214195932, 545.9179554552135, 534.2957751585706, 538.0086198561262, 537.8109215462562, 530.1187958670134, 526.9327833723314, 525.0724275796721, 519.5565792876895, 513.8739747906675, 510.7768337136448, 506.050543454614, 509.18704797725866, 503.4894309468789, 505.7291398756575, 499.3554950374188, 501.76928469214107, 494.47674258392635, 494.9720177980933, 492.1944283966971, 485.99460020159734, 486.27721654306544, 485.14489625232056, 486.52183698899677, 482.85961339969447, 478.5166722665919, 482.94657490041, 478.29803617873995, 478.33126559115874, 475.1967468261719, 478.5301142022161, 469.79103617148826, 472.6096073566097, 467.21094173015933, 469.95808607044785, 464.276333044071, 470.6831577414333, 461.6183526067451, 464.59900144067143, 461.38769954265933, 462.9096090486734, 459.8741098536123, 460.0420559420444, 457.93582395043705, 455.6356412679842, 453.64062711507967, 451.7228339166924, 455.58606803063117, 450.5519972697343, 451.9838036263343, 449.5923069113552, 440.86332053005106, 448.9912048944152, 450.76476431365063, 444.88557147035505, 445.6975720093982, 439.79654988203896, 450.4309112246674, 438.97621925278463, 444.7333549272896, 439.9879443480237, 439.3188382894686, 431.9121202525526, 440.49459718005494, 436.9671818195003, 436.3476051859336, 439.6740310215714, 431.6667447231784, 438.0981617540416, 433.8821453434406, 432.55716033029086, 431.8983338610961, 433.57019103399597], "map": 0.6714057821636551}, "time": 1803.2337176799774}