{"task": {"alpha": 5, "lr": 1e-05, "wd": 0.0001, "bits": 12}, "result": {"time stopage": true, "loss": [3720.318141823948, 3523.024880588645, 3392.4145024365716, 3273.4939424118193, 3137.060360747989, 3050.152505704672, 2976.035887463258, 2914.366186765161, 2814.5433289178527, 2787.6558789545948, 2708.324493106049, 2675.5384352278, 2629.919115727491, 2599.5401019105816, 2554.2118463799507, 2502.720467444694, 2466.5616696801517, 2491.483539845684, 2405.661641640238, 2399.906925616878, 2374.7478377842667, 2318.943929842203, 2347.122307201423, 2295.181019395885, 2294.6369592647743, 2272.748734578048, 2238.818579343286, 2249.036457930461, 2205.99296947517, 2185.485670637376, 2190.0219327718905, 2174.03099981629, 2163.1790251779084, 2162.118224493348, 2148.610891814279, 2101.900509069462, 2102.48754278504, 2091.4712107441214, 2065.053331431776, 2087.312218996558, 2075.7453504505725, 2032.543455822633, 2013.3765119798113, 2056.152667659344, 2041.3511322323639, 2053.9704493154395, 1994.4450115543782, 2001.2878031211324, 1993.3703746229114, 1995.5316645556156, 1973.4896856629023, 1971.412897393255, 1969.2220156830135, 1949.2636622060643, 1950.5848322197942, 1939.1991909518101, 1929.9290058400372, 1924.8592088151686, 1912.185412718518, 1903.8609788346998, 1911.9050957708075, 1901.7129407826037, 1896.9914961711015, 1867.2904789990719, 1860.8476695447864, 1879.7888304455446, 1843.660565971148, 1848.4407946898205, 1847.0520986424815, 1852.9285507957534, 1842.569686436417, 1853.096949209081, 1810.3804695960318, 1845.044327235458, 1817.6151219736232, 1822.414846892404, 1821.3655685575882, 1801.012969668549, 1800.3620611511835, 1816.8027766765933, 1800.5493031114636, 1776.5818378712872, 1775.480920168433, 1781.2537201229889], "map": 0.682491027781901}, "time": 1803.4776968955994}