{"task": {"alpha": 3, "lr": 0.0001, "wd": 0.0001, "bits": 48}, "result": {"time stopage": true, "loss": [1162.0352493135056, 941.6801401270499, 899.3398186711981, 850.4069845369547, 820.0446632309715, 810.6134972902807, 789.1618023862933, 773.8980870010829, 751.5574531177483, 748.3144359022084, 740.278305204788, 724.5336871760907, 730.6841346060876, 722.8432852867807, 713.6546546256188, 714.9087131613552, 715.681572338142, 696.2899478119199, 688.2591667552986, 702.3956054083192, 673.529621992961, 683.2122993091546, 680.3424996857595, 671.6590470417891, 662.9990651347849, 651.002504556486, 654.4835715718789, 645.5222059193223, 646.8405072807085, 636.0965491568688, 626.6563808327854, 615.443022775178, 602.6369411355198, 592.0186414057665, 581.0901105521929, 578.0622860747989, 570.0514613991917, 559.3938027561301, 559.9734545414991, 546.6226365495436, 532.949852518516, 524.9926878674196, 511.33994753998104, 508.9177557312616, 505.95421638111077, 503.4856448031888, 486.445530051052, 479.5515778796508, 472.7438191328898, 472.1738766207553, 457.7223421606687, 455.366132528475, 444.84148792229075, 442.95734473502284, 440.5393557406888, 429.88063306147507, 429.705604326607, 416.88432901212485, 420.90143910020885, 408.00125363793705, 403.180490777044, 408.0511072744237, 383.9070871938573, 394.85483860733484, 385.1091752760481, 385.1560603982151, 374.45769621594116, 369.9022262120011, 367.0082525876489, 352.562215370707, 366.19132829420636, 350.7540118529065, 348.25025003263266, 340.86371257517595, 356.2031876970046, 337.92649131246134, 335.2319136515702, 333.9916532913057, 332.9448397796933, 325.086323350963, 320.1302679080774, 328.90705320150545, 315.6039405293984, 318.2869054208888, 312.3114278056834, 304.96227672312517, 312.1985644349958, 294.7437579466565, 294.1963528170444, 300.5562559826539, 291.675843191619, 285.79189776430036, 283.74200341253, 290.9167741076781, 276.6678749311088, 282.18524472076115, 282.088118298219, 279.5548517208288, 279.5523182330745, 278.5082530408803, 266.37439346313477], "map": 0.7862605845416712}, "time": 1807.8632333278656}