{"task": {"alpha": 5, "lr": 0.0001, "wd": 1e-05, "bits": 48}, "result": {"time stopage": true, "loss": [2185.9148372234686, 1734.7146002136835, 1617.7749821124692, 1557.719886099938, 1481.9866230275372, 1438.0369395643177, 1393.3760037563816, 1364.4359928546567, 1329.2932588180693, 1312.839953734143, 1311.8266384011447, 1266.6924668113784, 1253.4576857160814, 1260.6945818910503, 1233.8068509243503, 1231.4602020565826, 1233.3991239944307, 1219.8683217870127, 1207.6066272093517, 1203.9914233519298, 1184.6348496238784, 1194.0743710357365, 1176.113684928063, 1186.3212733504795, 1149.1625970519415, 1173.7373651183477, 1149.8466827090424, 1158.7614014880492, 1148.6185127484916, 1157.9438446347076, 1130.7555983137377, 1108.8277874937153, 1103.932317450495, 1114.781864581722, 1094.689471858563, 1064.5630269569926, 1069.5435138362468, 1058.6219597240486, 1029.0576694601834, 1027.625613675259, 1036.3056815874459, 1018.7312918181467, 1009.9293315623066, 974.0083430828435, 976.01263971612, 970.0297289555616, 940.3463908280477, 925.050115906366, 933.4880259296682, 919.691459429146, 902.1425893047068, 893.0338418790609, 880.8495963823677, 867.4148867767636, 861.5724550757078, 840.3553009033203, 849.3099933284344, 812.8838065874459, 823.9799402822363, 794.4272769134824, 825.2809040333965, 774.7536763106242, 792.0988394859994, 771.5280435392172, 766.172315238726, 734.2844513241607, 734.5461357796546, 756.8581271029935, 722.713617910253, 719.4357583829672, 721.921251353651, 715.2514032042852, 695.8868562301786, 680.0847424799853, 679.0420462731088, 677.7746243618502, 667.3603982453299, 662.176874141882, 654.0382500072517, 651.0566173591236, 643.4963587392675, 645.91982065333, 630.1047224290301, 619.8603896339341, 624.1502942377978, 631.1590944800047, 600.770918893342, 589.7207770017114, 608.156113275207, 603.9965540819829, 590.4097981972269, 588.2259962629564, 567.2524507730315, 560.6932425923867, 570.6735048199644, 570.3930358886719, 557.9812097832709, 561.7641698251856, 546.1826383382967, 547.57118784083], "map": 0.7788022833402838}, "time": 1818.1546614170074}