{"task": {"alpha": 3, "lr": 1e-06, "wd": 1e-05, "bits": 48}, "result": {"time stopage": true, "loss": [2238.580870977723, 2234.5832036084466, 2209.4589892094677, 2191.2938824644184, 2184.111580725944, 2182.1819270672186, 2179.306581402769, 2160.7747826906716, 2131.3542903484686, 2117.678468005492, 2110.792238745359, 2098.1257481338953, 2072.3226245842357, 2067.1560094852257, 2064.298576732673, 2036.6200942237779, 2019.068957640393, 2008.739556340888, 2008.49859075263, 1994.0427910833075, 1987.3185793432858, 1973.8554868792544, 1954.3985015566986, 1939.508758847076, 1926.5660436649134, 1932.0952088006652, 1925.6019033299815, 1921.709742177831, 1907.0117948928682, 1891.0419510945235, 1881.1633494159962, 1862.6824588586787, 1853.4079988687345, 1842.003635519802, 1826.4594231029548, 1829.961991413985, 1823.1325296836324, 1799.0817290957611, 1806.6633772141863, 1805.4053689182394, 1791.2677545830754, 1777.7197507348392, 1757.883923218982, 1750.962698454904, 1775.0449581335088, 1749.6339896929146, 1730.835289681312, 1729.6664144685953, 1740.4649597772277, 1705.8820414023824, 1712.3586643332303, 1702.5598253306775, 1711.6243388865253, 1692.108508421643, 1680.9300851349783, 1682.890894521581, 1675.926469557356, 1671.8926107576578, 1667.8620122021969, 1655.9579171662283, 1666.2688072884437, 1666.7882358060024, 1650.3183352026608, 1653.035019676284, 1637.86604414836, 1622.7107682936262, 1620.130262318224, 1603.8511189375774, 1625.8435517868193, 1602.2911352780786, 1616.3384260423113, 1580.413056930693, 1597.3325255743348, 1605.1592014426053, 1592.173554977568, 1561.0148708230197, 1573.9427919293394, 1563.1464771232982, 1550.8437222018101], "map": 0.7173423553899712}, "time": 1809.2412309646606}