{"task": {"alpha": 1, "lr": 1e-05, "wd": 1e-05, "bits": 32}, "result": {"time stopage": true, "loss": [561.5740268820583, 477.02506067257116, 451.8222493086711, 426.22112704739715, 415.32042762076503, 404.1214288390509, 396.91428881352493, 390.2726337697246, 380.4687593667814, 379.5093488032275, 374.57410090984683, 371.6977129643506, 368.8625894678701, 363.7222404857673, 360.9691621383818, 359.5177151519473, 360.7982759381285, 356.3358113506053, 359.1776317936359, 349.013746507097, 350.0667333319636, 353.99170088059833, 351.0140873370784, 346.5772366665378, 344.5282121412825, 341.08420479651727, 339.760780107857, 337.42677004974666, 335.0368347167969, 338.2192175836846, 334.67782245296064, 340.72069345606434, 337.44651869972154, 334.91046520270925, 332.167127552599, 333.47034507222696, 331.34404021914645, 328.46588134765625, 321.16423095098816, 328.0165565415184, 327.893829194626, 324.41628348473273, 325.0021724889774, 321.92116236922766, 320.59643343179533, 322.7174863909731, 316.8458060085183, 316.2354556546353, 314.649034556776, 313.10939947449333, 310.84912230236694, 309.93479428432954, 307.73110788175376, 305.76752313292855, 308.4269404647374, 304.32851175742576, 304.2683777761931, 301.94893351639854, 296.73670944364943, 295.50478672745203, 298.29949392186535, 296.4558026908648, 292.9316522579382, 291.0067563953966, 288.0224996132426, 288.4851790324296, 283.57339341569656, 288.88461409464924, 284.6313130595897, 282.5364281682685, 282.20565554175045, 280.785815928242, 276.7130611910678, 273.3676268322633, 275.6617853145788, 274.9083605473584, 273.61107658159614, 271.8370278235709, 268.91662386148283, 267.20578735653714, 268.31834895067874, 263.7130089939231, 268.4978019789894, 261.9944901419158, 264.33955353085355, 255.49774411645265, 256.1618009510607, 254.8058693763053, 257.3183936695061, 253.89846560034422, 254.6201078207186, 253.45278409448, 248.05353334634611, 250.8679653205494, 248.75623661456723, 246.8567914301806, 245.59088361381305, 245.2958894484114, 242.37954168036433, 241.20049829766302, 239.68214771535136, 239.5739678864432, 237.64159982511313, 235.51764701616645], "map": 0.7285687686357719}, "time": 1805.2930376529694}