{"task": {"alpha": 5, "lr": 1e-06, "wd": 1e-05, "bits": 48}, "result": {"time stopage": true, "loss": [3799.7866090075804, 3784.499083868348, 3787.5890194732365, 3780.6575383856743, 3765.744384765625, 3754.4933453550434, 3731.082756420173, 3698.8264933671103, 3704.6297909576115, 3684.2519482905323, 3661.4004631420175, 3658.8035368966584, 3637.866348719833, 3642.308373781714, 3610.7135771194307, 3585.6775361618193, 3574.9533643061573, 3568.1521455368193, 3568.6344247950187, 3521.8575669090346, 3499.366430905786, 3490.396247486077, 3513.2864784769495, 3481.138108659499, 3465.0029176013304, 3437.284742903001, 3429.204643022896, 3405.9930722076115, 3395.775886157952, 3406.6157081528463, 3354.5639213335394, 3378.4204826732675, 3345.9198445235147, 3332.8852055615716, 3298.334687790068, 3328.107907739016, 3277.8684855546103, 3265.03635519802, 3265.8411490563117, 3245.7681872679455, 3234.685926380724, 3228.6308182820235, 3218.2117182665534, 3224.2171413308324, 3196.1288905379797, 3179.8271145962253, 3171.5158038753093, 3180.4745151028774, 3122.866515508973, 3127.527691831683, 3112.377366471999, 3126.892437925433, 3104.556698638614, 3084.921668326501, 3070.5382599783416, 3081.531270546488, 3036.7864990234375, 3040.6012821008662, 3034.3613232905323, 3015.5154485419243, 3021.5771145962253, 2985.05446511448, 2996.496797165068, 2996.9203956528463, 2984.104735119508, 2953.31385365099, 2955.621932530167, 2950.103943475402, 2962.8924826442603, 2947.0767568456063, 2927.658800181776, 2956.243533899288, 2927.466469339805, 2915.53586691677, 2899.446376082921, 2899.9364678411202, 2881.307564008354, 2868.541283937964], "map": 0.7083520277490062}, "time": 1806.8737485408783}