{"task": {"alpha": 3, "lr": 1e-06, "wd": 1e-06, "bits": 32}, "result": {"time stopage": true, "loss": [2250.7304530379797, 2226.5805253132735, 2222.9245774675123, 2202.542102171643, 2219.5097245320235, 2181.581306079827, 2174.963919158029, 2162.7989767848853, 2126.676809783029, 2129.082756420173, 2116.8692578608448, 2096.1020169399753, 2085.491595277692, 2078.3301433903157, 2066.7776724938117, 2071.0888514754797, 2045.5772427096226, 2010.6078932356127, 2007.7036833810334, 2006.2746775409962, 1968.4481249516552, 1986.6179295908107, 1965.7520171816986, 1955.0079418220143, 1942.8053631168782, 1935.1737096805384, 1916.6657013845916, 1913.3023476175742, 1907.105332176284, 1897.1774745223545, 1878.4681674466274, 1884.2970804648824, 1866.2657893719058, 1843.2093530031714, 1847.2288794187036, 1834.707793887299, 1835.2873486811573, 1812.9866097327506, 1818.8503478399598, 1799.9597905225094, 1779.6178534479425, 1783.273603080523, 1790.9488622079982, 1779.4277404180848, 1752.7520486057394, 1755.822700727104, 1766.8875804938893, 1753.8931026647588, 1731.1368480720143, 1724.5419003326115, 1724.4263130414604, 1718.432344040068, 1712.8914698232518, 1702.7737469059407, 1706.9505651492884, 1696.7587032506963, 1695.6843370494275, 1690.4363119295328, 1674.858617197169, 1663.8662713683477, 1667.8187745349242, 1656.81396484375, 1657.729383411974, 1662.7937942353806, 1630.375458065826, 1661.6830426206684, 1632.1515877600943, 1639.7838666557086, 1641.0471058458386, 1619.191431630956, 1621.240407811533, 1617.666855613784, 1594.5410760558477, 1610.2548973159035, 1588.9478542214572, 1598.621934947401, 1591.3395863145886, 1602.5333674969058, 1590.1024157835705], "map": 0.708903614280171}, "time": 1816.4561450481415}