{"task": {"alpha": 5, "lr": 0.0001, "wd": 1e-05, "bits": 12}, "result": {"time stopage": true, "loss": [2393.9749755859375, 1954.9797786297183, 1831.1489868164062, 1745.3731169747834, 1670.820870276725, 1631.1461852423035, 1579.2852565652072, 1541.783835835976, 1508.1270220161664, 1493.2065937306622, 1468.2598901125464, 1442.7118971418627, 1418.7894087687578, 1410.8462482112468, 1373.5350976320776, 1372.0192133837406, 1353.67003306776, 1340.111797672687, 1346.2801664748995, 1322.8619269947014, 1324.513885800201, 1314.620908831606, 1313.7113254660428, 1296.9278564453125, 1269.9226460976176, 1298.8569039826345, 1278.2443817440826, 1288.1792974188777, 1267.9448024636447, 1266.3984737585088, 1263.3895034034654, 1264.5411216811378, 1262.2686782685837, 1246.3532618154393, 1246.6196929629486, 1232.5510048441367, 1222.4285236018718, 1223.9587873704363, 1214.906438544245, 1190.9185138362468, 1180.1273954788057, 1186.5656236705213, 1190.8387868144725, 1153.7466303759281, 1125.0368199112393, 1150.8016067353806, 1137.439363385191, 1139.875651444539, 1095.0351076031675, 1095.519512516437, 1087.2863697014232, 1067.4390032173383, 1073.108590607596, 1060.8687946583966, 1054.0165184700843, 1029.8647983664334, 1002.5683058936997, 1023.3002192431157, 1013.4663841323097, 972.8643886452854, 974.8115977674428, 987.064277271233, 950.8441938645769, 951.6159408116105, 944.2197930364325, 917.487561518603, 921.017260560895, 917.0152832635558, 906.1487024892675, 896.7959277464612, 873.2137602248995, 879.4241511278814, 847.5558713403078, 852.995748387705, 850.276401330929, 855.1099436542776, 834.8502985888189, 828.6487789342899, 820.280184906308, 824.0243231140741, 808.0799071057008, 801.124194154645, 785.3788367545251, 778.2673614804107, 780.7444878002204, 754.6422224894609, 768.135503183497, 763.1173035272277, 729.4691174195544, 753.7787652346167, 742.7311321296314, 725.4225155669864, 714.0324157110535, 722.7442657168549, 724.4921104506691, 696.4169054692335, 708.068611069481], "map": 0.7150924460377107}, "time": 1815.1907186508179}