{"task": {"alpha": 5, "lr": 1e-05, "wd": 1e-05, "bits": 32}, "result": {"time stopage": true, "loss": [3705.5336213064666, 3509.3192585860147, 3360.3265755530633, 3196.2835995513615, 3106.4568354540534, 3019.159009272509, 2908.9116102161975, 2863.7635256323483, 2774.2069007193686, 2732.089738600325, 2651.2506393583694, 2621.457762463258, 2597.9387847598236, 2540.8041641688583, 2524.2744031849475, 2453.6049695911975, 2434.121521600402, 2407.7358047938583, 2350.007679552135, 2318.216508015548, 2320.2787699180076, 2293.8147637395577, 2275.7928019608603, 2229.8277309908726, 2231.09889870823, 2213.6669825185645, 2192.142280805229, 2163.1980705638925, 2169.0215037128714, 2137.183683187655, 2115.0502736308786, 2112.0744725595605, 2105.1463671391552, 2087.1121874516552, 2066.2237500483448, 2079.0011348913213, 2070.20809120707, 2024.332004660427, 2042.1120798847462, 2017.1813638517172, 2021.5977227239325, 1985.7688906830135, 1967.6924698329208, 1976.236926390393, 1978.014922793549, 1951.9076121113087, 1968.1109607054455, 1951.1588678643254, 1916.0710805760752, 1894.6982313099475, 1885.150988890393, 1899.9098353621982, 1904.9587027672494, 1894.0360893022896, 1859.7337936552444, 1907.7229668645575, 1893.9945721012532, 1840.1671166750464, 1860.5961672339108, 1829.0989724338644, 1844.019083457418, 1852.924264435721, 1833.9921294863861, 1826.0333022315904, 1828.3887601040378, 1839.215874700263, 1796.2536615050665, 1795.3883624690593, 1789.0623960589419, 1771.9250149868503, 1765.6556759069463, 1774.2545782410273, 1770.7442264368037, 1781.2166651357518, 1771.5656943746133, 1772.285181630956, 1743.5329807394803, 1779.7658461769029, 1755.4973047841893, 1748.5763380598314, 1735.3374917814047, 1748.4260006139775, 1731.4798874052444, 1741.686145140393, 1716.368543568224], "map": 0.7460631309904174}, "time": 1810.8964755535126}