{"task": {"alpha": 3, "lr": 0.0001, "wd": 1e-06, "bits": 24}, "result": {"time stopage": true, "loss": [1186.964547638846, 966.4634834516166, 929.6552408048422, 883.6440336019685, 864.0085304184715, 832.2592093590463, 816.1749146716429, 801.6432476987933, 790.0086156259669, 783.6671088190362, 774.7737463016322, 762.8104015388111, 758.2394511912129, 751.3429015508973, 735.9130028450843, 735.2351104434174, 735.9691739223971, 727.8564694848391, 718.6741408546372, 726.9811634025951, 728.2160620358911, 726.2623185261641, 715.9151692909769, 705.481654101079, 711.625123883238, 696.3039396682589, 689.2760605009476, 687.2987843126353, 670.8689155200921, 659.6174851219253, 659.8022331011177, 640.6264198227684, 644.6943013408396, 642.2039462552212, 623.171615751663, 614.9429534307801, 610.0590418447363, 612.9538867308362, 596.3843386810605, 580.6080166656192, 575.8254367337369, 569.0029526512221, 560.7723817730894, 546.1715012352065, 544.0438812558014, 543.8156792669013, 533.8665868173731, 527.4293868565323, 525.3064741380144, 516.1618838168607, 503.8228036106223, 489.16604961735186, 492.8523471945583, 495.6690843034499, 479.1408076522374, 475.5858994285659, 463.54718017578125, 462.5761907596399, 461.7123603443108, 455.8516191539198, 442.1422457553372, 444.2932417463548, 434.5629631269096, 431.4235670637376, 429.72535992612933, 418.22215769550587, 426.68652056703473, 407.2053872287864, 409.2251919283725, 399.6781587506285, 397.8500177364538, 388.2219294179784, 392.92523948744974, 382.11352418200806, 385.07504408430344, 389.6530137770247, 372.20288221906907, 373.48458771658414, 363.57237893283957, 363.8943059940149, 363.0393771936398, 354.2757879578241, 357.1163074757793, 355.8360340382793, 352.97695786882156, 350.74511839611694, 350.9909471568495, 337.5035143559522, 333.1158541688825, 329.8595170124923, 329.78324950567566, 330.8256693925008, 328.1960490764958, 330.39718575052694, 314.4211801963277, 314.62697216071706, 318.0430745039836, 309.6516045296546, 315.4517547305268, 301.80964940137204], "map": 0.7611068673456718}, "time": 1802.254096031189}