{"task": {"alpha": 5, "lr": 0.0001, "wd": 0.0001, "bits": 32}, "result": {"time stopage": true, "loss": [2276.4402205967667, 1813.027884001779, 1656.3855838586787, 1590.0120668316831, 1537.2983138584855, 1463.0609620349242, 1392.5382092164295, 1391.004503306776, 1385.088974754409, 1342.3973322197942, 1328.6894271397355, 1314.1020072710396, 1286.406775144067, 1289.9614499535892, 1268.6436441251547, 1277.7861303952661, 1275.689141906134, 1244.606149201346, 1258.677993623337, 1250.3540093450263, 1220.4166066386913, 1212.3756816599628, 1216.3141340501238, 1236.7304560595219, 1209.2595136283649, 1207.783501653388, 1204.9981121403157, 1205.256739852452, 1198.9797157816367, 1189.5924942469833, 1179.6368662012685, 1178.5903447217281, 1151.2505390431622, 1163.9005048393024, 1156.2396965404548, 1123.3704640605663, 1142.7711568398051, 1128.4739814984916, 1110.120064008354, 1081.8908812267946, 1085.8004280316948, 1073.1255523379486, 1065.9435726958927, 1057.30877836624, 1033.1163188065632, 1029.1958959598353, 1017.1895498143564, 1011.2184992119818, 1010.8539591874227, 987.4854691004989, 971.5554894173499, 968.2724059454285, 966.060756872196, 950.8420494759437, 919.5937672227916, 915.526198887589, 918.4269511912129, 888.0607641238978, 893.9049818586595, 878.0103729550201, 862.0115392703822, 867.3635256927793, 841.5332774549428, 836.4677776676593, 828.6911642244547, 815.3897130985072, 818.0503555146774, 787.7625977166808, 772.6140580885481, 785.8199281598081, 768.9161083863513, 768.2959150559832, 751.6632599783416, 745.3983631700572, 738.8178834820737, 731.8512660866917, 734.1306726436803, 709.45492130695, 709.9479052855237, 714.9636348308903, 679.0891132921275, 683.039102988668, 666.0331079464147, 670.922931331219, 680.8381167874478, 659.4540695341507, 660.7124038545212, 645.7855345471071, 647.2701521769609, 645.3068311332476, 641.5323298992497, 622.8904911456722, 638.9834049338161, 622.2776516451694, 616.7815367443727, 609.3506560372834, 602.3983772202293, 604.1246392278388], "map": 0.7639448945103355}, "time": 1802.3081724643707}