{"task": {"alpha": 3, "lr": 1e-05, "wd": 1e-06, "bits": 24}, "result": {"time stopage": true, "loss": [2100.8923001431003, 1917.3447326055848, 1788.3416699702198, 1725.822684410775, 1650.7925300220452, 1593.9342028929455, 1558.470950891476, 1517.620261617226, 1485.4404834709544, 1455.9424921923344, 1434.1166557085396, 1413.1807782768024, 1378.3951857160814, 1371.7289555615719, 1333.7966175645886, 1335.4675909363398, 1338.455751324644, 1307.5871104627552, 1292.3708073077817, 1283.2057084187422, 1267.5616847878634, 1256.4735971582998, 1247.2558956335088, 1221.6475630656328, 1231.8670231280942, 1214.896129041615, 1206.672429150874, 1216.8628781762454, 1209.1930233794865, 1193.4147997563427, 1192.1817385229733, 1179.0613687345297, 1182.2830798460705, 1177.9696401463877, 1161.053522393255, 1156.7101023456837, 1159.2987894492574, 1149.7844159721149, 1143.6446176661123, 1128.4660215472231, 1130.6775403919787, 1135.1417169854192, 1118.7481218092512, 1110.2618873520653, 1123.818671802483, 1115.481848990563, 1099.9837459148746, 1105.936820757271, 1100.7553136844447, 1095.6490140102878, 1106.7510750647818, 1085.714137917698, 1102.1863076993734, 1083.3532914265547, 1080.444911541325, 1081.9758711711015, 1074.6589409856513, 1070.5909478215888, 1074.052367559754, 1072.3497133160581, 1071.239431249033, 1062.5802739209469, 1060.649558492226, 1054.648749927483, 1048.5174953347384, 1058.0495726330446, 1053.8973696869198, 1052.4197230575107, 1033.3936404993037, 1023.5953483959236, 1055.6933412457456, 1030.5459854579208, 1051.3337426516089, 1034.1008645237082, 1027.364366588026, 1032.548728414101, 1034.8385759108137, 1017.6646257155012, 1017.5463691938041, 1024.072254143139, 1020.389465029877, 1012.6348055093596, 1022.8879095398554, 1008.2150706678334, 1003.9369972153465, 1003.7568697787748], "map": 0.7489006172869893}, "time": 1804.632483959198}