{"task": {"alpha": 3, "lr": 0.0001, "wd": 0.0001, "bits": 12}, "result": {"time stopage": true, "loss": [1260.6027898505183, 1007.2667985670637, 939.2841630690168, 911.2445026057782, 870.0279643748066, 860.2042626107093, 842.0901631270305, 824.9134282782526, 816.3459203738978, 799.6050384823639, 782.8723818335203, 791.9474227452042, 764.5041313549079, 773.5117090810644, 771.5599682496326, 770.9209476886409, 765.4094005622486, 760.3555418713258, 756.5305864692915, 753.338230850673, 742.3143059758856, 741.6554586580485, 740.2553203318379, 732.8311199528156, 740.3219148239286, 739.9718930083926, 720.2408942798577, 722.5120088180693, 710.0311832239132, 703.1790463287051, 691.5713174649984, 695.108339064192, 682.7214252736309, 681.4368724256459, 681.8093575959158, 667.9248466869392, 652.4349739905631, 654.9802962199296, 643.6836445119121, 632.0196125294902, 632.4069954145073, 617.2664226871906, 614.1850090404548, 603.1873452970297, 595.211093109433, 590.7385982097966, 580.5150592161878, 593.7280113295753, 573.6671145599668, 560.4096777887628, 552.5663547327023, 557.9848421304533, 538.4533149039391, 527.3146001230372, 525.1948216504389, 518.9372884920328, 510.77325061760325, 512.3100354789507, 504.9820698653117, 499.0198149728303, 486.0696731416306, 484.0952062323542, 484.74610432539833, 473.4042255665996, 483.51831371949453, 459.6462450688428, 454.09618853578473, 452.97185523911276, 461.2224325047861, 456.1281291092977, 452.62637601040376, 428.74740328647124, 428.6635246654548, 418.27713329957265, 421.4719955897567, 422.6998133895421, 416.2051610663386, 411.02468962716586, 411.3177824114809, 402.56788484176786, 398.8779568813815, 393.7730060237469, 398.4376031856726, 379.73588018134086, 386.7260802618348, 383.01086372904257, 386.01557257623955, 371.8741142348488, 368.5888359145363, 368.8684465767133, 365.6290245433845, 362.88323408070175, 360.11935032004175, 354.3402812693379, 344.7234716132136, 357.0197157151628, 345.27824243224495, 342.28099974075167, 346.84473313435467, 339.36140676064065], "map": 0.7092910623422831}, "time": 1811.859542608261}