{"task": {"alpha": 1, "lr": 1e-05, "wd": 1e-06, "bits": 48}, "result": {"time stopage": true, "loss": [562.0681536079634, 471.5229764126315, 440.7627605778156, 419.2285539985883, 407.0814465815478, 399.1092131964051, 389.9255641521794, 380.8365347078531, 376.1245541714206, 371.17395049746676, 369.4945447562945, 367.8978992122235, 364.146436332476, 357.82787194582494, 354.247795180519, 353.436723312529, 351.51117426806155, 350.53588504602413, 350.1210369450031, 341.3795072347811, 339.88082311649134, 335.77314803623915, 339.56315673223816, 334.1623284368232, 336.8215650803972, 333.8507229644473, 330.4190583181853, 331.89560676801324, 332.2081040486251, 332.6289095736966, 333.5696305378829, 328.18336094015893, 326.6370607885984, 325.31837161224666, 326.3509063720703, 321.4042521561727, 320.73094675800587, 320.4659478215888, 319.97868180983136, 321.5868759910659, 312.89928081248064, 315.1641916709371, 315.1044530585261, 312.15402901526727, 313.28677866718556, 308.3330168771272, 308.71457679672994, 308.51775669815515, 302.0928548680674, 306.2097897671237, 305.6311411338277, 303.0005484099435, 302.57498591961246, 299.42763466410116, 294.95361010863047, 295.6622146002137, 294.47485381777926, 296.08402403274386, 295.18873142960047, 290.16831668060604, 289.5309768525681, 287.55656191382076, 282.913327509814, 289.0210652870707, 287.40844583039234, 278.2660536813264, 281.1075557293278, 274.256598142114, 278.9051521225731, 274.92971552480566, 272.77166143738395, 270.0956991969949, 270.5986219349474, 268.05869905075224, 264.04687620861694, 264.3301011642607, 261.3861503978767, 261.56749823541924, 258.95505606774054, 252.86547579623684, 260.4034707097724, 255.82071240113513, 255.5339563955175, 252.84347760795367, 250.49583163119777, 248.03838922481725, 249.2216416160659, 245.91508944671932, 246.27702905636022, 243.57419223596554, 238.42333584020633], "map": 0.7249877410981734}, "time": 1817.7848181724548}