{"task": {"alpha": 5, "lr": 1e-05, "wd": 0.0001, "bits": 48}, "result": {"time stopage": true, "loss": [3665.6784257038985, 3439.5712262144184, 3311.2542204904084, 3165.286645266089, 3032.8331032932397, 2952.8549901376855, 2856.4552896329674, 2813.9777650738706, 2726.541739586556, 2672.690022383586, 2637.7607566909037, 2570.15516224474, 2508.9602232073794, 2488.720740592126, 2427.730114625232, 2409.9243309096537, 2373.279252156173, 2318.5224561030323, 2319.273217531714, 2288.660621567528, 2293.0270826887377, 2204.0653970548424, 2214.0243669264387, 2217.4337109858448, 2173.4188449972926, 2180.6923429281405, 2142.4364074102723, 2134.1606493657177, 2114.056834003713, 2091.88614707418, 2079.741297957921, 2058.824971718363, 2044.7466388362468, 2014.7919087929301, 1993.239744885133, 2011.8191377243193, 2001.2792485303219, 1970.8672273843595, 1976.5885734935798, 1978.383682704208, 1948.9899237604425, 1946.1300647093517, 1947.7729038956143, 1905.9672646097617, 1913.3345306698639, 1916.3298581567142, 1889.3256437093905, 1874.7509681021813, 1862.3098760925898, 1859.437351944423, 1884.1052971263923, 1853.5012811339727, 1834.8389324528157, 1849.966875435102, 1847.2387272296567, 1823.7413402595143, 1820.5260879969833, 1841.4898439917233, 1811.5664823928682, 1792.2063006410503, 1800.834118531482, 1790.678468005492, 1791.5604223874536, 1770.470947265625, 1768.2997400264928, 1778.7316815971149, 1761.5505612817142, 1751.7709936765161, 1742.432742279355, 1757.5217466448794, 1730.2069309347928, 1751.8807699373453, 1713.7457680277305, 1720.313569021697, 1736.1739163540378, 1732.722408483524, 1699.8393053111463, 1709.6257596157566, 1703.49761419013, 1705.9096758247601, 1716.7313383498995, 1690.5514417591662, 1698.0400221418627, 1683.4211522470607, 1668.3977546314202, 1687.396904369392], "map": 0.7573849376884786}, "time": 1820.6977398395538}