{"task": {"alpha": 3, "lr": 1e-06, "wd": 0.0001, "bits": 48}, "result": {"time stopage": true, "loss": [2219.8959259939666, 2222.2846341274753, 2215.606126237624, 2209.6599072749073, 2184.663165706219, 2169.7196806350557, 2151.0796816986385, 2143.824410920096, 2117.5429204053216, 2110.2968326984064, 2106.7397654316214, 2088.4046062809407, 2074.5783014580757, 2060.318677241259, 2042.6141103612315, 2035.9015956161045, 2017.335201452274, 2004.8318052386294, 1985.8307138575185, 1967.031986047726, 1966.323052434638, 1942.439912399443, 1949.6621275042544, 1911.359940632735, 1907.630616442992, 1917.455428623917, 1879.4975211266244, 1890.8485844678219, 1872.833526309174, 1876.685548083617, 1863.6098789932705, 1858.189346766708, 1834.5200267829518, 1816.6335086633662, 1815.6322033570545, 1811.758083230198, 1790.5292992922339, 1786.8630564472462, 1774.0224258876083, 1781.7416968015161, 1765.614066851021, 1751.2531689936573, 1747.5736676206684, 1720.6554426438738, 1725.3798876469677, 1732.8236470741801, 1711.1937437151919, 1725.3840307858911, 1701.2919051670792, 1708.7447449334777, 1675.5699221167233, 1672.5333735399906, 1687.0695619488706, 1680.5386092686417, 1676.4558443881497, 1672.025498191909, 1657.0642416170328, 1648.6402877958694, 1627.1444242873995, 1639.9656994508045, 1630.4618252291539, 1633.234507947865, 1618.5338557781558, 1613.4296536587253, 1621.7644876914449, 1615.9407819993426, 1614.868729695235, 1608.3048331383432, 1598.5225123037205, 1588.933009383702, 1577.6909542272588, 1570.8144827361155, 1560.7950149385056, 1562.348607431544, 1571.5112244256652, 1571.7049614934638, 1550.6995088180693, 1542.6601689404781, 1559.2876695689588], "map": 0.7124180513780745}, "time": 1814.1052496433258}