{"task": {"alpha": 3, "lr": 1e-06, "wd": 1e-05, "bits": 12}, "result": {"time stopage": true, "loss": [2273.684050607209, 2266.756533783261, 2261.1294573793316, 2247.62671502746, 2228.216065661742, 2225.234376208617, 2209.2639341448794, 2207.927462436185, 2196.5390987585088, 2174.3651364770267, 2168.442658377166, 2163.005612817141, 2145.272209545173, 2125.444395159731, 2110.3866849087253, 2096.9082804764853, 2083.379340143487, 2090.1994290493503, 2070.961242071473, 2064.3989910465657, 2058.7391442025064, 2041.1815717338336, 2034.271509755956, 2018.727704643023, 2006.7579841236077, 2004.6008868831218, 1989.353405640857, 1978.8575934986077, 1964.5039715153157, 1955.0534752571937, 1954.5461268661045, 1951.6873356280942, 1935.1553169477104, 1927.5016666827817, 1917.563173199644, 1919.615293597231, 1896.1972789197864, 1889.9090394879331, 1887.2366991704052, 1874.5768329884747, 1860.2753592009592, 1866.0771278910117, 1857.5079333616955, 1852.8178481300279, 1830.4044491607365, 1847.3195716178063, 1834.9654154258199, 1801.0253555751083, 1816.404429822865, 1796.894071975557, 1802.4842033763923, 1780.025389416383, 1788.6855541267018, 1774.5535852413366, 1790.288466651841, 1767.3494147876702, 1763.8234621557858, 1771.232447255956, 1743.47179088026, 1727.6794457766089, 1734.150186973043, 1740.8153607963336, 1712.7888799988398, 1723.6103140953744, 1724.8675108050356, 1707.180474309638, 1696.890321637144, 1688.9273089418316, 1714.2424576258895, 1693.0600900177908, 1704.4140709603187, 1683.3448208346226, 1679.4560365582456, 1661.7427265431622, 1691.726429552135, 1661.9866967531714, 1656.6824769879331, 1662.9049326075185, 1662.5390806292544], "map": 0.6901271516954423}, "time": 1820.4404571056366}