{"task": {"alpha": 1, "lr": 0.0001, "wd": 1e-05, "bits": 32}, "result": {"time stopage": true, "loss": [253.58562983144628, 214.8389200644918, 208.44103580890317, 202.00231941147607, 195.5752024131246, 192.55712505378347, 194.72016098475692, 194.033439031922, 194.3764958145595, 194.29223678135637, 191.42041000517287, 189.86755816771253, 194.29013476985517, 192.01366537868387, 192.53464485395074, 190.2392332624681, 186.38805072142347, 186.05646001230372, 183.33012171074895, 180.24743357743367, 179.9287645698774, 177.50884896457785, 172.99856658029086, 171.1216607801985, 165.74810821231048, 165.3976383398075, 160.9720533767549, 159.03010219158512, 153.26066128570255, 152.0605341089834, 149.88046325079284, 146.45549434246402, 144.20125300341314, 139.33164978027344, 139.0081374668839, 136.0752065677454, 132.82633413182626, 131.3011699714283, 129.07808885479918, 128.14810868064956, 123.4832949496732, 123.45796607744576, 120.9715002456514, 119.47283837346747, 118.25253866214564, 116.9599161431341, 114.3619842151604, 113.75245768480961, 112.62115297223082, 110.08510166583675, 107.38576639760839, 107.40080506730787, 105.00344032816368, 105.17905097432656, 101.07959966376276, 103.05481584001295, 101.31946172808657, 100.66880424423974, 97.32591527051265, 96.45243216033029, 94.2457140176603, 95.40210984484985, 92.62468270027992, 93.1717934183555, 89.19825030789517, 87.3852149283532, 86.2581563892931, 88.01708480155114, 85.79596428823943, 87.68634093633973, 84.88355462857993, 84.2930312770428, 81.48614214906598, 79.03127772265141, 81.8405178561069, 80.35571372154915, 77.80721052566378, 80.73477478782729, 74.86842542591661, 78.06109575705953, 75.28745473729502, 76.84789891762308, 74.2212920991501, 72.8959441609902, 72.85468941867941, 72.82515059367265, 69.62411031628599, 70.87830552960386, 71.0933940056527, 69.89780892475997, 68.5222728464863, 68.79495826570114, 67.9863294469248, 66.3838920782108, 67.1358629358877, 64.5336183793474, 65.78575266469824, 65.7919772875191, 63.25972011301777, 65.89689213214534, 64.61106145499957, 61.2267047674349, 64.62852817950862, 61.804680493798585, 62.20235692392482, 59.34185724919385], "map": 0.7382317190361727}, "time": 1804.982738494873}