{"task": {"alpha": 5, "lr": 1e-05, "wd": 1e-05, "bits": 48}, "result": {"time stopage": true, "loss": [3651.6102065284654, 3439.2562993115716, 3284.7678609413674, 3139.0250014503404, 3029.926786819307, 2948.038218885365, 2858.534938698948, 2758.5392715907333, 2715.5681478670326, 2626.0030239596226, 2588.420905689202, 2554.3145993676517, 2484.926160755724, 2453.4938300104423, 2425.4607296178838, 2374.1080539816676, 2338.6026526724936, 2303.449054378094, 2297.217632029316, 2264.10959738552, 2269.5764921584932, 2226.4518239238473, 2184.1262352065287, 2179.1106065806775, 2144.5535381052755, 2137.03501725905, 2122.7758740717823, 2100.9554443359375, 2081.078370349242, 2072.8203088741493, 2060.0752968363245, 2053.1526362353034, 2035.9099000232054, 2010.4847460454052, 2003.0970295821087, 1991.2624040358137, 1982.6061044825185, 1983.0669839689047, 1967.2497776144803, 1950.7537914313893, 1918.2591516475866, 1912.075110709313, 1939.7437997950185, 1900.4188329111232, 1895.289658348159, 1883.5263629573406, 1867.0158244217976, 1868.659641379177, 1880.2453160049893, 1853.3632492216507, 1864.6760459371133, 1859.8175689395111, 1834.422792340269, 1805.6593259301517, 1833.4183857228497, 1819.844337992149, 1806.6526156888149, 1773.4323488745358, 1815.5226452515858, 1796.0072226949258, 1780.2815255646658, 1768.7739149036975, 1755.6124769154162, 1746.7829976601176, 1749.949531177483, 1767.9875935469524, 1735.2379355855508, 1753.3424561755492, 1738.4431091912902, 1723.2760565729425, 1717.9545427076887, 1729.7848758508662, 1745.1314358852878, 1702.9174937635364, 1713.0422339108911, 1706.3630612817142, 1720.9963040493503, 1719.2544374371519, 1702.6690583181853, 1688.0907629031947, 1696.8798737478728, 1676.906630714341, 1687.0170807791228, 1703.409029214689, 1679.0222494295328], "map": 0.7547824433729154}, "time": 1810.6052267551422}