{"task": {"alpha": 5, "lr": 1e-05, "wd": 1e-06, "bits": 24}, "result": {"time stopage": true, "loss": [3657.828448909344, 3431.9186673306003, 3333.83680286974, 3195.3743521813117, 3101.801395227413, 2964.452068668781, 2898.685961430616, 2819.769691996055, 2790.124098371751, 2711.985049408261, 2632.73279896349, 2594.8421401222154, 2571.3254648340812, 2551.469193562423, 2479.529890305925, 2462.773598246055, 2419.1089290203436, 2348.1223990563117, 2360.5892309812034, 2344.7415324296103, 2322.0879667678682, 2289.5909472172802, 2259.0582577544865, 2253.93069186069, 2234.3650675858603, 2210.9735699644184, 2192.5533000077353, 2196.414582205291, 2142.568492322865, 2156.0560036838647, 2119.851349783416, 2104.1603278736075, 2081.4803061910193, 2093.213779562771, 2083.9733632909188, 2042.6633385384437, 2050.677298064279, 2043.3533065342667, 2016.8158382000308, 2024.584935556544, 2018.8045327970297, 1997.5645993676517, 1988.3761070931312, 1978.9886970142327, 1973.486487662438, 1973.907359510365, 1961.6798023186107, 1939.615531694771, 1947.3457520739867, 1937.727901043278, 1927.8281358775525, 1929.9413917465965, 1915.5420864596226, 1890.2799833694307, 1908.8422428546567, 1897.3911888198097, 1881.2001324644184, 1883.347571646813, 1857.3677398379486, 1861.9796674369586, 1845.6193388381807, 1847.432565216971, 1857.2707301980197, 1833.8403942750233, 1851.7708413907797, 1825.938176825495, 1818.784142824683, 1830.6120955967667, 1819.360809628326, 1794.995781322517, 1829.4990004737779, 1789.502522383586, 1816.8033392877862, 1789.3022074180074, 1773.554577515857, 1787.8003038463025, 1782.2780127194849, 1771.7621901106127, 1743.2393061571781, 1774.2336341178063, 1759.0735660968442, 1774.8480133963103, 1782.3556772364248, 1741.950099227452, 1773.570177134901], "map": 0.7420025300503872}, "time": 1806.1116235256195}