{"task": {"alpha": 5, "lr": 1e-06, "wd": 1e-06, "bits": 12}, "result": {"time stopage": true, "loss": [3861.465300607209, 3841.226777633818, 3832.748394956683, 3830.123808303682, 3834.9592671913674, 3808.0028450843133, 3805.6950006768257, 3807.511252223855, 3790.2574692527846, 3765.896085531405, 3757.8842120784343, 3771.5667349938117, 3747.7455643757735, 3757.1850223352412, 3708.0264131149443, 3713.93299427599, 3707.451795521349, 3700.2901695931314, 3682.8976905747213, 3649.380310662902, 3662.128113397277, 3655.0156805963798, 3652.241513091739, 3625.1041344368814, 3616.4418220142325, 3603.7125981396966, 3577.9594919941214, 3605.0183733949566, 3574.2578487585088, 3560.79529896349, 3574.8203076655323, 3561.0932568842823, 3551.1037404277536, 3511.4442416653774, 3506.512637298886, 3506.854460763459, 3492.8468078008973, 3489.909394821318, 3445.4067189433786, 3466.524196511448, 3461.3429789023826, 3434.1798881304144, 3419.8621765741027, 3402.596162399443, 3414.6035494662747, 3404.80990389078, 3399.508849493348, 3381.8111342628404, 3385.78451326578, 3365.927949508818, 3345.9990282719677, 3352.002354385829, 3337.855388981281, 3312.777921468905, 3326.2950934986075, 3307.9617932008045, 3297.6971713528774, 3290.9027619314666, 3273.492160910427, 3270.1250652653157, 3264.4430137105505, 3249.2014111811573, 3218.239315826114, 3239.2236448986696, 3224.814561900526, 3234.2824247756807, 3223.339087155786, 3197.422960338026, 3190.7740998220916, 3205.3137883856743, 3183.6150023205446, 3188.7308071627476, 3165.8130728844367, 3150.2202776918316, 3156.0660944268257, 3119.870554706838, 3134.0042640006186, 3100.8512240872524], "map": 0.6721321019054552}, "time": 1811.8547675609589}