{"task": {"alpha": 3, "lr": 0.0001, "wd": 1e-06, "bits": 48}, "result": {"time stopage": true, "loss": [1136.9588206074025, 931.862372974358, 881.3662916126817, 846.4197508557008, 825.3818483258237, 807.5849645633509, 776.4928749008934, 763.7556892621635, 761.6718668418356, 737.4582619242149, 740.1907844165764, 727.1603919303063, 728.4952628258432, 720.2358165778736, 724.63712363668, 707.3643934797533, 706.8810418761602, 698.4720099420831, 696.7676506420173, 688.1038346998762, 691.8732272610806, 683.5466018525681, 674.0658388043394, 657.0286674877204, 654.2949593421256, 650.9082741312461, 654.978343699238, 632.5912511844447, 622.9851503277769, 619.4378254201152, 607.2869616215772, 595.7008630733678, 597.2437384577081, 592.7968757553856, 570.3732434263324, 571.480649740389, 559.8597758075979, 548.2970414869856, 543.3362728912051, 533.9707671816986, 524.7718221834391, 510.8369794788927, 512.6696892162361, 510.6302886056428, 498.76029998477145, 489.31491564760114, 473.20374381188117, 475.4708626624381, 449.9494032151628, 452.907010220065, 455.2550101705117, 454.2522070100992, 446.5241789865022, 429.631079494363, 430.5603395971921, 425.2711456600982, 420.8871514348701, 410.4629661635597, 410.7629934631952, 403.26067359848776, 401.76087725044476, 393.00066768532935, 388.7545994673625, 385.18114207050587, 376.2621262049911, 379.028950304088, 377.11184050305053, 358.77526281375697, 363.33745363443205, 366.9623183448716, 354.96534993388866, 352.4394084061727, 347.2274748547242, 345.3313276838548, 333.5047205556737, 341.39209188329113, 338.891653381952, 332.5410600416731, 320.8955571391795, 329.14128029700555, 317.7121995982557, 316.58904840450475, 313.72118566531947, 308.68019798958653, 302.7007709918636, 311.2343843667814, 306.66358147045173, 300.4474147381169, 300.9610118299428, 291.9576262672349, 292.92579801956026, 285.33686768182434, 281.78935944207825, 286.61153071941715, 287.1647814760114, 278.35887689873726, 288.9788516960522, 281.4124462014378, 279.22861246543357, 271.31790659687306, 271.87504758929265, 263.37977358374263], "map": 0.777610177111323}, "time": 1817.6449265480042}