{"task": {"alpha": 5, "lr": 1e-06, "wd": 0.0001, "bits": 32}, "result": {"time stopage": true, "loss": [3820.5618836053527, 3822.615538946473, 3808.047000696163, 3839.155135655167, 3780.3179629486385, 3770.6789067334466, 3765.853699334777, 3735.1131821434096, 3753.1493294593133, 3745.412244740099, 3700.6873235419243, 3702.7432317450493, 3685.118113300588, 3687.5656399868503, 3664.7254264000617, 3642.9311330058786, 3630.534638961943, 3635.0348976059713, 3600.955588161355, 3600.1015479965963, 3584.8603660659037, 3588.787928817296, 3558.08083230198, 3531.684466371442, 3535.9357209158416, 3516.3210545908105, 3501.2772809019184, 3445.996719813583, 3479.908065342667, 3457.370368579827, 3436.2502610612623, 3432.061122176671, 3421.4697144763304, 3400.675561281714, 3401.722136544709, 3387.8073923847464, 3361.776531559406, 3352.4922600170175, 3367.028484684406, 3337.603133702042, 3306.5320766939976, 3310.7226925085088, 3280.313807723546, 3278.6663830445545, 3270.2383948599936, 3238.5392607131807, 3255.3274046642946, 3241.5750720335705, 3218.503611347463, 3204.7056643042233, 3189.705165145421, 3195.0310711246907, 3184.8000149868503, 3190.078175761912, 3165.0909508431314, 3140.9068833152846, 3152.8830010442452, 3138.2763309289912, 3123.7126899945856, 3087.141031095297, 3112.049773263459, 3084.646078279703, 3091.266222056776, 3063.6847467705757, 3047.675411413212, 3046.0679097694924, 3033.9414207534037, 3041.0401599241955, 3015.30867714457, 3051.0867400216584, 3012.1033391669243, 2992.239851243425, 2977.9434766108448, 2978.800080252166, 2974.788927134901, 2953.580536190826, 2938.3463884108137, 2942.28279823832], "map": 0.7118271890721678}, "time": 1808.299654006958}