{"task": {"alpha": 3, "lr": 0.0001, "wd": 1e-05, "bits": 32}, "result": {"time stopage": true, "loss": [1171.2720052889078, 966.8347621200109, 907.7497262482595, 860.8446921169168, 835.7574384330522, 823.0287548102955, 812.0853561552444, 788.0109083723314, 778.4538021276493, 762.8252865630801, 757.5622096297765, 734.7540262052328, 737.6556000662322, 732.4605866989286, 727.4998978718672, 731.6944160083733, 719.9499943799311, 714.0686473279897, 701.8612133063892, 713.4328202351485, 704.267125195796, 699.1625181896852, 690.0877214186262, 693.9842266422687, 687.9827880859375, 678.1786353989403, 687.4691122829324, 667.6786616863591, 655.386947782913, 653.8913127030477, 647.4527476093557, 643.2777031624671, 626.4322724295134, 615.1684987285349, 615.9007686199528, 601.196249933526, 598.9463884712446, 590.2268768914855, 580.9913976688197, 572.9551859940633, 562.1365793058187, 567.5189823868251, 540.4305386684908, 535.9700069616337, 531.7209357837639, 516.8718346321937, 513.6828898817006, 520.0992714154838, 509.9387176815826, 502.8392637649385, 481.7629033456935, 484.09162993478304, 477.60615856812734, 473.70049263227105, 472.43137518250114, 466.4418004102046, 455.3866386791267, 449.9749684853129, 442.97211554498955, 445.8242172392288, 443.2553929999323, 425.2879123498898, 424.52381035833076, 419.3020377584023, 416.17959065956643, 410.3242660371384, 400.9655946032836, 390.9638842592145, 398.8401823893632, 385.54821354327817, 388.6168690294322, 383.3160693480237, 379.42829713726985, 373.1442528148689, 370.91527073926267, 369.9391817904935, 358.1561700802038, 360.33466663927135, 357.5655720776851, 349.0366057594224, 347.5209747163376, 345.4821475944897, 341.8402351152779, 338.8260230640374, 336.97685944207825, 336.65884784660716, 330.15574872611774, 323.2064854083675, 318.94439055187866, 318.39173632329056, 316.5505543321666, 311.79942019623104, 320.6584555748666, 311.6903745443514, 310.9473798393023, 302.78998671427814, 311.9596794808265, 298.95653420627707, 296.02029887284385, 297.1843404486628, 287.3482854862024, 289.4674488483089, 291.68320585949584, 291.254800626547, 281.72340566805093, 282.63294499463376, 274.71796485221034, 280.33024544290976, 272.9506350224561, 268.12255693190167, 276.3521498123018, 264.7698376343982, 262.8738123072256, 265.96830696634726, 259.646009992845, 266.15591823464575, 263.8830359430596, 258.1658607709526], "map": 0.7688794609598377}, "time": 1810.1707689762115}