{"task": {"alpha": 5, "lr": 0.0001, "wd": 1e-06, "bits": 32}, "result": {"time stopage": true, "loss": [2254.4387690478034, 1800.1680557704208, 1656.1100977529393, 1604.6301746934948, 1535.830891524211, 1473.6837055470685, 1454.4769528832767, 1401.4231936010983, 1389.334553633586, 1377.865030723043, 1356.163803251663, 1333.5999849527188, 1310.5199427840732, 1301.355993894067, 1291.358254007774, 1285.0101330445545, 1287.3139624265161, 1258.9812549553294, 1253.4873923122293, 1260.299947606455, 1232.4511096312267, 1250.322602224822, 1248.7969034024984, 1216.4074344446162, 1213.0860233118037, 1238.2454719165764, 1199.467867105314, 1201.5998680190285, 1179.9887876605044, 1181.7860989712253, 1179.3711209438816, 1177.6767372660117, 1149.2340139256846, 1150.4255769937345, 1146.2531798712098, 1121.8165210686107, 1150.5760981493656, 1100.1890337349164, 1073.6867467294826, 1066.025321129525, 1073.777739572053, 1062.2599535649365, 1057.5057098086518, 1037.1175020425626, 1027.225826452274, 1008.5553848719833, 1007.0116691967048, 971.7184272992729, 969.7939791537748, 958.0909617206838, 960.9931117898167, 935.4674767220374, 940.7005524588103, 921.1520376677561, 913.4977770512647, 900.348241975992, 882.9223243033532, 870.5057895773708, 891.8144978438273, 860.0777938389542, 847.9594593614635, 844.4844747108988, 835.7065541484568, 820.2921635089534, 832.00725079527, 789.3189407197556, 796.0216085603922, 802.5248672938583, 779.0356960485477, 760.9993978066019, 753.0499566710821, 740.3205466695351, 748.5976293582728, 734.0755944582495, 725.313291795183, 724.6602697089166, 720.2970136887957, 715.1973583863513, 702.905874422281, 696.4047078047648, 686.5379236806738, 682.7475658454517, 679.9942436595954, 668.97690287675, 671.8561195902305, 655.568440352336, 668.5077424002166, 652.4278552366956, 657.1972064027692, 632.1556527921468, 630.9766980161761, 632.3456324209081, 623.230776040861, 613.7664365862856, 632.177717907594, 598.5755716456046, 589.6429101925085, 596.1788854315729, 578.2448070261738], "map": 0.7657655947033214}, "time": 1818.0919952392578}