{"task": {"alpha": 5, "lr": 1e-06, "wd": 1e-05, "bits": 24}, "result": {"time stopage": true, "loss": [3845.395749535891, 3849.3471558825804, 3838.5465148321473, 3792.174509784963, 3776.090440806776, 3808.8597496712564, 3796.8967091777536, 3793.4780080058786, 3764.5389126314976, 3747.077257213026, 3724.960536239171, 3709.2329512492265, 3696.569529316213, 3693.158875116027, 3683.9370286393873, 3667.336012434251, 3670.499243405786, 3664.162687093905, 3642.624045192605, 3610.3081489789606, 3604.6391964147588, 3596.8338369237313, 3584.092224725402, 3560.762941870359, 3579.882785910427, 3551.3744754602412, 3538.0095577428838, 3513.6311180190287, 3500.7931669631807, 3492.4805606048885, 3468.8693799311573, 3494.1351620513615, 3464.905836653001, 3431.4845224512687, 3439.6157710009284, 3425.6722400023205, 3416.7914386409343, 3416.1679590810645, 3390.8613136215963, 3366.2040604695235, 3358.395418374845, 3351.317626953125, 3364.3269429726174, 3359.956893467667, 3343.92513826578, 3291.1319954749383, 3324.6404171178838, 3284.1882179184713, 3277.5227993502476, 3268.1850392558786, 3266.411302018874, 3257.2800244624073, 3234.5276362353034, 3203.453864673577, 3228.261363416615, 3217.757836672339, 3199.4964031559407, 3176.7524462407177, 3180.9340626933786, 3173.7572686223702, 3161.484449934251, 3182.9331489789606, 3135.718341487469, 3102.9618125386755, 3138.4777179378093, 3129.301699798886, 3098.1860158183786, 3095.7343580793627, 3102.209987527073, 3067.033203125, 3075.2867661277846, 3091.422481725712, 3049.5001015238245, 3034.276100083153, 3028.9002383392635, 3026.9807539836015, 3030.9457355159343, 3033.3730275371286], "map": 0.7034317953457357}, "time": 1816.360170841217}