{"task": {"alpha": 3, "lr": 0.0001, "wd": 1e-06, "bits": 32}, "result": {"time stopage": true, "loss": [1190.8458590365872, 951.1743079459313, 889.8185672571163, 838.3066808115137, 827.7520990654974, 792.5467311745823, 786.3322962392675, 771.4464845562925, 760.6184668210474, 750.0333756550704, 752.9220565946976, 737.7172519192837, 731.4407647765509, 729.2902496640045, 711.1895661306853, 715.3583588552947, 713.5155772596303, 709.6385773007232, 709.2641217826616, 706.8497888546178, 692.3218128468731, 696.7862539763498, 693.4984058342358, 692.5439114712252, 681.463486473159, 675.371602275584, 670.5192765339766, 662.6621442738145, 656.6618975648786, 668.4151118816716, 642.4130877504255, 633.219739252978, 631.2663743425123, 611.2853920813834, 607.0358079966933, 596.508881521697, 606.673487899327, 570.7923943547919, 581.9410759954169, 572.2453397240969, 560.9856911838644, 550.4039871669052, 543.9501493850557, 547.5105287155302, 537.312378533996, 520.0998577457843, 520.9421379164894, 495.7749928389445, 508.06282693088644, 494.11450301066486, 480.38111454425473, 485.9329057447981, 477.537839228564, 468.59185564399945, 454.70003396213644, 455.77738227466546, 455.4945698350963, 447.0626167826133, 435.94663623772044, 444.31124001682394, 426.8496676907681, 429.14080402638655, 424.98414143477333, 410.26331926100323, 404.79432512037823, 405.0955194152228, 406.58405628770885, 408.0539945092532, 391.61668819012027, 386.2899875452023, 380.05982525513906, 372.5805843844272, 378.3756970698291, 370.4489678109046, 363.20507691638306, 366.7329217891882, 360.743377836624, 350.21093085260674, 357.14708097854464, 344.6677983350093, 347.8949353812945, 351.9043777012589, 346.88620810933634, 333.5069663170541, 336.57257004539565, 328.6487282479163, 326.2299191314395, 321.1194200421324, 315.42188950340346, 321.4290331094572, 322.9582799023921, 319.5692710498772, 310.66519399208596, 312.4226081772606, 312.5423437439569, 306.52291364008835, 299.6472362858234, 305.5789892366617, 298.84641182776727, 298.3336918141582, 294.5525732512521], "map": 0.7591272796246572}, "time": 1802.3647978305817}