{"task": {"alpha": 3, "lr": 1e-05, "wd": 1e-06, "bits": 12}, "result": {"time stopage": true, "loss": [2142.7410622776147, 1959.3664369488706, 1824.998804677831, 1753.282174591971, 1701.4667152933555, 1628.01042069539, 1592.5197034779162, 1541.4351299021503, 1517.5991507048655, 1477.5163556089497, 1474.1440381342823, 1449.1666779470916, 1426.462373336943, 1393.5845929136372, 1378.1294283725247, 1378.035306722811, 1340.9696473980894, 1320.6296259813969, 1334.3359731542002, 1319.5395012279548, 1317.9755025429301, 1295.8282355884514, 1303.1821724164604, 1283.033443639774, 1260.1789254670095, 1245.1718478061184, 1244.2210197826423, 1238.5550815091274, 1232.8020279383895, 1225.3595949682858, 1213.4877718179532, 1223.3581651744275, 1195.5257586488628, 1209.5273926989867, 1201.4116114248143, 1177.9776109752088, 1167.5005644241182, 1165.8538111318455, 1174.906180504525, 1168.9745223545792, 1157.7220664449258, 1174.7931524597773, 1140.5205078125, 1127.9705949537824, 1126.2120566793008, 1137.6518838712484, 1140.345268022896, 1124.3418760394106, 1133.806506468518, 1119.675282695506, 1090.0967630820699, 1114.4492169370747, 1105.5742689076037, 1095.6755769937345, 1111.96372034054, 1099.338663535543, 1094.1076327786586, 1105.7093602548732, 1081.654936837678, 1079.9408968179532, 1089.4349298760442, 1090.8270239499536, 1097.4273180064588, 1069.1556384398205, 1077.0911393873762, 1074.0280489779934, 1070.8123035997448, 1063.5214227355352, 1081.3891686165687, 1088.375370441097, 1054.0738730855508, 1062.6663177792389, 1057.2022819896736, 1063.3748827641552, 1066.5449128103728, 1067.392274762144, 1044.9822846969755, 1050.6603556717976, 1038.837013773399, 1035.6922510732518, 1041.8545139426053, 1051.56411169071, 1036.5351580629253, 1048.5469994875464, 1037.5992673364017, 1030.8978425583036], "map": 0.7232013000844502}, "time": 1811.1689658164978}