{"task": {"alpha": 3, "lr": 1e-05, "wd": 0.0001, "bits": 32}, "result": {"time stopage": true, "loss": [2093.958009021117, 1880.0789976214419, 1774.8468186784498, 1703.4475859084932, 1631.2378104936959, 1576.801810991646, 1531.8824523321473, 1509.1988295753404, 1475.2088828511758, 1439.0237450930151, 1418.1878897789682, 1372.913330078125, 1378.9873681398901, 1350.9152650738706, 1330.2530022045173, 1299.364598038173, 1306.959405578009, 1295.011249202313, 1270.4600884465888, 1256.2643021687422, 1246.4126713818844, 1265.765655215424, 1241.4491287080368, 1235.9938136941134, 1206.6066719281791, 1228.757242032797, 1194.856704560837, 1199.7258838615794, 1188.4925180567373, 1170.0036463973545, 1167.877168258818, 1154.1154694509978, 1162.714611091236, 1141.2833729356823, 1142.777520812384, 1150.9809818078975, 1126.754500889542, 1124.099174272896, 1125.105928024443, 1115.6325478128867, 1122.6467091777538, 1121.7002515131885, 1103.1108833539604, 1094.7704340868656, 1101.7687643825418, 1100.2160741220607, 1091.36193545502, 1089.8894127571937, 1088.9946240717823, 1080.7892401666925, 1074.5138622321706, 1079.5304311620127, 1085.5280066764, 1074.6131259427211, 1083.0675870687655, 1065.9506044293394, 1055.5301628490486, 1048.8019826152538, 1046.2703639870822, 1048.4260562103573, 1053.5185135945235, 1043.8233736245938, 1051.7250904045482, 1037.7203925104425, 1035.142263280283, 1035.1823410185257, 1043.9953806659962, 1041.6374572149598, 1024.1662029606282, 1025.4904918104114, 1019.3663390508973, 1026.2160300075418, 1021.9049782328086, 1013.2271281327352, 1006.9044993183401, 1028.9265052115563, 1002.0776959409808, 1002.950670903272, 1001.7941462450689, 1006.7717792775371, 996.8990412041693, 996.2502912766863, 1001.1744940729425, 1008.7364272315904, 1005.08661039749, 993.3951177313776], "map": 0.74874899177943}, "time": 1804.3461060523987}