{"task": {"alpha": 5, "lr": 0.0001, "wd": 0.0001, "bits": 24}, "result": {"time stopage": true, "loss": [2328.338027198716, 1893.890651589573, 1737.4096697816753, 1657.5995477355352, 1581.6531867603264, 1507.4357015779703, 1476.171725735806, 1443.1658717995822, 1419.0973921671953, 1400.6450775448639, 1374.8041007164682, 1364.9404907226562, 1333.1133138826578, 1336.7409178478883, 1309.5852818253018, 1290.6825337929301, 1294.4604407584313, 1281.7499625328744, 1276.671821820854, 1265.2934074779548, 1264.472681630956, 1271.1483238900062, 1242.9961058361696, 1278.4295750986232, 1248.7466201026841, 1231.2803356812733, 1213.517862754293, 1219.2554919554455, 1222.2558472888304, 1186.63206617903, 1190.0161081446279, 1187.866825821376, 1199.279973700495, 1180.3881884282177, 1173.569772248221, 1156.719414135017, 1163.8145939288754, 1144.7100159295715, 1132.5774560305151, 1127.4858126498684, 1113.571944435044, 1094.7503399235188, 1081.5112637057164, 1084.4780859616724, 1077.0912702201617, 1045.0275159779162, 1036.4141051037477, 1011.2883482073794, 1023.0369187156753, 1006.9663016442025, 995.2865872524752, 971.0641005110033, 965.8260410422146, 952.1356180021078, 950.2320299809522, 932.9660321226214, 921.7160949707031, 923.1143596384785, 901.9833942073407, 894.3619729221457, 891.3547429755182, 868.2898934241568, 873.1657355280206, 867.4316789985884, 852.7358014701616, 843.7986404872177, 817.1991305209623, 820.7239053556234, 811.737909298132, 792.9812434734685, 791.5614546974107, 795.9651075306505, 759.9987351823561, 757.6180305103264, 762.451469194771, 748.5137749095954, 749.0499772175704, 742.5603743449296, 735.8244169631807, 720.9722616365641, 707.2336598009166, 699.2291045236116, 704.4455673671005, 710.6437056135424, 709.1205885481127, 689.9293690294322, 678.9641771977491, 662.4157009313602, 673.4128445162631, 665.5625846031869, 652.9336239654239, 651.4449956912806, 647.995184265741, 649.3358317460164, 637.3837754655592, 639.0046240173945, 618.3632866887763, 613.8852008781811, 616.0603744960067], "map": 0.7490326045106298}, "time": 1815.3313446044922}