dataset,bits,training_time,query_time,map,p@k_1,p@k_2,p@k_3,p@0,p@1,p@2,p@3
Cifar,12,876.8672919273376,0.04574227333068848,0.8201492336428766,0.8618681,0.7891722400000001,0.42554494000000004,0.0,0.3501166666666667,0.7320740525443562,0.8223940325522093
Cifar,24,969.8641400337219,0.0062656402587890625,0.8179204371297186,0.8628174,0.7875903599999999,0.42192300000000005,0.0,0.0141,0.39665009398496237,0.6572558080775978
Cifar,32,970.1557812690735,0.007262229919433594,0.807997090328664,0.8606328999999999,0.77823104,0.41552979000000007,0.0,0.0008,0.25015,0.5596781717881697
Cifar,48,973.1050856113434,0.01690530776977539,0.7584717451656635,0.8585328999999999,0.7286487,0.38366661999999996,0.0,0.0,0.0,0.001
Nus_Wide,12,6202.126654624939,0.02451014518737793,0.7354087107173688,0.8529795238095238,0.8315544761904762,0.8113762857142858,0.0,0.540595018862348,0.8570704638714367,0.854237469631126
Nus_Wide,24,6218.294877052307,0.02448725700378418,0.7285566857527883,0.8619209523809525,0.8372324761904762,0.8139980952380952,0.0,0.0014285714285714286,0.1767332235970631,0.6795610155725182
Nus_Wide,32,6271.234134912491,0.026523828506469727,0.7238298253525712,0.8633180952380953,0.8368699047619048,0.8123894761904762,0.0,0.0009523809523809524,0.011428571428571429,0.19078772191206997
Nus_Wide,48,6297.282244920731,0.03247714042663574,0.7182841303871629,0.863065238095238,0.8355333333333332,0.8105989047619048,0.0,0.0004761904761904762,0.0014285714285714286,0.004285714285714286
