dataset,bits,training_time,query_time,map,p@k_1,p@k_2,p@k_3,p@0,p@1,p@2,p@3
Imagenet,24,1266.476897239685,0.2562830448150635,,,,,,,,
Imagenet,32,1272.251377105713,0.269960880279541,,,,,,,,
Imagenet,48,1282.9298956394196,0.3051760196685791,,,,,,,,
