dataset,bits,training_time,query_time,map,p@k_1,p@k_2,p@k_3,p@0,p@1,p@2,p@3
Cifar,12,876.8672919273376,0.04574227333068848,0.8201492336428766,0.8618681,0.7891722400000001,0.42554494000000004,0.0,0.3501166666666667,0.7320740525443562,0.8223940325522093
Cifar,24,969.8641400337219,0.0062656402587890625,0.8179204371297186,0.8628174,0.7875903599999999,0.42192300000000005,0.0,0.0141,0.39665009398496237,0.6572558080775978
Cifar,32,970.1557812690735,0.007262229919433594,0.807997090328664,0.8606328999999999,0.77823104,0.41552979000000007,0.0,0.0008,0.25015,0.5596781717881697
Cifar,48,973.1050856113434,0.01690530776977539,0.7584717451656635,0.8585328999999999,0.7286487,0.38366661999999996,0.0,0.0,0.0,0.001
