dataset,bits,training_time,query_time,map,p@k_1,p@k_2,p@k_3,p@0,p@1,p@2,p@3
Cifar,12,195.61844396591187,0.03614521026611328,0.8762087876055703,0.8654554,0.84710378,0.45943992000000006,0.0,0.167,0.5572333887043189,0.7285064249067529
Cifar,24,196.00620484352112,0.006170034408569336,0.8819629266577349,0.8677122000000002,0.85123806,0.46299626,0.0,0.0048,0.1792,0.3901
Cifar,32,196.13275814056396,0.006229400634765625,0.8815936033270169,0.869065,0.8524774799999999,0.4627565200000001,0.0,0.0002,0.0373,0.2018
Cifar,48,196.42934012413025,0.018468379974365234,0.8755554932456773,0.8633088,0.8462081400000001,0.45886429,0.0,0.0003,0.0169,0.1136
