dataset,bits,training_time,query_time,map,p@k_1,p@k_2,p@k_3,p@0,p@1,p@2,p@3
Cifar,12,22854.594972372055,0.03200197219848633,0.8627182210528995,0.8592243,0.82537378,0.4595440600000001,0.0,0.259075,0.6804834949810223,0.8050534358075367
Cifar,24,22551.151270389557,0.005987644195556641,0.8650250815301581,0.8614658,0.82882924,0.46201194000000007,0.0,0.0818,0.49356981084620877,0.6967602058413942
Cifar,32,22089.402406454086,0.0070345401763916016,0.8596285426206712,0.8625622,0.8264404599999999,0.45820768000000006,0.0,0.0011,0.1618,0.4518644444444444
Cifar,48,22185.943909168243,0.007999658584594727,0.8310899251863273,0.8541912,0.7848065799999999,0.45651501,0.0,0.0,0.0002,0.0185
