dataset,bits,training_time,query_time,map,p@k_1,p@k_2,p@k_3,p@0,p@1,p@2,p@3
Nus_Wide,12,7396.41956114769,0.04047417640686035,0.7494155183892538,0.8675452380952381,0.8463835238095239,0.8265742380952381,0.0,0.08789440993788819,0.6993219476482497,0.8649738193283204
Nus_Wide,24,7311.207832813263,0.022999048233032227,0.759710797465272,0.8764438095238096,0.8557455238095237,0.8359442857142857,0.0,0.017142857142857144,0.3930259445057853,0.7395339497113294
Nus_Wide,32,7265.514619588852,0.028848886489868164,0.7572109010111548,0.8789785714285714,0.8571597142857142,0.8362719047619047,0.0,0.0014285714285714286,0.22582254412796407,0.5728859561060019
Nus_Wide,48,7284.22891664505,0.03587675094604492,0.745586832569817,0.8728214285714286,0.8491848571428571,0.8276825238095238,0.0,0.0004761904761904762,0.0014285714285714286,0.0014285714285714286
