dataset,bits,training_time,query_time,map,p@k_1,p@k_2,p@k_3,p@0,p@1,p@2,p@3
Cifar,12,3428.1143927574158,0.008076667785644531,0.3960503622151423,0.5091346999999999,0.40349157999999996,0.30632305,0.5250398958530047,0.4917191639138802,0.44293750043959507,0.3722393527535158
Cifar,24,2378.8740549087524,0.010000228881835938,0.41078418765632696,0.5585454,0.41263962000000004,0.29812578,0.5557442094589493,0.588964678161988,0.5766497058863941,0.5475556850305748
Cifar,32,3253.0408651828766,0.01006317138671875,0.4059118343677129,0.5658711000000001,0.41145484,0.28644152000000006,0.5053414872125013,0.5863513762019138,0.5981439121549885,0.5901818723153087
Cifar,48,2745.036013364792,0.015051603317260742,0.41203674778835064,0.5786771,0.42340155999999995,0.28496467,0.4221923075092069,0.5391204007443821,0.5878763822138561,0.6067794121920517
