dataset,bits,training_time,query_time,map,p@k_1,p@k_2,p@k_3,p@0,p@1,p@2,p@3
Imagenet,12,16619.542227983475,0.2084012031555175,0.0014602726327341,0.0012625499999999,0.0011167059999999,0.001061835,0.0013876569476183,0.0011541797540492,0.0010824014771164,0.0010412230486959
Imagenet,24,29009.848432064056,0.2424530982971191,0.0025764926287601,0.00165826,0.001633578,0.001487432,0.002421824072869,0.001721466326852,0.0015806819298743,0.0014450852051843
Imagenet,32,11322.3954372406,0.2652099132537842,0.002639801618177607,0.0017028320000000003,0.0014720308,0.0011512771999999999,0.0019563460170200528,0.0019776007926914324,0.001887592630342613,0.0018316063952728634
