dataset,bits,training_time,query_time,map,p@k_1,p@k_2,p@k_3,p@0,p@1,p@2,p@3
Cifar,12,242.89976119995117,0.013536691665649414,0.6287459253094123,0.6974594999999999,0.6067393799999999,0.38671958000000006,0.7009655721185246,0.7009655721185246,0.5044157828367821,0.5044157828367821
Cifar,24,256.99831676483154,0.0,0.4127537586711812,0.4788281,0.41581322,0.33253810000000006,0.49184937292440534,0.49184937292440534,0.42724250026766847,0.42724250026766847
Cifar,32,262.6899085044861,0.0,0.6524326383746832,0.7245403,0.61446934,0.39838936,0.7143519344351227,0.7143519344351227,0.7141632717351803,0.7141632717351803
Cifar,48,273.38664507865906,0.015630245208740234,0.791950909603953,0.8241793,0.73449516,0.44150088,0.7691944977751535,0.7691944977751535,0.814467164676885,0.814467164676885
Nus_Wide,12,969.3184309005737,0.020711898803710938,0.6592202550934697,0.7849204761904762,0.7816127619047619,0.7581804761904762,0.7920879708252118,0.7920879708252118,0.7340884200438259,0.7340884200438259
Nus_Wide,24,955.6629974842072,0.014276742935180664,0.6843630556167885,0.8193719047619048,0.808568380952381,0.7900285238095239,0.8241034510785753,0.8241034510785753,0.8091937153253849,0.8091937153253849
Nus_Wide,32,960.5837140083313,0.03324103355407715,0.6950173497576924,0.8343833333333333,0.8202137142857142,0.8020412857142858,0.8376802702609935,0.8376802702609935,0.8340144595427526,0.8340144595427526
Nus_Wide,48,951.1474039554596,0.03174471855163574,0.7416046235909157,0.8834990476190476,0.8660552380952381,0.8433093333333332,0.8284486537709884,0.8284486537709884,0.8787553981495284,0.8787553981495284
