dataset,bits,training_time,query_time,map,p@k_1,p@k_2,p@k_3,p@0,p@1,p@2,p@3
Cifar,12,283.5586590766907,0.010004281997680664,0.6159933217010339,0.695549,0.59165438,0.37527542,0.703999900160457,0.703999900160457,0.5737197997570256,0.5737197997570256
Cifar,24,302.6665053367615,0.0,0.44086673061243564,0.5181074,0.44173482000000003,0.33686696,0.5290398989826984,0.5290398989826984,0.4627256908252653,0.4627256908252653
Cifar,32,313.53518891334534,0.010029315948486328,0.6374778274679261,0.7116404,0.6038173000000001,0.39741812,0.7120343685776017,0.7120343685776017,0.7024250985129081,0.7024250985129081
Cifar,48,344.9514865875244,0.010032415390014648,0.778468441837951,0.8176457,0.71967406,0.43917567,0.7755185489198432,0.7755185489198432,0.8075604905560813,0.8075604905560813
