dataset,bits,training_time,query_time,map,p@k_1,p@k_2,p@k_3,p@0,p@1,p@2,p@3
Imagenet,12,287.55320954322815,0.03186202049255371,0.5934699076534483,0.6779321,0.57177472,0.37361454,0.6110936815043693,0.6701905474035385,0.4262546124051475,0.4208236980990158
Imagenet,24,306.69615602493286,0.015663862228393555,0.7970308071456262,0.8218738,0.74607482,0.44069935000000005,0.0011,0.8067267639781246,0.7562291828547548,0.7280192662378482
Imagenet,32,306.48545026779175,0.008542776107788086,0.6932056411320444,0.7532244,0.65206248,0.40969125999999995,0.5218372244529351,0.735012084353273,0.7301905969484099,0.7284892968192077
Imagenet,48,334.31318068504333,0.008037805557250977,0.6861150016927623,0.7640442999999999,0.640513,0.40521823,0.038,0.718288475766877,0.7395252269475547,0.7471106060539937
