{"task": {"lambda": 1, "alpha": 1, "lr": 1e-06, "wd": 1e-05, "bits": 24}, "result": {"earlyStop": true, "loss": [1.5146212124824523, 1.272603418827057, 1.1687003755569458, 1.0933323514461517, 1.0437294018268586, 0.9966002714633941, 0.9625757825374603, 0.9329795789718628, 0.9044984030723572, 0.8812075889110565, 0.8626267921924591, 0.8436763966083527, 0.8299343717098236, 0.8108631134033203, 0.7985019910335541, 0.7933662939071655, 0.779055519104004, 0.7667209219932556, 0.758583402633667, 0.7529124391078948, 0.7396604180335998, 0.7333069121837616, 0.7299074852466583, 0.7183076500892639, 0.7136224746704102, 0.7064735007286072, 0.7008764803409576, 0.6962951719760895, 0.6958860504627228, 0.6885115468502044, 0.6800044202804565, 0.6737230730056762, 0.6703367686271667, 0.6663147377967834, 0.6629089033603668, 0.6572961020469665, 0.6548772585391999, 0.6481314468383789, 0.6509162318706513, 0.6426668322086334, 0.6414951145648956, 0.6396658217906952, 0.6318586921691894, 0.6300768172740936, 0.6293054652214051, 0.6251959681510926, 0.6228153598308563, 0.6171994256973267, 0.6177147674560547, 0.6126589906215668, 0.6080696964263916, 0.6053031176328659, 0.6068033599853515, 0.6041962891817093, 0.598835346698761, 0.596698009967804, 0.5945161652565002, 0.5916301023960113, 0.5923655480146408, 0.5929534149169922, 0.5842473417520523, 0.5833917897939682, 0.5803718936443328, 0.5776812398433685, 0.5770504707098008, 0.5768220829963684, 0.5720963776111603, 0.5739251351356507, 0.5735582357645035, 0.5714785259962082, 0.5683036994934082, 0.5654334425926208, 0.5675113147497177, 0.5609425777196884, 0.5592132437229157, 0.5550973719358444, 0.5585769259929657, 0.5547026461362838, 0.5549944972991944, 0.5490019094944, 0.5489023089408874, 0.5486179262399673, 0.5484124547243119, 0.5470364379882813, 0.541034147143364, 0.5408670312166214, 0.5356686276197433, 0.5371828502416611, 0.5373312062025071, 0.5378683918714523, 0.530996579527855, 0.5324901306629181, 0.5300615668296814, 0.5325141102075577, 0.5304875749349595, 0.523127858042717, 0.5270051562786102, 0.5241724097728729, 0.5204259490966797, 0.52019755423069, 0.5220283621549606, 0.5180255889892578, 0.5175586014986038, 0.5168080174922943, 0.5151129186153411, 0.515105271935463, 0.5107558614015579, 0.51132628262043, 0.5104984784126282, 0.5112115949392319, 0.5085368502140045, 0.5089381992816925, 0.5035055589675903, 0.5046549946069717, 0.5022843474149704, 0.5062639552354813, 0.5032439374923706, 0.49823452115058897, 0.5018960893154144, 0.49565196216106416, 0.49797180891036985, 0.49694612801074983, 0.4943264651298523, 0.4956245219707489, 0.4955306500196457, 0.49286380767822263, 0.4912612456083298, 0.4942566627264023, 0.4910896772146225, 0.4897832238674164, 0.4895949816703796, 0.4867554497718811, 0.4866101634502411, 0.48626151621341707, 0.48372822880744937, 0.48099653124809266, 0.4822703391313553, 0.4796460258960724, 0.48539535582065585, 0.4790221083164215, 0.47815639913082125, 0.4800029522180557, 0.47650284111499785, 0.47136376857757567, 0.4705738651752472, 0.4737039393186569, 0.4731034302711487, 0.47050406157970426, 0.4693441545963287, 0.46826711237430574, 0.47171939790248874, 0.47020406246185303, 0.46640130400657653, 0.4676382112503052, 0.46928945422172547, 0.46296839833259584, 0.46149527668952944, 0.46389068722724913, 0.46552029609680173, 0.46136089503765104, 0.46102488338947295, 0.45789184391498566, 0.4575851047039032, 0.4571774137020111, 0.45393782436847685, 0.4591839176416397, 0.4574462842941284, 0.4572826427221298, 0.45495637714862824, 0.4539621651172638, 0.45196041285991667, 0.4511829227209091, 0.45103970110416414, 0.45290333330631255, 0.45125710010528564, 0.44447905004024507, 0.45007531821727753, 0.44324854135513303, 0.44576941967010497, 0.4433998495340347, 0.446989923119545, 0.4441891872882843, 0.44386132299900055, 0.4425544536113739, 0.4444144916534424, 0.44074645936489104, 0.44185330748558044, 0.44005446434020995, 0.43790762782096865, 0.4373129653930664, 0.4391180318593979, 0.4375167137384415, 0.43839736163616183, 0.43772842109203336, 0.43639078199863435, 0.43355503797531125, 0.4358756554126739, 0.4349513328075409, 0.43414070904254914, 0.43327356517314913, 0.43320944368839265, 0.4337976175546646, 0.4306596392393112, 0.4276572221517563, 0.4313682299852371, 0.4297834473848343, 0.43059274792671204, 0.42828848838806155, 0.42691720724105836, 0.4223900467157364, 0.42648723125457766, 0.42664787590503694, 0.42480772256851196, 0.42396980345249174, 0.42292147636413574, 0.4203939592838287, 0.41916460812091827, 0.4239970976114273, 0.4201064079999924, 0.4213497877120972, 0.42125391244888305, 0.4198525524139404, 0.4181556570529938, 0.41996647834777834, 0.4152353638410568, 0.4168102467060089, 0.41538446068763735, 0.4136179745197296, 0.41504011273384095, 0.4130199241638184, 0.4152054923772812, 0.41336584389209746, 0.412141814827919, 0.4137050610780716, 0.41161962687969206, 0.4131887894868851, 0.41125599563121795, 0.4083719503879547, 0.40666516721248624, 0.40812434792518615, 0.40640526652336123, 0.40815379440784455, 0.40735305070877076, 0.4093010413646698, 0.4056925636529922, 0.4035797595977783, 0.4051728117465973, 0.40290552079677583, 0.4064082592725754, 0.4035117262601852, 0.4066407889127731, 0.40267639100551605, 0.40271114110946654, 0.3995505827665329, 0.4025382786989212, 0.39900745630264284, 0.401962828040123, 0.40036129117012026, 0.39970962941646576, 0.39807872354984286, 0.39969301044940947, 0.3969706231355667, 0.3994736295938492, 0.4002663439512253, 0.39575277268886566, 0.3950310069322586, 0.3962631195783615, 0.39453333616256714, 0.39403759241104125, 0.39549698114395143, 0.39494809925556185, 0.39258565187454225, 0.3933358877897263, 0.3903311276435852, 0.3911080741882324, 0.3905798560380936, 0.39194298923015597, 0.3914348214864731, 0.38976178884506224, 0.39056598007678983, 0.3871982705593109, 0.39032220244407656, 0.38684289693832397, 0.38798907935619353, 0.3891604346036911, 0.38668491184711457, 0.386686435341835, 0.38404385685920717, 0.38513667821884157, 0.3862981986999512, 0.3845910370349884, 0.38394159853458404, 0.3811759555339813, 0.38338534951210024, 0.3822008556127548, 0.3831820249557495, 0.38267376244068146, 0.38097878098487853, 0.38234935104846957, 0.3801233476400375, 0.3762333875894546, 0.3810355925559998, 0.38267931163311003, 0.37899917900562285, 0.3765842813253403, 0.37817124783992767, 0.37989837646484376, 0.37812684893608095, 0.3735499858856201, 0.37686504781246183, 0.3754522830247879, 0.3727868700027466, 0.3759912574291229, 0.37374311566352847, 0.3751746118068695, 0.371541930437088, 0.37198279857635497, 0.3734890156984329, 0.36856767237186433, 0.3727016294002533, 0.37412746012210846, 0.3719354623556137, 0.3673301661014557, 0.36914568781852725, 0.36855210781097414, 0.3698988002538681, 0.36949797451496125, 0.36929393410682676, 0.3661575883626938, 0.368434311747551, 0.3660075843334198, 0.36597033143043517, 0.3658279919624329, 0.3649833238124847, 0.3630977761745453, 0.3629433757066727, 0.36795676350593565, 0.3650797694921494, 0.3637075299024582, 0.36364226579666137, 0.3640922290086746, 0.3648151886463165, 0.3622798717021942, 0.357153537273407, 0.362891908288002, 0.3617905992269516, 0.36190517723560334, 0.3604268527030945, 0.3611051392555237, 0.3601562970876694, 0.36136784791946414, 0.35998127818107606, 0.3599907785654068, 0.3608577036857605], "map": 0.6281653977200177}, "time": 716.6388533115387}