{"task": {"lambda": 0.5, "alpha": 5, "lr": 0.0001, "wd": 1e-06, "bits": 48}, "result": {"earlyStop": true, "loss": [2.5106365299224853, 1.3163528966903686, 1.192152498960495, 1.073998898267746, 1.0077832686901091, 0.9552048635482788, 0.897242647409439, 0.8528499841690064, 0.8153407526016235, 0.7660915029048919, 0.7524809312820434, 0.7068500030040741, 0.6716335541009903, 0.6493498176336289, 0.6119737982749939, 0.5970196574926376, 0.5535866737365722, 0.5471194368600846, 0.5324440115690231, 0.5001104956865311, 0.47616460144519807, 0.4639256876707077, 0.4424243050813675, 0.41651495337486266, 0.4123325914144516, 0.3918791216611862, 0.3753666150569916, 0.35786499053239823, 0.34527223646640776, 0.348051932156086, 0.3248157820105553, 0.3215708413720131, 0.3032631641626358, 0.29098946481943133, 0.2988046047091484, 0.2792627218365669, 0.2657671073079109, 0.2903354114294052, 0.23941151171922684, 0.2451551401615143, 0.22945594131946564, 0.2290113824605942, 0.22427021890878676, 0.21040556371212005, 0.2180243706703186, 0.20690376549959183, 0.1902870351076126, 0.1887102195620537, 0.19693456292152406, 0.1929013767838478, 0.1888716748356819, 0.16990664571523667, 0.17960846602916716, 0.16325779587030412, 0.2179800733923912, 0.15374979689717294, 0.1442280338704586, 0.15218720197677613, 0.20597714588046073, 0.1343197865784168, 0.2610337755084038, 0.1445171718299389, 0.12622937694191932, 0.12367406636476516, 0.18953021064400674, 0.12133115649223328, 0.12232180044054985, 0.12298933058977127, 0.16594525173306465, 0.12572840273380279, 0.11850306868553162, 0.2060648085176945, 0.10853728368878364, 0.10528946578502656, 0.10666006088256835, 0.13682498097419737, 0.17501846745610236, 0.10718126401305199, 0.09957638770341873, 0.09766215980052947, 0.20312242344021797, 0.09638624176383019, 0.09421039670705796, 0.10295012533664703, 0.09823916062712669, 0.16294776827096938, 0.09565570443868637, 0.09076454669237137, 0.11947451278567314, 0.089034224152565, 0.11937343284487724, 0.1620035982131958, 0.08517141163349151, 0.08306751549243926, 0.09035848349332809, 0.08092290341854096, 0.3168384931981564, 0.08660740971565246, 0.08092529028654098, 0.0784595975279808, 0.07735291749238968, 0.11381536111235618, 0.0765618970990181, 0.09613627046346665, 0.20020612195134163, 0.07701611518859863, 0.07392868980765342, 0.07295872904360294, 0.07459712669253349, 0.07263170376420021, 0.22196376711130142, 0.07481747031211854, 0.07066618621349335, 0.07100684218108654, 0.06904125571250916, 0.19920947462320326, 0.08487871751189231, 0.06822421491146087, 0.06610937729477882, 0.06733586065471173, 0.09814858004450798, 0.06542996235191822, 0.16653305426239967, 0.12338713258504867, 0.06590885929763317, 0.06337660863995552, 0.06271638073027135, 0.06227713726460934, 0.06183581367135048, 0.1984676229953766, 0.06508761703968048, 0.06095378965139389, 0.09753912821412086, 0.06232369273900986, 0.05895668469369411, 0.059012619107961656, 0.36772799380123616, 0.08998839616775513, 0.06312374383211136, 0.059135119393467904, 0.05707581728696823, 0.0562486057728529, 0.05880601137876511, 0.05500556066632271, 0.17352654188871383, 0.06306821651756764, 0.0561129579693079, 0.05419758535921573, 0.09963924519717693, 0.053812329471111295, 0.05318315245211124, 0.2044086702167988, 0.07499379247426986, 0.0560050430893898, 0.052941953539848326, 0.05182810857892037, 0.051796558499336245, 0.16031316086649894, 0.05307447962462902, 0.050886129289865495, 0.05019009679555893, 0.23028864078223704, 0.06984579361975193, 0.053012650609016415, 0.05028166927397251, 0.049105955809354784, 0.0487735640257597, 0.04936223685741425, 0.1503891836106777, 0.05650989517569542, 0.049437905550003054, 0.047772956416010856, 0.046919895112514494, 0.20006584092974664, 0.055072329789400104, 0.04877571664750576, 0.04672756597399712, 0.04590690836310387, 0.04567978873848915, 0.048569485545158386, 0.16528630122542382, 0.04956154301762581, 0.045567824020981786, 0.04437142223119736, 0.10394749134778976, 0.1296619041264057, 0.047493570297956464, 0.04451589688658714, 0.04345156006515026, 0.04314213462173939, 0.043677109852433206, 0.06769834518432617, 0.24135357670485974, 0.048029085472226146, 0.04391928233206272, 0.04253936029970646, 0.041809668466448784, 0.04305666826665402, 0.04165558211505413, 0.0428110259771347, 0.19618105985224246, 0.045022209510207176, 0.041294848397374156, 0.04005727253854275, 0.039304159581661224, 0.03986010156571865, 0.2719887375086546, 0.05080177679657936, 0.04232631430029869, 0.03978895321488381, 0.038563972637057305, 0.037941049858927725, 0.038345318660140036, 0.12419964142143726, 0.17448590956628324, 0.045263891518115995, 0.04043789222836494, 0.03846147634088993, 0.03728308632969856, 0.03706059813499451, 0.03727495469152928, 0.23134605757892132, 0.05201079778373242, 0.03921202056109905, 0.036771802455186846, 0.035613010562956335, 0.03497892737388611, 0.03508250277489424, 0.03598303124308586, 0.2435557696223259, 0.049346426650881764, 0.03888963848352432, 0.03599268972873688, 0.03476979918777943, 0.033896322473883626, 0.034585688970983026, 0.14791143260896206, 0.035926145315170285, 0.03393035564571619, 0.03318392239511013, 0.033319715075194836, 0.12428962845355272, 0.04156392380595207, 0.03453531429171562, 0.03311226025223732, 0.0329322987049818, 0.033014881424605846, 0.03432826418429613, 0.20139302931725978, 0.038594328686594966, 0.034001042582094666, 0.0323106238245964, 0.03150285493582487, 0.03263892997056246, 0.03214946679770946, 0.16957242146134377, 0.03406154047697783, 0.031495889835059646, 0.030700698234140872, 0.030403873398900032, 0.030738739781081676, 0.2063052860274911, 0.06903173550963401, 0.034734257645905015, 0.03147076923400163, 0.02991819482296705, 0.029253815710544587, 0.028886540830135345, 0.029035601541399957, 0.11211193922907114, 0.040821385644376276, 0.0312541626393795, 0.029357950761914255, 0.02879397977143526, 0.1410292750224471, 0.03444319613277912, 0.02919341202825308, 0.02787153746932745, 0.027546003088355066, 0.02769217763096094, 0.043290807269513606, 0.0289278257638216, 0.19019826486706734, 0.035482440143823624, 0.029931303486227988, 0.028004236742854117, 0.027135985791683196, 0.027079052440822125, 0.02767423655837774, 0.22907400235533715, 0.03936945423483849, 0.03087166480720043, 0.02802267126739025, 0.02658510461449623, 0.025823020599782465, 0.025590154454112054, 0.026414072960615157, 0.24383436385542154, 0.03597640823572874, 0.029708567038178445, 0.0270715494453907, 0.025823735035955905, 0.025416918471455573, 0.02508946370333433, 0.22535518925637008, 0.04001553222537041, 0.030341950431466102, 0.027400580495595933, 0.026098323836922645, 0.025096893981099128, 0.025109583400189876, 0.15556128427386284, 0.03125148423016071, 0.026523295417428018], "map": 0.8544023796638556}, "time": 675.0445203781128}