{"task": {"lambda": 2, "alpha": 1, "lr": 1e-05, "wd": 1e-06, "bits": 12}, "result": {"earlyStop": true, "loss": [1.1410806572437286, 0.8862661945819855, 0.822597119808197, 0.787643826007843, 0.764769731760025, 0.7425097858905793, 0.716883864402771, 0.6919314527511596, 0.67809694647789, 0.6662870526313782, 0.6513585782051087, 0.6421754240989686, 0.6332099878787995, 0.6251671797037125, 0.6182721924781799, 0.6102021241188049, 0.6046374464035034, 0.6019861423969268, 0.5979093855619431, 0.59151695728302, 0.5821645319461822, 0.5812892496585846, 0.5749589902162552, 0.5696123790740967, 0.568094539642334, 0.5622750461101532, 0.5567986822128296, 0.5518573254346848, 0.5516990959644318, 0.5498265373706818, 0.5428982293605804, 0.541325364112854, 0.5389526402950287, 0.5338853484392166, 0.531237701177597, 0.5294735622406006, 0.5225341153144837, 0.5219347107410431, 0.518754769563675, 0.5170640629529953, 0.5134026938676834, 0.5124027162790299, 0.5077332532405854, 0.5048928165435791, 0.5035308492183685, 0.5009596031904221, 0.4984658509492874, 0.49734320998191833, 0.4930652356147766, 0.49081908524036405, 0.48985868752002715, 0.4891619646549225, 0.4862275862693787, 0.48237756967544554, 0.48159991145133974, 0.4783038210868835, 0.4770727598667145, 0.4770329976081848, 0.4744261837005615, 0.4740761148929596, 0.47127067744731904, 0.4697568494081497, 0.4681424939632416, 0.46627696573734284, 0.4652849453687668, 0.4625871044397354, 0.4584208768606186, 0.45692787289619446, 0.45584662675857546, 0.45444139420986174, 0.4557092809677124, 0.4551289576292038, 0.4502861028909683, 0.4471453255414963, 0.44398555636405945, 0.44566258490085603, 0.44245660066604614, 0.44320801973342894, 0.44212923049926756, 0.4412817829847336, 0.4383884644508362, 0.4384497708082199, 0.43567103028297427, 0.4357099342346191, 0.431628999710083, 0.4331415867805481, 0.42854594230651855, 0.430389239192009, 0.42841374993324277, 0.42533498764038086, 0.42346651494503024, 0.4239181649684906, 0.4248217874765396, 0.422332860827446, 0.41972501933574674, 0.4211536329984665, 0.4193256783485413, 0.41607064962387086, 0.4148916834592819, 0.41284087777137757, 0.41455639123916627, 0.41136379837989806, 0.412218981385231, 0.41132536172866824, 0.40888998746871946, 0.40628491044044496, 0.4051688599586487, 0.40669156789779665, 0.4033930492401123, 0.404905965924263, 0.4009558528661728, 0.40030093371868136, 0.40186504304409026, 0.39864195346832276, 0.3998460638523102, 0.39839073956012727, 0.3958946305513382, 0.3964698493480682, 0.39418557345867156, 0.39410160899162294, 0.3938735717535019, 0.39296866178512574, 0.3908964335918427, 0.3893835300207138, 0.3879288417100906, 0.3879289245605469, 0.3855970096588135, 0.3862083226442337, 0.3823928165435791, 0.38320783019065857, 0.3843452000617981, 0.3833096271753311, 0.3822685784101486, 0.38171337604522704, 0.3803714424371719, 0.3785944789648056, 0.3782068943977356, 0.37711904346942904, 0.3751514184474945, 0.37439770996570587, 0.3742152774333954, 0.37057588875293734, 0.3734035331010819, 0.3705984789133072, 0.36991068720817566, 0.36980691969394686, 0.36831951439380645, 0.36853823959827425, 0.3677156740427017, 0.3648251950740814, 0.3646525412797928, 0.36350961923599245, 0.36345487892627715, 0.3629601854085922, 0.3630479484796524, 0.363232239484787, 0.36166386425495145, 0.36061603248119356, 0.3597539097070694, 0.36032928466796876, 0.357806134223938, 0.3579603189229965, 0.35488676488399507, 0.35741963505744934, 0.3551100397109985, 0.3546264308691025, 0.35416674613952637, 0.3530472946166992, 0.3533526760339737, 0.35189244270324704, 0.3497886514663696, 0.3491864377260208, 0.3492210102081299, 0.3492217057943344, 0.348055517077446, 0.3485070776939392, 0.3480891364812851, 0.34608180046081544, 0.34483203291893005, 0.3441487729549408, 0.34335290670394897, 0.34434404492378234, 0.3425005757808685, 0.3403395140171051, 0.341756706237793, 0.34008555471897123, 0.34115845918655396, 0.34067721009254454, 0.3397702068090439, 0.34038782119750977, 0.33802288174629214, 0.33808918952941897, 0.3358141297101975, 0.33977750420570374, 0.3345909374952316, 0.33479038953781126, 0.3321183687448502, 0.3343408417701721, 0.334236102104187, 0.33153655111789704, 0.3320860975980759, 0.33075455486774447, 0.32924094021320344, 0.33047194719314577, 0.3292490345239639, 0.32726322710514066, 0.32684259474277494, 0.3284196174144745, 0.32700992584228517, 0.3277914088964462, 0.32652116179466245, 0.3246127152442932, 0.3244109171628952, 0.325383808016777, 0.3244271856546402, 0.324846847653389, 0.3232948714494705, 0.32075454890727995, 0.31884678661823274, 0.32203733086586, 0.32076459109783173, 0.3197876793146133, 0.31979212939739227, 0.3188025224208832, 0.31660243272781374, 0.31842404007911684, 0.31832933485507964, 0.3172354662418366, 0.3158070492744446, 0.3146665871143341, 0.31613517880439757, 0.31736458718776706, 0.31340658843517305, 0.313865624666214, 0.31159283697605134, 0.31138909220695493, 0.3133212661743164, 0.3108315652608871, 0.3115174263715744, 0.3110919731855393, 0.31082177221775054, 0.3087360066175461, 0.3078003305196762, 0.30924043655395506, 0.30874785006046296, 0.30829614877700806, 0.3053745448589325, 0.3082711869478226, 0.3059500300884247, 0.30758844792842865, 0.30473793148994444, 0.30661007344722746, 0.30402737319469453, 0.3048902714252472, 0.3041635650396347, 0.3049845957756043, 0.30249904096126556, 0.30070340871810913, 0.30111012935638426, 0.30136689603328704, 0.30172793865203856, 0.3000215792655945, 0.29971965789794924, 0.2997022920846939, 0.30081764817237855, 0.2986652249097824, 0.29900994539260867, 0.29727606892585756, 0.2992291295528412, 0.29551439940929414, 0.2974991726875305, 0.29651502311229705, 0.2947803473472595, 0.29469803750514983, 0.2960094350576401, 0.29496469616889953, 0.2948411190509796, 0.29375255942344664, 0.2946537280082703, 0.2929812210798264, 0.29126532793045046, 0.29258939683437346, 0.29007466018199923, 0.29115470945835115, 0.29168313860893247, 0.2901025462150574, 0.29001406729221346, 0.29077065289020537, 0.28905477821826936, 0.288249563574791, 0.2883554947376251, 0.287603035569191, 0.28843767166137696, 0.2872479963302612, 0.28623541951179504, 0.2871593952178955, 0.28544586479663847, 0.2855843484401703, 0.2865119284391403, 0.28648904800415037, 0.2870894742012024, 0.2833764141798019, 0.28683909893035886, 0.286452197432518, 0.28328467160463333, 0.28407382547855375, 0.28289248287677765, 0.2823298293352127, 0.28259522676467896, 0.28123058676719664, 0.2819614243507385, 0.2796962636709213, 0.28044339835643767, 0.28027846574783327, 0.27944375574588776, 0.278938769698143, 0.2801620817184448, 0.2791842395067215, 0.27708073556423185, 0.27697534799575807, 0.27847193002700804, 0.2776901948451996, 0.278388677239418, 0.27711971223354337, 0.27605206847190855, 0.2762514325976372, 0.27680172622203825, 0.27557063192129133, 0.27499795973300933, 0.2747782415151596, 0.2752788859605789, 0.27572487950325014, 0.2742710226774216, 0.27547154724597933, 0.27383009135723113, 0.2725055280327797, 0.2738188874721527, 0.2728474232554436, 0.27361165583133695, 0.27391363233327864, 0.2708055812120438, 0.2702695029973984, 0.2702505707740784, 0.27191381007432935, 0.26958720713853834, 0.2703315505385399, 0.27221156358718873, 0.2711755412817001, 0.26922148823738096, 0.2684607112407684, 0.26833930373191833, 0.2678600850701332, 0.27006607711315156, 0.26831515043973925, 0.26879552245140076, 0.26889111965894696, 0.2682316532731056, 0.2683409342169762, 0.2682791233062744, 0.2666743406653404, 0.26692058324813844, 0.2664697429537773, 0.26550371795892713, 0.26747763484716414, 0.2649037191271782, 0.2659052765369415, 0.2653738608956337, 0.26326374769210814, 0.26661305129528046, 0.2625277495384216, 0.26409155786037447, 0.2643335309624672, 0.2623159399628639, 0.26278596609830857, 0.2634278666973114, 0.26354757100343706, 0.26229954332113264, 0.2621317210793495, 0.26359134137630463, 0.25974973022937775, 0.260587782561779, 0.2630380693078041, 0.2613010942935944, 0.26105076223611834, 0.2614849331974983, 0.2596845960617065, 0.2591389414668083, 