{"task": {"lambda": 2, "alpha": 1, "lr": 1e-06, "wd": 1e-06, "bits": 12}, "result": {"earlyStop": true, "loss": [1.9477130818367003, 1.6586710405349732, 1.5441017079353332, 1.4303524255752564, 1.3342351579666138, 1.2664094281196594, 1.220123152732849, 1.1828721475601196, 1.1467894673347474, 1.120850808620453, 1.091470240354538, 1.0655735945701599, 1.043434876203537, 1.0239298915863038, 1.002942076921463, 0.9824603009223938, 0.9654772686958313, 0.9500252604484558, 0.931128990650177, 0.9187599658966065, 0.9053019654750823, 0.888947104215622, 0.8781973683834076, 0.8675770294666291, 0.854021281003952, 0.844182425737381, 0.8391717958450318, 0.8284265911579132, 0.8242704665660858, 0.8134264278411866, 0.8111942720413208, 0.8058916604518891, 0.7990737175941467, 0.7943129885196686, 0.7875353884696961, 0.7808648014068603, 0.7829851460456848, 0.7747921013832092, 0.7738136506080627, 0.7687310922145844, 0.7631504201889038, 0.7600022602081299, 0.7580121910572052, 0.7526607239246368, 0.750870863199234, 0.7500698935985565, 0.7458127164840698, 0.7428461694717408, 0.7405122637748718, 0.7379185235500336, 0.7338406443595886, 0.7345027196407318, 0.7288094091415406, 0.7289094507694245, 0.7248674643039703, 0.7228988015651703, 0.7193990063667297, 0.7201368379592895, 0.7169562244415283, 0.7146224331855774, 0.7109887170791626, 0.7093403911590577, 0.7066827464103699, 0.7045946371555328, 0.7035264444351196, 0.7014908087253571, 0.6976861941814423, 0.6997968935966492, 0.6939118194580078, 0.6938508880138398, 0.6934285187721252, 0.686841926574707, 0.6849508547782898, 0.6884571397304535, 0.6854038333892822, 0.6785075092315673, 0.6818101108074188, 0.6782985031604767, 0.6788874518871307, 0.6721316945552825, 0.6727687120437622, 0.6722248077392579, 0.670176272392273, 0.6684965074062348, 0.6683166813850403, 0.6648823606967926, 0.6662127935886383, 0.6620656764507293, 0.6617353558540344, 0.6583457887172699, 0.6580459713935852, 0.6548847925662994, 0.652635737657547, 0.6526000118255615, 0.6530478620529174, 0.6493572211265564, 0.6490098357200622, 0.6471109771728516, 0.6476119375228881, 0.646282674074173, 0.64440558552742, 0.6396855592727662, 0.6411432635784149, 0.6431047320365906, 0.6394009602069854, 0.6363403964042663, 0.6366789591312408, 0.6359903264045715, 0.6340684509277343, 0.6331048703193665, 0.6331586396694183, 0.6321338903903961, 0.6299870026111603, 0.6289788508415222, 0.6280542075634002, 0.6253786182403565, 0.6253396046161651, 0.6245967078208924, 0.6219415259361267, 0.6196201312541961, 0.6216863226890564, 0.620023968219757, 0.620489149093628, 0.6190688478946685, 0.6141378128528595, 0.615351984500885, 0.6160111486911773, 0.6137513065338135, 0.6124961256980896, 0.6128664976358413, 0.6121587955951691, 0.6099426007270813, 0.6092227399349213, 0.6069475638866425, 0.6068401634693146, 0.6070962119102478, 0.6052933537960052, 0.6015987026691437, 0.6022232699394227, 0.6031759691238403, 0.6026128137111664, 0.6020098078250885, 0.5993527948856354, 0.5986087900400162, 0.5986062395572662, 0.5952656376361847, 0.5954373681545257, 0.5959340864419937, 0.5949810194969177, 0.5926891005039215, 0.5926255428791046, 0.5944139432907104, 0.5913954865932465, 0.5909273844957351, 0.5911178594827652, 0.590290619134903, 0.5902907758951187, 0.5902589881420135, 0.5900025171041489, 0.5834476315975189, 0.5839229917526245, 0.583875914812088, 0.5849605697393417, 0.5830325937271118, 0.5834679114818573, 0.582666026353836, 0.5808620238304139, 0.5827905267477036, 0.5807576125860214, 0.5789903223514556, 0.576227199435234, 0.5773254930973053, 0.5781003725528717, 0.5783458220958709, 0.5765585911273956, 0.5761799067258835, 0.5736743682622909, 0.5718904250860214, 0.5710919094085694, 0.572879530787468, 0.5726741510629654, 0.5732962775230408, 0.5689144015312195, 0.5666477102041244, 0.5664225959777832, 0.5678511923551559, 0.566235619187355, 0.5665953195095063, 0.5659339481592178, 0.5652354341745377, 0.5643567705154419, 0.5628269267082214, 0.5646056127548218, 0.5620456290245056, 0.5618631291389465, 0.5594062238931656, 0.558242283463478, 0.5589602309465408, 0.5586831551790238, 0.5587258797883987, 0.5608861601352692, 0.5583909666538238, 0.5569653886556626, 0.5588373953104019, 0.5563998478651047, 0.5537038373947144, 0.5553549301624298, 0.5552237600088119, 0.5537488269805908, 0.5542119348049164, 0.5530066084861756, 0.5521129262447357, 0.5509687167406082, 0.5512839323282241, 0.5515357100963593, 0.549530810713768, 0.5502883625030518, 0.5478096055984497, 0.5463427078723907, 0.5469842326641082, 0.5470031422376632, 0.5460106700658798, 0.5468714612722397, 0.5446489155292511, 0.5459695124626159, 0.5449200636148452, 0.5434497284889221, 0.5442763048410416, 0.5434967225790024, 0.5433028841018677, 0.5439220517873764, 0.541128225326538, 0.5397484433650971, 0.5421686881780624, 0.5377425807714462, 0.5371661919355393, 0.5363945180177688, 0.5376872032880783, 0.5343001884222031, 0.5360858458280563, 0.5369535785913467, 0.5364295780658722, 0.5367842370271683, 0.5331849211454391, 0.53224649310112, 0.5316069793701171, 0.5312116420269013, 0.530896093249321, 0.5324263459444046, 0.5317988497018814, 0.5316978448629379, 0.5310367578268052, 0.5292326682806014, 0.5295900803804398, 0.5290567111968995, 0.5259382450580596, 0.5294525271654129, 0.5249021714925766, 0.5261669164896011, 0.52752714574337, 0.5256956845521927, 0.5260942155122756, 0.5255316364765167, 0.5256093573570252, 0.5238022494316101, 0.5216173982620239, 0.5265810108184814, 0.5248023319244385, 0.5226454967260361, 0.5212232095003128, 0.5219701254367828, 0.5205869334936142, 0.5215500736236572, 0.5206710475683213, 0.520588474869728, 0.5188973546028137, 0.5179760372638702, 0.5164817905426026, 0.5170949304103851, 0.517584754228592, 0.5167985904216766, 0.5145031404495239, 0.5163661819696427, 0.5188153797388076, 0.5158026552200318, 0.5165782076120377, 0.5146863746643067, 0.5141596758365631, 0.5144504117965698, 0.5130132216215134, 0.5130932611227036, 0.5115792256593704, 0.5142056095600128, 0.5116270220279694, 0.5140847915410995, 0.5135512793064118, 0.5112364119291306, 0.5126165568828582, 0.5096191608905792, 0.5081764167547226, 0.5097067219018936, 0.5083771735429764, 0.5053915518522263, 0.5083465111255646, 0.5053194427490234, 0.5067352968454361, 0.5076539593935013, 0.5059013974666595, 0.5064247298240662, 0.5068833631277084, 0.5054508107900619, 0.5045652949810028, 0.5054160833358765, 0.5031152093410491, 0.5025406599044799, 0.503450083732605, 0.5024587279558181, 0.5040540468692779, 0.5044620263576508, 0.5014825040102004, 0.5008297115564346, 0.5003527969121933, 0.5000793462991715, 0.4990159344673157, 0.4997798430919647, 0.4989976525306702, 0.5004597181081771, 0.4994137752056122, 0.4969280308485031, 0.49876497864723207, 0.4972032731771469, 0.4965236073732376, 0.49718185245990754, 0.4987355905771256, 0.4971205860376358, 0.49421016216278074, 0.4939077842235565, 0.49695208072662356, 0.4951594662666321, 0.49346785485744477, 0.4920382559299469, 0.49169779658317564, 0.4952281993627548, 0.49253235101699827, 0.49470257222652436, 0.49307321071624755, 0.49157690823078154, 0.49123997032642364, 0.49282429099082947, 0.4878314781188965, 0.4912455153465271, 0.49013440668582914, 0.4904190987348557, 0.49050917267799377, 0.4899983239173889, 0.48749864876270294, 0.48834305346012113, 0.48914298236370085, 0.48784807741642, 0.489185174703598, 0.4907318526506424, 0.4900090730190277, 0.4862427628040314, 0.48503163635730745, 0.4858414125442505, 0.4852097398042679, 0.4841192865371704, 0.4878399121761322, 0.4887291818857193, 0.4841617381572723, 0.48198072612285614, 0.4840609133243561, 0.48345273911952974, 0.48367095410823824, 0.4831855624914169, 0.48270106375217436, 0.48214661836624145, 0.48205884754657746, 0.48241459250450136, 0.4799707442522049, 0.48220525205135345, 0.4820842796564102, 0.47953631401062013, 0.47860795378684995, 0.4812867456674576, 0.47996062934398653, 0.4802112740278244, 0.47721267461776734, 0.47771569311618806, 0.4777500760555267, 0.4764035511016846, 0.4797904258966446, 0.47838129580020905, 0.4747942680120468, 