{"task": {"lambda": 0.5, "alpha": 1, "lr": 0.0001, "wd": 0.0001, "bits": 32}, "result": {"earlyStop": true, "loss": [1.3981872594356537, 0.5810959458351135, 0.520269672870636, 0.4872190690040588, 0.45870642483234403, 0.4316751956939697, 0.4085993331670761, 0.3969683247804642, 0.3805095738172531, 0.35575889468193056, 0.34666576266288757, 0.3371917468309402, 0.3169723659753799, 0.30848663806915283, 0.2948075181245804, 0.28610008865594866, 0.2747454875707626, 0.27148399472236634, 0.2562106984853745, 0.2521035650372505, 0.23614303022623062, 0.2359086614847183, 0.22234336882829667, 0.21573859632015227, 0.21142214179039, 0.20658797800540923, 0.1938321390748024, 0.1892094925045967, 0.19088802814483644, 0.17840398401021956, 0.17477671802043915, 0.1658746901154518, 0.17126636385917662, 0.15945973232388497, 0.15983814343810082, 0.1531355218589306, 0.14695614010095595, 0.1500898890197277, 0.13765178114175797, 0.14148574486374854, 0.13423566535115242, 0.12967509776353836, 0.12847129076719285, 0.13206537410616875, 0.12196620985865593, 0.11714162409305573, 0.11660245552659035, 0.11221896767616273, 0.109142484664917, 0.11171712189912796, 0.10597847297787666, 0.11989798784255981, 0.09732777461409568, 0.09896969869732856, 0.09389224424958229, 0.0983010932803154, 0.0983991026878357, 0.09733516857028007, 0.08798332810401917, 0.0909524741768837, 0.08814415231347084, 0.08874206587672234, 0.08424646034836769, 0.08371400341391563, 0.07881397306919098, 0.07747900322079658, 0.11819544523954391, 0.07001407936215401, 0.06960769720375538, 0.08091499365866184, 0.07132838733494282, 0.0788838028907776, 0.06718231000006199, 0.07268076114356518, 0.0683793794363737, 0.07181544281542301, 0.07340897724032402, 0.08750835284590722, 0.0578167724609375, 0.05883056804537773, 0.09638225562870502, 0.055712215155363086, 0.05965120814740658, 0.05827073454856872, 0.06123576834797859, 0.08317568726837635, 0.05387162871658802, 0.05280382879078388, 0.05479915857315063, 0.09352448463439941, 0.05163253962993622, 0.051563075706362725, 0.055841095298528674, 0.049299442991614345, 0.09785282619297504, 0.05025261104106903, 0.04645349502563476, 0.046155316233634947, 0.04886992603540421, 0.08719984874129295, 0.04509519517421722, 0.044307729452848436, 0.08900058239698411, 0.044914563000202176, 0.04252835966646671, 0.04957113809883595, 0.046541331335902214, 0.042537210136651994, 0.07171564653515816, 0.04030867166817188, 0.04520157381892204, 0.05601665735244751, 0.04040753573179245, 0.04276317425072193, 0.09593938894569874, 0.0391657217592001, 0.037540802545845506, 0.03816149853169918, 0.0405846057087183, 0.04007250837981701, 0.05803296625614166, 0.04077756784856319, 0.03772478923201561, 0.08624574601650238, 0.036146383062005044, 0.03500924911350012, 0.03630001023411751, 0.05130614645779133, 0.03672500804066658, 0.03519378829747438, 0.07908491708338261, 0.03812166910618544, 0.03260669622570276, 0.03217633236199617, 0.0495507438108325, 0.035011046342551706, 0.06188815113157034, 0.03117048680782318, 0.03254462592303753, 0.09018135014921427, 0.03917684324085712, 0.030989949107170105, 0.029862702898681162, 0.03044185884296894, 0.032348435446619986, 0.048285097777843476, 0.030185496024787425, 0.04637794561684132, 0.08443021778017283, 0.030083435289561748, 0.02860206939280033, 0.028199841268360615, 0.02933328777551651, 0.05592660188674927, 0.027899452447891236, 0.03065099161118269, 0.029132632873952388, 0.0510049719363451, 0.028364565819501877, 0.028207379281520843, 0.08250144056975842, 0.029898077100515365, 0.026753704398870468, 0.05400132514536381, 0.029222739785909654, 0.02524649687111378, 0.02790803037583828, 0.03189251091331244, 0.0265888424962759, 0.041762838549911974, 0.09604818798601628, 0.026461073830723762, 0.024417230971157552, 0.02393464043736458, 0.024513396024703978, 0.02653008945286274, 0.06182899776846171, 0.027326742224395274, 0.023831565305590628, 0.02325954183936119, 0.03612979486584664, 0.06545237734913827, 0.02353744063526392, 0.02258404329419136, 0.02678516872227192, 0.0311074972897768, 0.023111897595226763, 0.09769322071224451, 0.026374651603400707, 0.022811805121600626, 0.021766464449465273, 0.021989341452717782, 0.0391181555762887, 0.024393022432923316, 0.03497220449149609, 0.030721614100039006, 0.021128377988934518, 0.03727820921689272, 0.04428047433495522, 0.0215071739628911, 0.02125518947839737, 0.024458960741758348, 0.08272820502519608, 0.022051544189453126, 0.020582109540700912, 0.02041493099182844, 0.021166944056749345, 0.0645736937224865, 0.022843820825219154, 0.020148942954838277, 0.01976835124194622, 0.07041828099638224, 0.0230838742852211, 0.01998643349856138, 0.01940272020176053, 0.020779975168406965, 0.05257112182676792, 0.019542201943695544, 0.027014590688049792, 0.019375585056841373, 0.021041307616978883, 0.13475108273327352, 0.02517811246216297, 0.019915201254189014, 0.018420708663761616, 0.017998515740036965, 0.017853457536548375, 0.018548518978059293, 0.02002594877034426, 0.06609715549275279, 0.022347298823297022, 0.018294191658496856, 0.017706111650913955, 0.018158650025725365, 0.05896071726456285, 0.0878819127380848, 0.019929067268967628, 0.01773601761087775, 0.01693488523364067, 0.01667203092947602, 0.017123998999595644, 0.025024594254791737, 0.04143589830026031, 0.03039949167519808, 0.01717028075829148, 0.01947901990264654, 0.01785708446055651, 0.018444015588611366, 0.1822650696337223, 0.029714004285633564], "map": 0.853327660090055}, "time": 528.3789684772491}