{"task": {"lambda": 1, "alpha": 5, "lr": 0.0001, "wd": 1e-05, "bits": 48}, "result": {"earlyStop": true, "loss": [3.1824649596214294, 1.491166627407074, 1.3427073979377746, 1.2292929255962373, 1.1395681881904602, 1.0652674996852876, 1.0192986226081848, 0.9869858753681183, 0.9476018607616424, 0.8988516402244567, 0.8655932545661926, 0.8136524403095245, 0.7896510088443756, 0.7552508807182312, 0.731143279671669, 0.6996360445022582, 0.6799257576465607, 0.6512521463632583, 0.6292880433797836, 0.6042817950248718, 0.5969915276765824, 0.5592536759376526, 0.5393276280164718, 0.526572203040123, 0.509316913485527, 0.4866269391775131, 0.4710625159740448, 0.4651740801334381, 0.447444514632225, 0.4303008681535721, 0.4267655789852142, 0.4050998014211655, 0.3946395766735077, 0.3842704528570175, 0.3744706416130066, 0.37841611862182617, 0.35536246657371523, 0.3326487672328949, 0.3516764211654663, 0.3132775735855102, 0.3202695560455322, 0.3079286763072014, 0.32213781476020814, 0.2896347653865814, 0.2867941465973854, 0.2876562038064003, 0.2742937535047531, 0.26443141758441924, 0.26620718866586685, 0.28035716742277145, 0.25632771104574203, 0.2362783968448639, 0.2371115678548813, 0.2702070653438568, 0.22138332545757294, 0.23255605697631837, 0.22882475912570954, 0.21436992287635803, 0.21478550642728805, 0.21763687312602997, 0.21127134650945664, 0.19785941392183304, 0.20575535356998442, 0.19286431461572648, 0.23692527830600738, 0.18196445912122727, 0.18181801974773407, 0.17961076498031617, 0.19609088689088822, 0.18089020609855652, 0.1983475986123085, 0.16210619121789932, 0.27805282682180404, 0.15265612214803695, 0.14919029504060746, 0.1445653457939625, 0.16459993600845338, 0.29194598823785783, 0.14379632830619812, 0.13394130378961563, 0.13678585410118102, 0.16189998671412467, 0.14097951248288154, 0.16607404962182046, 0.14441737294197082, 0.2006136341392994, 0.13012496262788772, 0.14762970939278602, 0.1295146881043911, 0.17463459253311156, 0.12303253039717674, 0.12782839447259903, 0.1797033305466175, 0.11756273448467254, 0.16065801724791526, 0.11681738764047622, 0.11734255969524383, 0.16413426294922828, 0.11781686261296272, 0.11878497526049614, 0.13292025357484819, 0.11191007673740387, 0.19453950777649878, 0.11773257836699486, 0.10031445294618607, 0.10489335983991623, 0.10291048645973205, 0.16059754267334939, 0.10222675517201424, 0.10408494770526885, 0.2198815880715847, 0.10420969203114509, 0.09038604214787484, 0.09053822234272957, 0.14086255341768264, 0.25456703200936315, 0.09075328066945076, 0.08718624264001847, 0.0862476183474064, 0.09496703997254372, 0.12236113995313644, 0.08898553565144539, 0.0881291788816452, 0.13469018712639808, 0.08383417710661888, 0.1852038161456585, 0.0872347891330719, 0.08005107805132866, 0.0809384474158287, 0.08136568784713745, 0.20717505127191543, 0.07935925379395485, 0.07921727851033211, 0.08697389259934425, 0.1653386354446411, 0.0827196978032589, 0.0736314943432808, 0.0728173552453518, 0.16142259016633034, 0.10666184410452843, 0.07284188024699688, 0.07150586687028408, 0.08393841534852982, 0.09949800871312618, 0.1494346770644188, 0.06875803038477897, 0.0690294424444437, 0.07155697032809258, 0.10217450022697448, 0.06644104667007923, 0.1056892342120409, 0.07648783572018146, 0.1471452098339796, 0.07295200698077679, 0.06267980195581913, 0.06296730600297451, 0.11836681604385375, 0.06593504421412945, 0.06255318135023118, 0.12158117406070232, 0.060890047997236255, 0.0767144363373518, 0.06900211833417416, 0.06211259000003338, 0.2079122466593981, 0.06329564049839974, 0.05712169148027897, 0.05613275371491909, 0.07079556502401829, 0.11971148505806922, 0.05550539568066597, 0.05512042388319969, 0.06733929112553597, 0.0907922588288784, 0.05554190099239349, 0.05599749453365803, 0.08250778891146184, 0.13458535060286522, 0.052653503194451334, 0.05178896941244602, 0.0529206471145153, 0.12906766183674334, 0.05470894828438759, 0.05081099152565002, 0.14120607674121857, 0.05492462679743767, 0.048817357048392296, 0.04883779488503933, 0.055541571900248526, 0.1312359232455492, 0.058591118231415745, 0.04888049244880676, 0.19881813004612922, 0.050111120864748955, 0.046835800409317015, 0.045758131369948385, 0.04575255572795868, 0.11698044620454312, 0.05068397708237171, 0.04689390309154987, 0.04630348108708859, 0.12121701702475547, 0.04451336070895195, 0.044086322709918024, 0.04772746868431568, 0.07247590750455857, 0.12054762087762355, 0.0437936395406723, 0.04341350801289082, 0.04353680789470673, 0.13145325392484664, 0.04317966066300869, 0.04109812386333942, 0.04161188021302223, 0.07629406929016114, 0.13735262729227543, 0.041490638330578804, 0.03994284994900227, 0.041529243513941765, 0.04439691804349422, 0.11197260200977326, 0.04364164181053638, 0.03979708254337311, 0.04106292560696602, 0.14087539657950401, 0.04296827755868435, 0.03927024118602276, 0.06948853760957718, 0.03759395249187946, 0.04143092755228281, 0.10226971209049225, 0.0373048210889101, 0.03734823562204838, 0.20682399179786443, 0.045111967399716374, 0.03762629639357328, 0.03557885888963938, 0.03513304639607668, 0.03625829115509987, 0.14968588024377824, 0.0375626564770937, 0.034464540407061574, 0.035760992877185344, 0.03881629977375269, 0.04104955099523067, 0.16040163524448872, 0.03690602507442236, 0.03346800297498703, 0.03288766995072365, 0.03520839184522629, 0.04382740996778011, 0.1786828425526619, 0.03966202490031719, 0.03323084034025669, 0.03135129228234291, 0.03204595718532801, 0.15314977001398802, 0.04979416258633137, 0.033629963360726836, 0.030897922292351724, 0.031249028630554676, 0.03219553560018539, 0.037023978047072886, 0.16900401286780833, 0.036189656779170035, 0.03092449575662613, 0.029713840074837208, 0.029836503937840462, 0.0357060993462801, 0.04082232043147087, 0.03970749147236347, 0.23259482838213444, 0.036125171296298504, 0.030595920346677304, 0.028742420338094234, 0.04772287014871836, 0.031271795518696306, 0.030001604221761225, 0.14320024192333222, 0.03396456632763147, 0.028158661872148515, 0.027484997995197772, 0.10525246988981962, 0.03983745027333498, 0.027770328260958196, 0.02647295292466879, 0.030311895310878755, 0.16342748839408158, 0.033368538469076156, 0.027429864779114722, 0.027122662849724293, 0.02847564496099949, 0.03064887225627899, 0.21208644967526197, 0.047832492552697656, 0.02949964128434658], "map": 0.8604920774633984}, "time": 624.6686840057373}