{"task": {"lambda": 0.5, "alpha": 5, "lr": 0.0001, "wd": 1e-05, "bits": 24}, "result": {"earlyStop": true, "loss": [3.004559314250946, 1.4215487217903138, 1.282156047821045, 1.1785432732105254, 1.0918049430847168, 1.0288568007946015, 0.9801416158676147, 0.9373670387268066, 0.8958823120594025, 0.861640692949295, 0.8192792010307312, 0.785979585647583, 0.7638849574327469, 0.71990354180336, 0.6942467141151428, 0.6798483389616012, 0.6459728389978409, 0.6304171013832093, 0.607764527797699, 0.5866821783781052, 0.5620863735675812, 0.5274202162027359, 0.5301647013425828, 0.5122728788852692, 0.4892870229482651, 0.47354388773441314, 0.4747326236963272, 0.43869598388671877, 0.4335816079378128, 0.42412580907344816, 0.3966423696279526, 0.4033857238292694, 0.3848067140579224, 0.37615390062332155, 0.36458245873451234, 0.3431934595108032, 0.34697959184646604, 0.34492855399847033, 0.32513238459825516, 0.3195087477564812, 0.31883384972810747, 0.2927280196547508, 0.3018547195196152, 0.2664214238524437, 0.27773464053869246, 0.26763243705034256, 0.2649697557091713, 0.24940091758966446, 0.24870683670043944, 0.24871666312217713, 0.24512521624565126, 0.2188020595908165, 0.2260405480861664, 0.23649614036083222, 0.20672415494918822, 0.25366755068302155, 0.19171773940324782, 0.1975336766242981, 0.19127627611160278, 0.18735656559467315, 0.23381809651851654, 0.16616277694702147, 0.17783460795879363, 0.16693601369857788, 0.1739273662865162, 0.19131315842270852, 0.15736211434006692, 0.15902455896139145, 0.16681327983736993, 0.23418471485376358, 0.13705907464027406, 0.13473979368805886, 0.15874914392828943, 0.13217825010418893, 0.14759468391537667, 0.1346116344630718, 0.14755242571234703, 0.12854685708880426, 0.17515272945165633, 0.11746470987796784, 0.13140249207615853, 0.12324323728680611, 0.15019106075167657, 0.11064525127410889, 0.12672453254461288, 0.1222425052523613, 0.12812537863850593, 0.14638112530112266, 0.09888826355338097, 0.10700541496276855, 0.1530047059059143, 0.09320003747940063, 0.09546191737055779, 0.1537139545381069, 0.0999393555521965, 0.08360195383429528, 0.1829267570376396, 0.08744782164692878, 0.08095519542694092, 0.0875818207859993, 0.18404418900609015, 0.07886242046952248, 0.07642969995737076, 0.10999775052070618, 0.08254565805196762, 0.13401662394404412, 0.07254728317260742, 0.10395130693912506, 0.11889354951679706, 0.12549734160304069, 0.06979950189590454, 0.07506469003856182, 0.08462657630443574, 0.19191924802958965, 0.0679374222457409, 0.0659884762018919, 0.12271599717438221, 0.1031828548014164, 0.06391095966100693, 0.08271682605147362, 0.12099563166499137, 0.06572874948382378, 0.06332443445920945, 0.16610014788806438, 0.07252368599176406, 0.06074150048196316, 0.08942229256033897, 0.06053293943405151, 0.18147697895765305, 0.06137248508632183, 0.05866220034658909, 0.1083651689440012, 0.06627141304314137, 0.056251133158802986, 0.07626113593578339, 0.1715408565849066, 0.06571202345192433, 0.054025222808122636, 0.053174265921115876, 0.06401112757623195, 0.2078862316906452, 0.06531313352286816, 0.05296248182654381, 0.05313095755875111, 0.0542414578050375, 0.054294111281633375, 0.13127297967672347, 0.053729662597179415, 0.05031752437353134, 0.09483665011823178, 0.04963001698255539, 0.05227437987923622, 0.10589827314019203, 0.04979696482419968, 0.08002624854445457, 0.10490310981869698, 0.05020762547850609, 0.045973906442523, 0.1347762171179056, 0.04900571748614311, 0.04466980084776878, 0.049027737006545065, 0.09125229455530644, 0.047453949227929115, 0.11705870516598224, 0.06996024213731289, 0.0435123024135828, 0.0426340951025486, 0.11081925876438618, 0.04866359032690525, 0.04241075590252876, 0.20527797669172287, 0.05714990369975567, 0.043418311774730683, 0.04063901506364345, 0.041175424233078954, 0.12923733003437518, 0.041589264422655106, 0.03973070919513702, 0.0412960983812809, 0.14858812153339385, 0.04523503966629505, 0.039113442897796634, 0.039160061106085775, 0.11490237481892109, 0.04467180080711842, 0.03815364688634872, 0.03814834475517273, 0.12639773532748222, 0.03879104971885681, 0.03798432342708111, 0.08729335218667984, 0.038360818773508075, 0.03630216524004936, 0.14100199639797212, 0.04067660674452782, 0.03595813751220703, 0.03535264436155558, 0.035965541675686837, 0.20525311715900899, 0.038930722996592525, 0.035305270105600355, 0.03410692594945431, 0.03422323651611805, 0.09228604026138783, 0.034448750875890256, 0.03409127451479435, 0.13438671883195638, 0.040894586369395254, 0.034272442273795604, 0.03284087724983692, 0.03511987630277872, 0.1740789135918021, 0.03751926030963659, 0.033553432002663613, 0.03274694941937924, 0.03812387369573116, 0.13309317231178283, 0.03953110471367836, 0.03243390489369631, 0.03122053824365139, 0.03496710989624262, 0.11250699631869793, 0.0318263816088438, 0.030980235189199446, 0.09470072101801634, 0.031704616956412794, 0.02977017927914858, 0.03140649177134037, 0.17354433834552765, 0.033369408696889875, 0.03016234640032053, 0.029262356087565423, 0.10784301951527596, 0.03956002697348595, 0.030164365991950035, 0.03465338971465826, 0.07684269707649946, 0.028881852440536024, 0.02901985216885805, 0.1273252160474658, 0.03418590031564236, 0.02898626174777746, 0.027789406850934027, 0.12158873293548822, 0.0370744988322258, 0.028950024507939816, 0.027506333626806736, 0.031176141910254956, 0.08375438757240772, 0.027432242445647716, 0.028509269431233407, 0.06953439775854349, 0.027440406009554864, 0.02796378243714571, 0.12531952042132616, 0.028812814243137835, 0.026244457587599756, 0.025782379284501077, 0.08687554534524679, 0.033924705795943734, 0.026074267774820328, 0.026007232181727888, 0.1777142684534192, 0.039929772652685644, 0.027419081814587118, 0.025157633125782012, 0.02449057638645172, 0.02482944183051586, 0.10398850359022617, 0.02943827837705612, 0.024839794524013997, 0.02404612559825182, 0.11993439927697182, 0.029263347908854483, 0.024954194389283656, 0.023768990859389307, 0.059960166774690155, 0.02566473767161369, 0.023542813882231714, 0.026818160451948642, 0.11945745635777712, 0.025359395444393158, 0.02320089865475893, 0.02403517048805952, 0.11103584520518779, 0.031669391803443435, 0.023884243480861187, 0.022452819906175137, 0.023031459376215934, 0.11643439434468746, 0.02462939690798521, 0.022769757695496082, 0.02374204609543085, 0.12260457754135132, 0.027620515003800392, 0.02238683868199587, 0.021325513385236264, 0.021681934855878354, 0.10463907409459353, 0.025583911612629892, 0.02194794375449419, 0.021876953579485416, 0.0885229941084981, 0.026983032822608947, 0.021492295376956464, 0.020756588652729988, 0.022277242951095105, 0.10767722327262164, 0.022866001576185225, 0.02071812693029642, 0.020827171690762043, 0.10292828079313039, 0.06608125995844602, 0.022612951509654523, 0.020509584173560143, 0.02100951813161373, 0.1447852073982358, 0.02996721852570772, 0.02140708051621914, 0.019669708497822284, 0.019090691171586512, 0.02076501237228513, 0.059861972369253634, 0.02098068580031395, 0.020074063912034035, 0.09747686132788658, 0.02190821409225464, 0.019178912974894047, 0.01977720770984888, 0.15164498250931502, 0.03192292436957359], "map": 0.844256461406008}, "time": 701.0891103744507}