{"task": {"lambda": 2, "alpha": 5, "lr": 1e-05, "wd": 1e-05, "bits": 24}, "result": {"time stopage": true, "loss": [2.7277512669563295, 2.073604633808136, 1.9230063486099243, 1.8448053908348083, 1.7663685846328736, 1.7131378269195556, 1.6679630947113038, 1.6340634036064148, 1.598893849849701, 1.5650168919563294, 1.5331835174560546, 1.5176795983314515, 1.4742448043823242, 1.4562510061264038, 1.4407885479927063, 1.428476951122284, 1.396704592704773, 1.384272165298462, 1.3652950930595398, 1.3449636268615723, 1.3233305096626282, 1.313709409236908, 1.295146677494049, 1.280271488428116, 1.267853229045868, 1.2476808786392213, 1.2338985848426818, 1.226666431427002, 1.2064342069625855, 1.1966306519508363, 1.1872533535957337, 1.1694573175907135, 1.1656340265274048, 1.1553719925880432, 1.1396579957008361, 1.1306892669200896, 1.124798811674118, 1.1108051931858063, 1.0943735325336457, 1.093101397752762, 1.0865224707126617, 1.0731429862976074, 1.0696249675750733, 1.0641570806503295, 1.0533058798313142, 1.0423607742786407, 1.0327202141284944, 1.0207818567752838, 1.021584461927414, 1.0112589585781098, 1.0102031528949738, 0.9989410853385925, 0.9889102113246918, 0.9761381161212921, 0.9768541932106019, 0.9789403319358826, 0.9671072947978974, 0.9610217523574829, 0.9497220003604889, 0.944516863822937, 0.9374938845634461, 0.9330393624305725, 0.9244306063652039, 0.9268441998958588, 0.9205056011676789, 0.9103187084197998, 0.8997432136535645, 0.8996272432804108, 0.8933455431461335, 0.8901444506645203, 0.8895945012569427, 0.8829967081546783, 0.8717410039901733, 0.8756598091125488, 0.8686541080474853, 0.863680191040039, 0.8547003543376923, 0.851666259765625, 0.8454056954383851, 0.8412836122512818, 0.8346831488609314, 0.8343470025062562, 0.8212856447696686, 0.8260399413108825, 0.8193160831928253, 0.8097051465511322, 0.8130684995651245, 0.8051445269584656, 0.8036003029346466, 0.8007481634616852, 0.7966505455970764, 0.7974919211864472, 0.7879971992969513, 0.7849018442630767, 0.7772321140766144, 0.7823484563827514, 0.7685293245315552, 0.7632280766963959, 0.7637038123607636, 0.7643189418315888, 0.7612370908260345, 0.7522963786125183, 0.7473102247714997, 0.7450101017951966, 0.746620397567749, 0.7474075925350189, 0.7387252879142762, 0.734876127243042, 0.7325250768661499, 0.7260155713558197, 0.7197461593151092, 0.7194690418243408, 0.7173735809326172, 0.7132800233364105, 0.7055398726463318, 0.7046381962299347, 0.7045883023738861, 0.7052962005138397, 0.6956247675418854, 0.6918410277366638, 0.6856069529056549, 0.6836633622646332, 0.6874700808525085, 0.6830128628015518, 0.6768970453739166, 0.6731393444538116, 0.6663802844285965, 0.6653295528888702, 0.6667557716369629, 0.6632875549793243, 0.6622053563594819, 0.659541426897049, 0.654843591451645, 0.6549571466445923, 0.6448144471645355, 0.6491498708724975, 0.6398394799232483, 0.6444993495941163, 0.6306219851970672, 0.6386286735534668, 0.6366896796226501, 0.629437028169632, 0.6278530955314636, 0.6279105687141419, 0.6219365215301513, 0.6219941699504852, 0.6143641889095306, 0.6122794228792191, 0.608483167886734, 0.6120085036754608, 0.6056213057041169, 0.6051947832107544, 0.6030211490392685, 0.5989952182769775, 0.6014720422029495, 0.5960040134191513, 0.5883947944641114, 0.5896804481744766, 0.5906125503778458, 0.584235223531723, 0.5830987685918808, 0.57949263215065, 0.5786289238929748, 0.577858315706253, 0.5702291131019592, 0.5770354682207107, 0.5652880734205246, 0.5729617059230805, 0.5625438231229782, 0.5598141574859619, 0.5617154258489608, 0.5569757485389709, 0.5576261687278747, 0.5561581087112427, 0.5503101897239685, 0.5469325011968613, 0.5480324822664261, 0.5478558295965195, 0.5416085654497147, 0.542102644443512, 0.5397663736343383, 0.5390392297506332, 0.5362070780992508, 0.5343535405397415, 0.529643035531044, 0.5285134887695313, 0.528460219502449, 0.5260996556282044, 0.523960822224617, 0.5235721200704575, 0.5173717421293259, 0.517078703045845, 0.5156995576620101, 0.515903452038765, 0.5106737452745438, 0.510496581196785, 0.5101353669166565, 0.5021506488323212, 0.5050639826059341, 0.5022176527976989, 0.5027260845899582, 0.4998496735095978, 0.49771530330181124, 0.4913025230169296, 0.49429560601711275, 0.49482682526111604, 0.4906224298477173, 0.4863047069311142, 0.48426232874393466, 0.4849971866607666, 0.48226593136787416, 0.48453027904033663, 0.4786780446767807, 0.4789729648828506, 0.4724125683307648, 0.4774803060293198, 0.474670375585556, 0.4719577330350876, 0.4707745385169983, 0.46990928292274475, 0.4645684820413589, 0.46607796132564544, 0.46077325284481047, 0.4605632841587067, 0.45845868170261384, 0.4575703102350235, 0.45477267920970915, 0.45491103291511537, 0.4535727924108505, 0.44975981414318084, 0.4543133109807968, 0.44870016515254973, 0.4473041009902954, 0.44502585113048554, 0.4481160068511963, 0.4424764823913574, 0.44066558599472044, 0.43850301682949067, 0.4356236761808395, 0.4355000221729279, 0.4355390381813049, 0.43275313079357147, 0.4275216233730316, 0.43098324835300444, 0.42883286356925965, 0.4252582025527954, 0.42630842864513396, 0.4223684251308441, 0.4246261519193649, 0.4205315268039703, 0.4215359801054001, 0.4182840687036514, 0.41561730444431305, 0.41374589085578917, 0.4130604285001755, 0.416791752576828, 0.4107163333892822, 0.4091632217168808, 0.41019559681415557, 0.4058507287502289, 0.40852020025253294, 0.4081289529800415, 0.40326114535331725, 0.4014645421504974, 0.40103968799114226, 0.39762798845767977, 0.3998563069105148, 0.3987157261371613, 0.3957921236753464, 0.3963139593601227, 0.39476373374462126, 0.39072112560272215, 0.39531964004039766, 0.388564493060112, 0.3871317237615585, 0.38632421016693114, 0.38260086476802824, 0.38827236711978913, 0.38215816140174863, 0.37860909223556516, 0.3801283127069473, 0.3764978635311127, 0.37727157413959506, 0.3737818557024002, 0.3756395083665848, 0.37523878216743467, 0.3763723528385162, 0.37143970489501954, 0.3708620977401733, 0.3687854468822479, 0.3671497809886932, 0.3685587865114212, 0.3631057757139206, 0.3664713227748871, 0.36154011011123655, 0.3617082166671753, 0.35896984934806825, 0.3590617150068283, 0.3554152053594589, 0.3580662566423416, 0.35847062468528745, 0.3548699760437012, 0.3546544289588928, 0.3546842157840729, 0.3517132818698883, 0.3491214293241501, 0.34936129689216616, 0.3470965629816055, 0.35084445714950563, 0.34644934594631194, 0.3436420142650604, 0.34146977186203004, 0.34316149294376375, 0.34400456845760347, 0.3399282157421112, 0.34364034593105314, 0.3383435320854187, 0.3387266820669174, 0.33754933536052706, 0.33748641729354856, 0.335419647693634, 0.33349370181560517, 0.33230664670467375, 0.33257038831710817, 0.33049285411834717, 0.3284928560256958, 0.3283168512582779, 0.3290925216674805, 0.32545459985733033, 0.327871116399765, 0.32540464878082276, 0.3238368189334869, 0.3216381752490997, 0.322673023045063, 0.32039871752262117, 0.31801255226135255, 0.31789582133293154, 0.3156583720445633, 0.3190558362007141, 0.31615213394165037, 0.3166947293281555, 0.3137877058982849, 0.3129173505306244, 0.31296092361211775, 0.30972979336977, 0.3108080407977104, 0.3090549695491791, 0.31025767207145694, 0.30850747019052505, 0.3041887593269348, 0.30522251546382906, 0.30669419169425965, 0.3043632674217224, 0.3020845779776573, 0.3018402421474457, 0.300609210729599, 0.29953276306390764, 0.30059773594141004, 0.2981776905059814, 0.2982327887415886, 0.296488921046257, 0.2939475783705711, 0.2942321175336838, 0.29511685580015184, 0.29552295058965683, 0.29319017231464384, 0.29216460555791857, 0.2897363156080246, 0.29101163923740386, 0.2893743628263474, 0.28875969231128695, 0.28703101217746735, 0.2859362229704857, 0.2851011672616005, 0.2847498607635498, 0.28433602780103684, 0.28209220737218854, 0.27909780412912366, 0.28004620850086215, 0.2805211743712425, 0.27971660763025286, 0.28022939145565035, 0.27842954993247987, 0.2769614127278328, 0.2794594749808311, 0.2725929182767868, 0.27644040048122404, 0.27450169444084166, 0.27459551006555555, 0.27060034185647963, 0.2701201581954956, 0.27116535276174547, 