{"task": {"lambda": 1, "alpha": 3, "lr": 1e-05, "wd": 1e-05, "bits": 12}, "result": {"earlyStop": true, "loss": [1.6347227501869201, 1.2555450320243835, 1.1760788428783417, 1.1197958528995513, 1.0821712911128998, 1.0509900534152985, 1.0252132844924926, 1.001519136428833, 0.9777544999122619, 0.9632391452789306, 0.9385866594314575, 0.9235683095455169, 0.9103000235557556, 0.8936199116706848, 0.8804742109775543, 0.8678316903114319, 0.8573961055278778, 0.8447691714763641, 0.8324795091152191, 0.8317862319946289, 0.8148772764205933, 0.8077886891365051, 0.7959448230266571, 0.7904427325725556, 0.7786934542655944, 0.7726490247249603, 0.7633323049545289, 0.7571113407611847, 0.7484278583526611, 0.7399671649932862, 0.7383507812023162, 0.7276162540912628, 0.7214891993999482, 0.716408029794693, 0.7075859236717225, 0.699895623922348, 0.6961814439296723, 0.687539495229721, 0.6890893995761871, 0.6812398087978363, 0.67731987118721, 0.670931841135025, 0.6660709917545319, 0.6561769640445709, 0.6530705595016479, 0.6520270001888275, 0.6473726296424865, 0.6418237900733947, 0.6404198747873306, 0.6344705152511597, 0.6293801140785217, 0.6238327741622924, 0.6226047158241272, 0.6169038134813308, 0.6138125693798065, 0.6125335550308227, 0.6078375685214996, 0.6051241773366928, 0.5974936693906784, 0.5965960192680358, 0.5931557649374009, 0.5867749446630478, 0.5879240679740906, 0.5813130736351013, 0.5787345141172409, 0.5730735522508621, 0.5692348325252533, 0.5689410609006882, 0.564992573261261, 0.5619447183609009, 0.5635637480020523, 0.5555337464809418, 0.5569102835655212, 0.5510657304525375, 0.5499499613046646, 0.5420634871721268, 0.5419974035024643, 0.5426611399650574, 0.5388942813873291, 0.5340704882144928, 0.5354957127571106, 0.5246967989206314, 0.5217191153764724, 0.5265127819776535, 0.5206334346532822, 0.5204675006866455, 0.5186779087781906, 0.5167637747526169, 0.5080421191453933, 0.5061053425073624, 0.5081719845533371, 0.5038187718391418, 0.5019099915027618, 0.501005945801735, 0.4980502927303314, 0.49294676184654235, 0.4926567608118057, 0.48832973420619963, 0.48610744476318357, 0.482781737446785, 0.48211307406425474, 0.4838269877433777, 0.47718788385391236, 0.47419669389724733, 0.47425239443778994, 0.473036442399025, 0.46997066140174865, 0.46554177880287173, 0.4650170737504959, 0.46525866866111754, 0.4641020119190216, 0.4637847489118576, 0.4565099161863327, 0.45374264538288117, 0.4556527239084244, 0.45220590114593506, 0.4518258821964264, 0.4495770317316055, 0.44769395112991334, 0.44457134544849397, 0.4412618213891983, 0.43988853693008423, 0.43884978353977205, 0.43783230483531954, 0.43316811561584473, 0.434164862036705, 0.43404634058475494, 0.4279278236627579, 0.4267665731906891, 0.4300708395242691, 0.4272621864080429, 0.4220744204521179, 0.4199029982089996, 0.42111715376377107, 0.417859200835228, 0.41471640586853026, 0.41525086224079133, 0.41517147958278655, 0.41055351912975313, 0.41240663051605225, 0.4096258682012558, 0.40475701332092284, 0.4035941278934479, 0.4052844089269638, 0.40215530157089235, 0.401335352063179, 0.3992721211910248, 0.39796819269657135, 0.39611568927764895, 0.3916830974817276, 0.3948220276832581, 0.3910751307010651, 0.39087462246418, 0.38906861424446104, 0.3891518521308899, 0.3831692463159561, 0.3847252416610718, 0.3818487322330475, 0.38023109138011935, 0.3774640017747879, 0.3791999989748001, 0.379196041226387, 0.37418776750564575, 0.37319468200206757, 0.37387951731681823, 0.37084398210048675, 0.3713777351379395, 0.37227207064628604, 0.36627892434597015, 0.36553624749183655, 0.364037007689476, 0.36521376848220827, 0.3587981575727463, 0.3639509224891663, 0.36092251002788545, 0.36072965025901793, 0.3564936059713364, 0.3560863023996353, 0.3535317188501358, 0.351190379858017, 0.35071858048439025, 0.34865136206150055, 0.34623648822307584, 0.34963802218437195, 0.3479062241315842, 0.3486993169784546, 0.3433071368932724, 0.3423643559217453, 0.34193373084068296, 0.3414519703388214, 0.340600893497467, 0.3369795817136765, 0.33869497627019884, 0.3361677485704422, 0.3346154135465622, 0.3338084435462952, 0.33345249652862546, 0.3315115338563919, 0.33291015803813934, 0.32909045279026033, 0.3299296349287033, 0.327451069355011, 0.32613026320934296, 0.3257338446378708, 0.3236867481470108, 0.32244860887527466, 0.3216233330965042, 0.31844699144363403, 0.3171172946691513, 0.31870969891548157, 0.3148106688261032, 0.31465411961078643, 0.31377853780984877, 0.31427277624607086, 0.3137605059146881, 0.3103832119703293, 0.3120910084247589, 0.31095260500907895, 0.3090722399950028, 0.3063137549161911, 0.3079392457008362, 0.30555290639400484, 0.30348850846290587, 0.3032651588320732, 0.3013108563423157, 0.30116663813591005, 0.30000107884407046, 0.29926484405994414, 0.2954703789949417, 0.29584206819534303, 0.2968172162771225, 0.2943367436528206, 0.2928236377239227, 0.2928978669643402, 0.2925675994157791, 0.28980148255825045, 0.29137114077806475, 0.28756853729486465, 0.28855580270290376, 0.28824994683265687, 0.28591201394796373, 0.28585743278264997, 0.2857347694039345, 0.2859307500720024, 0.2803337550163269, 0.28285151958465576, 0.28111195504665376, 0.27972095370292666, 0.28108052372932435, 0.2783318272233009, 0.27862035363912585, 0.27777587950229643, 0.2753302025794983, 0.27312416523694993, 0.2738331797719002, 0.273708239197731, 0.2712629133462906, 0.2730005219578743, 0.27043030589818956, 0.26936099052429197, 0.26845854580402373, 0.27023905247449875, 0.268640912771225, 0.2676423254609108, 0.2674353709816933, 0.2654940888285637, 0.2637260672450066, 0.26346351146698, 0.2610393041372299, 0.26001872956752775, 0.261388880610466, 0.25869322031736375, 0.26008358895778655, 0.26064843028783796, 0.2574338558316231, 0.25673887312412264, 0.25687072724103927, 0.25493031412363054, 0.2535330832004547, 0.25362653195858004, 0.2534434321522713, 0.2523286026716232, 0.2502126091718674, 0.25096726715564727, 0.249236558675766, 0.24816007941961288, 0.24791255623102187, 0.24840338796377182, 0.24522069066762925, 0.24405210644006728, 0.24713316589593887, 0.2436032238602638, 0.24312154054641724, 0.24171892940998077, 0.24300332188606263, 0.24062549203634262, 0.24143559724092484, 0.2394566261768341, 0.23978599935770034, 0.2391895893216133, 0.23735710859298706, 0.23677518486976623, 0.23764074563980103, 0.2362486058473587, 0.23437398940324783, 0.23594161987304688, 0.23406270027160644, 0.23191261857748033, 0.23148535966873168, 0.23165669590234755, 0.230798319876194, 0.2312529566884041, 0.22733334302902222, 0.22850405186414718, 0.22843303859233857, 0.22697465747594833, 0.225285402238369, 0.22698333412408828, 0.2239474266767502, 0.22502362489700317, 0.22431409150362014, 0.22387466341257095, 0.22406997472047807, 0.220574968457222, 0.22108447849750518, 0.22115736633539199, 0.22052690804004668, 0.21981263786554336, 0.21933090895414353, 0.21718158096075058, 0.21678326845169069, 0.21610300719738007, 0.21655160307884216, 0.2154664221405983, 0.21532754480838776, 0.21670666247606277, 0.21211464166641236, 0.21216941624879837, 0.21206960588693619, 0.21176083415746688, 0.21080228298902512, 0.2115410241484642, 0.21223364233970643, 0.20990441590547562, 0.20830343425273895, 0.20816657602787017, 0.2076983204483986, 0.20648641139268875, 0.2070852893590927, 0.2056086140871048, 0.20659604609012605, 0.20500386476516724, 0.20512547343969345, 0.2046564671397209, 0.20298873007297516, 0.20205864310264587, 0.20122643917798996, 0.20260336756706238, 0.2012328815460205, 0.2005508226156235, 0.2006906035542488, 0.1997487089037895, 0.19881661653518676, 0.19827966302633285, 0.1972258323431015, 0.19669966340065004, 0.19802814841270447, 0.19443978130817413, 0.1958623018860817, 0.19287905246019363, 0.1946234428882599, 0.19370762526988983, 0.19271317839622498, 0.192888805270195, 0.19033320516347885, 0.1922263926267624, 0.19187961637973786, 0.19094951689243317, 0.19038669168949127, 0.189989413022995, 0.18871040076017379, 0.1883249321579933, 0.18799759894609452, 0.18730513304471968, 0.18775672644376754, 0.18584156095981597, 0.18619858980178833, 