{"task": {"lambda": 0.5, "alpha": 1, "lr": 1e-06, "wd": 1e-06, "bits": 48}, "result": {"earlyStop": true, "loss": [1.2144369649887086, 1.0308731925487518, 0.9508139014244079, 0.8882806694507599, 0.8534653830528259, 0.8222966623306275, 0.8015502607822418, 0.7822051012516021, 0.7686010062694549, 0.7542749369144439, 0.7416590785980225, 0.7280818557739258, 0.7196164643764495, 0.7117403221130371, 0.7016045546531677, 0.6900634205341339, 0.6885982394218445, 0.679753223657608, 0.67364288687706, 0.6674519741535186, 0.6645180547237396, 0.6537042057514191, 0.64910325050354, 0.6432054686546326, 0.6380180299282074, 0.6336959850788116, 0.6281626152992249, 0.6237152922153473, 0.6193915426731109, 0.6131607741117477, 0.6086079919338226, 0.6073661029338837, 0.6090598726272582, 0.5961273849010468, 0.5976450169086456, 0.5918169867992401, 0.5874746876955033, 0.5853104078769684, 0.5868337297439575, 0.5846465587615967, 0.5751300436258316, 0.5766283303499222, 0.5725246059894562, 0.5743400740623474, 0.5663114231824875, 0.5646968394517898, 0.5588738244771957, 0.555240358710289, 0.5542967224121094, 0.5508897715806961, 0.5522032618522644, 0.5490572381019593, 0.5522012412548065, 0.5442433726787567, 0.5402485883235931, 0.5411210095882416, 0.5366414552927017, 0.5379585236310959, 0.5351042968034744, 0.5339445996284485, 0.5310085582733154, 0.526892597079277, 0.5259470194578171, 0.526570440530777, 0.5243040931224823, 0.5193311029672623, 0.5190530687570571, 0.5178625231981278, 0.5171644639968872, 0.516175679564476, 0.5146525293588639, 0.5135663962364196, 0.5109529554843902, 0.5050267624855042, 0.5038026821613312, 0.5029056096076965, 0.5042222011089325, 0.502968897819519, 0.5007350933551789, 0.49620242178440094, 0.49973117232322695, 0.4990981650352478, 0.4955205601453781, 0.49189665019512174, 0.49387590706348417, 0.4916408133506775, 0.4897750157117844, 0.4871398490667343, 0.48598754465579985, 0.48687875986099244, 0.48309457540512085, 0.48506304025650027, 0.480340057015419, 0.47972614407539366, 0.48082461178302766, 0.47735458076000215, 0.4755632930994034, 0.4782248145341873, 0.47458280861377716, 0.47461605072021484, 0.4730194514989853, 0.47425155341625214, 0.47161102771759034, 0.4659564471244812, 0.4650085324048996, 0.4634660679101944, 0.46548941135406496, 0.4649286860227585, 0.4571228152513504, 0.46074452936649324, 0.4597692608833313, 0.46000367879867554, 0.45761003375053405, 0.45573722302913666, 0.4558509451150894, 0.45447787702083586, 0.4557131105661392, 0.45101007878780364, 0.45169091343879697, 0.44662222802639007, 0.4522632336616516, 0.4495348286628723, 0.4474634474515915, 0.4478774720430374, 0.44933813452720645, 0.4439454793930054, 0.4447378671169281, 0.4414093637466431, 0.44015309154987337, 0.44174482583999636, 0.43821475982666014, 0.43982887983322144, 0.43561050117015837, 0.4356056123971939, 0.43574668645858766, 0.436975080370903, 0.43395988285541537, 0.4339220881462097, 0.4304265409708023, 0.43401013791561127, 0.4333700966835022, 0.42852006196975706, 0.42937065243721007, 0.42887732505798337, 0.42752290606498716, 0.4240163320302963, 0.426292182803154, 0.4280123031139374, 0.42730205357074735, 0.42302717685699465, 0.42113845109939574, 0.4240756529569626, 0.4200186520814896, 0.41855331301689147, 0.422044432759285, 0.42005389034748075, 0.4190491545200348, 0.4182129883766174, 0.4189415389299393, 0.4149749094247818, 0.4160267996788025, 0.4161467462778091, 0.4125402617454529, 0.4126781487464905, 0.4126357537508011, 0.4131381148099899, 0.4098744732141495, 0.4091631442308426, 0.41052475094795227, 0.40738319158554076, 0.4100715947151184, 0.4067319577932358, 0.40625387489795683, 0.40533780097961425, 0.4052669811248779, 0.4039523893594742, 0.40194950938224794, 0.4009955644607544, 0.4021109026670456, 0.39960118114948273, 0.40378316402435305, 0.39938457250595094, 0.40087215065956117, 0.3972040402889252, 0.39971984446048736, 0.39745140135288237, 0.39765083730220796, 0.39809507966041563, 0.39553304612636564, 0.39528607308864594, 0.39118763387203215, 0.3936258006095886, 0.3928858727216721, 0.3912170571088791, 0.3930750906467438, 0.38962063789367674, 0.3923315727710724, 0.3890464049577713, 0.38813038408756256, 0.38837703943252566, 0.38530629813671113, 0.388989816904068, 0.38663041293621064, 0.38408528447151186, 0.3854708218574524, 0.3850337964296341, 0.3833559387922287, 0.38464982390403746, 0.38365301966667176, 0.3845690494775772, 0.3799587959051132, 0.3760877150297165, 0.3775051409006119, 0.3793953990936279, 0.37798631727695464, 0.37804507195949555, 0.37976939260959625, 0.37423552632331847, 0.37615796566009524, 0.37540948271751406, 0.37626774728298185, 0.37661720454692843, 0.37489032924175264, 0.3754222869873047, 0.3737261885404587, 0.37019587457180025, 0.37248148262500763, 0.37232513308525084, 0.3708898204565048, 0.37076793670654296, 0.3710139489173889, 0.3675056433677673, 0.3673390907049179, 0.36905018985271454, 0.36944064319133757, 0.3677148455381393, 0.3664067053794861, 0.3646843332052231, 0.36588205516338346, 0.3678901118040085, 0.3636411106586456, 0.36519731700420377, 0.3646457087993622, 0.36429662108421323, 0.36312306821346285, 0.3606765043735504, 0.36262384951114657, 0.3585153037309647, 0.3625705659389496, 0.3600769394636154, 0.36012084782123566, 0.3585559731721878, 0.3558857011795044, 0.35872150242328643, 0.3609383362531662, 0.3561160504817963, 0.35650316655635833, 0.357745795249939, 0.3561736136674881, 0.3541721451282501, 0.35478911161422727, 0.35571535587310793, 0.3530045920610428, 0.35019175469875335, 0.35221156358718875, 0.35110158920288087, 0.35238431334495546, 0.3493787115812302, 0.3487579366564751, 0.35008503675460817, 0.3478734517097473, 0.3490823078155518, 0.34873320937156677, 0.3483900737762451, 0.3471216571331024, 0.3459901773929596, 0.34435636043548584, 0.3440965658426285, 0.34546283721923826, 0.34456392139196396, 0.34405909419059755, 0.34399698078632357, 0.34371156930923463, 0.34306254744529724, 0.3412972241640091, 0.3423747944831848, 0.3400039207935333, 0.3386408269405365, 0.340299990773201, 0.33924339085817334, 0.34278919637203215, 0.3411710584163666, 0.3369756615161896, 0.33895879685878755, 0.3390530240535736, 0.33366219997406005, 0.33524025678634645, 0.33575855612754824, 0.3373630213737488, 0.3365965086221695, 0.3351378124952316, 0.33577670991420744, 0.3314913409948349, 0.3329645362496376, 0.3342834261059761, 0.32810219764709475, 0.3335120451450348, 0.3331028655171394, 0.3309384661912918, 0.3312464052438736, 0.3308975201845169, 0.33067197144031524, 0.33059980273246764, 0.33033776164054873, 0.32774924993515014, 0.33032674372196197, 0.33017014503479003, 0.32902379423379896, 0.32610137939453127, 0.3274168050289154, 0.3271237686276436, 0.32845050752162935, 0.3275513356924057, 0.3261238020658493, 0.32492436945438385, 0.3255783247947693, 0.3219554275274277, 0.3234929144382477, 0.32376719534397125, 0.3219956034421921, 0.32283626914024355, 0.32038011759519575, 0.322665628194809, 0.32018337249755857, 0.32234269082546235, 0.3228923436999321, 0.32274142146110535, 0.32137668192386626, 0.3206866574287415, 0.31743454694747925, 0.31784239888191224, 0.31949090480804443, 0.3194930511713028, 0.3170962804555893, 0.31589472979307176, 0.31605950474739075, 0.3161474502086639, 0.3168805348873138, 0.31635721504688263, 0.3173284748196602, 0.3138838392496109, 0.315982303917408, 0.3160067188739777, 0.31399895131587985, 0.31229064851999283, 0.3131240138411522, 0.30987254440784456, 0.3103221732378006, 0.3106220293045044, 0.310072340965271, 0.3103343379497528, 0.30949960798025133, 0.31158150047063826, 0.3126779738068581, 0.30842772901058196, 0.3078920143842697, 0.31018759578466415, 0.30754591286182403, 0.3101722124218941, 0.3056569018959999, 0.3083248534798622, 0.30748728960752486, 0.3070905476808548, 0.3058058959245682, 0.30639538645744324, 0.3060065895318985, 0.30603443294763566, 0.3037436157464981, 0.3028507792949677, 0.3022823250293732, 0.3049687173962593, 0.30447876811027524, 0.30381699979305266, 0.3007672056555748, 0.30209207385778425, 0.30331929832696913, 0.30129216134548187, 