{"task": {"lambda": 2, "alpha": 1, "lr": 1e-06, "wd": 1e-06, "bits": 48}, "result": {"earlyStop": true, "loss": [2.067112982273102, 1.8045876955986022, 1.659233570098877, 1.5632133960723877, 1.493022816181183, 1.4321855807304382, 1.38974502325058, 1.3446638631820678, 1.3063100051879883, 1.278173906803131, 1.2463364624977111, 1.220813763141632, 1.2020051527023314, 1.1815933585166931, 1.1608617639541625, 1.1448033106327058, 1.1302057349681853, 1.1071384346485138, 1.0992082738876343, 1.085555250644684, 1.0738121056556702, 1.0599428641796111, 1.047196147441864, 1.046667376756668, 1.0332535016536712, 1.026380227804184, 1.0172530150413512, 1.0094666695594787, 0.9994671523571015, 0.9925749683380127, 0.9837206399440765, 0.9829303371906281, 0.9723812937736511, 0.9647278356552124, 0.9555505776405334, 0.9512608969211578, 0.9480028080940247, 0.934712085723877, 0.9318932712078094, 0.9246722793579102, 0.9249141097068787, 0.9153347182273864, 0.9123076236248017, 0.9084833645820618, 0.9040987920761109, 0.9019791066646576, 0.8902545893192291, 0.8883321189880371, 0.8827103459835053, 0.8800359356403351, 0.8754805421829224, 0.8695993876457214, 0.8695760989189147, 0.8658596360683442, 0.8610477936267853, 0.8521172678470612, 0.8512732076644898, 0.8490026569366456, 0.8471427261829376, 0.8408740496635437, 0.840908305644989, 0.8325071394443512, 0.8350078654289246, 0.8279126238822937, 0.8263555991649628, 0.8245662474632263, 0.8217812013626099, 0.818838951587677, 0.8170090889930726, 0.8114801096916199, 0.8087544083595276, 0.810150021314621, 0.8024492394924164, 0.8044519913196564, 0.7986331570148468, 0.7943824005126953, 0.7958276557922364, 0.7878965806961059, 0.7860381758213043, 0.7852544331550598, 0.7843588376045227, 0.7812424111366272, 0.7806997001171112, 0.7782032883167267, 0.7743890035152435, 0.7755755078792572, 0.7671346879005432, 0.76456791639328, 0.7618724286556244, 0.7582274150848388, 0.7586180305480957, 0.7583351480960846, 0.7553013944625855, 0.7574613869190217, 0.7545714402198791, 0.7483883881568909, 0.7468873965740204, 0.746683475971222, 0.7417119443416595, 0.7416591215133667, 0.7413679718971252, 0.7371073353290558, 0.7357140612602234, 0.7302808773517608, 0.7320082437992096, 0.7297648465633393, 0.7266982579231263, 0.7261316442489624, 0.7273797464370727, 0.7149760198593139, 0.7200118875503541, 0.7176581251621247, 0.7129675102233887, 0.7196496260166169, 0.713973183631897, 0.7114172315597534, 0.7053772366046905, 0.711010605096817, 0.7092368578910828, 0.7030812549591064, 0.7031974112987518, 0.7039755880832672, 0.7034698712825775, 0.6972720313072205, 0.6967164123058319, 0.6944603252410889, 0.6953601884841919, 0.6878488159179688, 0.6925856566429138, 0.6881542205810547, 0.6866914772987366, 0.6858188426494598, 0.6854406750202179, 0.6840376722812652, 0.6827761411666871, 0.679824686050415, 0.6825570583343505, 0.679589307308197, 0.6729075646400452, 0.6706233155727387, 0.672018735408783, 0.675066704750061, 0.6749710047245026, 0.6698057222366333, 0.6653943681716918, 0.6692080008983612, 0.6644538986682892, 0.664926768541336, 0.6654617547988891, 0.6630695271492004, 0.6622478485107421, 0.6551277387142181, 0.6552335566282272, 0.6575031065940857, 0.6575132358074188, 0.6542390024662018, 0.6524024176597595, 0.6558926284313202, 0.6525598108768463, 0.6541400575637817, 0.6490034329891204, 0.6479371404647827, 0.6485531866550446, 0.6453789556026459, 0.6384464454650879, 0.6443485867977142, 0.6437600183486939, 0.6438307583332061, 0.6392225492000579, 0.6375181120634079, 0.6373173189163208, 0.6378105258941651, 0.6339108240604401, 0.6371818554401397, 0.6334223175048828, 0.6290509444475174, 0.6332442039251327, 0.6284428369998932, 0.6257592356204986, 0.6252880406379699, 0.6263402736186982, 0.625854321718216, 0.6245450460910797, 0.6226512295007706, 0.6242559707164764, 0.6224151062965393, 0.6185192334651947, 0.618323290348053, 0.6168774771690368, 0.6141589373350144, 0.6176895022392273, 0.6120629847049713, 0.6084246730804443, 0.6126471745967865, 0.6088213688135147, 0.6080163443088531, 0.6091665279865265, 0.6047578763961792, 0.6073124754428864, 0.6096525025367737, 0.6067051339149475, 0.6050728815793991, 0.5990527629852295, 0.6050685489177704, 0.6038043028116227, 0.60083420753479, 0.5997982221841812, 0.6015672385692596, 0.5977236473560333, 0.601047580242157, 0.5915045726299286, 0.5951608103513718, 0.5949309998750687, 0.5925837290287018, 0.590971382856369, 0.5935434353351593, 0.5906219565868378, 0.5896636039018631, 0.5894387316703796, 0.5868215149641037, 0.5888370954990387, 0.5864755934476853, 0.5832032757997513, 0.5858674287796021, 0.5830457067489624, 0.5802133983373642, 0.5809848582744599, 0.5831263667345047, 0.5814302217960358, 0.5829720276594162, 0.5767071062326431, 0.5786925721168518, 0.5801856046915055, 0.5752251237630844, 0.5714026254415512, 0.574044839143753, 0.5724103146791458, 0.5741180109977723, 0.5736235666275025, 0.5695388495922089, 0.5707169359922409, 0.569279174208641, 0.5709343367815017, 0.5704524207115174, 0.565139331817627, 0.5655951875448227, 0.5705208313465119, 0.5649815595149994, 0.5685829788446426, 0.5654866528511048, 0.5628414386510849, 0.5595335203409195, 0.5607466262578964, 0.5616712236404419, 0.5602111971378326, 0.5562906163930893, 0.556104519367218, 0.5580820101499557, 0.5569334453344346, 0.5531866037845612, 0.5565165287256241, 0.5585833364725112, 0.5480299669504166, 0.5549673438072205, 0.555371749997139, 0.5525143653154373, 0.5492737394571304, 0.5498312479257583, 0.5519658410549164, 0.551179991364479, 0.551356458067894, 0.5464368653297424, 0.5466364699602128, 0.546353040933609, 0.5473097008466721, 0.5436402970552444, 0.5415202504396439, 0.5436509531736374, 0.5408634531497956, 0.5404617762565613, 0.5382970285415649, 0.539386197924614, 0.5397296524047852, 0.5388595509529114, 0.537137855887413, 0.537054933309555, 0.5380338597297668, 0.5361182630062103, 0.5342967128753662, 0.5330357360839844, 0.5356990069150924, 0.5308447289466858, 0.535619814991951, 0.5334438598155975, 0.5269005399942398, 0.5318285626173019, 0.5292318290472031, 0.5270257139205933, 0.5277922385931015, 0.5277915406227112, 0.5253431034088135, 0.5259385621547699, 0.5288968342542648, 0.5246361398696899, 0.5252666169404984, 0.5246180731058121, 0.5207067865133286, 0.5235224640369416, 0.5209840697050094, 0.5217619323730469, 0.5224343752861023, 0.5203970432281494, 0.5187325942516327, 0.5188113540410996, 0.5176578545570374, 0.5179104340076447, 0.5204766851663589, 0.5154915082454682, 0.5196933734416962, 0.5163677716255188, 0.515405044555664, 0.5137998855113983, 0.51333869099617, 0.513222199678421, 0.5120337635278702, 0.512386799454689, 0.5096552324295044, 0.5126159745454788, 0.5075329440832138, 0.5074156183004379, 0.5062658542394638, 0.5070589661598206, 0.5082286620140075, 0.5118029922246933, 0.5039330434799194, 0.5041573148965836, 0.5026363104581832, 0.5030145430564881, 0.504890044927597, 0.5058315640687943, 0.5014814972877503, 0.49980790793895724, 0.5014876168966294, 0.4998391914367676, 0.5014008903503417, 0.49952282309532164, 0.4990824943780899, 0.49836365044116976, 0.4987568259239197, 0.49861800491809843, 0.4940290802717209, 0.4949694722890854, 0.4925116139650345, 0.49377987563610076, 0.4927013784646988, 0.4944883054494858, 0.4922662729024887, 0.49174307644367216, 0.4947001260519028, 0.491776539683342, 0.4902379459142685, 0.4907857316732407, 0.4909005743265152, 0.48440264284610746, 0.4903389060497284, 0.4869387173652649, 0.4846069812774658, 0.48685630977153777, 0.4890651595592499, 0.48518375277519227, 0.4842384612560272, 0.48463239133358, 0.4864409911632538, 0.48647218346595766, 0.4848270124197006, 0.4847860622406006, 0.4795550739765167, 0.48256528973579405, 0.4793163412809372, 0.4835759574174881, 0.48252749860286714, 0.48097275614738466, 0.4806531459093094, 0.4801512634754181, 0.4785014021396637, 0.4796254444122314, 0.4776784825325012, 0.4772182536125183, 0.47605524122715, 0.4757880198955536, 0.47458820343017577, 0.47364929139614104, 0.4754157453775406, 0.4751982951164246, 0.4748233211040497, 0.4733602601289749, 