{"task": {"lambda": 0.5, "alpha": 1, "lr": 1e-05, "wd": 0.0001, "bits": 12}, "result": {"earlyStop": true, "loss": [0.7539345121383667, 0.590721161365509, 0.5522049969434738, 0.52484559237957, 0.5001480501890182, 0.48378965735435486, 0.4667272680997849, 0.45661232352256775, 0.43892247438430787, 0.43438599944114686, 0.42405678927898405, 0.4155275112390518, 0.40849569737911223, 0.3984125226736069, 0.3908448106050491, 0.3846179521083832, 0.38063491106033326, 0.3745968675613403, 0.36558768153190613, 0.36010250270366667, 0.3565809953212738, 0.3490393668413162, 0.34518008410930634, 0.342716708779335, 0.33651710242033006, 0.33063406467437745, 0.32830398589372634, 0.323406857252121, 0.32245313107967377, 0.3138587427139282, 0.3121610870957375, 0.3130114594101906, 0.30648157000541687, 0.30357626646757124, 0.29921015083789826, 0.29497992038726806, 0.29413928121328353, 0.2921594911813736, 0.28884508967399597, 0.2883938381075859, 0.2838281798362732, 0.28162575751543045, 0.2784871008992195, 0.27650648504495623, 0.27470840692520143, 0.27310739368200304, 0.2711905565857887, 0.2685514798760414, 0.2634059092402458, 0.2641185903549194, 0.2608956617116928, 0.2605695080757141, 0.2542929691076279, 0.2550115650892258, 0.25264688581228256, 0.250712611079216, 0.24673717677593232, 0.24574509859085084, 0.24431255877017974, 0.24469904661178588, 0.24096535235643388, 0.2398921838402748, 0.23798204511404036, 0.23431258112192155, 0.23567289471626282, 0.23208050072193145, 0.22916781336069106, 0.22998308807611464, 0.22872687131166458, 0.22737863391637803, 0.22476923257112502, 0.22484660744667054, 0.22234897941350937, 0.2223423010110855, 0.21862627416849137, 0.21811135947704316, 0.21674966156482697, 0.21327490746974945, 0.2132769024372101, 0.2111061492562294, 0.21032603740692138, 0.21033214658498764, 0.20717784613370896, 0.20686519354581834, 0.20545867770910264, 0.2026969650387764, 0.20459967970848084, 0.2007150423526764, 0.20279599159955977, 0.20126682102680207, 0.19890937358140945, 0.1979166692495346, 0.19649994164705276, 0.19416639626026153, 0.19370660394430161, 0.1919552919268608, 0.1925730001926422, 0.19143312633037568, 0.18998494297266005, 0.1884034150838852, 0.18774755656719208, 0.18796372056007385, 0.1868690875172615, 0.18536753088235855, 0.18257962554693222, 0.1831731379032135, 0.18137916117906572, 0.18000084966421126, 0.17920961290597914, 0.17887031316757201, 0.17865743845701218, 0.17612389534711836, 0.17669919967651368, 0.1754260316491127, 0.17343400448560714, 0.17242818102240562, 0.17266393482685088, 0.17169642001390456, 0.17125590205192565, 0.16957684159278869, 0.16841778963804244, 0.16657000422477722, 0.1674463790655136, 0.16540330976247788, 0.16573843240737915, 0.1649654886126518, 0.1634834288060665, 0.16196809932589531, 0.16178887516260146, 0.16236544609069825, 0.15934866189956665, 0.16051142424345016, 0.1591983050107956, 0.1578049159049988, 0.1581954365968704, 0.156902234852314, 0.15580181092023848, 0.1553661835193634, 0.15533204704523088, 0.1544645357131958, 0.15375374883413315, 0.15286234766244888, 0.15144211202859878, 0.1517096118628979, 0.14958856090903283, 0.14917433217167855, 0.14838190376758575, 0.14857782036066056, 0.14691636830568314, 0.14686632826924323, 0.1456645633280277, 0.14508681759238243, 0.14443724304437638, 0.14473376512527467, 0.14324474081397057, 0.1414007344841957, 0.14084922403097153, 0.1417626643180847, 0.13950963139533998, 0.13976669013500215, 0.13928596839308738, 0.1393176031112671, 0.1390447922050953, 0.13820527926087378, 0.1366683456301689, 0.1357586155831814, 0.1350366747379303, 0.1366044995188713, 0.1349286611378193, 0.13378990814089775, 0.13421525955200195, 0.1328890012204647, 0.13210367143154145, 0.13252316623926164, 0.1309106704592705, 0.130999336540699, 0.1299174478650093, 0.1292239746451378, 0.128651422560215, 0.12981476068496703, 0.12650197595357895, 0.12620045006275177, 0.12680478125810624, 0.12587145194411278, 0.1253388401865959, 0.12402368888258934, 0.12371283829212189, 0.12394022092223167, 0.12315974026918411, 0.12313656941056252, 0.12205154851078986, 0.12119315534830094, 0.12142967656254769, 0.12115046769380569, 0.12117682099342346, 0.12021229356527328, 0.11890235885977746, 0.11919487088918686, 0.11876286208629608, 0.1176649808883667, 0.11778129890561104, 0.11749621152877808, 0.11655907958745956, 0.1156037275493145, 0.11662336900830268, 0.11450881749391556, 0.11494248911738396, 0.11426938563585282, 0.11426405712962151, 0.11335248932242394, 0.11293161273002625, 0.11282256916165352, 0.11294163078069687, 0.11178325459361077, 0.11139690354466439, 0.11076277360320091, 0.11067249491810799, 0.10949483782052993, 0.10965715870261192, 0.10902669370174407, 0.10843195274472237, 0.10902926728129386, 0.10868648380041122, 0.10746059894561767, 0.10783105447888375, 0.10634687677025795, 0.10612824454903602, 0.10547680124640464, 0.1060303895175457, 0.1052121190726757, 0.10487583190202714, 0.1043491616845131, 0.1035643245279789, 0.10308763056993485, 0.10260989248752594, 0.1032367530465126, 0.10148445740342141, 0.10204945340752601, 0.10182253569364548, 0.10076430976390839, 0.10150654926896095, 0.10076600447297096, 0.10084177345037461, 0.10015254989266395, 0.09930508390069008, 0.09898194953799248, 0.09866738289594651, 0.09798312366008759, 0.09795464992523194, 0.09735870957374573, 0.09751469299197196, 0.0965173976123333, 0.09649396687746048, 0.09640670716762542, 0.0963561861217022, 0.09524564251303673, 0.09541093692183494, 0.094117321819067, 0.0945415386557579, 0.093867477029562, 0.09395772740244865, 0.09367362722754478, 0.09323478221893311, 0.09253614574670792, 0.09242906957864762, 0.091799635887146, 0.0915884818136692, 0.09184295155107974, 0.09127505853772164, 0.09130684897303581, 0.08980238601565362, 0.09057787135243416, 0.09023763000965118, 0.0893529036641121, 0.08988174170255661, 0.0888034588098526, 0.08861028507351876, 0.0887038053572178, 0.08854022234678269, 0.08797916650772095, 0.08728248789906502, 0.08733510658144951, 0.08689050510525703, 0.0867696587741375, 0.0861686959862709, 0.08603293016552925, 0.08554640367627143, 0.08567626222968101, 0.08468894764780999, 0.08499406203627587, 0.08433737754821777, 0.08440078854560852, 0.08384754180908204, 0.08358047366142272, 0.08351936548948288, 0.08352085649967193, 0.08267341643571853, 0.08275525271892548, 0.08224933385849, 0.08230360880494118, 0.08158767282962799, 0.08203777849674225, 0.08142415046691895, 0.08068434998393059, 0.08070632115006447, 0.08046763285994529, 0.0800727678835392, 0.07987853974103927, 0.07909597471356392, 0.07959147162735462, 0.07961697474122048, 0.07902378991246223, 0.07894457593560218, 0.07874122455716133, 0.07824694111943245, 0.07755483984947205, 0.07781274884939193, 0.07730073466897011, 0.0772521398961544, 0.0766760165989399, 0.07712156504392624, 0.0763185153901577, 0.07573189854621887, 0.07574924543499946, 0.075275499522686, 0.07513191118836403, 0.07483780160546302, 0.0747076527774334, 0.0748989586532116, 0.07407708272337914, 0.07413158930838108, 0.07399960860610008, 0.07430709235370159, 0.07348507449030876, 0.07295547693967819, 0.07308413729071617, 0.07296193525195122, 0.07197336725890636, 0.07266625061631203, 0.0722088610380888, 0.07239922121167183, 0.07121088601648808, 0.0712477894872427, 0.07090823546051979, 0.07111223377287387, 0.07094487592577935, 0.07119914174079894, 0.0700904954969883, 0.07032749764621257, 0.07007523827254772, 0.06969117291271687, 0.06976717926561832, 0.069104745388031, 0.06931396268308163, 0.06863661184906959, 0.0684230962395668, 0.06870862767100334, 0.06827356494963169, 0.06751830719411372, 0.06801088847219944, 0.06762231379747391, 0.06717056334018708, 0.06736252225935459, 0.06744568809866905, 0.06654033824801445, 0.06667398996651172, 0.0658269253373146, 0.0658920293301344, 0.06618276283144951, 0.06622447155416011, 0.06572051092982292, 0.06553208760917187, 0.06512926243245602, 0.06507237650454044, 0.06507073387503624, 0.06479865983128548, 0.06418424420058727, 0.06420935869216919, 0.06345480784773827, 0.06409725777804852, 0.06412021316587925, 