{"task": {"lambda": 2, "alpha": 1, "lr": 0.0001, "wd": 0.0001, "bits": 32}, "result": {"earlyStop": true, "loss": [1.915198106765747, 0.886007444858551, 0.7926457893848419, 0.7309155654907227, 0.6931289863586426, 0.6629801046848297, 0.6386579358577729, 0.6160525381565094, 0.5845205914974213, 0.568137195110321, 0.5612933331727982, 0.5277596569061279, 0.5059822481870652, 0.5099775391817093, 0.48019611775875093, 0.46936016619205473, 0.4557808566093445, 0.45030288875103, 0.43021570801734926, 0.4253558838367462, 0.4036043894290924, 0.3899387735128403, 0.3815822893381119, 0.3874196445941925, 0.3705878496170044, 0.36114996671676636, 0.3501154488325119, 0.3342502301931381, 0.35269944190979, 0.31924051403999326, 0.3274104318022728, 0.3140551334619522, 0.30624464720487593, 0.2998981100320816, 0.3063523232936859, 0.28478911221027375, 0.28216476768255233, 0.2957556128501892, 0.26295680791139603, 0.26442370980978014, 0.2682593056559563, 0.26298814654350283, 0.24474409580230713, 0.25876255184412, 0.238066625893116, 0.24100148051977158, 0.23536602765321732, 0.24414453506469727, 0.23135261207818986, 0.2185123845934868, 0.22068399488925933, 0.22307085752487182, 0.2155699297785759, 0.20345862120389938, 0.20989968955516816, 0.2039329394698143, 0.2044386836886406, 0.20185263693332672, 0.19588723689317702, 0.18887423932552339, 0.193502801656723, 0.18265024155378343, 0.18639636486768724, 0.17398968309164048, 0.1796212837100029, 0.1794397473335266, 0.16634922713041306, 0.16907422333955766, 0.17758122235536575, 0.16009260073304177, 0.16697790548205377, 0.1560111591219902, 0.1619723692536354, 0.1631237518787384, 0.14697343870997429, 0.16136550083756446, 0.14472905606031417, 0.15294106647372246, 0.14434418618679046, 0.14533500626683235, 0.14334980204701422, 0.14218458339571952, 0.14911676630377768, 0.13454284027218819, 0.1321394370496273, 0.13608033150434495, 0.1461468145251274, 0.12049721464514733, 0.13284101843833923, 0.14114583283662796, 0.12181279763579368, 0.12187860786914825, 0.12506303876638414, 0.12249663338065148, 0.11815088272094726, 0.12205641612410545, 0.11913587659597397, 0.11756370440125466, 0.1201080945134163, 0.11411384850740433, 0.11960486635565758, 0.10450262054800988, 0.11331308618187905, 0.11562304154038429, 0.1117632782459259, 0.1005501626431942, 0.11152640894055367, 0.10696903854608536, 0.10071637779474259, 0.10291236862540246, 0.10361229807138443, 0.09913108304142952, 0.10263754040002823, 0.10103223711252213, 0.09435056582093239, 0.09871625512838364, 0.09671102851629257, 0.10069392755627632, 0.09042300209403038, 0.09451724350452423, 0.09095954969525337, 0.09611226662993431, 0.08724665582180023, 0.09142744317650794, 0.09277780532836914, 0.08404936075210571, 0.09085747569799424, 0.0869902541488409, 0.08382555700838566, 0.08162902034819126, 0.08674604430794716, 0.08795047268271446, 0.08530827820301055, 0.08085097022354602, 0.07589101620018482, 0.08327714204788209, 0.08536976665258407, 0.07928710266947746, 0.08393854439258576, 0.07136551201343537, 0.07902760498225689, 0.07982441738247871, 0.07126504622399807, 0.07609644591808319, 0.08115836158394814, 0.08001003496348857, 0.06593788079917431, 0.0712023800611496, 0.07336525373160839, 0.07783169277012349, 0.068153725117445, 0.07502039708197117, 0.07133801765739918, 0.0791875534504652, 0.06256946779787541, 0.06627854712307453, 0.0750689908117056, 0.06520937040448188, 0.08571638017892838, 0.05486191540956497, 0.07565972700715065, 0.06160332903265953, 0.0653524250537157, 0.06725381463766097, 0.05814882345497608, 0.06476420417428017, 0.06140115238726139, 0.06830297648906708, 0.06393364444375038, 0.06566962093114853], "map": 0.8198892592381882}, "time": 347.53177428245544}