{"task": {"lambda": 1, "alpha": 1, "lr": 0.0001, "wd": 0.0001, "bits": 12}, "result": {"earlyStop": true, "loss": [1.4155151188373565, 0.6547918975353241, 0.5944427412748337, 0.5585482692718506, 0.5182811814546585, 0.49202570974826815, 0.47139487862586976, 0.4571288204193115, 0.43720533072948453, 0.4234727692604065, 0.4064043974876404, 0.3974974346160889, 0.39141438245773313, 0.3715574675798416, 0.37541077852249144, 0.3576221179962158, 0.3394035279750824, 0.34467252910137175, 0.33752632975578306, 0.32605295240879056, 0.31235468029975894, 0.31141930937767026, 0.30172244280576704, 0.2982324874401093, 0.2995527610182762, 0.2878739479184151, 0.2770730012655258, 0.2782392486929893, 0.27017162591218946, 0.27196729809045794, 0.25623269617557526, 0.25415423542261123, 0.25344119757413863, 0.24325872719287872, 0.24549176752567292, 0.2362592700123787, 0.23385413318872453, 0.23159451872110368, 0.23068050563335418, 0.22223029941320419, 0.2149813026189804, 0.2199573576450348, 0.20645063400268554, 0.214756620824337, 0.21013408571481704, 0.20431278705596922, 0.20183833658695222, 0.19542933285236358, 0.19304465144872665, 0.19509079158306122, 0.18883487373590468, 0.18647134065628052, 0.18290553182363511, 0.17784020960330962, 0.18416412442922592, 0.17325283825397492, 0.17257203489542008, 0.17372579514980316, 0.169810209274292, 0.16563018292188644, 0.16579529017210007, 0.16349843755364418, 0.1571265786886215, 0.15956738889217376, 0.15801296651363372, 0.15424320593476296, 0.15416994273662568, 0.15323165640234948, 0.15359244704246522, 0.14335979595780374, 0.14700710520148277, 0.14244100466370582, 0.14002119332551957, 0.14057063594460487, 0.14397343531250953, 0.136372878998518, 0.134068396538496, 0.13618849009275436, 0.13048624396324157, 0.14111818745732307, 0.12455320313572883, 0.1307889114320278, 0.12883537143468857, 0.12485831812024116, 0.12459858745336533, 0.1241195447742939, 0.13072879001498222, 0.11351454138755798, 0.12107883960008621, 0.11788316294550896, 0.11536411061882973, 0.11589481547474861, 0.12040530622005463, 0.11765741616487503, 0.11063098967075348, 0.1117634055018425, 0.10634404733777046, 0.11488625079393387, 0.10656463548541069, 0.10784113213419914, 0.10747002512216568, 0.1052529238164425, 0.10528321355581284, 0.10808761030435562, 0.10163092166185379, 0.10350936129689217, 0.10642039030790329, 0.10003964498639106, 0.10001433312892914, 0.09746809646487237, 0.10105407789349556, 0.09505015552043915, 0.10211299270391465, 0.09463252127170563, 0.09399152964353562, 0.09391120374202729, 0.09966900929808617, 0.09204479083418846, 0.08383250460028649, 0.0960789255797863, 0.09369330883026122, 0.08601266399025917, 0.0898915584385395, 0.08879158154129982, 0.08470138102769852, 0.09304625034332276, 0.08493993461132049, 0.08751709759235382, 0.0869349144399166], "map": 0.8105693416073718}, "time": 260.42912793159485}