{"task": {"lambda": 0.5, "alpha": 3, "lr": 0.0001, "wd": 0.0001, "bits": 12}, "result": {"earlyStop": true, "loss": [1.847974911928177, 0.9681834924221039, 0.8663866901397705, 0.8154720151424408, 0.7698389315605163, 0.7503018510341645, 0.7166770339012146, 0.6780820667743683, 0.6652969551086426, 0.6271962553262711, 0.6106833052635193, 0.5906816929578781, 0.5665890204906464, 0.5555639159679413, 0.5308194440603257, 0.5189791321754456, 0.5067018818855286, 0.48953781604766844, 0.48573127150535583, 0.45789577305316925, 0.4489310818910599, 0.42964220225811006, 0.41792834281921387, 0.41341462314128874, 0.3967689895629883, 0.38532691717147827, 0.38724196434020997, 0.37534714341163633, 0.35486506402492524, 0.34876373171806335, 0.3471548449993134, 0.33115040600299833, 0.32288880974054335, 0.3171201458573341, 0.3065326166152954, 0.31190023869276046, 0.29031504958868026, 0.29474718660116195, 0.2813501048088074, 0.2820644849538803, 0.2755014011263847, 0.26459872752428054, 0.25580282300710677, 0.2666300454735756, 0.2484625306725502, 0.24275809705257415, 0.23331899344921112, 0.23444685310125352, 0.2403005614876747, 0.2220974722504616, 0.21506912261247635, 0.21552081942558288, 0.21631669670343398, 0.2117311942577362, 0.1960793060064316, 0.20076792418956757, 0.19670821368694305, 0.18853354692459107, 0.19024830132722856, 0.18827570378780364, 0.2003441023826599, 0.162204609811306, 0.1739657601714134, 0.174859202504158, 0.17260107040405273, 0.16523771926760675, 0.15585628435015678, 0.15618833765387535, 0.16280024036765098, 0.1652061350643635, 0.14678382232785225, 0.15576935857534407, 0.15024004876613617, 0.139473876953125, 0.1450675144791603, 0.1415421947836876, 0.13478222578763963, 0.14338921502232552, 0.1315058095753193, 0.136539745926857, 0.13168779209256173, 0.1220996369421482, 0.13975514531135558, 0.11886266380548477, 0.12234261646866798, 0.12206754893064499, 0.1170408420264721, 0.12120056584477425, 0.11226218178868294, 0.12821174770593644, 0.10654088228940964, 0.1058251415193081, 0.13026912569999693, 0.10363690659403801, 0.11716337606310845, 0.09527338400483132, 0.11391951069235802, 0.09145551219582558, 0.11671866148710251, 0.10759114176034927, 0.09663217216730118, 0.09740763291716575, 0.10398458987474442, 0.10560817390680313, 0.09289240509271622, 0.09230900809168816, 0.09281733989715577, 0.09080565735697746, 0.10655947580933571, 0.0938664048910141, 0.10873141489923001, 0.07405451782047749, 0.09206843480467797, 0.07551124021410942, 0.12124015390872955, 0.08776633977890015, 0.07333246417343617, 0.0799793355166912, 0.08499434754252434, 0.09399067461490632, 0.0725615157932043, 0.09694423206150532, 0.07226921208202838, 0.0907901568710804, 0.06771952025592327, 0.07974576070904732, 0.1086554803699255, 0.06333864592015744, 0.06306799411773682, 0.09208456121385097, 0.06962416991591454, 0.10148028910160065, 0.06051981568336487, 0.08585536748170852, 0.060753380432724956, 0.07685322321951389, 0.09911180958151818, 0.05502601951360703, 0.10800843141973018, 0.05147822707891464, 0.06379744835197926, 0.0758536583930254, 0.05665412932634353, 0.07513392075896264, 0.07525078795850276, 0.06923548430204392, 0.06676188461482525, 0.06823054030537605, 0.06018688216805458, 0.07760646864771843], "map": 0.7506195445932448}, "time": 308.24386835098267}