{"task": {"lambda": 0.5, "alpha": 1, "lr": 0.0001, "wd": 1e-05, "bits": 24}, "result": {"earlyStop": true, "loss": [1.2627244889736176, 0.5512572932243347, 0.49291071474552156, 0.4594610810279846, 0.43098907828330996, 0.4070053040981293, 0.39991178691387175, 0.3704109287261963, 0.35650523006916046, 0.34243988394737246, 0.32988306373357773, 0.31769831359386447, 0.30983901292085647, 0.2972967317700386, 0.2820587608218193, 0.2768258187174797, 0.27168356001377103, 0.24775374591350555, 0.25004361182451246, 0.24514449506998062, 0.2338864752650261, 0.21781354129314423, 0.21929616153240203, 0.2260422968864441, 0.19923200935125351, 0.20419532746076585, 0.189273761510849, 0.20035091578960418, 0.17626101940870284, 0.18386253744363784, 0.17346235871315002, 0.16849684819579125, 0.1691639718413353, 0.1642500276863575, 0.15855609878897667, 0.15337271511554718, 0.1496824485063553, 0.14614612936973573, 0.14818354949355125, 0.13544738546013832, 0.14021981090307237, 0.13112548917531966, 0.1396742545068264, 0.12019053637981415, 0.12529245197772979, 0.12036801561713219, 0.12858870193362237, 0.11250354498624801, 0.11793041124939918, 0.1099294039607048, 0.11502162933349609, 0.10706732049584389, 0.11290306270122528, 0.09748859167098999, 0.11616116479039192, 0.09507538095116615, 0.09588692501187325, 0.10072439670562744, 0.09218405067920685, 0.10354716047644615, 0.09879870146512985, 0.08406001031398773, 0.08558995187282563, 0.09280330672860146, 0.07995109051465989, 0.09493102192878723, 0.07977752529084682, 0.09414504498243331, 0.07406125858426094, 0.07613634325563907, 0.07742496617138386, 0.08158729262650014, 0.07036736018955708, 0.08111546516418457, 0.07077903687953949, 0.07224519737064838, 0.06940333552658558, 0.06869641967117786, 0.07005617290735244, 0.0714010450989008, 0.07598101519048214, 0.0744990635663271, 0.05920521937310696, 0.059721686616539954, 0.07088047824800014, 0.05944740265607834, 0.06347717694938183, 0.05789514824748039, 0.05985211916267872, 0.058301019072532656, 0.07030897416174411, 0.05484947487711907, 0.08988413341343403, 0.05459582142531872, 0.048634960427880285, 0.05192591339349747, 0.08559500321745872, 0.04711819350719452, 0.04605233818292618, 0.0554223969578743, 0.05015255145728588, 0.05121796742081642, 0.0650106805562973, 0.04507387563586235, 0.05658630512654781, 0.04973852597177029, 0.057997026592493055, 0.04360167667269707, 0.0574656331539154, 0.04011896274983883, 0.11146590068936348, 0.04343110412359238, 0.03997964300215244, 0.03931379683315754, 0.05182438090443611, 0.03916541367769241, 0.062322031632065775, 0.041193758249282834, 0.04397309631109238, 0.047719441466033456, 0.039345256984233856, 0.0737270924448967, 0.04066146470606327, 0.034361891932785514, 0.03701728738844395, 0.039833491258323195, 0.05837895281612873, 0.039266059175133705, 0.03474750019609928, 0.054212084226310256, 0.03288124840706587, 0.04202688325196505, 0.04820376351475716, 0.0332807369530201, 0.03779290895909071, 0.06830142464488745, 0.030870078951120376, 0.03655967067927122, 0.04590770371258259, 0.032263266146183016, 0.032215516231954094, 0.04517959211021662, 0.03466535713523626, 0.048695402331650255, 0.029754870980978013, 0.08122629448771476, 0.03814657546579838, 0.02951192397624254, 0.028183253668248653, 0.053695119582116604, 0.03133163154125214, 0.027911322489380837, 0.031986352428793906, 0.029777990728616713, 0.04049341049045324, 0.028562232553958893, 0.06979984194040298, 0.027061778865754605, 0.027628863900899886, 0.026038845293223856, 0.035037291310727595, 0.037418047338724135, 0.02732442956417799, 0.045817317701876165, 0.02468291196972132, 0.08928907036781311, 0.02813609141856432, 0.02433580603450537, 0.023942014127969743, 0.025664350651204586, 0.05760181978344917, 0.02928081516176462, 0.02340249627828598, 0.03496307618916035, 0.023726980909705164, 0.028881407864391802, 0.025747461505234243, 0.08918063264340162, 0.02423941880464554, 0.022391935549676417, 0.02389509979635477, 0.02253866530954838, 0.027076836228370666, 0.09481182731688023, 0.030640459917485714, 0.022483023032546044, 0.020924730375409126, 0.02139556847512722, 0.0218427449837327, 0.04545721936970949, 0.022134827002882957, 0.022301117405295372, 0.030896632932126522, 0.03273966386914253, 0.021809641309082507, 0.06186940737068653, 0.023904973790049553], "map": 0.8301533790463802}, "time": 406.71778178215027}