{"task": {"lambda": 2, "alpha": 1, "lr": 1e-05, "wd": 1e-05, "bits": 12}, "result": {"earlyStop": true, "loss": [1.0960774445533752, 0.8903150486946106, 0.8239763879776001, 0.7723614466190338, 0.7400884330272675, 0.7181901741027832, 0.6975981175899506, 0.6844535112380982, 0.6720730650424958, 0.6579067587852478, 0.6479083347320557, 0.6364443099498749, 0.6309210920333862, 0.6226807308197021, 0.6115145003795623, 0.6097630113363266, 0.5997520494461059, 0.5958615946769714, 0.5921144938468933, 0.5839102339744567, 0.5791131854057312, 0.5735918819904328, 0.569324135184288, 0.5618144112825394, 0.5594696426391601, 0.5538393974304199, 0.5518850046396255, 0.5451744920015336, 0.5434445118904114, 0.5374211645126343, 0.5319304263591766, 0.5315073710680008, 0.5265681332349778, 0.5251161110401154, 0.5208817321062088, 0.5193654888868332, 0.5160270655155181, 0.5096331936120987, 0.50778923869133, 0.5076561462879181, 0.504199161529541, 0.4998401582241058, 0.4970498114824295, 0.4916485148668289, 0.49363255858421323, 0.4912008559703827, 0.48808647572994235, 0.48356400728225707, 0.48324789822101594, 0.4803757655620575, 0.479373642206192, 0.47734892010688784, 0.4746688222885132, 0.4716248196363449, 0.47060911953449247, 0.469429777264595, 0.46346541345119474, 0.4650107741355896, 0.460212818980217, 0.4594878727197647, 0.45754064202308653, 0.4556551885604858, 0.4561704170703888, 0.45211774587631226, 0.45058999001979827, 0.4462972295284271, 0.4461599260568619, 0.4441181439161301, 0.4444273573160171, 0.44277635812759397, 0.4416030567884445, 0.43930739402770996, 0.4371525889635086, 0.43290657818317413, 0.4333245420455933, 0.4314891338348389, 0.43044267416000365, 0.42784995436668394, 0.42679337203502654, 0.4243429946899414, 0.4228496664762497, 0.42276421129703523, 0.42103766739368437, 0.41995404720306395, 0.4178061783313751, 0.4160124659538269, 0.41385704278945923, 0.41202643513679504, 0.4097981142997742, 0.40788279235363006, 0.40950761079788206, 0.4054177188873291, 0.4039807963371277, 0.39983407855033876, 0.3983727037906647, 0.4003333687782288, 0.39714361131191256, 0.3956937724351883, 0.3953999161720276, 0.3933885097503662, 0.3941951596736908, 0.39096182584762573, 0.3918325769901276, 0.38578799962997434, 0.38851144433021545, 0.38660192549228667, 0.38543852150440217, 0.3841831684112549, 0.38409845769405365, 0.3816249722242355, 0.38220265090465544, 0.38020615696907045, 0.37575708746910097, 0.377060769200325, 0.37668439984321594, 0.3745307183265686, 0.3737499278783798, 0.37349121034145355, 0.37087865352630617, 0.37049734354019165, 0.3690842717885971, 0.36749893069267275, 0.3674513638019562, 0.3679197782278061, 0.36529323101043704, 0.3621933776140213, 0.36352460384368895, 0.3606443250179291, 0.3602257406711578, 0.3606534707546234, 0.3594259423017502, 0.3584611004590988, 0.35939437270164487, 0.3555637735128403, 0.35564702093601225, 0.35454891085624696, 0.35508831799030305, 0.35229108810424803, 0.3501468724012375, 0.3504063272476196, 0.3497006291151047, 0.3482883548736572, 0.34853181660175325, 0.34633957147598265, 0.34539082169532775, 0.3439418888092041, 0.34421595513820646, 0.3431082648038864, 0.3421080428361893, 0.34194167375564577, 0.3406469464302063, 0.3398975962400436, 0.33865863680839536, 0.33817591369152067, 0.33772281408309934, 0.3367869085073471, 0.3356629574298859, 0.3356222623586655, 0.33303036391735075, 0.3325734919309616, 0.3316053354740143, 0.33033591985702515, 0.33102682113647464, 0.3281663048267365, 0.32837853372097014, 0.32941609919071196, 0.3273022419214249, 0.32667590558528903, 0.3279517811536789, 0.32423652708530426, 0.3239443129301071, 0.32394948542118074, 0.32408888697624205, 0.32203319907188416, 0.32338408946990965, 0.32198207437992094, 0.3198088616132736, 0.3175483500957489, 0.3184440314769745, 0.3183714210987091, 0.31932062566280367, 0.31641916871070863, 0.31454244315624236, 0.3168791663646698, 0.31380737960338595, 0.31481811702251433, 0.31336223006248476, 0.3124638032913208, 0.3110793513059616, 0.31019145011901855, 0.30952037513256075, 0.31067132771015166, 0.3101822406053543, 0.30747497916221617, 0.3077914482355118, 0.3086028432846069, 0.305994017124176, 0.3053097653388977, 0.30492843955755233, 0.30467520833015443, 0.3051066470146179, 0.30119688808918, 0.3028937077522278, 0.3018192020058632, 0.30081516563892363, 0.30049396872520445, 0.29854874044656754, 0.29959785759449004, 0.29821902632713315, 0.29886664658784867, 0.2970400667190552, 0.29581851541996, 0.29603385508060454, 0.2955348238348961, 0.29499825060367585, 0.2928281232714653, 0.29337315022945404, 0.2939526879787445, 0.29196641355752945, 0.2922483044862747, 0.2914339208602905, 0.29176931858062743, 0.2905974680185318, 0.28989844024181366, 0.2881572484970093, 0.288870105445385, 0.2866676837205887, 0.2870202136039734, 0.28588482916355135, 0.2853615856170654, 0.2871174031496048, 0.2824936625361443, 0.28416101932525634, 0.28286962330341336, 0.2826519250869751, 0.2833338621258736, 0.28298806846141816, 0.28218745470046996, 0.28075090527534485, 0.2797378021478653, 0.27955132991075515, 0.28109637707471846, 0.2775188788771629, 0.2778658217191696, 0.2776162955164909, 0.2789215949177742, 0.27809718012809753, 0.2771438881754875, 0.2784298574924469, 0.2752839434146881, 0.2752530452609062, 0.27318152725696565, 0.2742268139123917, 0.27279560983181, 0.27074521481990815, 0.27153739929199217, 0.27314526587724686, 0.2703247424960136, 0.27137036472558973, 0.268944239616394, 0.2698072013258934, 0.27015862047672273, 0.26850453674793245, 0.2700117629766464, 0.26759119004011156, 0.2692096719145775, 0.2655636033415794, 0.26556672126054764, 0.2663107857108116, 0.26759800434112546, 0.266883397102356, 0.26316787719726564, 0.26363648146390917, 0.26377496659755706, 0.2634732002019882, 0.2632641702890396, 0.2641495981812477, 0.26178471237421036, 0.26234480291604995, 0.26216239869594576, 0.26037964582443235, 0.2608862915635109, 0.2586444488167763, 0.2598156037926674, 0.25860752373933793, 0.25676609635353087, 0.2587495172023773, 0.25810750156641005, 0.258538821041584, 0.2579311200976372, 0.25546431571245193, 0.256158407330513, 0.2562585762143135, 0.25306578308343886, 0.25417970180511473, 0.2540596142411232, 0.25608590960502625, 0.2543843823671341, 0.2516107702255249, 0.25320937275886535, 0.25207161277532575, 0.25181438714265825, 0.25268334537744525, 0.250427188873291, 0.24975619196891785, 0.25082838505506516, 0.24805240899324418, 0.25170997649431226, 0.24835351556539537, 0.24949510872364045, 0.2477441507577896, 0.24775688201189042, 0.24779416859149933, 0.2464771717786789, 0.24696262657642365, 0.24586439549922942, 0.24509697079658507, 0.2463460323214531, 0.2461707064509392, 0.2439875251054764, 0.24335725635290145, 0.24503048807382583, 0.24395378708839416, 0.24265681058168412, 0.2423926845192909, 0.243801791369915, 0.240184386074543, 0.24219338208436966, 0.2426804009079933, 0.2403069543838501, 0.241018363237381, 0.24029136300086976, 0.24062434166669847, 0.24000762909650802, 0.23877359986305235, 0.23843658745288848, 0.23898786306381226, 0.23742744356393813, 0.23748506397008895, 0.23801582753658296, 0.234879467189312, 0.23695279270410538, 0.23617374002933503, 0.2369056996703148, 0.23619127094745637, 0.23673777729272844, 0.23359665513038635, 0.23400287061929703, 0.23364209800958632, 0.233824902176857, 0.23550800800323488, 0.2332269838452339, 0.2333814451098442, 0.23199680268764497, 0.23308576554059982, 0.23280486553907395, 0.23144359290599822, 0.2321736744046211, 0.23226483285427094, 0.22996044307947158, 0.23123236685991289, 0.23087731063365935, 0.22919831186532974, 0.22935801953077317, 0.2302185821533203, 0.23065769165754318, 0.22664955735206604, 0.22686630487442017, 0.22964590907096863, 0.22759396642446517, 0.2275587326288223, 0.22725308179855347, 0.22866255968809127, 0.22568321615457534, 0.22635713279247283, 0.22487124741077424, 0.22580990076065063, 0.22544123619794845, 0.22420399576425554, 0.2232298493385315, 0.22468335539102555, 0.22352113723754882, 0.2240600308775902, 0.2245558774471283, 0.22244597166776658, 0.2217862945795059, 