{"task": {"lambda": 0.5, "alpha": 5, "lr": 0.0001, "wd": 1e-06, "bits": 32}, "result": {"earlyStop": true, "loss": [2.753432664871216, 1.3802079796791076, 1.2190214312076568, 1.1239927434921264, 1.0463564658164979, 0.9844093596935273, 0.9292151474952698, 0.8750271189212799, 0.8289131987094879, 0.8109951019287109, 0.7606680965423585, 0.7222491526603698, 0.7065826797485352, 0.6661439990997314, 0.6502683436870575, 0.6223368406295776, 0.5850160241127014, 0.5754159915447236, 0.5441616827249527, 0.5173756313323975, 0.4908677053451538, 0.49277008831501007, 0.4570258325338364, 0.4630905652046204, 0.4222092741727829, 0.40777011811733244, 0.4050191640853882, 0.3940393429994583, 0.3820546132326126, 0.35932358384132385, 0.3526234346628189, 0.33928943037986753, 0.31988325119018557, 0.32470303773880005, 0.3144238469004631, 0.2901323014497757, 0.29914928048849104, 0.2821390962600708, 0.2890542444586754, 0.25831874549388883, 0.2557810091972351, 0.2588855955004692, 0.23956612825393678, 0.237536561191082, 0.2559914940595627, 0.2394758114218712, 0.21630412429571153, 0.20974674344062805, 0.2127236694097519, 0.2138552963733673, 0.20112718880176544, 0.2133721798658371, 0.183381609916687, 0.18713304311037063, 0.19622475922107696, 0.17020825654268265, 0.19637326031923294, 0.15911177337169646, 0.1723979291319847, 0.1696411646902561, 0.18141634076833724, 0.15398305132985116, 0.18080720096826552, 0.14004003807902335, 0.15198658645153046, 0.21046328276395798, 0.1311352027952671, 0.12562859252095224, 0.13917343512177469, 0.18355450719594957, 0.13369251325726508, 0.13288299813866616, 0.18129861399531363, 0.11734733521938324, 0.11798043981194496, 0.1674672169983387, 0.10952741742134094, 0.19935042381286622, 0.11138399496674538, 0.10609666123986244, 0.13964261308312417, 0.13292094230651855, 0.0989099371433258, 0.11849605515599251, 0.1258009271323681, 0.13621230825781822, 0.0978970704972744, 0.11608864560723305, 0.11546467900276185, 0.09217678263783455, 0.16857246726751327, 0.0902777710556984, 0.10705195397138595, 0.1043741224706173, 0.08917364954948426, 0.15013038620352745, 0.16486531257629394, 0.08310040101408958, 0.08150204107165336, 0.08957978814840317, 0.12172996282577514, 0.0819355721771717, 0.13194676741957664, 0.08214634284377098, 0.10840896606445312, 0.07980636537075042, 0.07793341308832169, 0.10092131003737449, 0.08251883238554, 0.16835911065340042, 0.08127751052379609, 0.07080046840012073, 0.07941109083592891, 0.15655831292271613, 0.07475612625479698, 0.0677164350450039, 0.06677051551640034, 0.13537590935826302, 0.06753658093512058, 0.06583213046193123, 0.17143809981644154, 0.08426354587078094, 0.06525376632809639, 0.0628854700177908, 0.0634362544119358, 0.18922193981707097, 0.06362057007849216, 0.061548798829317096, 0.06554769493639469, 0.09080997064709663, 0.0663381688296795, 0.06124586135149002, 0.15210153572261334, 0.06402879275381565, 0.05741591587662697, 0.05649009592831135, 0.21574197612702847, 0.06670200623571873, 0.056228459924459455, 0.05429814502596855, 0.05488830104470253, 0.14977894917130471, 0.05640952616930008, 0.053261718899011615, 0.05372759200632572, 0.11697815231978893, 0.0566005964577198, 0.052409153431653976, 0.05259116619825363, 0.13028334222733975, 0.05511921405792236, 0.050357979536056516, 0.05069283954799175, 0.1679520958662033, 0.05386940933763981, 0.04987268157303333, 0.04846639074385166, 0.12900785349309443, 0.05287824638187885, 0.04787237875163555, 0.048625175952911374, 0.07080024264752866, 0.07712927892804146, 0.04802431158721447, 0.046797206550836565, 0.14518779501318932, 0.047315430268645285, 0.04491708010435105, 0.04618031285703182, 0.12804938212037087, 0.05146000772714615, 0.04560220845043659, 0.053459730595350266, 0.044159121662378314, 0.17846933893859387, 0.047057390436530115, 0.04253818988800049, 0.041884208172559736, 0.042680049687623976, 0.17825643464922905, 0.0483344953507185, 0.042563538178801534, 0.04023256503045559, 0.04106433592736721, 0.04391530469059944, 0.041501290798187256, 0.15475540056824685, 0.04126155689358711, 0.03867467485368252, 0.03844354897737503, 0.13348106019198894, 0.044461772441864014, 0.038990598544478415, 0.03788122497498989, 0.19588233381509781, 0.042518035918474195, 0.03804158829152584, 0.03667016930878162, 0.036780891343951225, 0.037591175697743895, 0.11742728494107724, 0.03830802112817764, 0.03618754610419273, 0.09090711150318384, 0.13666838951408863, 0.03876016788184643, 0.03593070361763239, 0.034943808913230893, 0.035225465521216394, 0.08597256757318973, 0.05974909715354443, 0.03525127973407507, 0.03398467648774386, 0.0350635689496994, 0.21445693474262953, 0.04555886000394821, 0.03609760791063309, 0.03355434369295836, 0.03279021423310041, 0.032743959948420526, 0.11227844338864088, 0.03743327654898167, 0.0329353829100728, 0.03206639781594276, 0.1679536562412977, 0.04904930360615253, 0.035638545826077464, 0.03232093933969736, 0.031135054677724837, 0.03185573477298021, 0.03338534645736217, 0.158487304225564, 0.03406565390527248, 0.03100235588848591, 0.029919746071100234, 0.13041045848280192, 0.0409433626011014, 0.031161645986139776, 0.02940324943512678, 0.029082766734063625, 0.029589050635695457, 0.14690737634897233, 0.04010492991656065, 0.031228494681417942, 0.028980883285403252, 0.0465591112524271, 0.09901213500648737, 0.030103999450802804, 0.028223036862909792, 0.02815280683338642, 0.14934693951159717, 0.03888192225247621, 0.029538122452795506, 0.027629028894007205, 0.026951735354959965, 0.02727757964283228, 0.1333027782291174, 0.06487780686467887, 0.029718584045767785, 0.027030438594520093, 0.026015419885516165, 0.02585216823965311, 0.032581712380051614, 0.13588460225611926, 0.028658239282667638, 0.02608155518770218, 0.025587671622633933, 0.12352134611457587, 0.030015834793448447, 0.026091865561902523, 0.028446606062352657, 0.025020198337733744, 0.09240152429789304, 0.0563249783590436, 0.02640573188662529, 0.024464275762438772, 0.02430165458470583, 0.025229789279401303, 0.13789750155061484, 0.03338210236281156, 0.02671794317662716, 0.02479334071278572, 0.024131632074713708, 0.11724427491426467, 0.0320912455022335, 0.025745031200349332, 0.023907176591455935, 0.02330985900014639, 0.1285349015891552, 0.05498673889786005, 0.02591374032199383, 0.023548459336161613, 0.02268518794327974, 0.022623621486127378, 0.028407600112259387, 0.19520946092903613, 0.030352546274662016, 0.02544676121324301, 0.023279392570257188, 0.022418083250522615, 0.022152734696865083, 0.0908914728835225, 0.02450608357787132, 0.02217299275100231, 0.02205517664551735, 0.10595219839364291, 0.025063030309975146, 0.021997243724763395, 0.021916075013577938, 0.02330488331615925, 0.11252352006733418, 0.030070599876344205, 0.022625170052051544, 0.02108404994010925, 0.0204889877513051, 0.12661643251776694, 0.03295336250215769, 0.022794356793165205, 0.02109727878123522, 0.02067458562552929, 0.022793873585760592, 0.025365858785808087, 0.17297783896327018, 0.027194057814776896, 0.0227166149020195], "map": 0.8464795529534506}, "time": 669.2269396781921}