{"task": {"lambda": 1, "alpha": 1, "lr": 1e-05, "wd": 0.0001, "bits": 12}, "result": {"earlyStop": true, "loss": [0.8758061480522156, 0.6787947809696198, 0.632548103928566, 0.6014498770236969, 0.5786646717786789, 0.5617277765274048, 0.5461389750242234, 0.5308291965723038, 0.5151008713245392, 0.5061666536331176, 0.5007741719484329, 0.48568961083889006, 0.4794540464878082, 0.4721248745918274, 0.46772713243961334, 0.45784984588623046, 0.45302537381649016, 0.44539032340049745, 0.43903100967407227, 0.43343931376934053, 0.42803404331207273, 0.4246342170238495, 0.42020300805568694, 0.4165257215499878, 0.41155407428741453, 0.40676193952560424, 0.4051090717315674, 0.39844523787498476, 0.39557961404323577, 0.3918628543615341, 0.38843824088573453, 0.38521684765815734, 0.37929796397686005, 0.3795437467098236, 0.3740036749839783, 0.3724026918411255, 0.3686779129505158, 0.365528450012207, 0.36415196537971495, 0.3599656254053116, 0.35747729063034056, 0.35294810235500335, 0.35252560138702393, 0.3498773103952408, 0.3490590751171112, 0.3464172977209091, 0.3414273113012314, 0.3402158999443054, 0.33765689969062807, 0.3350071102380753, 0.3314316087961197, 0.3314169216156006, 0.3293925613164902, 0.32619331002235413, 0.32408350706100464, 0.32160871118307116, 0.31892267405986785, 0.3178105199337006, 0.31559554040431975, 0.3140409904718399, 0.31131418645381925, 0.3088932222127914, 0.3098694059252739, 0.3067050451040268, 0.3049303284287453, 0.30150496900081636, 0.3003589695692062, 0.29913574814796445, 0.29666188269853594, 0.29475337445735933, 0.29586965769529344, 0.2920661011338234, 0.29117368161678314, 0.28923370510339735, 0.2863576740026474, 0.2867639458179474, 0.28555038183927534, 0.28310461312532426, 0.2811627122759819, 0.2812351179122925, 0.27761152386665344, 0.2766983589529991, 0.27594286769628523, 0.2736495468020439, 0.2739333537220955, 0.27180022329092024, 0.27056096732616425, 0.2685685735940933, 0.2679169723391533, 0.26541351854801176, 0.26566953867673876, 0.26477086782455445, 0.2655582359433174, 0.260427311360836, 0.25924686253070833, 0.2589758923649788, 0.258727950155735, 0.25668362736701966, 0.25411865234375, 0.2544992119073868, 0.25280401557683946, 0.2508828541636467, 0.25215894877910616, 0.24934106051921845, 0.2490926006436348, 0.24640293419361115, 0.24531005680561066, 0.2449340206384659, 0.24445046573877335, 0.24359450489282608, 0.2437504732608795, 0.24078903287649156, 0.2392951148748398, 0.2398688155412674, 0.2386210611462593, 0.23435253977775575, 0.23721676647663117, 0.23368892908096314, 0.2333323636651039, 0.23240540325641632, 0.2310880759358406, 0.2318124443292618, 0.23080211371183396, 0.2296130719780922, 0.228681321144104, 0.2256458005309105, 0.22665482491254807, 0.22647546738386154, 0.22320215970277787, 0.22376585394144058, 0.22329357832670213, 0.22223446100950242, 0.22076910763978957, 0.21867458403110504, 0.21999419063329698, 0.21709454357624053, 0.2177926155924797, 0.21624994933605193, 0.21579734206199647, 0.21334725707769395, 0.21392885088920593, 0.21363854438066482, 0.21295368194580078, 0.2115270984172821, 0.20999724119901658, 0.20890330880880356, 0.20963840633630754, 0.20751457542181015, 0.20783736675977707, 0.20707355111837386, 0.20564417749643327, 0.20487080305814742, 0.20638182908296585, 0.20305178195238113, 0.20259917080402373, 0.20476826936006545, 0.20108182609081268, 0.2016565477848053, 0.20087089270353317, 0.19920199275016784, 0.1989125519990921, 0.1975853243470192, 0.19656541019678117, 0.19679973125457764, 0.1971086284518242, 0.1953158727288246, 0.19350980162620546, 0.1927483868598938, 0.1931062886118889, 0.19186367303133012, 0.19237830966711045, 0.1913579884171486, 0.19151407927274705, 0.18967622250318528, 0.18976978361606597, 0.18901205867528914, 0.18748752772808075, 0.1871276679635048, 0.1867344531416893, 0.18446697533130646, 0.1857476994395256, 0.18421762853860854, 0.1829106655716896, 0.18336320757865907, 0.1822793138027191, 0.18255419313907623, 0.18178558439016343, 0.1813795354962349, 0.1803365695476532, 0.17984678626060485, 0.17881102710962296, 0.17876311779022216, 0.17811061590909957, 0.1783495283126831, 0.1776304739713669, 0.17703858345746995, 0.17555696725845338, 0.17469526946544647, 0.1743950739502907, 0.17477534383535384, 0.1747225332260132, 0.17275961458683015, 0.1739651769399643, 0.17174238473176956, 0.17038375586271287, 0.17233325481414796, 0.1699939575791359, 0.17010582894086837, 0.16952837079763414, 0.16894729554653168, 0.16864710718393325, 0.16706452816724776, 0.16698352694511415, 0.16637256234884262, 0.16559189230203628, 0.1655573996901512, 0.16555192261934282, 0.1657453605532646, 0.16448360919952393, 0.16372787863016128, 0.16390459805727006, 0.16234054371714593, 0.16196014761924743, 0.16110781699419022, 0.16115996330976487, 0.1599590599536896, 0.16088672056794168, 0.1592669317126274, 0.1597999083995819, 0.15972722560167313, 0.15843619525432587, 0.15746600329875945, 0.15758253276348114, 0.15679605230689048, 0.15621792644262314, 0.1573008954524994, 0.15494875490665436, 0.1550206220149994, 0.15417192697525026, 0.15509022980928422, 0.15308143109083175, 0.15205201849341393, 0.15302226319909096, 0.15198803529143334, 0.15206940114498138, 0.15086859226226806, 0.15138498857617377, 0.1504744017124176, 0.15045922949910165, 0.1509246274828911, 0.1490660512447357, 0.14970252454280852, 0.14761925965547562, 0.14846572488546372, 0.14774917975068091, 0.1478590877354145, 0.146519465893507, 0.14612833082675933, 0.1462220400571823, 0.1462500624358654, 0.145224876254797, 0.14475203216075896, 0.1443172089755535, 0.14529067695140838, 0.1442512819170952, 0.14330743834376336, 0.14414226591587068, 0.142779403924942, 0.1432952845096588, 0.14159780576825143, 0.141721543520689, 0.14098346263170242, 0.1414205627143383, 0.14011483684182166, 0.1396005345880985, 0.13987623676657676, 0.13823657661676406, 0.13981667801737785, 0.13772264748811722, 0.13744687795639038, 0.13806049525737762, 0.13698292776942253, 0.13766317576169967, 0.1365852475166321, 0.13608309790492057, 0.13597320944070815, 0.13473934248089792, 0.13435374706983566, 0.13472095236182213, 0.13500603199005126, 0.13421941950917243, 0.1338069136440754, 0.13384383127093316, 0.13359278857707976, 0.1324539877474308, 0.13225421711802482, 0.13126448422670364, 0.13155774608254434, 0.13187779784202575, 0.13090608268976212, 0.13065499186515808, 0.12950802624225616, 0.12945840880274773, 0.12972398668527604, 0.1295919869840145, 0.12877210319042207, 0.1285736382007599, 0.12861129954457284, 0.12853320196270943, 0.12833902686834336, 0.12702833861112595, 0.12765290796756745, 0.12700507283210755, 0.12655724942684174, 0.1262779353559017, 0.12675174877047538, 0.12544139951467514, 0.12589436665177345, 0.1248142084479332, 0.12536108896136283, 0.12387422859668731, 0.12387538686394692, 0.12505470380187034, 0.12377284616231918, 0.12384895727038384, 0.12312720581889153, 0.1232627709209919, 0.12133434966206551, 0.1215359178185463, 0.12205900207161903, 0.12214450627565383, 0.12110725522041321, 0.12061254352331162, 0.12024635642766952, 0.12005544230341911, 0.12021877214312554, 0.11966991990804672, 0.11910776257514953, 0.11962971165776252, 0.11970221430063248, 0.11777943298220635, 0.11798873499035835, 0.11719898864626885, 0.11719942674040794, 0.11600278377532959, 0.11755227729678154, 0.11567410379648209, 0.11583888709545136, 0.11478835761547089, 0.11461661770939827, 0.11480317607522011, 0.11484841510653496, 0.1148612867295742, 0.11377793163061142, 0.11424506276845932, 0.11423454716801644, 0.1139968754351139, 0.11281654760241508, 0.11291931197047234, 0.11301776736974717, 0.11187794268131256, 0.11163262709975243, 0.1116429378092289, 0.1113505558669567, 0.11134233012795448, 0.11022519916296006, 0.11084242343902588, 0.11032737523317337, 0.11001680970191956, 0.1097289714217186, 0.10955533012747765, 0.1087562495470047, 0.10936588227748871, 0.10885876595973969, 0.10811439573764801, 0.10914083749055863, 0.10819403871893883, 0.10764537557959557, 0.10734494164586067, 0.10690175786614418, 0.10668389186263084, 0.10652669578790665, 