{"task": {"lambda": 1, "alpha": 1, "lr": 1e-05, "wd": 0.0001, "bits": 48}, "result": {"time stopage": true, "loss": [0.9905847775936126, 0.803894249200821, 0.7486772215366364, 0.713326141834259, 0.6876670932769775, 0.6657784700393676, 0.6422500598430634, 0.6260278081893921, 0.6084199976921082, 0.5978415495157242, 0.5878499263525009, 0.569442692399025, 0.5629226326942444, 0.5420157390832901, 0.5401711571216583, 0.5264699053764343, 0.5214963978528977, 0.5103062623739243, 0.49923256278038025, 0.49210090458393096, 0.4864195990562439, 0.4796963554620743, 0.4731608909368515, 0.46702849090099335, 0.4600181657075882, 0.4512091189622879, 0.44357804000377654, 0.4421146547794342, 0.4369023406505585, 0.4328262197971344, 0.42619761526584626, 0.4172131502628326, 0.4153806978464127, 0.40954839050769803, 0.409650165438652, 0.39915840029716493, 0.3980109286308289, 0.39706011295318605, 0.38545872330665587, 0.38729102790355685, 0.3800698834657669, 0.38043410778045655, 0.3735593676567078, 0.3703112059831619, 0.37021017670631406, 0.3637854319810867, 0.3618795084953308, 0.3567475289106369, 0.35570346236228945, 0.35715923011302947, 0.3472162276506424, 0.3450588172674179, 0.34087603181600573, 0.33918504893779755, 0.3383703547716141, 0.33392459630966187, 0.3295683726668358, 0.32786495983600616, 0.3246930927038193, 0.32246567606925963, 0.3215405550599098, 0.31599356830120084, 0.31598310708999633, 0.31343245297670363, 0.3087578144669533, 0.3087093698978424, 0.30535211831331255, 0.3023845294117928, 0.30077521830797194, 0.29651511132717134, 0.2975969338417053, 0.2957930988073349, 0.2924916708469391, 0.28933250188827514, 0.28812962889671323, 0.28811519414186476, 0.2830757629871368, 0.28330676138401034, 0.28098646193742755, 0.2774683800339699, 0.27599682986736296, 0.2729049363732338, 0.2726504489779472, 0.2721761563420296, 0.2681083178520203, 0.2662234029173851, 0.262792284488678, 0.2624774560332298, 0.26032924234867094, 0.25980466544628145, 0.2584343907237053, 0.25601711332798005, 0.2548977500200272, 0.2532134860754013, 0.25200762510299685, 0.24736843317747115, 0.24670429944992064, 0.24626608669757843, 0.245030280649662, 0.24477932423353196, 0.24010828018188476, 0.23949078857898712, 0.24138055384159088, 0.2370475685596466, 0.23685523629188537, 0.23458957821130752, 0.23271236300468445, 0.2293006858229637, 0.22978226006031036, 0.2297383975982666, 0.2260161617398262, 0.2249421337246895, 0.22590455442667007, 0.22408163249492646, 0.22233158618211746, 0.22161363035440446, 0.22094759494066238, 0.2175200268626213, 0.21765028506517411, 0.21731924533843994, 0.214619460105896, 0.21256454408168793, 0.21153291314840317, 0.21177423626184463, 0.20810175597667693, 0.20766359210014343, 0.20846264332532882, 0.2058477458357811, 0.20475589752197265, 0.20684038281440734, 0.20173919200897217, 0.20346041530370712, 0.20261314153671264, 0.199115848839283, 0.1991400495171547, 0.1988460499048233, 0.19583762168884278, 0.19730971425771712, 0.19636591374874116, 0.19366891264915467, 0.19146380126476287, 0.19228324592113494, 0.1910891318321228, 0.18996943056583404, 0.19106960624456407, 0.18849230527877808, 0.1864254480600357, 0.1862630608677864, 0.18526907205581666, 0.1846392548084259, 0.18418426990509032, 0.18197814047336577, 0.18224157094955445, 0.18058464109897612, 0.17963389575481414, 0.17945824742317198, 0.1777661034464836, 0.17783803164958953, 0.17863187074661255, 0.17656098753213884, 0.17420380771160127, 0.1736354088783264, 0.17425234645605087, 0.17273064583539963, 0.17373891800642013, 0.17008319675922393, 0.16973209649324417, 0.16943879544734955, 0.16747110098600387, 0.1661018243432045, 0.16887044608592988, 0.1665085345506668, 0.16760370284318923, 0.1640696132183075, 0.16518807411193848, 0.1634644776582718, 0.16178779691457748, 0.1626430171728134, 0.16174438953399659, 0.16026947647333145, 0.16043102562427522, 0.15875617027282715, 0.15802335351705551, 0.15659628540277482, 0.15710268646478653, 0.15634174659848213, 0.1557125948369503, 0.15521500051021575, 0.15411320850253105, 0.15330976158380508, 0.15303179413080215, 0.1530993801355362, 0.15275266736745835, 0.15064471527934076, 0.15056408524513246, 0.15003476917743683, 0.149577554166317, 0.14832043275237083, 0.14869860738515853, 0.14725110396742822, 0.14738208770751954, 0.14636259242892266, 0.14620825827121733, 0.14471981018781663, 0.14439337015151976, 0.14353633806109428, 0.14491342797875403, 0.1421910159289837, 0.14212463140487672, 0.14200549557805062, 0.1416451495885849, 0.1397884127497673, 0.13939394295215607, 0.14011426970362664, 0.13780976608395576, 0.13862439036369323, 0.1377455461025238, 0.13699305191636085, 0.1372640000283718, 0.1359082990884781, 0.13608469292521477, 0.1361045467853546, 0.13419081762433052, 0.13474099338054657, 0.13270509913563727, 0.13315699338912965, 0.13326520651578902, 0.13150099635124207, 0.13115114629268645, 0.13071297362446785, 0.1301065482199192, 0.1307135510444641, 0.12922771960496904, 0.1298382079601288, 0.12910645857453346, 0.12875977650284767, 0.12814836844801902, 0.1267857925593853, 0.1274367344379425, 0.12589287787675857, 0.125710529088974, 0.12552507624030113, 0.12481102168560028, 0.1242743518948555, 0.12469975411891937, 0.12413764104247094, 0.1235289753973484, 0.12158795177936554, 0.12169847205281258, 0.12150286793708802, 0.12108485534787178, 0.12112879619002342, 0.12000829666852951, 0.12074834629893302, 0.11971032381057739, 0.11903571888804436, 0.11895206242799759, 0.11807121783494949, 0.1181666524708271, 0.11763005405664444, 0.11784468904137611, 0.11682367011904717, 0.11613667473196983, 0.11601998135447503, 0.1162445616722107, 0.11646523550152779, 0.11492003247141838, 0.11424359813332557, 0.1139846284687519, 0.11390482529997825, 0.11317285031080246, 0.11322277247905731, 0.11298386365175248, 0.11157819136977196, 0.1122836285829544, 0.11112284138798714, 0.11141506746411324, 0.11103890120983123, 0.11028143376111985, 0.1097690261900425, 0.1103974749147892, 0.10883878722786904, 0.10842849999666214, 0.10834902063012124, 0.10771211311221122, 0.10710094422101975, 0.10739611282944679, 0.1075228650867939, 0.10718707472085953, 0.10645175904035568, 0.10657911628484726, 0.10594139114022255, 0.10520517215132713, 0.10476724788546563, 0.10504335805773735, 0.1040556626021862, 0.10394242838025093, 0.10439149424433708, 0.10308130264282227, 0.10259612053632736, 0.10302132949233055, 0.10230407312512398, 0.10213333636522293, 0.10182462245225907, 0.10163514614105225, 0.10121261715888977, 0.10067169487476349, 0.10075098216533661, 0.10025234684348107, 0.09926818519830703, 0.09917851254343986, 0.09919401451945305, 0.09857992142438889, 0.09909724920988083, 0.09838643625378608, 0.09762918397784233, 0.09804653137922287, 0.09784160926938057, 0.09704710498452186, 0.09685052692890167, 0.09669666960835457, 0.09722913473844529, 0.09622199848294258, 0.09526211515069008, 0.09545014426112175, 0.09474661335349083, 0.09474498063325881, 0.09449883803725243, 0.09471575766801835, 0.09437183916568756, 0.09378268912434579, 0.09313860014081002, 0.09309919059276581, 0.09339940041303635, 0.09293726325035095, 0.09290645778179168, 0.09218504011631012, 0.09163395628333092, 0.09128439858555794, 0.0912765210866928, 0.09099553316831589, 0.09069693773984909, 0.09106993675231934, 0.09036438390612603, 0.09020134001970291, 0.08943386241793633, 0.0895091313123703, 0.08950816288590431, 0.08904937148094177, 0.08859245032072068, 0.08811941385269165, 0.0885548785328865, 0.08794489473104478, 0.08701447620987893, 0.0874729624390602, 0.08688337296247482, 0.08734356075525283, 0.08696721836924554, 0.08660610049962997, 0.08621525079011917, 0.08575812786817551, 0.08600856095552445, 0.0858658355474472, 0.08507938787341118, 0.08546400561928749, 0.08445033431053162, 0.08438408419489861, 0.08462855592370033, 0.08394614607095718, 0.08390779495239258, 0.08314783662557602, 0.08335035637021065, 0.08332561984658242, 0.0832266728579998, 0.08286376893520356, 0.08278643772006035, 0.08213247954845429, 0.08224378183484077, 0.08163662314414978, 0.0816626262664795, 0.08139759451150894, 