{"task": {"lambda": 1, "alpha": 3, "lr": 1e-06, "wd": 1e-05, "bits": 48}, "result": {"earlyStop": true, "loss": [2.707521424293518, 2.247706618309021, 2.0398100280761717, 1.9150187039375306, 1.8193931794166565, 1.7437264275550843, 1.675936496257782, 1.617494502067566, 1.564658808708191, 1.5246171736717224, 1.4899000167846679, 1.4524230408668517, 1.4332352089881897, 1.404093427658081, 1.374377019405365, 1.3646627736091614, 1.3455789184570313, 1.3253496265411377, 1.3175898575782776, 1.2934960770606994, 1.2874742245674133, 1.2785990417003632, 1.254371223449707, 1.255780131816864, 1.2447892713546753, 1.2347602796554566, 1.2229198813438416, 1.2108172941207886, 1.2075859308242798, 1.2001529264450073, 1.1905153715610504, 1.1875335931777955, 1.1870653533935547, 1.1704520070552826, 1.164513841867447, 1.1540898752212525, 1.147778205871582, 1.1458189404010772, 1.131281430721283, 1.1405494832992553, 1.1315253591537475, 1.122245283126831, 1.1110887265205383, 1.1099778735637664, 1.1157274270057678, 1.1040938150882722, 1.0994889760017394, 1.0931249248981476, 1.088119626045227, 1.0887012422084807, 1.0876366674900055, 1.0763506519794463, 1.0609339666366577, 1.0694996321201324, 1.0615680992603302, 1.0630406439304352, 1.0447833526134491, 1.0494571769237517, 1.0459763777256013, 1.0513531529903413, 1.044175124168396, 1.0337476348876953, 1.034078423976898, 1.0310181725025176, 1.0336421298980714, 1.0229455387592317, 1.0211464846134186, 1.0211417400836944, 1.0227542233467102, 1.0114916026592256, 1.0081855416297913, 1.0027860271930695, 1.0065189325809478, 0.9993533933162689, 0.9953501749038697, 0.9861792397499084, 0.9921649765968322, 0.9820160663127899, 0.9833925294876099, 0.9900787925720215, 0.9710574197769165, 0.9635367262363433, 0.9735631656646728, 0.964707361459732, 0.9685922038555145, 0.9697242164611817, 0.9657914793491363, 0.9611333382129669, 0.9509792041778564, 0.9548418724536896, 0.9531515884399414, 0.9513660538196563, 0.9474500942230225, 0.94833611369133, 0.9455474066734314, 0.9402499866485595, 0.9368058967590333, 0.9373106038570405, 0.9309218728542328, 0.9320751643180847, 0.9345829927921295, 0.928806232213974, 0.9261216223239899, 0.9238250195980072, 0.9225338935852051, 0.9128789317607879, 0.9087319827079773, 0.9165953433513642, 0.9089154148101807, 0.9157066917419434, 0.9058230113983154, 0.9094717526435852, 0.9001308822631836, 0.9054072141647339, 0.8997609412670136, 0.9011272609233856, 0.8987176942825318, 0.8941671800613403, 0.895458414554596, 0.8927672553062439, 0.8811576223373413, 0.8876285278797149, 0.8933337557315827, 0.8802739751338958, 0.8769822680950164, 0.8732399189472199, 0.8800785970687867, 0.8735109591484069, 0.8657572555541992, 0.8718075799942017, 0.8682420456409454, 0.8669680869579315, 0.863320951461792, 0.8657592558860778, 0.8652217435836792, 0.8589132654666901, 0.8608896267414093, 0.8511430311203003, 0.8571756613254548, 0.8549835991859436, 0.8492716920375823, 0.85389155626297, 0.8500338387489319, 0.8477088618278503, 0.8492774343490601, 0.8429190814495087, 0.8384514129161835, 0.8424111068248749, 0.8428698801994323, 0.8325025033950806, 0.8331258106231689, 0.835299779176712, 0.8322579336166381, 0.8274434006214142, 0.8302318453788757, 0.8296835052967072, 0.8290433526039124, 0.8206480407714843, 0.8247139692306519, 0.8218590545654297, 0.8181990098953247, 0.8252690160274505, 0.8206775760650635, 0.8162428367137909, 0.8138275122642518, 0.8165388190746308, 0.8125048410892487, 0.8110821998119354, 0.8091048431396485, 0.8068691623210907, 0.8032463371753693, 0.7985732018947601, 0.7996791911125183, 0.8067206287384033, 0.8058162951469421, 0.7959335958957672, 0.7995734798908234, 0.7940990126132965, 0.7963633620738984, 0.7942030048370361, 0.7876630759239197, 0.7882968699932098, 0.7980220901966095, 0.7888256478309631, 0.792777670621872, 0.7857685327529907, 0.7848259878158569, 0.7822216510772705, 0.7779847514629364, 0.7805542397499085, 0.7756647157669068, 0.7839784216880799, 0.7778177618980407, 0.7724651789665222, 0.7759850096702575, 0.7770711731910706, 0.7801382625102997, 0.7731993687152863, 0.7705527150630951, 0.7674285352230072, 0.7658270406723022, 0.7668289589881897, 0.7647712171077728, 0.7687503826618195, 0.7646201241016388, 0.7599946296215058, 0.7595403599739075, 0.7564819037914277, 0.7584015786647796, 0.7616237962245941, 0.7591643118858338, 0.7552837800979614, 0.7585857021808624, 0.7496303510665894, 0.7510437285900116, 0.7501346945762635, 0.7490080547332764, 0.7422695934772492, 0.7514699363708496, 0.7476740419864655, 0.7428798282146454, 0.7412587946653366, 0.734954879283905, 0.7442946147918701, 0.7378369975090027, 0.7430599534511566, 0.7397629821300507, 0.7434877717494964, 0.7354744923114777, 0.7357873153686524, 0.7395507287979126, 0.7328823268413543, 0.7300690984725953, 0.7349571645259857, 0.7321784150600433, 0.7284690821170807, 0.729426566362381, 0.7282031071186066, 0.7250676119327545, 0.7178979992866517, 0.7211399567127228, 0.7216742026805878, 0.7159703683853149, 0.7172133493423462, 0.7245277643203736, 0.7180369246006012, 0.7174847292900085, 0.720748839378357, 0.7174702715873719, 0.7133559167385102, 0.7146937036514283, 0.7141843664646149, 0.7128941565752029, 0.7140881204605103, 0.7074175906181336, 0.707011137008667, 0.7146510303020477, 0.7091381442546845, 0.7100129663944245, 0.7027102160453796, 0.7039845168590546, 0.7054472196102143, 0.7021868765354157, 0.7003392398357391, 0.7004004466533661, 0.7036921322345734, 0.7034694933891297, 0.6967326033115387, 0.6964118230342865, 0.7013123857975007, 0.6992153161764145, 0.6984012806415558, 0.7000486505031586, 0.6950017035007476, 0.6910089468955993, 0.6866707479953766, 0.6880247521400452, 0.6897177362442016, 0.6941125237941742, 0.6896451389789582, 0.6840645456314087, 0.685375919342041, 0.6872764039039612, 0.687587924003601, 0.6840624284744262, 0.6844792973995208, 0.6862165582180023, 0.6814290535449982, 0.6813370513916016, 0.6779015040397645, 0.6795675003528595, 0.6736961936950684, 0.6785393410921097, 0.6810566276311875, 0.6789680474996567, 0.6764076495170593, 0.6714332830905915, 0.6702410888671875, 0.6714304107427597, 0.669643549323082, 0.6688119637966156, 0.6722043704986572, 0.6645971673727036, 0.6638530039787293, 0.6697519898414612, 0.6672677183151245, 0.6682883596420288, 0.6663257241249084, 0.6659965813159943, 0.6643952882289886, 0.6602634227275849, 0.6646180045604706, 0.6653454673290252, 0.6587293291091919, 0.6563844221830368, 0.6590029853582382, 0.6618277406692505, 0.6580038213729859, 0.6543469625711441, 0.6551575517654419, 0.6509773725271225, 0.6536560612916946, 0.6547236335277558, 0.6530022621154785, 0.6484091657400132, 0.644765967130661, 0.6525918269157409, 0.6506020730733871, 0.6515825206041336, 0.6477234745025635, 0.6407117772102356, 0.646095957159996, 0.6444038861989975, 0.6481040906906128, 0.6388595527410508, 0.641766277551651, 0.6412718904018402, 0.6416590911149979, 0.6429660999774933, 0.6412998867034913, 0.6403059756755829, 0.6403533554077149, 0.6341013669967651, 0.6428935849666595, 0.6364013111591339, 0.635172176361084, 0.6333181488513947, 0.6344122838973999, 0.6343545889854432, 0.6329901540279388, 0.6317873418331146, 0.6279345506429672, 0.6310302627086639, 0.628442233800888, 0.6265486359596253, 0.6257330727577209, 0.6285511422157287, 0.6253678947687149, 0.6276283472776413, 0.6252356266975403, 0.6243296134471893, 0.6246624761819839, 0.6281666308641434, 0.6202871006727219, 0.6242163181304932, 0.620198667049408, 0.6233422112464905, 0.6288505923748017, 0.6228216421604157, 0.6153827637434006, 0.6169352948665618, 0.6198839169740676, 0.6189557254314423, 0.6133982974290848, 0.615582565665245, 0.6166969293355942, 0.6135909366607666, 0.6171792191267014, 0.6160647577047348, 0.6091871237754822, 0.608946179151535, 0.6162794935703277, 0.6138370394706726, 0.6097289043664932, 0.611771879196167, 0.6078737634420395, 0.6093756318092346, 0.6025941306352616, 0.6062620919942856, 0.60482171356678, 0.6049170762300491, 0.60577099442482, 0.6002251309156418, 0.6013425743579864, 0.6063339138031005, 0.6016078352928161, 