{"task": {"lambda": 2, "alpha": 1, "lr": 0.0001, "wd": 0.0001, "bits": 48}, "result": {"earlyStop": true, "loss": [1.993045449256897, 0.9911513590812683, 0.8878137326240539, 0.8277641546726227, 0.7875007009506225, 0.7267737233638764, 0.701151088476181, 0.6566000139713287, 0.6548606395721436, 0.6194285488128662, 0.5837200522422791, 0.5695085698366165, 0.5453127241134643, 0.5166504198312759, 0.4986061930656433, 0.4973252481222153, 0.4747060388326645, 0.4561573535203934, 0.44539824962615965, 0.4271973395347595, 0.4153925657272339, 0.4055478101968765, 0.39504920661449433, 0.3978598386049271, 0.36317766815423963, 0.37155571281909944, 0.36052619516849516, 0.3418753242492676, 0.3493493664264679, 0.3336802586913109, 0.3251443925499916, 0.32074420392513275, 0.3065504026412964, 0.3030628827214241, 0.2875195607542992, 0.30208863198757174, 0.2722607514262199, 0.2828597965836525, 0.2701890462636948, 0.2640663900971413, 0.25886755257844923, 0.2765927019715309, 0.23989019215106963, 0.2530290034413338, 0.24748514145612716, 0.23236342787742614, 0.23225922554731368, 0.2322321677207947, 0.2231297782063484, 0.23386216819286346, 0.21458570629358292, 0.2106774541735649, 0.20688156187534332, 0.22577575236558914, 0.21361494809389114, 0.19116265714168548, 0.20010108917951583, 0.190590780377388, 0.19281427055597306, 0.1861104527115822, 0.1935516908764839, 0.19099913388490677, 0.17972243279218675, 0.17197486713528634, 0.1777763459086418, 0.17565320074558258, 0.17434276163578033, 0.16603405505418778, 0.1651574143767357, 0.16422990143299102, 0.1574607339501381, 0.16347448348999025, 0.15023806393146516, 0.15651302948594092, 0.14976963371038438, 0.15023266941308974, 0.14898573905229567, 0.1519022324681282, 0.14285022974014283, 0.14291848376393318, 0.13517589941620828, 0.15069858625531196, 0.13020737692713738, 0.13641401186585425, 0.14577086210250856, 0.12355658546090126, 0.13697150051593782, 0.12096871703863143, 0.1404912528395653, 0.11731932982802391, 0.12496232345700264, 0.12561979055404662, 0.1212213122844696, 0.11799082964658737, 0.15137433633208275, 0.10482763409614564, 0.1063689798116684, 0.1080623534321785, 0.1525118926167488, 0.0984762443602085, 0.12534857273101807, 0.09972201570868493, 0.11034884810447693, 0.11418574839830399, 0.10342759892344475, 0.10953572914004325, 0.1046915066242218, 0.10617621049284935, 0.1049788960814476, 0.10058186993002892], "map": 0.7790394110773124}, "time": 230.72195482254028}