{"task": {"lambda": 2, "alpha": 1, "lr": 1e-06, "wd": 0.0001, "bits": 48}, "result": {"earlyStop": true, "loss": [1.9977949523925782, 1.7383495783805847, 1.607174849510193, 1.5163084650039673, 1.4535866212844848, 1.3950954794883728, 1.3473679971694947, 1.312190489768982, 1.2789326047897338, 1.2564526200294495, 1.2286364817619324, 1.2009654474258422, 1.1824165678024292, 1.1591402792930603, 1.148891954421997, 1.1322002267837525, 1.1178370857238769, 1.108981112241745, 1.1009660756587982, 1.0861776554584504, 1.0746643674373626, 1.0626554763317109, 1.0516686916351319, 1.0451589155197143, 1.0357569587230682, 1.0314999365806579, 1.0222337210178376, 1.01080912232399, 1.0055574357509613, 0.9999557864665986, 0.9950001990795135, 0.9859564137458802, 0.9773966896533967, 0.9711682498455048, 0.9668082296848297, 0.9559413957595825, 0.9500947844982147, 0.9499440026283265, 0.9429287374019623, 0.9366996514797211, 0.9312601101398468, 0.9288825905323028, 0.9204652523994445, 0.9169077587127685, 0.9115758585929871, 0.903548595905304, 0.9097246742248535, 0.9017321407794953, 0.8975757217407226, 0.8942524671554566, 0.8913298499584198, 0.8829321360588074, 0.8795771133899689, 0.877153685092926, 0.8722665309906006, 0.869530999660492, 0.8742398822307587, 0.8578306639194488, 0.8608514094352722, 0.8555002081394195, 0.849917677640915, 0.843921058177948, 0.8473982834815978, 0.8458516538143158, 0.8409927952289581, 0.8323420798778534, 0.8284990763664246, 0.83396244764328, 0.8280059480667115, 0.8276953947544098, 0.8193434512615204, 0.8233273005485535, 0.8219697105884552, 0.8068220889568329, 0.8075271451473236, 0.8028877902030945, 0.8031585335731506, 0.8013433861732483, 0.7984674322605133, 0.7977452993392944, 0.7967771530151367, 0.7904844689369201, 0.7923880255222321, 0.7882759928703308, 0.7850467884540557, 0.7819372975826263, 0.7773216724395752, 0.7809578216075898, 0.7758476901054382, 0.77470663189888, 0.7724080348014831, 0.7698155999183655, 0.7703269970417023, 0.7640422916412354, 0.7623954081535339, 0.7635526728630065, 0.7580201506614686, 0.7562597405910492, 0.7550904321670532, 0.7526841950416565, 0.7499129867553711, 0.7498627853393555, 0.747751019001007, 0.7415085303783416, 0.7465540587902069, 0.7462244951725006, 0.7361909663677215, 0.7361330997943878, 0.7329612672328949, 0.7339478659629822, 0.731242516040802, 0.728585101366043, 0.7316963922977447, 0.7266133260726929, 0.724474207162857, 0.7197654271125793, 0.722175817489624, 0.717589510679245, 0.7169967305660248, 0.713951884508133, 0.7151204943656921, 0.715869026184082, 0.7111918878555298, 0.7100843489170074, 0.71148397564888, 0.7086160433292389, 0.7092150902748108, 0.7044204652309418, 0.7035107493400574, 0.6985842847824096, 0.6943767714500427, 0.7001636946201324, 0.6920820367336273, 0.6928915143013, 0.6943977105617524, 0.6918965590000152, 0.6955077064037323, 0.6890751457214356, 0.6881694972515107, 0.6844980704784394, 0.682293792963028, 0.6831958568096161, 0.6782488179206848, 0.6832798659801483, 0.6763511419296264, 0.6756861782073975, 0.6721354579925537, 0.6746488738059998, 0.6759918773174286, 0.6753094756603241, 0.668659895658493, 0.6714109945297241, 0.6701973259449006, 0.6677270519733429, 0.6657883083820343, 0.6643353629112244, 0.665971508026123, 0.6628885507583618, 0.6657796180248261, 0.6553612446784973, 0.6583288502693176, 0.6581242752075195, 0.6557393634319305, 0.6515827906131745, 0.6546554148197175, 0.6517606484889984, 0.650570638179779, 0.6499339604377746, 0.6494978332519531, 0.6506530964374542, 0.6440980315208436, 0.6441023397445679, 0.6440459632873535, 0.6445918774604797, 0.6419526875019074, 0.6417921948432922, 0.6396314442157746, 0.6416065788269043, 0.6348710811138153, 0.6314216256141663, 0.6337339687347412, 0.6296694767475128, 0.6315532374382019, 0.6317655730247498, 0.6353858017921448, 0.625704562664032, 0.6237922263145447, 0.6284136259555817, 0.6232489955425262, 0.6239082145690918, 0.6227906668186187, 0.6211037969589234, 0.6181918984651565, 0.6194951438903809, 0.6193526017665864, 0.6216465818881989, 0.6164658856391907, 0.616621618270874, 0.6135213828086853, 0.616200042963028, 0.615508908033371, 0.6113367331027985, 0.6125117242336273, 0.606770767569542, 0.6119925647974014, 0.6064302170276642, 0.6073642396926879, 0.6071026343107223, 0.6057016456127167, 0.6014626860618592, 0.6037163144350052, 0.6003594028949738, 0.6018564873933792, 0.602353549003601, 0.602141511440277, 0.5968651866912842, 0.5981535351276398, 0.5999458932876587, 0.591901358962059, 0.5972816354036331, 0.5962080335617066, 0.5969424057006836, 0.5896269500255584, 0.5927157318592071, 0.5893009352684021, 0.5868091475963593, 0.5911785870790481, 0.5870633608102799, 0.5850175976753235, 0.5832383871078491, 0.5861880254745483, 0.5874545639753341, 0.5827890700101852, 0.5860366064310074, 0.580421307682991, 0.5788269525766373, 0.5821957558393478, 0.5790483808517456, 0.5802991771697998, 0.5754469668865204, 0.5780260616540909, 0.5758657950162888, 0.5751413887739182, 0.5737267112731934, 0.5746722722053528, 0.5748482894897461, 0.5703911477327347, 0.5736689287424087, 0.573070592880249, 0.5680176258087158, 0.5670813363790512, 0.5688898038864135, 0.5670529991388321, 0.5663517385721206, 0.5684161722660065, 0.5618480008840561, 0.5644913613796234, 0.5626059168577194, 0.5624693906307221, 0.5634839683771133, 0.5585910981893539, 0.5612712502479553, 0.5573060458898544, 0.559373791217804, 0.5558583325147629, 0.5592147117853165, 0.5582471495866775, 0.5564564800262451, 0.5589394187927246, 0.5542957240343094, 0.5541431367397308, 0.5528124350309372, 0.5502689623832703, 0.550828229188919, 0.5524815273284912, 0.5499069219827653, 0.5508176040649414, 0.5471890830993652, 0.545168519616127, 0.5482161855697631, 0.5458176571130753, 0.5447445237636566, 0.5438158220052719, 0.5450329303741455, 0.5434391963481903, 0.5388827246427536, 0.5422499620914459, 0.5390114802122116, 0.5405979770421981, 0.5391620987653732, 0.5383847278356552, 0.5395490926504135, 0.5383240222930908, 0.5355526250600815, 0.5359110760688782, 0.5349253749847412, 0.5338818544149398, 0.5339351242780686, 0.5305380254983902, 0.5320216155052185, 0.5332714343070983, 0.5284135627746582, 0.5319144868850708, 0.5274241358041764, 0.5266739255189896, 0.533805051445961, 0.5276448941230774, 0.5247986912727356, 0.5289475375413895, 0.5256311666965484, 0.5236582016944885, 0.5212551832199097, 0.5234199810028076, 0.5232148176431656, 0.5226564782857895, 0.5226712691783905, 0.5206720870733261, 0.5204399645328521, 0.5201123964786529, 0.521965057849884, 0.5213110649585724, 0.5175315898656845, 0.5143998664617538, 0.5190411216020584, 0.5136376708745957, 0.5176649576425553, 0.5126839524507523, 0.515920752286911, 0.5116021394729614, 0.5094885164499283, 0.5168769407272339, 0.5127551192045212, 0.5087736970186234, 0.5092046368122101, 0.511833792924881, 0.5098174911737442, 0.5095372611284256, 0.5069889593124389, 0.5079794067144394, 0.5069039511680603, 0.5060476273298263, 0.509764335155487, 0.5018204790353775, 0.5079116189479828, 0.5070969325304031, 0.5056040930747986, 0.5013310623168945, 0.50366770029068, 0.5003504478931426, 0.5004297798871994, 0.5001050096750259, 0.4986359977722168, 0.49959159433841704, 0.4984513008594513, 0.499041787981987, 0.4959877735376358, 0.4984241384267807, 0.4986362284421921, 0.49950250029563903, 0.49586623191833495, 0.4976634353399277, 0.49327325463294985, 0.49352822244167327, 0.49394258320331574, 0.4931002575159073, 0.49076654732227326, 0.49575375974178315, 0.4916040551662445, 0.49215146362781526, 0.4892638218402863, 0.49174343824386596, 0.48812954187393187, 0.4906186324357986, 0.48722746193408967, 0.49002874970436094, 0.48413973569869995, 0.4886882883310318, 0.48545857906341555, 0.48562237203121184, 0.4869407653808594, 0.485770263671875, 0.48557325959205627, 0.48362574696540833, 0.4803093135356903, 0.4831354558467865, 0.480025554895401, 0.481809167265892, 0.48032121241092685, 0.47965506970882416, 0.48032915592193604, 0.48046071350574493, 0.48029508829116824, 0.48052373707294466, 0.47734452188014986, 0.4770473402738571, 