{"task": {"lambda": 2, "alpha": 1, "lr": 1e-05, "wd": 0.0001, "bits": 48}, "result": {"time stopage": true, "loss": [1.3032501864433288, 1.036705391407013, 0.9607824170589447, 0.9100156319141388, 0.8750204813480377, 0.8385117673873901, 0.817730827331543, 0.7908044302463532, 0.7723068642616272, 0.7477046740055084, 0.7316171777248383, 0.7144697141647339, 0.7034475922584533, 0.6900771999359131, 0.6798232686519623, 0.6625147366523743, 0.6534462547302247, 0.6418664252758026, 0.6316134142875671, 0.6228213000297547, 0.6165522110462188, 0.6018493062257767, 0.5972600811719895, 0.594370311498642, 0.5788960325717926, 0.5718681186437606, 0.5666542607545852, 0.562895867228508, 0.5533076751232148, 0.545026782155037, 0.5412880975008011, 0.5307322078943253, 0.5267326265573502, 0.5173690474033356, 0.5164193016290665, 0.5093295621871948, 0.503969156742096, 0.4993788605928421, 0.4930182921886444, 0.4929803246259689, 0.4861342364549637, 0.4806376224756241, 0.47574973046779634, 0.46901131093502046, 0.4687827205657959, 0.46240052819252014, 0.4604899525642395, 0.45597612857818604, 0.45328172862529753, 0.44450955867767333, 0.44375593900680543, 0.4407147938013077, 0.4383921033143997, 0.4352212339639664, 0.4289754909276962, 0.4268990671634674, 0.4237776380777359, 0.4212359893321991, 0.4160849726200104, 0.41475979089736936, 0.41059318244457244, 0.40834464609622956, 0.40486478090286254, 0.4011299252510071, 0.3982378512620926, 0.39722953617572787, 0.39500579714775086, 0.3874520826339722, 0.3897266459465027, 0.3878134053945541, 0.38223167419433596, 0.3788159441947937, 0.37870138823986055, 0.37118461310863493, 0.3724849742650986, 0.3704067426919937, 0.3673321455717087, 0.36672467708587647, 0.3625402730703354, 0.3599143993854523, 0.3599438256025314, 0.35900140285491944, 0.350700421333313, 0.35575695157051085, 0.34999113261699677, 0.3490025639533997, 0.3453544569015503, 0.3465301465988159, 0.3459245187044144, 0.3415007358789444, 0.33907735407352446, 0.3376937484741211, 0.33757136821746825, 0.33166135668754576, 0.3312703633308411, 0.33000163197517396, 0.3258111336827278, 0.32606176495552064, 0.32642670810222624, 0.32178651571273803, 0.32159308195114134, 0.32030560612678527, 0.31696111500263213, 0.3154563453793526, 0.3115197938680649, 0.3126305711269379, 0.3115109544992447, 0.3089029675722122, 0.3072851753234863, 0.305077857375145, 0.3055473989248276, 0.3005514422059059, 0.30133146047592163, 0.30306560277938843, 0.2998542183637619, 0.2971792674064636, 0.2961895835399628, 0.2936133629083633, 0.2923184180259705, 0.29269872277975084, 0.2898784041404724, 0.28883852183818814, 0.2884258812665939, 0.28763490468263625, 0.2840906739234924, 0.28305904656648634, 0.2837104365229607, 0.282153462767601, 0.2787086719274521, 0.2787146681547165, 0.27691471099853515, 0.2770411643385887, 0.27270109385252, 0.27388095170259474, 0.273622185587883, 0.2710394263267517, 0.269359727203846, 0.26922484070062636, 0.26732250839471816, 0.26811536848545076, 0.2661902391910553, 0.2650015527009964, 0.2640291765332222, 0.2617260870337486, 0.26209624588489533, 0.2608843669295311, 0.2588489928841591, 0.25647770017385485, 0.2564983555674553, 0.2564582815766335, 0.2547845643758774, 0.2546898278594017, 0.2525624454021454, 0.25278959691524505, 0.25156896859407424, 0.24962827026844026, 0.24977881997823714, 0.24814114481210708, 0.2464778333902359, 0.24423391968011857, 0.24382553726434708, 0.2423744061589241, 0.2423585683107376, 0.24136047154664994, 0.23909736335277557, 0.24133884102106096, 0.2386291030049324, 0.2395361390709877, 0.23780284196138382, 0.23637032449245454, 0.23694083094596863, 0.2341811490058899, 0.23276500552892684, 0.23347805708646774, 0.23024650603532792, 0.23217856168746948, 0.23046984851360322, 0.23043372899293899, 0.22929690271615982, 0.22702101945877076, 0.22668343603610994, 0.22617829024791716, 0.224100461602211, 0.22275884091854095, 0.22395562052726745, 0.22257671892642975, 0.22271415889263152, 0.22198912411928176, 0.21911947429180145, 0.22001538515090943, 0.21867941379547118, 0.2172352346777916, 0.21630927920341492, 0.21453361541032792, 0.21561650127172471, 0.213843132853508, 0.21398607939481734, 0.21344589084386825, 0.2125049290060997, 0.2128434306383133, 0.2108473911881447, 0.2114497870206833, 0.2093282076716423, 0.20966329991817476, 0.20825354903936386, 0.20756558686494828, 0.2068657782673836, 0.20580251544713973, 0.20494800806045532, 0.2067437392473221, 0.20575801700353621, 0.2053532588481903, 0.20442813754081726, 0.20339888393878935, 0.20249499648809433, 0.20117808103561402, 0.20153618186712266, 0.19991632640361787, 0.2002236169576645, 0.2000416883826256, 0.1978444641828537, 0.19703686475753784, 0.19594740033149718, 0.19590971857309342, 0.1965072900056839, 0.19599819362163542, 0.1943737569451332, 0.19455887645483017, 0.19243076384067537, 0.19273224741220474, 0.1916613119840622, 0.19231807708740234, 0.19181249052286148, 0.1899521267414093, 0.18965532451868058, 0.1888798487186432, 0.18872347384691238, 0.18791791975498198, 0.18782424449920654, 0.18747123569250107, 0.1859228640794754, 0.1848614138364792, 0.18624603003263474, 0.18479523837566375, 0.18418860733509063, 0.18291391491889952, 0.1833204910159111, 0.18254258662462233, 0.18198771208524703, 0.1808995708823204, 0.18081902235746383, 0.1808692282438278, 0.17811471968889236, 0.17963799476623535, 0.17930644392967224, 0.17782778888940812, 0.17752692759037017, 0.17654614955186843, 0.17632139712572098, 0.17650773018598556, 0.17600321143865585, 0.1743564635515213, 0.17463573396205903, 0.17480708599090578, 0.17390122920274734, 0.17197281301021575, 0.17331989347934723, 0.17178194731473923, 0.17173501431941987, 0.17126979023218156, 0.17081156641244888, 0.17090776920318604, 0.17053429991006852, 0.16858129292726518, 0.1686619836091995, 0.16886080473661422, 0.16777575999498368, 0.1674841269850731, 0.16694353699684142, 0.16664628624916078, 0.1666988554596901, 0.16562541753053664, 0.16546283215284346, 0.16577362954616548, 0.16437220722436904, 0.16395935088396071, 0.16371212035417557, 0.16334373325109483, 0.1632523536682129, 0.1632416757941246, 0.16155850201845168, 0.16223416864871978, 0.16064074963331224, 0.16024325549602508, 0.15979912728071213, 0.15946203261613845, 0.15994074642658235, 0.15798086404800415, 0.1583198744058609, 0.15736693352460862, 0.15701838344335556, 0.15745052069425583, 0.15611672163009643, 0.1567452432215214, 0.15574948281049728, 0.15509555637836456, 0.1554207655787468, 0.1549167363345623, 0.15523090064525605, 0.15446775153279305, 0.15434035390615464, 0.1531665489077568, 0.151810754686594, 0.1521625643968582, 0.15099002167582512, 0.15173660337924957, 0.15131725281476974, 0.15000788629055023, 0.150030674636364, 0.15037130653858186, 0.14880929186940192, 0.14874983385205268, 0.14923935621976853, 0.1482018892467022, 0.14811668127775193, 0.14770290538668632, 0.14673670127987862, 0.14696837678551675, 0.14659650668501853, 0.1463940843939781, 0.14585564956068992, 0.14520045459270478, 0.14492775186896323, 0.14570137977600098, 0.14506471306085586, 0.1440534695982933, 0.14354055002331734, 0.14318832233548165, 0.14245422005653383, 0.14191626325249673, 0.14214651256799699, 0.1412517884373665, 0.1417911046743393, 0.14034079343080522, 0.1411433906853199, 0.1402158509194851, 0.13898524463176729, 0.14019937485456466, 0.13951170533895493, 0.13896917209029197, 0.13841224804520608, 0.13762929424643516, 0.13913072764873505, 0.1370224052667618, 0.13754109010100365, 0.13654070541262628, 0.13664628833532333, 0.13686715498566626, 0.13598085641860963, 0.13581584244966508, 0.13560825049877168, 0.13479919001460075, 0.13456113159656524, 0.13440633848309516, 0.13386897325515748, 0.13385560274124145, 0.13252258077263832, 0.13272642761468886, 0.13303638204932214, 0.13247524619102477, 0.1319139076769352, 0.13203205019235612, 0.1312730498611927, 0.13175443291664124, 0.1303581927716732, 0.12999841213226318, 0.13075871750712395, 0.12955381631851196, 0.12969112426042556, 0.12936557605862617, 0.12812097012996673, 0.1284586177766323, 0.12892473861575127, 0.12730371132493018, 