{"task": {"lambda": 1, "alpha": 5, "lr": 0.0001, "wd": 0.0001, "bits": 24}, "result": {"earlyStop": true, "loss": [2.9249424362182617, 1.5837691187858582, 1.395782663822174, 1.2907284593582153, 1.2127524161338805, 1.1439984607696534, 1.0848223865032196, 1.0476469027996063, 1.0095251870155335, 0.9617518222332001, 0.9179223108291626, 0.8905629420280456, 0.8551850843429566, 0.8219603717327117, 0.7926384055614472, 0.773595985174179, 0.7355193042755127, 0.7202621364593506, 0.6861948049068451, 0.6730725651979447, 0.6462539726495743, 0.6321801626682282, 0.6047772240638732, 0.585862774848938, 0.5711419117450715, 0.551656374335289, 0.53810906291008, 0.5264875251054764, 0.5170778900384903, 0.5039237821102143, 0.4753337699174881, 0.4691906476020813, 0.4493563038110733, 0.44754418075084684, 0.43623373687267303, 0.42696608185768126, 0.42464667320251465, 0.40182398378849027, 0.4028447836637497, 0.39285798609256745, 0.378976634144783, 0.3740652894973755, 0.363764106631279, 0.3547070878744125, 0.3434676682949066, 0.32497376441955567, 0.3232943394780159, 0.3486104828119278, 0.31199116170406344, 0.3100725334882736, 0.29181881338357923, 0.30194701939821245, 0.29668062657117844, 0.27691546022892, 0.2738985961675644, 0.2995023775100708, 0.2618683624267578, 0.2551039004325867, 0.2553869703412056, 0.28070724368095396, 0.27497591644525526, 0.23124529898166657, 0.24172036349773407, 0.24322303235530854, 0.21411675035953523, 0.24879552125930787, 0.21883607894182205, 0.22521451562643052, 0.2119422236084938, 0.20945336371660234, 0.2302591833472252, 0.19031571626663207, 0.21057327836751938, 0.18960941672325135, 0.2441284278035164, 0.17422380596399306, 0.17642109632492065, 0.21371904119849205, 0.1790216201543808, 0.17881181955337525, 0.1649705344438553, 0.19358296394348146, 0.1640416270494461, 0.18778071641921998, 0.1482062292098999, 0.1836987991631031, 0.16245103284716605, 0.1541002333164215, 0.16084988325834274, 0.18002660766243936, 0.14650381237268448, 0.13928624913096427, 0.1646711242198944, 0.14183315381407738, 0.14085541546344757, 0.14729923591017724, 0.15571862280368806, 0.13578224956989288, 0.20925453454256057, 0.11762266710400582, 0.11623049214482307, 0.13094014853239058, 0.1679001295566559, 0.1128364834189415, 0.12269041851162911, 0.16056162253022194, 0.11715962201356887, 0.11495880588889122, 0.11980418980121613, 0.140023602694273, 0.15040703162550925, 0.09916221842169762, 0.10929705381393433, 0.1363760332763195, 0.09942834511399269, 0.1413585774600506, 0.0988051164150238, 0.10655510544776917, 0.12583158835768699, 0.13360163152217866, 0.10113972797989845, 0.09527622476220131, 0.1454298934340477, 0.09300885632634164, 0.10163315951824188, 0.12915672942996026, 0.0808983725309372, 0.11723465740680694, 0.10093052782118321, 0.12285986855626106, 0.10066384606063367, 0.12231139495968818, 0.07810738757252693, 0.1390866918861866, 0.07499691173434257, 0.09510311871767044, 0.11036401346325875, 0.08027294285595417, 0.1344282314181328, 0.07245713382959366, 0.11724345527589321, 0.06948241680860519, 0.09239549741148949, 0.11416065499186516, 0.11659391231834888, 0.09163997441530228, 0.06741413369774818, 0.094527964964509, 0.12322706401348114, 0.06543128833174705, 0.12054178915917874, 0.08474934212863446, 0.059181906506419184, 0.1570420240610838, 0.06062246359884739, 0.08015888132154941, 0.07264659650623799, 0.10910293161869049, 0.06095137864351272, 0.09059631370007992, 0.11214094817638397, 0.06518003940582276, 0.07250997118651867], "map": 0.8492320269610887}, "time": 315.1061761379242}