{"task": {"lambda": 0.5, "alpha": 3, "lr": 1e-06, "wd": 1e-06, "bits": 24}, "result": {"earlyStop": true, "loss": [2.6534327411651613, 2.1530637192726134, 1.892392258644104, 1.7344539475440979, 1.6307373833656311, 1.5459720039367675, 1.481267650127411, 1.4146444940567016, 1.3738270139694213, 1.336309196949005, 1.2969895029067993, 1.270818042755127, 1.248022804260254, 1.2233658039569855, 1.2049582719802856, 1.1888040113449097, 1.1771696770191193, 1.1490518236160279, 1.1361645865440368, 1.129667114019394, 1.1221644401550293, 1.105031155347824, 1.096261681318283, 1.087002477645874, 1.0716298460960387, 1.0631735622882843, 1.0537303102016449, 1.0542682754993438, 1.04179753780365, 1.0368230748176575, 1.0305988800525665, 1.0170695245265962, 1.0169091093540192, 1.0024240148067474, 1.0015700769424438, 0.998890780210495, 0.9927504348754883, 0.980971519947052, 0.9722441244125366, 0.9704999613761902, 0.9719335508346557, 0.9627979373931885, 0.9592596507072448, 0.9557046830654145, 0.9423861086368561, 0.9394575726985931, 0.9341618263721466, 0.9326659524440766, 0.9242178535461426, 0.9189850783348084, 0.9180263113975525, 0.9190390861034393, 0.9135172164440155, 0.9047582805156708, 0.9050027167797089, 0.9044649827480317, 0.8982348811626434, 0.8953610825538635, 0.892322381734848, 0.8878731513023377, 0.8810223698616028, 0.8827323532104492, 0.873568309545517, 0.8711605322360992, 0.8742535829544067, 0.8669821214675903, 0.8636387145519256, 0.8616897678375244, 0.858328810930252, 0.8509350574016571, 0.8495868861675262, 0.8467709183692932, 0.8450224149227142, 0.841945618391037, 0.837957444190979, 0.8358574044704438, 0.8321210205554962, 0.8309269845485687, 0.8315935504436492, 0.8243230617046357, 0.8200707387924194, 0.8228489148616791, 0.8211698698997497, 0.8213419461250305, 0.8169377410411834, 0.8062299275398255, 0.8021269834041596, 0.8065449154376984, 0.8011511445045472, 0.8012958097457886, 0.8008332014083862, 0.8029075109958649, 0.7903219497203827, 0.7952592408657074, 0.7881558990478515, 0.787788325548172, 0.7904354751110076, 0.7912460899353028, 0.7822331023216248, 0.7822163820266723, 0.7747103834152221, 0.7740036749839783, 0.7733177959918975, 0.7707731032371521, 0.7763339829444885, 0.7664930307865143, 0.7659763514995575, 0.7558055806159973, 0.7571028959751129, 0.7594611239433289, 0.756379302740097, 0.7611136078834534, 0.75814417719841, 0.751200317144394, 0.7473660653829575, 0.7449808871746063, 0.7466724991798401, 0.7426002657413483, 0.7450055480003357, 0.7519101333618164, 0.7439379155635834, 0.7460511469841004, 0.7369001770019531, 0.7316498589515686, 0.7358495497703552, 0.7288529908657074, 0.7271024644374847, 0.7309470736980438, 0.7262686121463776, 0.7241047561168671, 0.7228289568424224, 0.723030014038086, 0.7230284035205841, 0.708794162273407, 0.7169926619529724, 0.7104771649837494, 0.7157680726051331, 0.7213741707801818, 0.7097513437271118, 0.7107149207592011, 0.7064771544933319, 0.7043446850776672, 0.7083173310756683, 0.7070650780200958, 0.7034208571910858, 0.6987645971775055, 0.7036797869205474, 0.7074902391433716, 0.700150842666626, 0.6946226394176483, 0.6993048405647277, 0.6926194095611572, 0.6908432960510253, 0.699756338596344, 0.6929135179519653, 0.6899926638603211, 0.6943705236911774, 0.6811900532245636, 0.6864279186725617, 0.6800106537342071, 0.6825981265306473, 0.6809461462497711, 0.682306295633316, 0.6771054470539093, 0.6781807243824005, 0.6748950922489166, 0.6685303699970245, 0.6772354829311371, 0.6725218904018402, 0.6670751345157623, 0.6721622473001481, 0.6734101742506027, 0.6753118181228638, 0.668981084227562, 0.6633504521846771, 0.6658654409646988, 0.6653570115566254, 0.6593279695510864, 0.6583508652448654, 0.6654740095138549, 0.6578479164838791, 0.6580919349193572, 0.6509811043739319, 0.6547990763187408, 0.6520412957668305, 0.6548042893409729, 0.6514715248346329, 0.6547555088996887, 0.6500701916217804, 0.644813887476921, 0.6481841486692429, 0.6482334244251251, 0.6458837115764617, 0.6451217615604401, 0.6346094584465027, 0.643921976685524, 0.6408870238065719, 0.645363632440567, 0.6365630233287811, 0.6314840537309646, 0.6353057688474655, 0.6371443963050842, 0.6352456265687942, 0.6335138797760009, 0.6283061140775681, 0.6321119648218155, 0.6328793042898178, 0.6306067490577698, 0.6270934027433396, 0.6299134987592697, 0.6331754565238953, 0.6273517596721649, 0.6242325955629349, 0.6250174278020859, 0.6223971194028854, 0.62514384329319, 0.6238648515939712, 0.6151406031847, 0.6196147537231446, 0.6233897596597672, 0.6200862741470337, 0.6141268700361252, 0.6151240420341492, 0.6129591381549835, 0.6115372908115387, 0.6166547304391861, 0.6141010504961014, 0.6157369983196258, 0.6149224519729615, 0.6124667835235595, 0.6080334651470184, 0.6151601630449295, 0.6101654797792435, 0.6059512144327164, 0.6046849232912064, 0.6000051307678222, 0.6008066952228546, 0.6004263031482696, 0.601827477812767, 0.6015980839729309, 0.6071797651052475, 0.6079759645462036, 0.605549944639206, 0.596607511639595, 0.5911799067258835, 0.6007747626304627, 0.5963048386573792, 0.5894522929191589, 0.5950066661834716, 0.5920964324474335, 0.5910451990365982, 0.5881151574850082, 0.5927133482694625, 0.5916409122943879, 0.58888951420784, 0.595430338382721, 0.5880667114257813, 0.5906411689519883, 0.5861834985017776, 0.5871587496995926, 0.5877537202835083, 0.5842399203777313, 0.5814534848928452, 0.5876729696989059, 0.5874756616353989, 0.5818510162830353, 0.5776544314622879, 0.5803132748603821, 0.5748778647184372, 0.5786066722869873, 0.5802546316385269, 0.5734138011932373, 0.5752257364988327, 0.5771526855230331, 0.5756438618898392, 0.5732543396949769, 0.5701243829727173, 0.572563664317131, 0.5711855393648148, 0.5695866119861602, 0.5722728568315506, 0.5670340234041213, 0.5666776013374328, 0.5689822155237197, 0.5631143045425415, 0.5624985748529434, 0.5648839920759201, 0.5586179792881012, 0.5647193562984466, 0.5663194167613983, 0.5602833986282348, 0.5632078194618225, 0.5610931265354157, 0.553752002120018, 0.561947556734085, 0.5609904682636261, 0.5585695290565491, 0.5606077057123184, 0.5638478863239288, 0.5595007991790771, 0.5623144233226776, 0.5580873382091522, 0.5537534356117249, 0.5577391803264617], "map": 0.6422880573023484}, "time": 615.5023748874664}