{"task": {"lambda": 1, "alpha": 5, "lr": 0.0001, "wd": 1e-06, "bits": 12}, "result": {"earlyStop": true, "loss": [2.9378635454177857, 1.6372033286094665, 1.4878472089767456, 1.418230218887329, 1.3271815800666809, 1.2901036190986632, 1.2413552272319794, 1.1882149195671081, 1.1430540645122529, 1.1022206568717956, 1.0882096350193025, 1.0435928654670716, 1.0104126977920531, 0.9748949992656708, 0.9629149532318115, 0.9164770662784576, 0.8915745484828949, 0.884245114326477, 0.8569228982925415, 0.8259077203273774, 0.797343487739563, 0.7987258529663086, 0.776424263715744, 0.7385051941871643, 0.7345708405971527, 0.722536849975586, 0.6959308338165283, 0.6931324207782745, 0.6807800209522248, 0.6468534135818481, 0.6412027680873871, 0.6347916519641876, 0.6327856332063675, 0.6057910078763962, 0.5884951293468476, 0.5683936107158661, 0.5717421567440033, 0.5729739564657211, 0.5476470619440079, 0.5325718051195145, 0.5322118026018142, 0.5152503162622452, 0.5138783627748489, 0.5113114988803864, 0.500670268535614, 0.4784322065114975, 0.4686088442802429, 0.4810486948490143, 0.4760396188497543, 0.4696431827545166, 0.44424172937870027, 0.44608619272708894, 0.4358325719833374, 0.43273050427436827, 0.435283488035202, 0.4145165169239044, 0.40863413870334625, 0.4259955245256424, 0.38256348550319674, 0.3959277492761612, 0.3956372654438019, 0.3862647885084152, 0.38677994787693026, 0.3708537119626999, 0.3604880607128143, 0.37214418888092043, 0.3552812534570694, 0.36906230449676514, 0.34360635578632354, 0.36364617705345154, 0.321869752407074, 0.3513593104481697, 0.330720654129982, 0.32082075595855714, 0.33452635049819945, 0.3234376609325409, 0.3232665801048279, 0.3058758533000946, 0.3142982918024063, 0.30751752138137817, 0.3116298377513885, 0.30372954934835433, 0.2839013373851776, 0.27858944952487946, 0.3159168854355812, 0.2812343022227287, 0.28514600336551665, 0.28094388216733934, 0.2762116059660912, 0.27356758862733843, 0.28253531277179716, 0.276648545563221, 0.25907220631837846, 0.25668310701847075, 0.26158187597990035, 0.26679022669792174, 0.24618687570095063, 0.24978798151016235, 0.255899498462677, 0.24752117931842804, 0.24190074622631072, 0.2395576310157776, 0.2423572990298271, 0.2449984669685364, 0.2263923317193985, 0.26559354573488236, 0.20844031095504761, 0.25951252490282056, 0.20399483442306518, 0.23901901751756668, 0.2342996194958687, 0.21099145710468292, 0.22476212024688721, 0.23152969270944596, 0.1977791041135788, 0.2205910113453865, 0.20674968183040618, 0.22336830735206603, 0.22653556108474732, 0.1960131284594536, 0.20508642256259918, 0.20686422824859618, 0.21598747313022615, 0.2108491066098213, 0.17774357825517653, 0.21019592612981797, 0.1983989381790161, 0.18833150267601012, 0.2058664858341217, 0.18809478729963303, 0.18569196492433548, 0.20754486203193664, 0.18360147386789322, 0.1988649210333824, 0.1849052181839943], "map": 0.8451086530260485}, "time": 274.06324553489685}