{"task": {"lambda": 2, "alpha": 5, "lr": 1e-06, "wd": 1e-05, "bits": 12}, "result": {"earlyStop": true, "loss": [5.093265542984009, 4.449726238250732, 3.9905547761917113, 3.6860942363739015, 3.4859641456604002, 3.3599725770950317, 3.2429165744781496, 3.1636089992523195, 3.0746713781356814, 3.0245134258270263, 2.939482583999634, 2.8813827514648436, 2.8292071342468263, 2.7715471029281615, 2.7310901737213134, 2.6848116397857664, 2.6440317821502686, 2.611982283592224, 2.5718392658233644, 2.527754316329956, 2.488805065155029, 2.4659558725357056, 2.431029939651489, 2.3953759813308717, 2.379498167037964, 2.355658087730408, 2.324686245918274, 2.3141413140296936, 2.2891264510154725, 2.276040244102478, 2.24859858751297, 2.2294158291816712, 2.2246337509155274, 2.220242657661438, 2.2045145845413208, 2.1852295994758606, 2.178279147148132, 2.1658556699752807, 2.1547839999198914, 2.1474174237251282, 2.14371942281723, 2.1275820899009705, 2.116032783985138, 2.1121382546424865, 2.098390085697174, 2.1116594314575194, 2.0852823567390444, 2.083362009525299, 2.065310492515564, 2.065702199935913, 2.065963771343231, 2.045250771045685, 2.0425648498535156, 2.038209784030914, 2.028520476818085, 2.0235641193389893, 2.0165531468391418, 2.014058313369751, 2.0177901148796082, 2.0030073261260988, 2.006474392414093, 1.997904245853424, 1.9825946497917175, 1.9746640396118165, 1.9771656823158263, 1.9674747133255004, 1.9673226976394653, 1.9665087175369262, 1.95186527967453, 1.9582524847984315, 1.9510410714149475, 1.9418166446685792, 1.9302983260154725, 1.9418151044845582, 1.9317065739631654, 1.9286686825752257, 1.92147522687912, 1.9210158967971802, 1.9151302862167359, 1.9058104920387269, 1.9059720540046692, 1.9065134692192078, 1.904759135246277, 1.895403072834015, 1.88384183883667, 1.8788528084754943, 1.8814370918273926, 1.8828419470787048, 1.8761017036437988, 1.8727705550193787, 1.872343144416809, 1.8665923380851746, 1.8692566657066345, 1.8620570063591004, 1.8538287377357483, 1.8474754118919372, 1.853678014278412, 1.8451591515541077, 1.840741639137268, 1.8382877683639527, 1.8271958327293396, 1.8297870254516602, 1.8304131889343263, 1.8308613181114197, 1.8255489015579223, 1.817157862186432, 1.8152358794212342, 1.8109348273277284, 1.8236961054801941, 1.8037091064453126, 1.7996429586410523, 1.7975975632667542, 1.7955117106437684, 1.7898038220405579, 1.7923667168617248, 1.7952687239646912, 1.7812732148170471, 1.7770457482337951, 1.7784615874290466, 1.7787985801696777, 1.772295069694519, 1.7660359477996825, 1.77113938331604, 1.7633341217041016, 1.75036128282547, 1.7566263723373412, 1.7541768288612365, 1.7567430210113526, 1.7428424882888793, 1.7476644682884217, 1.747437469959259, 1.7406570148468017, 1.7432159948349, 1.739168288707733, 1.7379322099685668, 1.7308367919921874, 1.7360429739952088, 1.7274760007858276, 1.7307607197761536, 1.7219257616996766, 1.7192125558853149, 1.709026153087616, 1.7140362286567687, 1.7058320498466493, 1.7024729180335998, 1.7098509573936462, 1.7019096660614013, 1.6975008988380431, 1.693663272857666, 1.697557532787323, 1.6890251183509826, 1.6854892182350159, 1.6904514503479005, 1.686344313621521, 1.6740735983848571, 1.6827378606796264, 1.6740608835220336, 1.673082549571991, 1.67112163066864, 1.6685884165763856, 1.668529827594757, 1.667823488712311, 1.6631854748725892, 1.6569972085952758, 1.6632373905181885, 1.6571170830726623, 1.6525705790519714, 1.657527918815613, 1.647957320213318, 1.6534554362297058, 1.6515410017967225, 1.6459249544143677, 1.647476782798767, 1.635868580341339, 1.6386816573143006, 1.6363510251045228, 1.6333213901519776, 1.63275137424469, 1.6331876564025878, 1.6272447514533996, 1.6182282018661498, 1.6292194104194642, 1.6121798539161682, 1.624819779396057, 1.6148528671264648, 1.6179240131378174, 1.61675133228302, 1.6116416621208192, 1.6103853178024292, 1.5996487045288086, 1.6079781436920166, 1.6095387411117554, 1.60819655418396, 1.6049515080451966, 1.5973819756507874, 1.5919083642959595, 1.5842333245277405, 1.5901836729049683, 1.5884962630271913, 1.5845912837982177, 1.5953478837013244, 1.5810229897499084, 1.5846494507789612, 1.5762703537940979, 1.5800674390792846, 1.577711672782898, 1.5790169906616212, 1.5751163148880005, 1.5852931261062622, 1.5709219861030579, 1.566166501045227, 1.564079246520996, 1.5655302929878234, 1.562584342956543, 1.5608701038360595, 1.5510655641555786, 1.5586857938766479, 1.5606163573265075, 1.5591096258163453, 1.5533440351486205, 1.5484041237831117, 1.544634006023407, 1.5587859582901, 1.541497654914856, 1.5491085648536682, 1.5374236869812012, 1.5372514200210572, 1.5355194115638733, 1.5412418460845947, 1.537478611469269, 1.5399213099479676, 1.529985511302948, 1.5321455597877502, 1.5287760257720948, 1.5284319186210633, 1.5385361218452454, 1.5216335248947144, 1.522184727191925, 1.5178005051612855, 1.5175408005714417, 1.5177375173568726, 1.5163243055343627, 1.5185251140594482, 1.515444927215576, 1.5100609040260315, 1.515627648830414, 1.5101756000518798, 1.5091367602348327, 1.5024176669120788, 1.5123427271842957, 1.5038656282424927, 1.5023855447769165, 1.5039404821395874, 1.5033492207527162, 1.4990340900421142, 1.5019738912582397, 1.4894929337501526, 1.4930867910385133, 1.4920592141151428, 1.4912159061431884, 1.4926737999916078, 1.4873461294174195, 1.4865509963035584, 1.4892312049865724, 1.4822870349884034, 1.485510172843933, 1.4881207251548767, 1.4783421087265014, 1.4811779856681824, 1.4737053942680358, 1.4784916138648987, 1.4784193897247315, 1.4798313617706298, 1.4722998595237733, 1.4701456785202027, 1.467387478351593, 1.4714021396636963, 1.4647459745407105, 1.463876130580902, 1.4556757640838622, 1.4580984711647034, 1.4670440673828125, 1.4569082427024842, 1.453888874053955, 1.4540437293052673, 1.4556444025039672, 1.4619251251220704, 1.457856500148773, 1.4592701888084412, 1.4615287733078004, 1.4480138278007508, 1.4463254499435425, 1.4515392971038819, 1.442149441242218, 1.4389034032821655, 1.4540883946418761, 1.441047089099884, 1.446282949447632, 1.4417220973968505, 1.4345474553108215, 1.431668152809143, 1.4400194454193116, 1.4417904114723206, 1.4339180374145508, 1.4393022775650024, 1.436922996044159, 1.4229171013832091, 1.4287326860427856, 1.4315744185447692, 1.4244487261772156, 1.4235915112495423, 1.424439446926117, 1.4302498602867126, 1.423007686138153, 1.423076593875885, 1.4234646844863892, 1.4206068301200867, 1.4201245784759522, 1.418856282234192, 1.4185095500946046, 1.4105712938308717, 1.417535240650177, 1.4178242421150207, 1.4096320128440858, 1.406554787158966, 1.4114092373847962, 1.409639070034027, 1.4068533515930175, 1.4057187962532043, 1.3982940411567688, 1.4086732697486877, 1.3986016726493835, 1.4060524010658264, 1.4076647925376893, 1.4061322116851807, 1.3971185779571533, 1.397407352924347, 1.3978821277618407, 1.39853355884552, 1.3881753063201905, 1.3918864083290101, 1.3888890290260314, 1.3867251181602478, 1.397706813812256, 1.3884259366989136, 1.3909288358688354, 1.383024547100067, 1.3901275300979614, 1.3794790840148925, 1.385144522190094, 1.3893254947662355, 1.3803470873832702, 1.3904977202415467, 1.3744986748695374, 1.3796228885650634, 1.3736097240447998, 1.3753048849105836, 1.3773126268386842, 1.3733763813972473, 1.3716493368148803, 1.3802142763137817, 1.3740182673931123, 1.3713984608650207, 1.3748114705085754, 1.3761004328727722, 1.3677504396438598, 1.3673866009712219, 1.3634012627601624, 1.3693973159790038, 1.3655680131912231, 1.3736253261566163, 1.3670370769500733, 1.3645576405525208, 1.3542989993095398, 1.3654096961021422, 1.3493925333023071, 1.3498107266426087, 1.35942031621933, 1.356643488407135, 1.3479401206970214, 1.3574652290344238, 1.3495087909698487, 1.3535799670219422, 1.3475508105754852, 1.3558344388008117, 1.3508846187591552, 1.3464664435386657, 1.3516934895515442, 1.3484505248069762, 1.3469762992858887, 1.3444935178756714, 1.3500752687454223, 1.3445732831954955, 1.3497164678573608, 1.3436351060867309, 1.3443158888816833, 1.3465872287750245, 1.3428347945213317, 1.3434165859222411, 