{"task": {"lambda": 1, "alpha": 1, "lr": 1e-05, "wd": 1e-05, "bits": 48}, "result": {"time stopage": true, "loss": [0.9644573736190796, 0.794522989988327, 0.7386743605136872, 0.7026582801342011, 0.6723240888118744, 0.6500792276859283, 0.6314795362949371, 0.6153160619735718, 0.5986566710472107, 0.5854114198684692, 0.5755014276504516, 0.5621826004981995, 0.5497437644004822, 0.5394475889205933, 0.5286033302545547, 0.5194682466983795, 0.5125688707828522, 0.5039160132408143, 0.4947022294998169, 0.4891966927051544, 0.48262179613113404, 0.4750817734003067, 0.46692282795906065, 0.4575760895013809, 0.45464114129543304, 0.4489837008714676, 0.4441085809469223, 0.4389585077762604, 0.43151273131370543, 0.4265133082866669, 0.420890137553215, 0.41375473618507386, 0.4125524938106537, 0.4079182207584381, 0.4041481512784958, 0.4003796100616455, 0.3940539693832397, 0.3927968466281891, 0.3880759638547897, 0.38364947855472564, 0.3790170407295227, 0.3773296344280243, 0.3712212061882019, 0.365178616642952, 0.3647110265493393, 0.35967456459999086, 0.35933428645133975, 0.3549400699138641, 0.3512941896915436, 0.34948463141918185, 0.34556078851222993, 0.33843843400478363, 0.33803938746452333, 0.33709010303020476, 0.33525042176246644, 0.3312665683031082, 0.3273690718412399, 0.32443763315677643, 0.32231286823749544, 0.32039397418498994, 0.3145447659492493, 0.31420302122831345, 0.3119290664792061, 0.30997722268104555, 0.3086484867334366, 0.306684912443161, 0.30239530712366103, 0.3011681953072548, 0.2983684945106506, 0.2961241888999939, 0.2916376680135727, 0.29008682668209074, 0.2871935248374939, 0.28861733615398405, 0.2838716813921928, 0.2846894559264183, 0.28041708797216414, 0.2786330312490463, 0.2784324765205383, 0.277733798623085, 0.27452257424592974, 0.2685448411107063, 0.27042688071727755, 0.26711646884679796, 0.26523027420043943, 0.26244757175445554, 0.26380082339048383, 0.26171315550804136, 0.25823305279016495, 0.2570721536874771, 0.25372339934110644, 0.2525740423798561, 0.25093306183815, 0.25336162239313126, 0.24998885601758958, 0.2459707662463188, 0.2451506820321083, 0.24580938816070558, 0.2441631954908371, 0.23957886636257172, 0.24070174604654312, 0.23992907226085664, 0.2400156170129776, 0.23603955090045928, 0.23324200689792632, 0.23262284606695174, 0.23037816613912582, 0.23077756494283677, 0.22999071180820466, 0.22913113743066787, 0.22647353500127793, 0.22515612661838533, 0.22176067441701888, 0.22231580525636674, 0.22049070060253143, 0.2178711947798729, 0.2195724093914032, 0.21815063297748566, 0.2153201472759247, 0.21398929566144942, 0.2134728416800499, 0.21118693858385085, 0.2105814453959465, 0.20996238261461259, 0.2098456194996834, 0.20822328209877014, 0.20597286492586137, 0.20628407299518586, 0.2035306578874588, 0.20384853482246398, 0.20283093452453613, 0.20115983635187148, 0.20084888786077498, 0.19766029119491577, 0.19847218334674835, 0.19681144565343855, 0.1945545893907547, 0.19604031294584273, 0.19347892850637435, 0.19277019530534745, 0.19183090656995774, 0.19108463555574418, 0.18944677889347075, 0.18931718945503234, 0.1882792156934738, 0.18630411505699157, 0.1859425935149193, 0.18415604412555694, 0.184955735206604, 0.18473946005105973, 0.18173955172300338, 0.18179613083600998, 0.18260735988616944, 0.18079955011606216, 0.1798224678635597, 0.178919195830822, 0.17828637927770616, 0.1764320194721222, 0.1752224564552307, 0.17517738074064254, 0.17393447637557982, 0.17493557393550874, 0.17108019262552263, 0.1722874277830124, 0.17239023387432098, 0.17093128830194473, 0.16954816222190858, 0.168024243414402, 0.16768826812505722, 0.16615133494138717, 0.16544903799891472, 0.16542128592729569, 0.16490642845630646, 0.16312788784503937, 0.16381053686141966, 0.16300250709056854, 0.16254874020814897, 0.16156036138534546, 0.1611001017689705, 0.15807025045156478, 0.15862526297569274, 0.1583110895752907, 0.15808318048715592, 0.15862566202878953, 0.15638187140226364, 0.15648465365171432, 0.15462738275527954, 0.1546666856110096, 0.1542315712571144, 0.1536972552537918, 0.1527312557399273, 0.15115596562623979, 0.1516614204645157, 0.1498975633084774, 0.1497763477265835, 0.14908573970198633, 0.1481965397298336, 0.1491294726729393, 0.1475653499364853, 0.14702931985259057, 0.1465284849703312, 0.1458120708167553, 0.14406584650278093, 0.14413122370839118, 0.14363061636686325, 0.1437009248137474, 0.1418822357058525, 0.14156975835561753, 0.14246935680508613, 0.14076428219676018, 0.140446205586195, 0.13943519458174705, 0.13947211548686028, 0.13946596935391425, 0.1378636111319065, 0.1384042991697788, 0.1368165284395218, 0.13764362886548043, 0.1357146106660366, 0.1353624430298805, 0.13532543703913688, 0.1338890588283539, 0.13514128506183623, 0.1335283574461937, 0.13193318113684654, 0.13226308807730675, 0.1326574118435383, 0.1321399761736393, 0.1304133167862892, 0.13060323283076286, 0.1301760795712471, 0.13006186500191688, 0.1299474936723709, 0.1286894968152046, 0.12870205342769622, 0.12861295327544212, 0.1275400437414646, 0.127194364964962, 0.12659574270248414, 0.1262238548696041, 0.12593948870897292, 0.12579913631081582, 0.12457228481769561, 0.1242515780031681, 0.12353045418858528, 0.12348992630839348, 0.12311416774988175, 0.12186056479811669, 0.1221474702656269, 0.12084332019090653, 0.12049603164196014, 0.12059469670057296, 0.1203559236228466, 0.11939004912972451, 0.11917092621326447, 0.11836743026971817, 0.11833663240075111, 0.11821680217981338, 0.11807622909545898, 0.11786710470914841, 0.11768922507762909, 0.11574179366230965, 0.1157492633163929, 0.11560037091374398, 0.11549719795584679, 0.11483304426074029, 0.11467812389135361, 0.11337413996458054, 0.11358112722635269, 0.11329256609082222, 0.11321232557296752, 0.11246763557195663, 0.11221258044242859, 0.11191460266709327, 0.11170183300971985, 0.11113232672214508, 0.11063410177826881, 0.11060733243823051, 0.11049963653087616, 0.10944063067436219, 0.11005009204149246, 0.1090518780052662, 0.10838491976261139, 0.10785306200385093, 0.10730223685503006, 0.10786360532045364, 0.1070667690038681, 0.10736413031816483, 0.10607152089476585, 0.10591185599565506, 0.10600651562213897, 0.10449527859687806, 0.10488256648182868, 0.10494185507297515, 0.10460400849580764, 0.10446016147732734, 0.10378726199269295, 0.10389623686671257, 0.10337739214301109, 0.10254876971244813, 0.10299837931990624, 0.10257260233163834, 0.10139194294810296, 0.10148011565208435, 0.10070769563317299, 0.10165140599012375, 0.1005415090918541, 0.10044606387615204, 0.10051512882113457, 0.09926896288990975, 0.09902921557426453, 0.09909877687692642, 0.09843915030360222, 0.09836624845862389, 0.09859979435801507, 0.09792183920741081, 0.09724905043840408, 0.09751527354121209, 0.09705317422747611, 0.09717068761587143, 0.09579581439495087, 0.09668492883443833, 0.0957158251106739, 0.0951291885972023, 0.09476399227976799, 0.09448840692639351, 0.09464986354112626, 0.09437888264656066, 0.09398867160081864, 0.09456518322229385, 0.09347869530320167, 0.09241667285561561, 0.09266405060887337, 0.09221721917390824, 0.09276455268263817, 0.0923525920510292, 0.09226841583848, 0.09136350423097611, 0.09134437739849091, 0.09084034323692322, 0.09066908955574035, 0.09063833430409432, 0.08971372172236443, 0.09041491284966469, 0.08993839085102082, 0.08947343200445175, 0.08948059260845184, 0.08907817050814629, 0.08886642768979072, 0.08816581204533577, 0.08804946184158326, 0.08768092706799507, 0.08828601434826851, 0.08738736629486084, 0.08716902703046799, 0.08669258743524551, 0.08642984271049499, 0.08654683753848076, 0.0859768882393837, 0.08661799475550652, 0.08617532208561897, 0.08559895351529122, 0.08472585812211036, 0.08510609388351441, 0.08468229979276658, 0.08454325169324875, 0.08430270254611968, 0.08452977746725082, 0.08356565847992897, 0.08431825175881386, 0.08317833989858628, 0.08330342531204224, 0.0830602478981018, 0.08285776689648629, 0.08265716224908828, 0.08198850572109223, 0.08271662279963493, 0.08168868780136108, 0.08158106103539467, 0.08166609212756157, 0.08089011549949646, 0.08060950502753257, 