{"task": {"lambda": 0.5, "alpha": 5, "lr": 1e-06, "wd": 1e-06, "bits": 48}, "result": {"earlyStop": true, "loss": [4.084408555030823, 3.3555892419815065, 3.0153694105148316, 2.799330644607544, 2.635659203529358, 2.5067960023880005, 2.366511127948761, 2.2769726967811583, 2.187698035240173, 2.1226063632965086, 2.052552537918091, 2.0020890617370606, 1.9521428847312927, 1.909698898792267, 1.890557153224945, 1.8595140743255616, 1.8228846168518067, 1.802731041908264, 1.784720959663391, 1.7551718425750733, 1.7320530390739441, 1.717012722492218, 1.7109002137184144, 1.6885429763793944, 1.6801022124290466, 1.6602234578132629, 1.6423332500457763, 1.615832633972168, 1.6159966135025023, 1.6105188083648683, 1.582758777141571, 1.5845055079460144, 1.5606578087806702, 1.5611091876029968, 1.543117446899414, 1.5316103744506835, 1.5256377744674683, 1.5130008125305177, 1.5003308963775634, 1.5070809030532837, 1.489729769229889, 1.474910352230072, 1.4676972031593323, 1.4666327261924743, 1.4620563793182373, 1.46657568693161, 1.4400636553764343, 1.442657198905945, 1.4294922304153443, 1.4202278828620911, 1.4026471030712129, 1.4045100283622742, 1.4067257475852966, 1.3922082257270814, 1.3954959058761596, 1.3789676475524901, 1.3717087888717652, 1.3702455592155456, 1.3788258361816406, 1.3635859751701356, 1.3545750045776368, 1.349097924232483, 1.3476487350463868, 1.335845446586609, 1.334784426689148, 1.332596958875656, 1.3163040208816528, 1.3195630145072936, 1.3111968851089477, 1.2976787567138672, 1.2995787119865418, 1.3026560544967651, 1.2859092354774475, 1.2855690288543702, 1.2840217864513397, 1.2816050958633423, 1.2801833379268646, 1.2831905674934387, 1.2711566805839538, 1.2696359074115753, 1.260059530735016, 1.2487538170814514, 1.2563004112243652, 1.2512639570236206, 1.2447941899299622, 1.236964257955551, 1.2385572266578675, 1.2282925617694855, 1.2162213480472566, 1.213951758146286, 1.2256825351715088, 1.2229166996479035, 1.2161240673065186, 1.2100654971599578, 1.2105777859687805, 1.195211308002472, 1.199978631734848, 1.1973971831798553, 1.192848504781723, 1.1913750398159026, 1.1877619087696076, 1.1900376415252685, 1.1720870411396027, 1.1716742348670959, 1.1783086967468261, 1.181547565460205, 1.1754600715637207, 1.161687103509903, 1.1722904121875763, 1.1631627571582794, 1.1661847841739654, 1.1544898760318756, 1.1494310641288756, 1.1577216470241547, 1.1519173991680145, 1.1415802800655366, 1.141960768699646, 1.134956351518631, 1.1432207715511322, 1.1279627239704133, 1.1330379283428191, 1.1390406036376952, 1.1206223094463348, 1.1232239520549774, 1.1178688609600067, 1.1123799920082091, 1.1110807502269744, 1.1137605595588684, 1.1093991684913636, 1.107943252325058, 1.1153783476352692, 1.1021239817142487, 1.0972059297561645, 1.1028335392475128, 1.097920323610306, 1.098862806558609, 1.0837717425823212, 1.0818926334381103, 1.0896580922603607, 1.0769365262985229, 1.0794824576377868, 1.0844150364398957, 1.0730940186977387, 1.077965748310089, 1.0751427555084228, 1.0764943873882293, 1.0664210093021393, 1.066337890625, 1.071026085615158, 1.055167269706726, 1.0536922323703766, 1.0535013961791992, 1.0527314019203187, 1.052115823030472, 1.0599587404727935, 1.0578596198558807, 1.044645723104477, 1.0319172716140748, 1.0337934958934785, 1.039836324453354, 1.0431731855869293, 1.0293922853469848, 1.0307447516918182, 1.030785814523697, 1.0257220244407654, 1.0286369132995605, 1.0341050243377685, 1.0188849020004271, 1.0167854607105256, 1.0194666731357573, 1.025953413248062, 1.018070352077484, 1.0007242584228515, 1.0102068722248077, 0.9983116888999939, 1.01044788479805, 1.012562346458435, 1.0094122648239137, 1.001955624818802, 1.007006628513336, 0.9943801653385163, 1.000924814939499, 1.000140174627304, 0.9901470530033112, 1.002026070356369, 0.9906702017784119, 0.9939576077461243, 0.9886761581897736, 0.9712936747074127, 0.9772870075702668, 0.9836883246898651, 0.9714120054244995, 0.9763733685016632, 0.9779642820358276, 0.9790950894355774, 0.9659023261070252, 0.9788906371593475, 0.9717826390266419, 0.969341186285019, 0.9679891204833985, 0.9714340269565582, 0.9634377670288086, 0.9599089372158051, 0.9480612862110138, 0.9548627996444702, 0.9568531823158264, 0.9490487575531006, 0.958945791721344, 0.9510229194164276, 0.9504673564434052, 0.9536977970600128, 0.9485169875621796, 0.9428478300571441, 0.9393190515041351, 0.9284718596935272, 0.9332866716384888, 0.9337471890449524, 0.9351854717731476, 0.9430410575866699, 0.938908793926239, 0.9319953775405884, 0.9293618535995484, 0.9328011763095856, 0.9267479252815246, 0.9349333381652832, 0.920297635793686, 0.9192433965206146, 0.9242250990867614, 0.9160004949569702, 0.9105538821220398, 0.9245580101013183, 0.9131218075752259, 0.9123101127147675, 0.9149782824516296, 0.9060078799724579, 0.9077348709106445, 0.9095677745342254, 0.9072668445110321, 0.9078787350654602, 0.9046066689491272, 0.8953314864635468, 0.9046084940433502, 0.9074659991264343, 0.9019603371620178, 0.9052055358886719, 0.9001065695285797, 0.9066738450527191, 0.8918492746353149, 0.8892074859142304, 0.8891210973262786, 0.8972197759151459, 0.8951290035247803, 0.9036267113685608, 0.8803137564659118, 0.8865587413311005, 0.8777737164497376, 0.8777626478672027, 0.8841017436981201, 0.8838891804218292, 0.875234626531601, 0.8805977654457092, 0.8790785121917725, 0.8755326545238495, 0.8797732627391815, 0.8805191278457641, 0.8764342105388642, 0.866359715461731, 0.8680976748466491, 0.8698961853981018, 0.8659566068649291, 0.8651496613025665, 0.8654309833049774, 0.8528873825073242, 0.862109727859497, 0.8635037755966186, 0.8512626886367798, 0.861444296836853, 0.8548519098758698, 0.8611727130413055, 0.8563827037811279, 0.853519790172577, 0.8537033069133758, 0.8475939524173737, 0.8504220974445343, 0.8509449386596679, 0.8489435768127441, 0.8448698461055756, 0.8482173240184784, 0.8381380319595337, 0.8477823281288147, 0.843559433221817, 0.837884076833725, 0.834282728433609, 0.8352591025829316, 0.8372320449352264, 0.8344123876094818, 0.8314739739894867, 0.8411701357364655, 0.8273535370826721, 0.8361124098300934, 0.8349369597434998, 0.8280083346366882, 0.8231319510936737, 0.8298281383514404, 0.8163822364807128, 0.8231710684299469, 0.8266617357730865, 0.8295580410957336, 0.8244480347633362, 0.8269898998737335, 0.8179575860500335, 0.8132640409469605, 0.8186869513988495, 0.8243167281150818, 0.8156997573375702, 0.8181317675113678, 0.8173257958889008, 0.8157626569271088, 0.8143366992473602, 0.8121538102626801, 0.8087129467725753, 0.8042238926887513, 0.805211660861969, 0.802807639837265, 0.8164086198806763, 0.8110725796222686, 0.8028255021572113, 0.7973561763763428, 0.8014592111110688, 0.8038505899906159, 0.805343359708786, 0.8009933423995972, 0.8017916202545166, 0.8005936253070831, 0.8004054749011993, 0.7935329437255859, 0.7919164907932281, 0.7932845890522003, 0.7997302067279816, 0.790895881652832, 0.791011530160904, 0.7942935490608215, 0.7869376361370086, 0.7934741401672363, 0.7932226204872131, 0.7815336489677429, 0.7925660455226898, 0.790861988067627, 0.7849373209476471, 0.7869707202911377, 0.7765498614311218, 0.7818512856960297, 0.7732536888122559, 0.782006813287735, 0.778974505662918, 0.7775833404064179, 0.7754236817359924, 0.7780139446258545, 0.7791917794942855, 0.7796814239025116, 0.7754521334171295, 0.7774404907226562, 0.7685301804542541, 0.7675768542289734, 0.775071632862091, 0.7710471642017365, 0.7711388897895813, 0.7668765187263489, 0.769766685962677, 0.7692265558242798, 0.7660097968578339, 0.7672127449512481, 0.7592573392391205, 0.7620308148860931, 0.7538762271404267, 0.7607522284984589, 0.751986346244812, 0.7556966114044189, 0.7517335343360901, 0.7560228621959686, 0.7535420691967011, 0.7546937465667725, 0.7520759451389313, 0.7553716498613358, 0.7532842195034027, 0.7568166875839233, 0.752019613981247, 0.7526913177967072, 0.7539587271213531], "map": 0.6725118484440411}, "time": 789.6791627407074}