{"task": {"lambda": 1, "alpha": 5, "lr": 1e-05, "wd": 1e-06, "bits": 24}, "result": {"time stopage": true, "loss": [2.4345910215377806, 1.828466715812683, 1.699159185886383, 1.6246401166915894, 1.5536925601959228, 1.5018606519699096, 1.4604451608657838, 1.4252697443962097, 1.3896296072006225, 1.3554580187797547, 1.324603669643402, 1.3116333150863648, 1.2823446583747864, 1.2537990880012513, 1.2293801140785217, 1.207919923067093, 1.1900805604457856, 1.1685942113399506, 1.1566033720970155, 1.1444444894790649, 1.1211880624294281, 1.118242026567459, 1.102784982919693, 1.0881508457660676, 1.075379056930542, 1.0625643169879913, 1.0483883023262024, 1.026805373430252, 1.024990940093994, 1.01758682847023, 1.0124392092227936, 0.9935343837738038, 0.9862452554702759, 0.974626612663269, 0.9594931507110596, 0.960269992351532, 0.9558191168308258, 0.9377792835235595, 0.9293070089817047, 0.9144864583015442, 0.9105310213565826, 0.9076461029052735, 0.8928634989261627, 0.8930523836612702, 0.8821748411655426, 0.875655734539032, 0.8681758236885071, 0.8543434560298919, 0.855173054933548, 0.8449317109584809, 0.8395070755481719, 0.8288250374794006, 0.8263802778720856, 0.8206202280521393, 0.8168133437633515, 0.8099159443378449, 0.8059719812870025, 0.7967666363716126, 0.7931175398826599, 0.789268491268158, 0.7805580532550812, 0.7831270658969879, 0.7710272896289826, 0.7733932280540466, 0.7617517900466919, 0.7597178959846497, 0.7548105251789093, 0.7442801690101624, 0.7498881888389587, 0.7367147505283356, 0.7334661340713501, 0.723057017326355, 0.7172719204425811, 0.7216107988357544, 0.7117470514774322, 0.7117323261499405, 0.7090229701995849, 0.7039072144031525, 0.6899605584144592, 0.6944130766391754, 0.6869257390499115, 0.6812265181541443, 0.6795158863067627, 0.674999607205391, 0.6758642423152924, 0.6663173431158066, 0.6711622667312622, 0.6540116655826569, 0.6533548128604889, 0.6490520775318146, 0.6482699096202851, 0.6408870089054107, 0.6424684721231461, 0.6396303772926331, 0.6420725786685944, 0.6353668558597565, 0.6265805155038834, 0.6183589667081832, 0.6185357856750489, 0.6191286182403565, 0.6063522678613663, 0.6120003825426101, 0.6056247049570084, 0.5970834237337113, 0.5970322066545486, 0.597437726855278, 0.5907263284921647, 0.5893720656633377, 0.5831848430633545, 0.5846786445379257, 0.576653797030449, 0.5759016704559327, 0.57149558365345, 0.5797976237535477, 0.5694669646024704, 0.5648316884040833, 0.5597186207771301, 0.5576416265964508, 0.5580681133270263, 0.552824295759201, 0.5542117738723755, 0.5482154262065887, 0.5467423075437545, 0.5362319809198379, 0.5390368926525116, 0.5325454556941986, 0.5283536225557327, 0.5321070170402527, 0.530884776711464, 0.5254225158691406, 0.5255766713619232, 0.52559918820858, 0.5172711807489395, 0.5140163642168045, 0.5071421808004379, 0.5078848528862, 0.5077993941307067, 0.5088215512037277, 0.49904440820217133, 0.4985351657867432, 0.49316070079803465, 0.4934897220134735, 0.4925021892786026, 0.48737699329853057, 0.4848611336946487, 0.4843846136331558, 0.4833286529779434, 0.481925430893898, 0.4775266087055206, 0.47391694486141206, 0.4727768224477768, 0.4716064375638962, 0.47007356464862826, 0.46775748193264005, 0.4643375527858734, 0.4592489206790924, 0.4595052462816238, 0.4572919487953186, 0.45854255855083464, 0.45596129417419434, 0.4488846653699875, 0.45247027337551116, 0.4475485062599182, 0.44595080137252807, 0.4442531543970108, 0.43940208792686464, 0.4430069220066071, 0.4371120721101761, 0.4349756550788879, 0.43537206172943116, 0.4309236800670624, 0.42762749671936034, 0.4308313000202179, 0.42582818925380705, 0.420181000828743, 0.4202326583862305, 0.4189861834049225, 0.41384316504001617, 0.4126102191209793, 0.4125325667858124, 0.4109254002571106, 0.4072476780414581, 0.41092068791389463, 0.4027097779512405, 0.40258704125881195, 0.40008520156145094, 0.3960635423660278, 0.3995718693733215, 0.4000254410505295, 0.39499425172805785, 0.3938208466768265, 0.3918996870517731, 0.3877867364883423, 0.38870870530605317, 0.39096363008022306, 0.385452566742897, 0.3860300469398499, 0.379882789850235, 0.3829507428407669, 0.379194056391716, 0.3770704346895218, 0.37413498520851135, 0.375153688788414, 0.3699541634321213, 0.37341192841529847, 0.36622795701026917, 0.3646612113714218, 0.36565505862236025, 0.36709204137325285, 0.36546335339546204, 0.36378982722759245, 0.35945108473300935, 0.36099381804466246, 0.35579734921455386, 0.35721422016620635, 0.35390341877937315, 0.3513730788230896, 0.3495515364408493, 0.34792254865169525, 0.34732258439064023, 0.34544155657291414, 0.3458000528812408, 0.3428152543306351, 0.3390640485286713, 0.3422766971588135, 0.3403572070598602, 0.3385139095783234, 0.33079842150211336, 0.3345444166660309, 0.33080711483955383, 0.32879378855228425, 0.32913457036018373, 0.3279277527332306, 0.3272032791376114, 0.3289869141578674, 0.3263240769505501, 0.3234330970048904, 0.3223052382469177, 0.31957615047693255, 0.31770015746355057, 0.31748473167419433, 0.31889702409505843, 0.31539428323507307, 0.313605734705925, 0.3153594386577606, 0.3132148426771164, 0.31201856821775437, 0.3092028522491455, 0.30872474253177645, 0.3051150390505791, 0.305766082406044, 0.30296631187200546, 0.3008492058515549, 0.3011071142554283, 0.3016118964552879, 0.2971191692352295, 0.29795653879642486, 0.29706997573375704, 0.2947905629873276, 0.2916440281271935, 0.29127001732587815, 0.29152876019477847, 0.29041113436222077, 0.2873949679732323, 0.2847641721367836, 0.2848226919770241, 0.2852116623520851, 0.28585802733898164, 0.28059917271137236, 0.28318365454673766, 0.2822094517946243, 0.27932252645492556, 0.2796450042724609, 0.27884882867336275, 0.27575258165597916, 0.2720430907607079, 0.2734763386845589, 0.27347810089588165, 0.2747963207960129, 0.2713011348247528, 0.2697120040655136, 0.2672580072283745, 0.2675042828917503, 0.26719048887491226, 0.266048983335495, 0.26175266087055205, 0.2639751988649368, 0.2621528914570808, 0.2625437533855438, 0.2609971177577972, 0.26444983839988706, 0.2581646239757538, 0.25700739651918414, 0.2565158745646477, 0.2554068025946617, 0.2553679898381233, 0.25555243730545046, 0.25354004055261614, 0.2503665143251419, 0.2503247708082199, 0.24934672832489013, 0.24721451759338378, 0.2496441960334778, 0.24838245987892152, 0.24718117237091064, 0.24595002830028534, 0.24314976632595062, 0.24386525750160218, 0.24357354640960693, 0.2414964908361435, 0.24073739618062973, 0.240575230717659, 0.23659269601106644, 0.23963482946157455, 0.23732968240976335, 0.2367781212925911, 0.23505238205194473, 0.23477860808372497, 0.23176801562309265, 0.2334292858839035, 0.22978625923395157, 0.23098285526037216, 0.23010345220565795, 0.22886403590440751, 0.2300123393535614, 0.2285992631316185, 0.22590031683444978, 0.2246963283419609, 0.22585828512907027, 0.22494711965322495, 0.2216566851735115, 0.22248006612062454, 0.22052203565835954, 0.22202873975038528, 0.2205007180571556, 0.21981927156448364, 0.21761875241994857, 0.21813598930835723, 0.21748838156461717, 0.21640923172235488, 0.21590255081653595, 0.21572906166315078, 0.21470505118370056, 0.21154458284378053, 0.21035248279571533, 0.2109090930223465, 0.21148316144943238, 0.2110307565331459, 0.2112680572271347, 0.2086619606614113, 0.20909461736679077, 0.2064471510052681, 0.20505617558956146, 0.20611575812101365, 0.20591791987419128, 0.20390336960554123, 0.20324598789215087, 0.2024238222837448, 0.2031099459528923, 0.2000031715631485, 0.20106589078903198, 0.20023772180080412, 0.19938357234001158, 0.19856514602899553, 0.1970798924565315, 0.19563158452510834, 0.19456544786691665, 0.19713687539100647, 0.19411033719778062, 0.1938586950302124, 0.19427150696516038, 0.1925966802239418, 0.1921459373831749, 0.19009090811014176, 0.1907258301973343, 0.19017658799886702, 0.1903120508790016, 0.18801044583320617, 0.1879824748635292, 0.1878337487578392, 0.18731620728969575, 0.18614524781703948, 0.18442876875400543, 0.18545871794223787, 0.1843280765414238, 0.1830149894952774, 0.18290735691785812, 0.1822592055797577, 0.18078105211257933, 