{"task": {"lambda": 1, "alpha": 5, "lr": 1e-06, "wd": 0.0001, "bits": 24}, "result": {"earlyStop": true, "loss": [4.773177680969238, 4.017609891891479, 3.503550548553467, 3.151528697013855, 2.9206058168411255, 2.7484206533432007, 2.5899181461334226, 2.473032383918762, 2.378130190372467, 2.3041756629943846, 2.227486078739166, 2.1716207027435304, 2.127027633190155, 2.0858107209205627, 2.052253086566925, 2.014728660583496, 1.9782734680175782, 1.9616482067108154, 1.9340545415878296, 1.9104423999786377, 1.885079686641693, 1.8783786988258362, 1.8519019985198975, 1.8247982311248778, 1.8159539747238158, 1.8090809392929077, 1.7905159068107606, 1.7756036686897279, 1.763211829662323, 1.7547198486328126, 1.7347288417816162, 1.7171339893341064, 1.7202370262145996, 1.6954379653930665, 1.6925027823448182, 1.67904536485672, 1.6619708395004273, 1.6629817247390748, 1.64832985162735, 1.6472560954093933, 1.6380153918266296, 1.6233635425567627, 1.6214483213424682, 1.6109142637252807, 1.5890283727645873, 1.586576933860779, 1.5920893168449402, 1.5780276703834533, 1.5748144054412843, 1.5724414110183715, 1.5684430027008056, 1.5441060614585878, 1.5481005907058716, 1.5357099151611329, 1.545276758670807, 1.5215593552589417, 1.5355236411094666, 1.5195751190185547, 1.5090873551368713, 1.5088177871704103, 1.5016940140724182, 1.49459068775177, 1.490745038986206, 1.4934614849090577, 1.4855653929710388, 1.4724635314941406, 1.4729618000984193, 1.4663362622261047, 1.4551002073287964, 1.4549825596809387, 1.4584131813049317, 1.444360740184784, 1.4512396669387817, 1.428371889591217, 1.4188053679466248, 1.4283348894119263, 1.4274235820770265, 1.4138120794296265, 1.4202472496032714, 1.4044940400123596, 1.4046632409095765, 1.4134003901481629, 1.3956566405296327, 1.3954741072654724, 1.3911642718315125, 1.3912026691436767, 1.3809765625, 1.3779396080970765, 1.3713905501365662, 1.369809935092926, 1.3687501907348634, 1.372004759311676, 1.3622945857048034, 1.3600462198257446, 1.355845549106598, 1.358110933303833, 1.3426939678192138, 1.3479888916015625, 1.3398173356056213, 1.3426036643981933, 1.3218913650512696, 1.329431002140045, 1.3238444471359252, 1.3297806620597838, 1.3231765389442445, 1.316800706386566, 1.3083227562904358, 1.3116395282745361, 1.3067374539375305, 1.3099954771995543, 1.3108326613903045, 1.3058386826515198, 1.2884699726104736, 1.3019895768165588, 1.2872981238365173, 1.2795819115638734, 1.2800223994255067, 1.282621990442276, 1.2817575550079345, 1.2812440752983094, 1.2829294776916504, 1.2655932986736298, 1.278477509021759, 1.277703776359558, 1.266870287656784, 1.2676834630966187, 1.2570982539653779, 1.2499275040626525, 1.2518251276016235, 1.2549422538280488, 1.2454085206985475, 1.2423303592205048, 1.2393467783927918, 1.2445984303951263, 1.2386132836341859, 1.235993229150772, 1.2251418149471283, 1.2306913721561432, 1.2298469305038453, 1.2245978331565857, 1.2182421433925628, 1.2171076464653015, 1.2188320934772492, 1.2161327493190766, 1.2052117824554442, 1.2128909456729888, 1.2042489492893218, 1.2052652549743652, 1.211612720489502, 1.1986845684051515, 1.1946149969100952, 1.1956208395957946, 1.1938328003883363, 1.1941138482093812, 1.1849484980106353, 1.1877698171138764, 1.1973869681358338, 1.1883083987236023, 1.1825967156887054, 1.1826584446430206, 1.173365603685379, 1.1756852924823762, 1.1778050887584686, 1.164354293346405, 1.1745049810409547, 1.171072542667389, 1.1624308788776399, 1.1583837532997132, 1.1619066381454468, 1.1592785811424255, 1.1534471118450165, 1.1573693609237672, 1.1469658839702606, 1.159025913476944, 1.1444856441020965, 1.1514045560359956, 1.1555540299415588, 1.1507817506790161, 1.1407823610305785, 1.1467356264591217, 1.1406036734580993, 1.1457891952991486, 1.133201528787613, 1.1259149825572967, 1.127671353816986, 1.1283997285366059, 1.128923466205597, 1.1303200912475586, 1.1261510622501374, 1.1246853017807006, 1.1247565817832947, 1.1202552044391632, 1.1172722136974336, 1.1152152013778687, 1.1099086916446685, 1.1111560082435608, 1.1213047921657562, 1.1167155349254607, 1.105895278453827, 1.11176940202713, 1.1097751891613006, 1.0965312385559083, 1.1007852911949159, 1.1057408368587494, 1.096194269657135, 1.0977305924892427, 1.096466293334961, 1.090809953212738, 1.1003633058071136, 1.0959666633605958, 1.0881800067424774, 1.0920154917240144, 1.0847799646854401, 1.0866238749027253, 1.0855599403381349, 1.0882447373867035, 1.0768463516235351, 1.0769804787635804, 1.0764647722244263, 1.0781828570365906, 1.0648582041263581, 1.082697194814682, 1.0662766361236573, 1.0733012425899506, 1.0709760117530822, 1.0679947590827943, 1.063268404006958, 1.0669541549682617, 1.062954615354538, 1.0683172702789308, 1.0524402415752412, 1.0632709884643554, 1.055152086019516, 1.0506244587898255, 1.059526677131653, 1.055724058151245, 1.0585918951034545, 1.0475147044658661, 1.0515753817558289, 1.0508186161518096, 1.0508534455299376, 1.0493913185596466, 1.0519631910324097, 1.0469190871715546, 1.038808741569519, 1.0414542615413667, 1.0483049380779266, 1.0406607842445375, 1.0302974116802215, 1.0367574799060821, 1.0328196680545807, 1.031071583032608, 1.0254433572292327, 1.0291424679756165, 1.0373889672756196, 1.020051441192627, 1.0316933226585387, 1.0221300613880158, 1.0239264595508575, 1.019433228969574, 1.0257083761692047, 1.0161024355888366, 1.013240258693695, 1.0189726221561433, 1.0128053271770476, 1.0118343949317932, 1.011409707069397, 1.0208112967014313, 1.0067887103557587, 1.0061957335472107, 1.0071448290348053, 1.0141080021858215, 1.0067895889282226, 1.0024670803546905, 1.0049457609653474, 1.0025052869319915, 1.0060250282287597, 1.000859775543213, 0.991029658317566, 0.9970654094219208, 0.9876499223709106, 0.9985547232627868, 0.991623866558075, 0.9881935083866119, 0.9930280172824859, 0.987942305803299, 0.9903203296661377, 0.9878009510040283, 0.9946285426616669, 0.978302206993103, 0.9794652402400971, 0.9913324248790741, 0.9806838285923004, 0.9819435799121856, 0.9834045386314392, 0.9774768567085266, 0.9887993347644806, 0.9800870549678803, 0.9789771413803101, 0.9734441006183624, 0.977682831287384, 0.9757176125049591, 0.9749630475044251, 0.9631919157505036, 0.9710201036930084, 0.965056129693985, 0.9712122607231141, 0.9698318934440613, 0.9702949476242065, 0.9641190838813781, 0.9650768995285034, 0.9646731305122376, 0.9578128778934478, 0.9563744068145752, 0.9549383783340454, 0.9596527469158173, 0.9608199906349182, 0.9613005197048188, 0.9521416139602661, 0.9590176177024842, 0.9484624791145325, 0.9588194608688354, 0.9524360597133636, 0.9514891624450683, 0.9495836246013641, 0.9560314667224884, 0.956789733171463, 0.9503293120861054, 0.9488556075096131, 0.9500824499130249, 0.9431509983539581, 0.9439061152935028, 0.9473472619056702, 0.9395224642753601, 0.9436558437347412, 0.9369407379627228, 0.9430696058273316, 0.9397732925415039, 0.936830290555954, 0.9354261064529419, 0.9368444633483887, 0.9384279406070709, 0.9379573035240173, 0.9348499405384064, 0.9299282491207123, 0.9270767712593079, 0.9421578907966613, 0.9203441786766052, 0.9341281998157501, 0.9321087110042572, 0.9262550115585327, 0.9330118560791015, 0.9299699640274048, 0.9233525633811951, 0.9204332590103149, 0.9179374992847442, 0.9245987677574158, 0.9118968832492829, 0.9149120819568634, 0.9198491156101227, 0.9133427119255066, 0.9179953825473786, 0.9232534432411194, 0.9172438836097717, 0.9094089388847351, 0.9115736246109009, 0.9117224180698394, 0.9123821699619293, 0.9122591006755829, 0.9075113940238952, 0.9120930397510528, 0.9129108786582947, 0.9005426025390625, 0.9054209697246551, 0.9066859149932861, 0.9024695074558258, 0.8995583045482636, 0.9144533133506775, 0.8983489012718201, 0.897713794708252, 0.9030671298503876, 0.9011837410926818, 0.9004363238811492, 0.8937171053886414, 0.9016874694824218, 0.8946391880512238, 0.8946593630313874, 0.8956233322620392, 0.8968121695518494, 0.8879772412776947, 0.8891397559642792, 0.8839395594596863, 0.8883766937255859, 0.8925455164909363, 0.8892838144302369, 0.8824826955795289, 0.8890397751331329, 0.8852599823474884, 