{"task": {"lambda": 1, "alpha": 1, "lr": 1e-06, "wd": 1e-06, "bits": 32}, "result": {"earlyStop": true, "loss": [1.4461835885047913, 1.2392749190330505, 1.142256987094879, 1.0842620539665222, 1.0340687906742096, 0.9946124792098999, 0.966898512840271, 0.9374720323085785, 0.9158442986011505, 0.897841671705246, 0.873193871974945, 0.8632003581523895, 0.8442394721508026, 0.8376037049293518, 0.8237361752986908, 0.8117775297164918, 0.8000441670417786, 0.7953282773494721, 0.7821976733207703, 0.7734001815319062, 0.7717909383773803, 0.7620289397239685, 0.7571824312210083, 0.7520363605022431, 0.7449277269840241, 0.7407385563850403, 0.733710744380951, 0.7246952521800994, 0.7219462823867798, 0.7133229112625122, 0.713552496433258, 0.7076507449150086, 0.7019831383228302, 0.6949109983444214, 0.6930013811588287, 0.6862132573127746, 0.6848587226867676, 0.68049342751503, 0.6767446482181549, 0.6709825420379638, 0.6690490829944611, 0.6635791254043579, 0.6611909437179565, 0.6600384950637818, 0.6533466219902039, 0.6537953269481659, 0.6494952785968781, 0.6467766726016998, 0.6435318350791931, 0.6380685067176819, 0.6359739828109742, 0.635766476392746, 0.6333374035358429, 0.6306309759616852, 0.6294985330104828, 0.6257204979658126, 0.6241377747058868, 0.6192623209953309, 0.6179634344577789, 0.6218716394901276, 0.6066897869110107, 0.6095698392391204, 0.6058740389347076, 0.6100975453853608, 0.6059551209211349, 0.6029608869552612, 0.601311337351799, 0.6012376403808594, 0.5966455388069153, 0.5962495076656341, 0.5938405883312226, 0.5909004318714142, 0.5882513535022735, 0.5908036309480668, 0.5856636774539947, 0.5871853476762772, 0.5822557872533798, 0.5765013313293457, 0.5787420487403869, 0.5750605279207229, 0.5761459356546402, 0.5752334272861481, 0.5689670044183731, 0.5702546852827072, 0.5656620514392853, 0.5628654998540878, 0.5671406954526901, 0.5610521286725998, 0.5635196900367737, 0.5596938621997833, 0.5608331406116486, 0.5554289376735687, 0.5546952897310257, 0.554893935918808, 0.5549349761009217, 0.5490840536355972, 0.547218696475029, 0.5457011711597443, 0.547581747174263, 0.5446552395820617, 0.5431720978021621, 0.5424519550800323, 0.5416317152976989, 0.5413284075260162, 0.538793973326683, 0.5391298031806946, 0.5373290115594864, 0.5323836386203766, 0.5337382537126542, 0.5296478593349456, 0.5294755601882934, 0.5289127343893051, 0.5293959242105484, 0.5256338757276535, 0.5244714748859406, 0.5251853328943252, 0.5264031445980072, 0.5197464156150818, 0.5193907970190048, 0.5179472923278808, 0.5167775481939316, 0.5154641163349152, 0.5172632026672364, 0.5179856985807418, 0.5084062659740448, 0.5126323336362839, 0.5107200843095779, 0.5098435825109482, 0.5094471645355224, 0.5095325136184692, 0.5051768934726715, 0.5087800693511962, 0.5049024337530136, 0.5050107342004776, 0.5038711583614349, 0.5030119848251343, 0.5006238025426865, 0.5005104333162308, 0.4989225572347641, 0.49507609486579895, 0.49966302812099456, 0.49295947194099426, 0.49378385722637175, 0.4928673732280731, 0.4952549022436142, 0.4935464084148407, 0.49040596306324, 0.4865575736761093, 0.4907909482717514, 0.48700617730617524, 0.4889840877056122, 0.4873711681365967, 0.48377882957458496, 0.489295579791069, 0.48276285350322723, 0.4831702423095703, 0.48307971060276034, 0.48271776795387267, 0.4819107872247696, 0.4787486672401428, 0.47971982896327975, 0.47774952471256255, 0.47551819682121277, 0.4731265252828598, 0.47549622297286986, 0.47531274080276487, 0.47408259987831114, 0.4719393527507782, 0.4736947387456894, 0.4730273914337158, 0.46801495671272275, 0.46513300597667695, 0.4673166596889496, 0.46806138575077055, 0.4666392719745636, 0.46727025508880615, 0.46793887197971346, 0.4653201299905777, 0.4677314132452011, 0.46326752126216886, 0.46190325617790223, 0.4620250189304352, 0.4635360765457153, 0.4610923790931702, 0.4589041990041733, 0.45813669204711915, 0.45805258095264434, 0.4584220027923584, 0.4573980176448822, 0.4550864458084106, 0.45532647252082825, 0.4543716764450073, 0.4505104875564575, 0.4510790175199509, 0.4508571517467499, 0.449516624212265, 0.4486261284351349, 0.4477378475666046, 0.4454071664810181, 0.44413255512714384, 0.44560107827186585, 0.4461047476530075, 0.4453004390001297, 0.443368136882782, 0.4420164328813553, 0.4454202365875244, 0.44472570896148683, 0.4424603861570358, 0.4389274382591248, 0.44488048791885376, 0.43781048119068144, 0.43948001980781554, 0.4398523551225662, 0.4355908703804016, 0.4377443444728851, 0.43709618628025054, 0.437406108379364, 0.4362272495031357, 0.43387886345386506, 0.43591975390911103, 0.4320613247156143, 0.4326070785522461, 0.4305574297904968, 0.4289295268058777, 0.4304576110839844, 0.4289995229244232, 0.42587425947189333, 0.4293928575515747, 0.42810650944709777, 0.42431163489818574, 0.4277365559339523, 0.42603359758853915, 0.4263266509771347, 0.425171337723732, 0.42394613564014433, 0.4217522925138473, 0.4223998808860779, 0.4233502900600433, 0.42310991704463957, 0.4188084125518799, 0.42095798432827, 0.4220650160312653, 0.41675950825214386, 0.4182829695940018, 0.41967432618141176, 0.4190140038728714, 0.41608848452568054, 0.41691018342971803, 0.41698583483695983, 0.4157145923376083, 0.4178835928440094, 0.4141582554578781, 0.4122250610589981, 0.41477661073207855, 0.4093930393457413, 0.4126769781112671, 0.41173101246356963, 0.4093103396892548, 0.41086876451969145, 0.411580074429512, 0.4076092219352722, 0.41076436400413513, 0.40596500277519226, 0.4098351138830185, 0.4099785214662552, 0.40672087073326113, 0.4039432579278946, 0.40533510625362396, 0.40443259418010713, 0.40507802963256834, 0.40342570960521695, 0.4021442496776581, 0.40258563578128814, 0.40041108667850495, 0.4010936349630356, 0.39767045140266416, 0.39999206125736236, 0.3987855237722397, 0.4010781341791153, 0.3994813430309296, 0.39593281686306, 0.3977471303939819, 0.3956433868408203, 0.39811134815216065, 0.39597474873065946, 0.39446876585483553, 0.39452799916267395, 0.39387873411178587, 0.395784404873848, 0.3926422291994095, 0.39272027313709257, 0.3936162918806076, 0.3901905483007431, 0.39435533463954925, 0.3903034037351608, 0.39116305828094483, 0.38875523149967195, 0.39054722011089327, 0.388515493273735, 0.3907001721858978, 0.38908797323703764, 0.38616510331630705, 0.3884559792280197, 0.3890600770711899, 0.38532234728336334, 0.38763795018196107, 0.3859440165758133, 0.3833372336626053, 0.3851688498258591, 0.38384992480278013, 0.3806462115049362, 0.3828373885154724, 0.3812561768293381, 0.3809397614002228, 0.3807350355386734, 0.38372939705848697, 0.3812417322397232, 0.3771465480327606, 0.38077409982681276, 0.3795855504274368, 0.37711291313171386, 0.381760293841362, 0.3780929625034332, 0.37842488050460815, 0.37708956122398374, 0.37646510779857634, 0.3766338711977005, 0.3800175315141678, 0.3770316165685654, 0.3758484870195389, 0.373503692150116, 0.37621442794799803, 0.37462770104408266, 0.37256961584091186, 0.371495908498764, 0.3723889780044556, 0.3717882889509201, 0.372139550447464, 0.37254803359508515, 0.37349371910095214, 0.3727797716856003, 0.3703114086389542, 0.36941246449947357, 0.36909242033958434, 0.37256119668483734, 0.3658731269836426, 0.3718271607160568, 0.36543999552726747, 0.366070773601532, 0.36614601910114286, 0.36455988109111787, 0.3644640028476715, 0.3640531724691391, 0.366136901974678, 0.3639535665512085, 0.36168017506599426, 0.36691256642341613, 0.3630047994852066, 0.36481303930282594, 0.3645338755846024, 0.36399399995803833, 0.3616617512702942, 0.36019312143325805, 0.3600913631916046, 0.3615285569429398, 0.3613001251220703, 0.36034569799900057, 0.3594691652059555, 0.3591685736179352, 0.35709470212459565, 0.356756392121315, 0.357740678191185, 0.35989510238170624, 0.35730029702186583, 0.35780794262886045, 0.35501220524311067, 0.3537269496917725, 0.35477758169174195, 0.354325635433197, 0.35568190932273863, 0.3553756421804428, 0.3548539113998413, 0.3551170814037323, 0.35506641745567324, 0.35388956844806674, 0.3542942237854004, 0.35338096737861635, 0.3543088847398758, 0.3514337527751923, 0.35043763995170596, 