{"task": {"lambda": 2, "alpha": 3, "lr": 1e-05, "wd": 1e-05, "bits": 48}, "result": {"time stopage": true, "loss": [1.9106033062934875, 1.5274091935157776, 1.4163465881347657, 1.3393873906135558, 1.2893481397628783, 1.2461905479431152, 1.2153154802322388, 1.180287286043167, 1.1568693494796753, 1.1245522248744964, 1.1052058970928191, 1.0803994834423065, 1.05984157204628, 1.0393264210224151, 1.0261233472824096, 1.0122368931770325, 0.9893783450126648, 0.970076265335083, 0.9625083887577057, 0.9440444266796112, 0.9335949575901031, 0.9283795845508576, 0.902270815372467, 0.8909856581687927, 0.8838960456848145, 0.8794993329048156, 0.8628522789478302, 0.8563534545898438, 0.8523923838138581, 0.8416609370708465, 0.8270503544807434, 0.8222686755657196, 0.8133656752109527, 0.7999346196651459, 0.7945257210731507, 0.7831030464172364, 0.7816067171096802, 0.7699241042137146, 0.7642441761493682, 0.7530546975135803, 0.7438962697982788, 0.7487864601612091, 0.7361210858821869, 0.7333884608745574, 0.7212942922115326, 0.7174681913852692, 0.7115699660778045, 0.7051245784759521, 0.7044279801845551, 0.6948590588569641, 0.6856606578826905, 0.6795361506938934, 0.6774745762348175, 0.6697646391391754, 0.6640536069869996, 0.6653514480590821, 0.6574036145210266, 0.6509100651741028, 0.6467343616485596, 0.6436844664812088, 0.6357183039188385, 0.6397263300418854, 0.6294328510761261, 0.6296822845935821, 0.6219488406181335, 0.6199347323179245, 0.6119451820850372, 0.6075839900970459, 0.6048882901668549, 0.604086332321167, 0.5942436420917511, 0.5889546477794647, 0.5895976829528808, 0.5819255721569061, 0.5836751711368561, 0.5767476814985275, 0.5695161426067352, 0.5703449416160583, 0.5663280582427979, 0.5644968146085739, 0.5657031321525574, 0.5586822289228439, 0.5562851333618164, 0.5477573639154434, 0.5455388194322586, 0.5401864004135132, 0.5422022700309753, 0.5384199088811874, 0.5389532619714736, 0.525044116973877, 0.5285162574052811, 0.5233015650510788, 0.5227333980798722, 0.5188029271364212, 0.5179401510953903, 0.5108915346860886, 0.504478224515915, 0.5078368169069291, 0.5038227009773254, 0.49824097871780393, 0.49995214223861695, 0.4969943845272064, 0.493934343457222, 0.4884694194793701, 0.48897205471992494, 0.48942395865917204, 0.4827132326364517, 0.48172061920166015, 0.4756500017642975, 0.47700958013534545, 0.474103085398674, 0.4753485631942749, 0.47124303221702574, 0.46642542719841, 0.4664607632160187, 0.46444928407669067, 0.4585023021697998, 0.4580550342798233, 0.45743154764175414, 0.4480591744184494, 0.4500828504562378, 0.4488859272003174, 0.4486237901449204, 0.44411715388298034, 0.44542955219745634, 0.43905947148799895, 0.43722843766212466, 0.4376584994792938, 0.4332138252258301, 0.43229978322982787, 0.43085493564605715, 0.4261839884519577, 0.42835202157497404, 0.4252101069688797, 0.4236499977111816, 0.4188529616594315, 0.41817597031593323, 0.4166547292470932, 0.412087037563324, 0.4128725403547287, 0.4104519689083099, 0.4096924835443497, 0.40722021758556365, 0.4077884775400162, 0.40294943034648895, 0.4015970802307129, 0.39967252910137174, 0.3988130551576614, 0.39579215943813323, 0.3938744866847992, 0.3915284073352814, 0.38964023351669314, 0.3870538794994354, 0.38880277156829834, 0.38692653357982637, 0.38416053116321563, 0.38266890704631806, 0.383420991897583, 0.3829351872205734, 0.3769372689723969, 0.3743133682012558, 0.3723633563518524, 0.37213782608509066, 0.37054892659187316, 0.368630348443985, 0.36856425344944, 0.3661813563108444, 0.36688600182533265, 0.36550373435020445, 0.3649259579181671, 0.36203698694705966, 0.3609724432229996, 0.3599160438776016, 0.3567394143342972, 0.3541038078069687, 0.3559167844057083, 0.3557382333278656, 0.3491616505384445, 0.34920757651329043, 0.34825840950012205, 0.3485143405199051, 0.34793220400810243, 0.3445121294260025, 0.3424493765830994, 0.34156607985496523, 0.34128990292549133, 0.33873689353466035, 0.33808176696300507, 0.33664148926734927, 0.33538805156946183, 0.3344924122095108, 0.3296598696708679, 0.3321775895357132, 0.3299736738204956, 0.32854520201683046, 0.32664896816015243, 0.3281989604234695, 0.32294282436370847, 0.3240057122707367, 0.3226365575194359, 0.32120958745479583, 0.31852284669876096, 0.32045014202594757, 0.31896035850048066, 0.3166221690177917, 0.31501084327697754, 0.31553259134292605, 0.3116642627120018, 0.3106990033388138, 0.31126907527446745, 0.30970035672187807, 0.3084809082746506, 0.30534298658370973, 0.3068073850870132, 0.30507223308086395, 0.3018447056412697, 0.30333430230617525, 0.30234980314970017, 0.29996442317962646, 0.3001985988020897, 0.2996849837899208, 0.2970212376117706, 0.29480056911706926, 0.2972725993394852, 0.2952330958843231, 0.29274546563625337, 0.2935311275720596, 0.29116679251194, 0.28998446732759475, 0.2885862708091736, 0.28864081829786303, 0.2877433815598488, 0.28736643105745313, 0.2851456478238106, 0.28437065362930297, 0.28250133961439133, 0.281414954662323, 0.2805076438188553, 0.2815224042534828, 0.2801903131604195, 0.2799911844730377, 0.2769297954440117, 0.27805344372987745, 0.27814323544502256, 0.2737555027008057, 0.27218721359968184, 0.2717514401674271, 0.27248958677053453, 0.2690381187200546, 0.2699285724759102, 0.26998559176921844, 0.2669494441151619, 0.2663893070816994, 0.2656673386693001, 0.2645133519172668, 0.2631851315498352, 0.2650719246268272, 0.26175392538309095, 0.2616798487305641, 0.26028515309095385, 0.262174691259861, 0.25895207017660143, 0.2595645079016686, 0.258353551030159, 0.2567480456829071, 0.25585039317607877, 0.2539760521054268, 0.2532417783141136, 0.25632881104946137, 0.25303964883089064, 0.25186416566371916, 0.2516792470216751, 0.2504572495818138, 0.24958645612001418, 0.24914429038763047, 0.24722315281629562, 0.24771682560443878, 0.24732333958148955, 0.24337033361196517, 0.2447138610482216, 0.2449132612347603, 0.2444041031599045, 0.24450548082590104, 0.2419389197230339, 0.24171477288007737, 0.24147896587848663, 0.23947371274232865, 0.23951029270887375, 0.2393394735455513, 0.23712197035551072, 0.2370911172032356, 0.23582704842090607, 0.23527868688106537, 0.23414188832044602, 0.23410895228385925, 0.23326664060354232, 0.23136746406555175, 0.23210595965385436, 0.23024215340614318, 0.23067347526550294, 0.2306179329752922, 0.2286893406510353, 0.22793299615383147, 0.22848451197147368, 0.22567635148763657, 0.22693897783756256, 0.22430002242326735, 0.22521866887807845, 0.2245190554857254, 0.2219765627384186, 0.22189295411109924, 0.22291413754224776, 0.22242612332105638, 0.22087134510278703, 0.22011658489704133, 0.2190236848592758, 0.21796225070953368, 0.21873259723186492, 0.21793293684720993, 0.21791163951158524, 0.21627223789691924, 0.2166451495885849, 0.21481555432081223, 0.21388013780117035, 0.2150527083873749, 0.21203330665826797, 0.2118796554207802, 0.2114686095714569, 0.2101603004336357, 0.21076641708612442, 0.20976418375968933, 0.2084289786219597, 0.207050222158432, 0.2078777262568474, 0.20846844911575318, 0.20762765109539033, 0.20512466847896577, 0.20541423112154006, 0.205326866209507, 0.20469882160425187, 0.20352852672338487, 0.20329226315021515, 0.20288861960172652, 0.20211072355508805, 0.20131513863801956, 0.20011573135852814, 0.20102845519781112, 0.20120042949914932, 0.19973841011524202, 0.19879556328058243, 0.199097355902195, 0.1975484925508499, 0.19749965727329255, 0.1977379822731018, 0.195912247300148, 0.19591942459344863, 0.19475381910800935, 0.19527233213186265, 0.19442698299884797, 0.19351498454809188, 0.19334113776683806, 0.1918514558672905, 0.19257394790649415, 0.19102102249860764, 0.1910002276301384, 0.1896734020113945, 0.189509319961071, 0.18925084829330444, 0.18910446733236314, 0.18882212579250335, 0.18850083976984025, 0.18687297374010087, 0.18691078931093216, 0.18592826634645462, 0.18674045830965041, 0.18553056597709655, 0.18570539742708206, 0.18426204442977906, 0.18442994892597198, 0.18303791373968126, 0.18366748452186585, 0.18381492644548417, 0.18124531894922258, 0.18283167362213135, 0.17935344636440276, 0.18042590022087096, 0.18058145850896834, 