{"task": {"lambda": 1, "alpha": 3, "lr": 1e-05, "wd": 1e-05, "bits": 24}, "result": {"time stopage": true, "loss": [1.6143724155426025, 1.2083674669265747, 1.117083991765976, 1.067214035987854, 1.027397369146347, 0.9934918284416199, 0.9585018372535705, 0.9412518727779389, 0.9149186170101166, 0.8950285625457763, 0.8707477247714996, 0.8540220260620117, 0.8406973600387573, 0.8194266819953918, 0.8127059924602509, 0.7967217779159546, 0.7846262919902801, 0.7669803309440613, 0.7538942515850067, 0.7500418710708618, 0.7366528308391571, 0.7218311715126038, 0.7146449935436249, 0.714164172410965, 0.7063154768943787, 0.6987951445579529, 0.6859680581092834, 0.6748213362693787, 0.6703808152675629, 0.6656722474098206, 0.6557845950126648, 0.6445366466045379, 0.6444561696052551, 0.630958411693573, 0.62371258020401, 0.622259321808815, 0.6180598783493042, 0.6043816649913788, 0.6062215405702591, 0.5986772048473358, 0.5930927532911301, 0.5821175491809845, 0.5823526883125305, 0.5749005454778672, 0.5718271166086197, 0.5685002839565277, 0.5644485116004944, 0.5563237398862839, 0.5536196899414062, 0.5479557710886002, 0.5380227881669998, 0.5347617757320404, 0.5335185992717743, 0.5308964616060257, 0.5252602410316467, 0.5201884067058563, 0.5221089559793473, 0.513259454369545, 0.509505609869957, 0.5084218055009841, 0.5047693538665772, 0.5005242621898651, 0.49404517233371736, 0.4919784486293793, 0.49268690347671507, 0.4834059375524521, 0.4802597212791443, 0.47913357734680173, 0.47714811146259306, 0.47177288234233855, 0.46835296630859374, 0.46603794395923615, 0.46437811136245727, 0.46009791135787964, 0.4588745194673538, 0.45435754537582396, 0.4527998226881027, 0.44925828397274015, 0.44741783022880555, 0.4397896784543991, 0.440285719037056, 0.43659260392189025, 0.4363836091756821, 0.4276423889398575, 0.4290529942512512, 0.4233631020784378, 0.4246054232120514, 0.41900824427604677, 0.4185106891393662, 0.4167950427532196, 0.41649449229240415, 0.4099216973781586, 0.40799069225788115, 0.4050799536705017, 0.40095244228839877, 0.3996629726886749, 0.3933438050746918, 0.39862103581428526, 0.396170499920845, 0.3920837366580963, 0.38846624016761777, 0.3857538789510727, 0.38526856184005737, 0.38332457780838014, 0.38378154575824736, 0.3748081874847412, 0.3771569538116455, 0.376769682765007, 0.37269013583660127, 0.371177704334259, 0.3667214161157608, 0.36266218483448026, 0.3639171361923218, 0.3611508971452713, 0.36217884421348573, 0.3577010267972946, 0.35599360466003416, 0.35472114324569703, 0.3536384856700897, 0.3511290407180786, 0.349002685546875, 0.3446453905105591, 0.34742879211902616, 0.340440958738327, 0.3420024099946022, 0.3382583341002464, 0.3370348674058914, 0.33337700605392456, 0.33539402633905413, 0.33235148429870603, 0.3302561745047569, 0.3284290739893913, 0.32659332305192945, 0.3288137888908386, 0.32630636513233185, 0.32192873328924176, 0.32264793187379837, 0.3177265307307243, 0.31889017909765244, 0.3171125066280365, 0.3148852527141571, 0.31318492591381075, 0.3100143581628799, 0.31186785429716113, 0.3086567550897598, 0.30929641544818876, 0.30587452709674834, 0.30109527200460434, 0.3044236585497856, 0.2998467344045639, 0.30171817749738694, 0.2987452548742294, 0.29700088024139404, 0.2961606439948082, 0.29412949323654175, 0.29177593350410463, 0.2910996446013451, 0.2911309400200844, 0.28992906361818316, 0.28650556564331053, 0.28653819411993026, 0.2852490195631981, 0.2821353611350059, 0.2821622225642204, 0.27947306901216507, 0.27686993837356566, 0.2773537948727608, 0.2756224909424782, 0.27553118765354156, 0.27444893807172777, 0.2737634602189064, 0.270446834564209, 0.26890853226184847, 0.269268864095211, 0.26690602242946626, 0.26701137095689775, 0.2660184735059738, 0.26590065747499464, 0.2635273465514183, 0.2643614971637726, 0.25916335195302964, 0.25820470035076143, 0.2570717641711235, 0.2566790688037872, 0.25809705406427386, 0.2560272064805031, 0.25323515802621843, 0.2526110863685608, 0.25387751519680024, 0.25041557759046557, 0.2487908524274826, 0.24832406759262085, 0.24554242730140685, 0.2476787495613098, 0.24472228229045867, 0.2442257198691368, 0.2427080601453781, 0.2415309342741966, 0.24175752609968185, 0.23922263950109482, 0.24013465732336045, 0.23919276684522628, 0.2352037411928177, 0.23585448652505875, 0.2355401933193207, 0.23471909135580063, 0.2324391484260559, 0.2338854503631592, 0.23172404170036315, 0.23051180869340895, 0.22978914499282838, 0.22731040179729461, 0.22558646738529206, 0.22668309658765792, 0.22605856865644455, 0.22469210654497146, 0.22482847154140473, 0.22306259095668793, 0.22164764493703842, 0.22192838460206984, 0.21937619686126708, 0.21843413829803468, 0.21709716498851775, 0.21679548770189286, 0.21774385124444962, 0.21592821508646012, 0.21497976571321487, 0.21283299922943116, 0.21159455209970474, 0.2109943461418152, 0.21085442423820497, 0.21022115886211395, 0.20902254581451415, 0.2088764190673828, 0.20685866117477417, 0.20704043209552764, 0.20651621550321578, 0.20544850051403046, 0.20502004772424698, 0.20271018743515015, 0.20167293816804885, 0.20147328555583954, 0.20241971522569657, 0.20092708021402358, 0.19817839086055755, 0.199418044090271, 0.19855546027421953, 0.19961631953716277, 0.19592058688402175, 0.19549366384744643, 0.19396742790937424, 0.1944237494468689, 0.19396857768297196, 0.1915923035144806, 0.19341392308473587, 0.19206176429986954, 0.18963197439908983, 0.1888139170408249, 0.18824742555618287, 0.1893891426920891, 0.18845989406108857, 0.1864238703250885, 0.18625565856695175, 0.18563817769289018, 0.18560333281755448, 0.1838885486125946, 0.1829635438323021, 0.18332843959331513, 0.18363030433654784, 0.18096197098493577, 0.17963589429855348, 0.17991584092378615, 0.1788579872250557, 0.17918747395277024, 0.17689025670289993, 0.17644123643636703, 0.17588868021965026, 0.17557226330041886, 0.17381302803754806, 0.17401808381080627, 0.17442394822835922, 0.1733568674325943, 0.17279827654361724, 0.17412108629941941, 0.1699351614713669, 0.1691518446803093, 0.17039955347776414, 0.1695462056994438, 0.16773659944534303, 0.1677224388718605, 0.16722223818302154, 0.16661441773176194, 0.1670632094144821, 0.16660892874002456, 0.16636515468358992, 0.16396989643573762, 0.16385993510484695, 0.16310465335845947, 0.16234998315572738, 0.16247093841433524, 0.16166516929864883, 0.16001714944839476, 0.16031844466924666, 0.15841143682599068, 0.1592524206638336, 0.15883293837308884, 0.15718537122011184, 0.15729958266019822, 0.15700882226228713, 0.15642958909273147, 0.15537514925003051, 0.1558314621448517, 0.15452713817358016, 0.15341090217232703, 0.15273822396993636, 0.1526599059998989, 0.15264923244714737, 0.15233253717422485, 0.15277899459004401, 0.15046923115849495, 0.15145574688911437, 0.1501984664797783, 0.1483495968580246, 0.14862000465393066, 0.1488226705789566, 0.1492352320253849, 0.1467636550962925, 0.14583859890699385, 0.1456480447947979, 0.14530395209789276, 0.1450820818543434, 0.14447222888469696, 0.14260191842913628, 0.14329763665795325, 0.14303209260106087, 0.14193877309560776, 0.14155517920851707, 0.14140425205230714, 0.14033169999718667, 0.14144981488585473, 0.1396423490345478, 0.1385698787868023, 0.13861635819077492, 0.1381567122042179, 0.13794507965445518, 0.13651764005422592, 0.1371731112897396, 0.1373400567471981, 0.1364837968349457, 0.1355080258846283, 0.13488105803728104, 0.134676566272974, 0.1346959300339222, 0.1340400417149067, 0.13327557161450387, 0.13292027190327643, 0.13163344457745552, 0.13257074743509292, 0.13248331174254419, 0.13061710834503173, 0.13103222087025643, 0.12960798054933548, 0.12930624336004257, 0.12925307095050811, 0.1285812070965767, 0.1281088736653328, 0.12773324355483054, 0.12897251293063164, 0.12718503803014755, 0.1268679840862751, 0.12759573817253111, 0.1257367415726185, 0.12418172746896744, 0.12530822113156317, 0.12463676825165748, 0.12339730814099312, 0.12416372045874596, 0.12198470503091813, 0.12279046818614006, 0.12164613634347915, 0.12160810947418213, 0.12238314792513848, 0.12085683703422546, 0.1206018340587616, 