{"task": {"lambda": 1, "alpha": 3, "lr": 1e-06, "wd": 0.0001, "bits": 12}, "result": {"earlyStop": true, "loss": [3.002447733879089, 2.486685791015625, 2.1881160235404966, 2.013549108505249, 1.8864203763008118, 1.784386625289917, 1.7180255270004272, 1.6584110069274902, 1.6160557293891906, 1.5627636861801149, 1.5327656364440918, 1.4945420694351197, 1.4609259176254272, 1.4346789908409119, 1.4178559184074402, 1.3953044724464416, 1.3782895708084106, 1.3690644478797913, 1.35146621465683, 1.3366581296920776, 1.3203975868225097, 1.3071813082695007, 1.3029812335968018, 1.2922440099716186, 1.2789015722274781, 1.2711255502700807, 1.2580410265922546, 1.256511458158493, 1.2491271543502807, 1.234069700241089, 1.2292143893241883, 1.2191065883636474, 1.220274693965912, 1.2171638989448548, 1.2002141761779785, 1.1986266160011292, 1.1832353615760802, 1.1827380180358886, 1.1799280166625976, 1.1730028152465821, 1.1648135221004485, 1.1607196140289306, 1.1555687499046325, 1.1513255155086517, 1.1456016063690186, 1.1451021313667298, 1.134769574403763, 1.1349207830429078, 1.146486324071884, 1.1225897300243377, 1.124416048526764, 1.1157570672035217, 1.119978860616684, 1.1167946684360504, 1.1098105132579803, 1.1029370379447938, 1.0958037602901458, 1.0927977299690246, 1.096553646326065, 1.095705397129059, 1.08420281291008, 1.0767433750629425, 1.0755441522598266, 1.0736812508106233, 1.0739527285099029, 1.0644075679779053, 1.0615295386314392, 1.0671039140224456, 1.0633172476291657, 1.05335688829422, 1.0516092443466187, 1.052764083147049, 1.0472815871238708, 1.0463485896587372, 1.043508539199829, 1.0391792178153991, 1.0360240888595582, 1.0336834502220154, 1.0270640575885772, 1.0284118247032166, 1.021910001039505, 1.0241665077209472, 1.0208715772628785, 1.0157534205913543, 1.014006369113922, 1.0119576621055604, 1.008815369606018, 1.0108118867874145, 1.002387878894806, 1.0034926080703734, 0.9976310586929321, 0.9974892508983612, 0.994363124370575, 0.9865293872356414, 0.9931977367401124, 0.9823150408267974, 0.982188971042633, 0.9812083113193512, 0.9803827250003815, 0.9767203259468079, 0.9755671286582946, 0.9646151351928711, 0.9605024945735932, 0.9617066144943237, 0.963116694688797, 0.9604078686237335, 0.9607292485237121, 0.954809775352478, 0.9533813548088074, 0.9481803047657013, 0.9496759581565857, 0.9455238080024719, 0.9490556824207306, 0.9411167871952056, 0.9454836070537567, 0.9364981746673584, 0.9377585434913636, 0.9342589139938354, 0.9310092830657959, 0.9339318108558655, 0.9257552552223206, 0.9241465067863465, 0.9224915599822998, 0.9192724192142486, 0.9119960927963257, 0.9228567326068878, 0.9133467233181, 0.9123366892337799, 0.9131744360923767, 0.915407509803772, 0.9105746376514435, 0.9063651192188263, 0.9017932116985321, 0.9024599909782409, 0.9047142708301544, 0.8992341232299804, 0.9055866897106171, 0.907086535692215, 0.8951836383342743, 0.8993416094779968, 0.8980104386806488, 0.8931600666046142, 0.8918073880672455, 0.8896512150764465, 0.8888881206512451, 0.8865953350067138, 0.8912327659130096, 0.8878374230861664, 0.8816921591758728, 0.883312726020813, 0.878249694108963, 0.8766737174987793, 0.877691754102707, 0.8766131377220154, 0.8689694058895111, 0.8725519335269928, 0.8757803511619567, 0.8689422309398651, 0.8710476219654083, 0.8638826978206634, 0.8663104867935181, 0.8633727324008942, 0.8595717704296112, 0.8638789570331573, 0.858077974319458, 0.8590863001346588, 0.85471688747406, 0.8582853651046753, 0.8569854485988617, 0.8551620900630951, 0.8576718270778656, 0.8523893570899963, 0.8566079497337341, 0.8463159120082855, 0.851222220659256, 0.8468582260608674, 0.8475400090217591, 0.8495694375038148, 0.8425781226158142, 0.8413666617870331, 0.8395353889465332, 0.8381394124031067, 0.8358056890964508, 0.8388434731960297, 0.8354805767536163, 0.8390497446060181, 0.8362774920463562, 0.8370844674110413, 0.8332276570796967, 0.8276638865470887, 0.8310987305641174, 0.8305564856529236, 0.8279695916175842, 0.8270244705677032, 0.8237522554397583, 0.8267758238315582, 0.8226860654354096, 0.8187782192230224, 0.8189180982112885, 0.8211277568340302, 0.8216830396652222, 0.8206739330291748, 0.8173844707012177, 0.8114410531520844, 0.8131429612636566, 0.8152116537094116, 0.8173703479766846, 0.8088792598247528, 0.8121357333660125, 0.8100516808032989, 0.8087877428531647, 0.8123999798297882, 0.8057666146755218, 0.8043835592269898, 0.8024250733852386, 0.8033918392658234, 0.8062347805500031, 0.8052260196208954, 0.8049517118930817, 0.7987778902053833, 0.7960087049007416, 0.800859602689743, 0.8006762862205505, 0.7982386410236358, 0.7989052248001098, 0.7952633321285247, 0.7925099921226502, 0.7909644663333892, 0.790336434841156, 0.7899085545539856, 0.7904434359073639, 0.7898753988742828, 0.7861320018768311, 0.7915068519115448, 0.787124787569046, 0.7883200788497925, 0.788735203742981, 0.7869177329540252, 0.7849080371856689, 0.7821270596981048, 0.7790510153770447, 0.7804995083808899, 0.7855033922195435, 0.7809052872657776, 0.7774198794364929, 0.7774955904483796, 0.7809355199337006, 0.7787978899478912, 0.7751460230350494, 0.7764635586738586, 0.7665609610080719, 0.7702753853797912, 0.7721470654010772, 0.7716056060791016, 0.769898990392685, 0.770111643075943, 0.7678132820129394, 0.7666964411735535, 0.7693985259532928, 0.7649092066287995, 0.7666003012657165, 0.7640170586109162, 0.7667385137081146, 0.7625016152858735, 0.7651429951190949, 0.7646835851669311, 0.7560669541358948, 0.7582447171211243, 0.7625078356266022, 0.758080278635025, 0.7610160541534424, 0.7597441387176513, 0.7576012754440308, 0.7556460428237916, 0.7589257228374481, 0.7545507252216339, 0.7545134043693542, 0.7545785617828369, 0.753295727968216, 0.7515320920944214, 0.7497818517684937, 0.7495746695995331, 0.7451873087882995, 0.7530852556228638, 0.7467881500720978, 0.7491147220134735, 0.7502771484851837, 0.7414336204528809, 0.7393894171714783, 0.7419716191291809, 0.7417325389385223, 0.7385231184959412, 0.7404465210437775, 0.7353940498828888, 0.7403276824951172, 0.7415058624744415, 0.74050985455513, 0.7406493747234344, 0.7334223890304565, 0.7383502805233002, 0.7328767514228821, 0.7397215235233306, 0.7355774021148682, 0.7347164523601531, 0.7374145078659058, 0.7344082152843475, 0.7348618149757385, 0.731071183681488, 0.726970876455307, 0.7303816246986389, 0.7237270665168762, 0.7283638799190522, 0.724111979007721, 0.7276844847202301, 0.728762269616127, 0.7245140945911408, 0.7290637719631196, 0.7290011048316956, 0.7244059717655182, 0.7286863255500794, 0.7217055702209473, 0.7227063596248626, 0.7218012011051178, 0.7167011511325836, 0.7169424402713775, 0.7230498254299164, 0.7180625164508819, 0.7183220183849335, 0.7153954100608826, 0.7183023607730865, 0.7136054754257202, 0.7151333522796631, 0.711015202999115, 0.7170995080471039, 0.7155438828468322, 0.7158976936340332, 0.7122617149353028, 0.7115240466594696, 0.7140918719768524, 0.7101789033412933, 0.7106484270095825, 0.7129639792442322, 0.7104738163948059, 0.7106153202056885, 0.7061934363842011, 0.7072254991531373, 0.7007978487014771, 0.7047939419746398, 0.70372882604599, 0.7024173474311829, 0.7044124865531921, 0.705822205543518, 0.7070346713066101, 0.6999240696430207, 0.7003811943531036, 0.6981009644269943, 0.7002149832248687, 0.7014274787902832, 0.6983500230312347, 0.6980980587005615, 0.7010041761398316, 0.7011858904361725, 0.6972146689891815, 0.7007046163082122, 0.6965260219573974, 0.6944397294521332, 0.6943290650844574, 0.6938683962821961, 0.6957875967025757, 0.6925288152694702, 0.6886559629440308, 0.6960217773914337, 0.6850726294517517, 0.6910708725452424, 0.688829036951065, 0.693556489944458, 0.6970803105831146, 0.6868008387088775, 0.6886266303062439, 0.6897198700904846, 0.6878016865253449, 0.6926448702812195, 0.6865920877456665], "map": 0.6044991958399882}, "time": 698.5041356086731}