{"task": {"lambda": 1, "alpha": 5, "lr": 1e-05, "wd": 0.0001, "bits": 12}, "result": {"time stopage": true, "loss": [2.4834196519851686, 1.9355070853233338, 1.807992742061615, 1.7364781618118286, 1.6912274765968323, 1.6315503358840941, 1.593757426738739, 1.5553731203079224, 1.5410268878936768, 1.5116792488098145, 1.4695206546783448, 1.4505786871910096, 1.4378848338127137, 1.4042784833908082, 1.3849136519432068, 1.3664482069015502, 1.3427311396598816, 1.329887764453888, 1.3043793249130249, 1.288233323097229, 1.2693750369548797, 1.2594555199146271, 1.241788854598999, 1.2265052497386932, 1.2129399156570435, 1.2064371585845948, 1.1805933070182801, 1.1787733268737792, 1.173326437473297, 1.1538219821453095, 1.1492953741550445, 1.1364704859256745, 1.122999815940857, 1.1230992138385774, 1.1033111715316772, 1.0975495779514313, 1.0899535071849824, 1.0812086081504821, 1.0687932527065278, 1.0568042266368867, 1.0548936653137206, 1.0496475577354432, 1.033251336812973, 1.0388879239559174, 1.0276600897312165, 1.022628345489502, 1.0084944593906402, 1.0123379576206206, 0.9975105512142182, 0.9904814279079437, 0.9935062956809998, 0.9790282320976257, 0.9747562444210053, 0.9681452858448029, 0.963810863494873, 0.9554710304737091, 0.9430744850635528, 0.9397598457336426, 0.936098210811615, 0.934833265542984, 0.9266933035850525, 0.920193806886673, 0.913358234167099, 0.9124136018753052, 0.9069308829307556, 0.9026299667358398, 0.8931731188297272, 0.8900195324420929, 0.8806240010261536, 0.8714377975463867, 0.870836021900177, 0.8624564743041992, 0.8616643404960632, 0.8613397097587585, 0.8542637515068054, 0.848635196685791, 0.8421192145347596, 0.8402441990375519, 0.8347484982013702, 0.8354898416996002, 0.8255681669712067, 0.8180986332893372, 0.8177359533309937, 0.8139185047149659, 0.8068212401866913, 0.80349609375, 0.7932743990421295, 0.7941363155841827, 0.789866795539856, 0.7861804509162903, 0.7878669905662536, 0.7834209954738617, 0.7763221943378449, 0.7752421760559082, 0.7681724977493286, 0.7629748582839966, 0.762873911857605, 0.7541383111476898, 0.7604166901111603, 0.7494496381282807, 0.7543271589279175, 0.74146892786026, 0.7403984761238098, 0.739226199388504, 0.737287483215332, 0.7305230474472046, 0.7311040675640106, 0.7239746248722077, 0.7246847939491272, 0.7179016542434692, 0.7156995356082916, 0.7113436937332154, 0.7078001010417938, 0.7039902031421661, 0.7013499081134796, 0.702979017496109, 0.6986007475852967, 0.6930639779567719, 0.6896117579936981, 0.6894496798515319, 0.6849316501617432, 0.6814317607879639, 0.6813794672489166, 0.6799256706237793, 0.6749075317382812, 0.6717149198055268, 0.6716619145870208, 0.6662096780538559, 0.6645473003387451, 0.6612627518177032, 0.6581185865402222, 0.6482513678073883, 0.6477439749240875, 0.6491154479980469, 0.6412261945009231, 0.6423949474096298, 0.6383266580104828, 0.6398306429386139, 0.6383893704414367, 0.6300769186019898, 0.6279947358369827, 0.6291376221179962, 0.624396094083786, 0.6216707295179367, 0.6214499461650849, 0.61481485247612, 0.6099486249685288, 0.610005966424942, 0.6109925532341003, 0.604466232061386, 0.6092193305492402, 0.6025376158952713, 0.6032537543773651, 0.5950879526138305, 0.5959114897251129, 0.5879668116569519, 0.5960504972934723, 0.5856675499677658, 0.5870326042175293, 0.5862624192237854, 0.5821233087778092, 0.5797079503536224, 0.5819094008207322, 0.5721080958843231, 0.5730713152885437, 0.5702702587842942, 0.5679165416955948, 0.5664615035057068, 0.562240964770317, 0.5628925067186356, 0.5526299840211868, 0.5535076099634171, 0.5514553433656693, 0.5507793700695038, 0.549332846403122, 0.5484428316354751, 0.5434026145935058, 0.539117101430893, 0.5457405370473861, 0.5410325592756271, 0.5393008470535279, 0.5380306935310364, 0.5337669533491135, 0.5354338610172271, 0.5353719586133957, 0.5281045281887055, 0.5287865787744522, 0.5232477533817291, 0.5243147099018097, 0.5218556481599808, 0.5231536954641343, 0.5217938899993897, 0.5180838590860367, 0.5116100376844406, 0.514641380906105, 0.5111097759008407, 0.5087075692415237, 0.5062949019670486, 0.4974359279870987, 0.5007413280010223, 0.5035285598039627, 0.5025277256965637, 0.4988592493534088, 0.4991688448190689, 0.4949759513139725, 0.4950836235284805, 0.4920309603214264, 0.48588084876537324, 0.49077608466148376, 0.48066226959228514, 0.48212726414203644, 0.48023283421993257, 0.47999860167503355, 0.47893779158592226, 0.47943023681640623, 0.4816000306606293, 0.4736155587434769, 0.47428197383880616, 0.4674133813381195, 0.4671941673755646, 0.46545843183994295, 0.46618357837200164, 0.4639053738117218, 0.46373909056186674, 0.46239187955856326, 0.45959056437015533, 0.4597182524204254, 0.45831756114959715, 0.4553254568576813, 0.4532734614610672, 0.45211975812911986, 0.4476860648393631, 0.44937400162220004, 0.444602707028389, 0.4462079805135727, 0.44506322920322416, 0.44117560386657717, 0.441088827252388, 0.43953286707401273, 0.4390145981311798, 0.4369282156229019, 0.431224964261055, 0.43323367953300473, 0.434284930229187, 0.4300686281919479, 0.428556290268898, 0.42846481084823607, 0.42354711949825286, 0.4242865478992462, 0.4259349048137665, 0.42161615312099454, 0.41938748717308044, 0.41916055619716647, 0.4155527377128601, 0.41708994448184966, 0.41598110616207123, 0.4108845853805542, 0.41177019476890564, 0.40951345264911654, 0.4092693328857422, 0.4061743837594986, 0.4068646055459976, 0.40600680351257323, 0.4046901857852936, 0.4009643179178238, 0.4006598383188248, 0.40206529319286344, 0.3983358800411224, 0.39628605723381044, 0.3968588292598724, 0.39383488714694975, 0.39087316691875457, 0.3900225925445557, 0.3915424317121506, 0.3876894581317902, 0.3878462690114975, 0.38824237406253814, 0.3851251417398453, 0.38523837506771086, 0.3833769351243973, 0.38383816003799437, 0.3794696867465973, 0.3782743614912033, 0.38225630402565003, 0.3789408200979233, 0.37335676431655884, 0.3746847814321518, 0.3755431389808655, 0.37406659841537476, 0.3712552309036255, 0.3707833725214005, 0.3688548910617828, 0.36716324687004087, 0.3672200977802277, 0.3658444404602051, 0.3650929886102676, 0.36314368307590483, 0.361656551361084, 0.3598645889759064, 0.3625543749332428, 0.3588873589038849, 0.3558762460947037, 0.3560172027349472, 0.35511968553066253, 0.35198476433753967, 0.35318439185619355, 0.3510386997461319, 0.3523128432035446, 0.3487374985218048, 0.35005780339241027, 0.34831059753894805, 0.3451574546098709, 0.34590442597866056, 0.34186084032058717, 0.34638356387615205, 0.34290516793727877, 0.3400460112094879, 0.33949858367443086, 0.3375613886117935, 0.33748233437538144, 0.33800895810127257, 0.33603244125843046, 0.33630271077156065, 0.33339531302452086, 0.33633175253868103, 0.334164759516716, 0.3302795606851578, 0.33027644753456115, 0.32913662374019625, 0.3271581155061722, 0.3273778545856476, 0.3265941774845123, 0.3267241308093071, 0.3294559967517853, 0.32206660687923433, 0.32356239020824434, 0.3206282043457031, 0.32249568700790404, 0.31986045330762863, 0.31860014379024504, 0.31828529089689256, 0.3161552485823631, 0.31426445782184603, 0.3144741141796112, 0.3122070088982582, 0.3123045843839645, 0.3113982903957367, 0.31030797123909, 0.3098244750499725, 0.31072967767715454, 0.30863962292671204, 0.307701535820961, 0.30671979308128355, 0.3066679638624191, 0.30555629134178164, 0.30247594475746153, 0.3055064731836319, 0.30115673065185544, 0.300882363319397, 0.2989825469255447, 0.2992974144220352, 0.29867294132709504, 0.29787502855062487, 0.2987958538532257, 0.2940515124797821, 0.29282227098941804, 0.2925638908147812, 0.29189770996570585, 0.29364070415496824, 0.2915746408700943, 0.28956885159015655, 0.28965240478515625, 0.2885776945948601, 0.2867624351382256, 0.2866849872469902, 0.28451201498508455, 0.2841202506422997, 0.2846864864230156, 0.2819802838563919, 0.28085490822792053, 0.28203778713941574, 0.28018335610628126, 0.28089421331882475, 0.2785392373800278, 0.27901813864707947, 0.2768803212046623, 0.2766497480869293, 0.27725428074598313, 0.2754539987444878, 0.27716473668813707, 0.2756974941492081, 0.2744832146167755, 