{"task": {"lambda": 2, "alpha": 1, "lr": 1e-06, "wd": 0.0001, "bits": 32}, "result": {"earlyStop": true, "loss": [1.9188858795166015, 1.6318215012550354, 1.4934780979156494, 1.4133375525474547, 1.3537398815155028, 1.3011399984359742, 1.2607127737998962, 1.2201673889160156, 1.189475736618042, 1.1606736755371094, 1.1334566211700439, 1.1135367906093598, 1.0919321608543395, 1.0688754141330719, 1.0579978454113006, 1.0375850915908813, 1.025215321779251, 1.01341437458992, 0.997682945728302, 0.9825576937198639, 0.9726549625396729, 0.9648702967166901, 0.9512639367580413, 0.9434066021442413, 0.9281242311000824, 0.9268374466896057, 0.9156365978717804, 0.9099101543426513, 0.9016870522499084, 0.8907205307483673, 0.885975444316864, 0.8815619146823883, 0.8770337688922882, 0.8711210739612579, 0.861002379655838, 0.8588303089141845, 0.8499022471904755, 0.8458942568302155, 0.8368126952648163, 0.8327125561237335, 0.8318641412258149, 0.8275800263881683, 0.8205733442306519, 0.8202454996109009, 0.8136651146411896, 0.8071199083328247, 0.8000974833965302, 0.7996875190734863, 0.7908554720878601, 0.7915711927413941, 0.7876465499401093, 0.7880149102210998, 0.7821025669574737, 0.7791359651088715, 0.7748984944820404, 0.7735389459133148, 0.7659811794757843, 0.7676370334625244, 0.7642233765125275, 0.7583532345294952, 0.7589969956874847, 0.751316169500351, 0.749440621137619, 0.7469873344898224, 0.7448466873168945, 0.7418601942062378, 0.7427349996566772, 0.7383884632587433, 0.7379779076576233, 0.7327717280387879, 0.7265251863002777, 0.730527902841568, 0.7264323568344117, 0.7247093522548675, 0.7203577339649201, 0.7200802779197693, 0.7161952149868012, 0.7108265161514282, 0.7149973976612091, 0.712179571390152, 0.7143095934391022, 0.7043484401702881, 0.7032680916786194, 0.6965176069736481, 0.6988157594203949, 0.6987552952766418, 0.696448312997818, 0.6910030841827393, 0.6954520320892335, 0.6873729777336121, 0.6897204458713532, 0.6886412465572357, 0.6866494858264923, 0.68521719455719, 0.679234298467636, 0.6809328246116638, 0.6790978538990021, 0.6738410484790802, 0.6746464490890502, 0.6722917318344116, 0.6659644210338592, 0.6704204726219177, 0.6676864647865295, 0.6711214375495911, 0.6656551015377045, 0.6620255303382874, 0.6636612606048584, 0.661946017742157, 0.6592713356018066, 0.6581970286369324, 0.6574954831600189, 0.6540884113311768, 0.6518346893787385, 0.6508110225200653, 0.6521242475509643, 0.6521097564697266, 0.6502638852596283, 0.6420570230484008, 0.6427859318256378, 0.6418619287014008, 0.641669727563858, 0.6408525812625885, 0.6380359160900116, 0.636918762922287, 0.6347163879871368, 0.6379818654060364, 0.6354597342014313, 0.6322185921669007, 0.629660462141037, 0.631264545917511, 0.6287917590141296, 0.6326733815670014, 0.6251214253902435, 0.6269400358200073, 0.6220394456386567, 0.6277380520105362, 0.6191880637407303, 0.622939128279686, 0.6189085340499878, 0.6186247777938843, 0.6135925632715226, 0.6149547529220581, 0.6188262188434601, 0.6134701430797577, 0.6114794516563415, 0.6120285558700561, 0.6123146033287048, 0.6092975020408631, 0.6083935177326203, 0.6074314153194428, 0.606027809381485, 0.6017331826686859, 0.6057460606098175, 0.6016314429044723, 0.6000756937265396, 0.6009659039974212, 0.6022315573692322, 0.5995269590616226, 0.5973572039604187, 0.5994867795705795, 0.5978866410255432, 0.5956565940380096, 0.5960517054796219, 0.5931085044145584, 0.5864698046445846, 0.5946152579784393, 0.5898642075061798, 0.588212502002716, 0.5894268548488617, 0.5870188224315643, 0.5856333738565445, 0.582026549577713, 0.583647667169571, 0.5830183088779449, 0.5840342062711715, 0.5823379212617874, 0.5790254789590835, 0.5767681479454041, 0.5773027169704438, 0.5720198398828507, 0.5768980777263641, 0.5758730620145798, 0.5760649609565734, 0.5760188490152359, 0.5693564510345459, 0.5729946058988571, 0.5699187135696411, 0.5680190980434418, 0.5687428694963456, 0.5696417117118835, 0.5672344022989273, 0.568515436053276, 0.5664328330755234, 0.5620729440450668, 0.5608406335115432, 0.5632068258523941, 0.56176349401474, 0.5603299510478973, 0.5571326315402985, 0.5581976622343063, 0.5559675931930542, 0.5570225882530212, 0.5598650372028351, 0.5567311435937882, 0.555847423672676, 0.5525818395614625, 0.5525185251235962, 0.5507713437080384, 0.5503493928909302, 0.5499853008985519, 0.5493616527318954, 0.5488560646772385, 0.5476032197475433, 0.5475083601474762, 0.5474415242671966, 0.5460012364387512, 0.5454185432195664, 0.5407492500543595, 0.542788137793541, 0.5427774256467819, 0.5396270787715912, 0.5379517090320587, 0.539691601395607, 0.5396663933992386, 0.543710475564003, 0.5395658904314041, 0.5340713423490524, 0.5369090896844864, 0.5341066789627075, 0.5348063677549362, 0.5361094802618027, 0.5329551225900651, 0.5340304696559905, 0.5325471192598343, 0.5322332829236984, 0.5282535630464554, 0.5270608240365982, 0.5292076790332794, 0.5272080886363983, 0.5235283672809601, 0.5241453874111176, 0.5264304447174072, 0.5267553240060806, 0.525217651128769, 0.5252383881807328, 0.5213166213035584, 0.5199078387022018, 0.5217027628421783, 0.5201551520824432, 0.5244332313537597, 0.5180896538496017, 0.5181195288896561, 0.5207938092947006, 0.5187865471839905, 0.5151004874706269, 0.5178030514717102, 0.5163866668939591, 0.5144034570455551, 0.5112542700767517, 0.5127239143848419, 0.5146794933080673, 0.5106475222110748, 0.5127432030439377, 0.509399207830429, 0.5110766381025315, 0.5105545860528946, 0.5066440790891648, 0.5077537041902542, 0.5048460894823075, 0.5078102749586105, 0.5062764269113541, 0.504365074634552, 0.5026490592956543, 0.5026799440383911, 0.5030227071046829, 0.5013066697120666, 0.5028562200069427, 0.5025531905889511, 0.5017951691150665, 0.4973772758245468, 0.499614480137825, 0.4991318851709366, 0.4949905973672867, 0.49733511567115785, 0.4983206975460053, 0.49673856735229494, 0.49233575999736784, 0.4945944160223007, 0.4926038819551468, 0.49241135478019715, 0.49342681884765627, 0.491107097864151, 0.49219734013080596, 0.48922834157943723, 0.4894747793674469, 0.48889517366886137, 0.49263476848602294, 0.49180653333663943, 0.48917155385017397, 0.48838963866233825, 0.48861446738243103, 0.48607005894184113, 0.48681843221187593, 0.4886931365728378, 0.4867402130365372, 0.4842408984899521, 0.48149283647537233, 0.4825628983974457, 0.4833296310901642, 0.4851430869102478, 0.4776986283063889, 0.4794937813282013, 0.4783982521295547, 0.4768554961681366, 0.4812834304571152, 0.47816276371479033, 0.4797410637140274, 0.47855954051017763, 0.4770050609111786, 0.4756608420610428, 0.4744298881292343, 0.47613378942012785, 0.47381134688854215, 0.4749869906902313, 0.4737579882144928, 0.4737017422914505, 0.4687212210893631, 0.4723196542263031, 0.47188060522079467, 0.4722357088327408, 0.4675780844688415, 0.47127801954746246, 0.4676257884502411, 0.46837363064289095, 0.47182769477367403, 0.4669109731912613, 0.4689093750715256, 0.46857025384902956, 0.46374489068984986, 0.4656381326913834, 0.46700302958488465, 0.46735464453697206, 0.4626504468917847, 0.4647303032875061, 0.46255528926849365, 0.4627552801370621, 0.4621933829784393, 0.46116176426410677, 0.46400148928165436, 0.4613545763492584, 0.45742149770259855, 0.4588677650690079, 0.458450887799263, 0.45802335798740385, 0.4579762041568756, 0.4573536539077759, 0.45799521028995516, 0.4551298779249191, 0.4550559729337692, 0.455325026512146, 0.45619324684143064, 0.45544325590133666, 0.45730819046497345, 0.45355575025081635, 0.4517753338813782, 0.4525212699174881, 0.45285731077194213, 0.45163240253925324, 0.45255785703659057, 0.4481516981124878, 0.44929231107234957, 0.44963368356227873, 0.4502380657196045, 0.4477223026752472, 0.4465250951051712, 0.44725180745124815, 0.4489702981710434, 0.4487891471385956, 0.4494897818565369, 0.44586016952991486, 0.44297277331352236, 0.44508092999458315, 0.4441929072141647, 0.4434593218564987, 0.4444625902175903, 0.4451725769042969, 0.4444542068243027, 0.44521036744117737, 0.4421659725904465, 0.4439179855585098, 0.4410704606771469, 0.4411891561746597, 0.44066635131835935, 