{"task": {"lambda": 2, "alpha": 5, "lr": 1e-06, "wd": 0.0001, "bits": 12}, "result": {"earlyStop": true, "loss": [5.295764808654785, 4.534402141571045, 4.011965618133545, 3.6768509006500243, 3.444562997817993, 3.285943627357483, 3.1779944610595705, 3.090868353843689, 3.005327653884888, 2.9482845067977905, 2.9047720766067506, 2.859400315284729, 2.809910478591919, 2.763269238471985, 2.745851364135742, 2.706290879249573, 2.6736958360672, 2.6282828664779663, 2.6018971824645996, 2.56344642162323, 2.525985655784607, 2.508147029876709, 2.4723159408569337, 2.4578598833084104, 2.4200086641311644, 2.3987307262420656, 2.374405822753906, 2.356916694641113, 2.3345982313156126, 2.3175602459907534, 2.306202826499939, 2.2781310081481934, 2.275188364982605, 2.2512372660636903, 2.238029761314392, 2.228431420326233, 2.2107558822631836, 2.197837851047516, 2.195599753856659, 2.1824649286270144, 2.172503695487976, 2.1715677118301393, 2.1516314721107483, 2.139468514919281, 2.1378411436080933, 2.1144048500061037, 2.112045965194702, 2.1111186003684996, 2.099383306503296, 2.0932171177864074, 2.0827517461776734, 2.0740985226631166, 2.07295419216156, 2.059298906326294, 2.0594646739959717, 2.0546072340011596, 2.053345732688904, 2.0457801818847656, 2.02877069234848, 2.03715717792511, 2.0176321268081665, 2.018393566608429, 2.011276481151581, 2.013625195026398, 1.999060299396515, 2.0009960651397707, 1.995101134777069, 1.9911803960800172, 1.9881095361709595, 1.9814111113548278, 1.9747961235046387, 1.9641958117485045, 1.9683835005760193, 1.9676152849197388, 1.9565977883338928, 1.9520817017555236, 1.9507027173042297, 1.9451145815849304, 1.9354271245002748, 1.9339182496070861, 1.9359489274024964, 1.932298698425293, 1.931528217792511, 1.916270248889923, 1.9228098511695861, 1.9144653797149658, 1.9094408178329467, 1.9189591479301453, 1.9111295080184936, 1.9001541972160338, 1.895244882106781, 1.896512920856476, 1.8916117715835572, 1.893700053691864, 1.8917990922927856, 1.884532630443573, 1.8844575548171998, 1.8797594952583312, 1.8756315898895264, 1.867790491580963, 1.8680106949806214, 1.8618827748298645, 1.860059804916382, 1.8617455506324767, 1.8605986404418946, 1.8506196451187134, 1.8426751136779784, 1.8410834646224976, 1.8376000118255615, 1.8458189845085144, 1.8462753248214723, 1.8409296822547914, 1.836130599975586, 1.832483401298523, 1.8251981139183044, 1.829494228363037, 1.8262154960632324, 1.8151848816871643, 1.8179341411590577, 1.8133208179473876, 1.805526740550995, 1.8064654183387756, 1.8080538201332093, 1.8035388278961182, 1.8054171681404114, 1.793342912197113, 1.7986299967765809, 1.7897193551063537, 1.7861528706550598, 1.782088921070099, 1.7870232057571411, 1.7770930624008179, 1.7776556611061096, 1.7705644035339356, 1.7764145302772523, 1.7725587487220764, 1.7674265360832215, 1.7521671772003173, 1.766361918449402, 1.7605703258514405, 1.7564454436302186, 1.7567914462089538, 1.7553089952468872, 1.7500906848907472, 1.7443575382232666, 1.7430745077133178, 1.7358585715293884, 1.736454312801361, 1.730585880279541, 1.728963007926941, 1.7285883164405822, 1.7193850564956665, 1.7232879376411439, 1.7244727087020875, 1.7232151699066163, 1.7158470964431762, 1.7118438243865968, 1.7136154651641846, 1.7078149366378783, 1.7074751091003417, 1.710668523311615, 1.697001645565033, 1.6984894943237305, 1.693036482334137, 1.7015398669242858, 1.696411714553833, 1.6915633058547974, 1.6944514775276185, 1.6876136994361877, 1.688708484172821, 1.6914111757278443, 1.6875839805603028, 1.6782746338844299, 1.677214677333832, 1.6772133922576904, 1.6756762266159058, 1.6687256765365601, 1.6682046747207642, 1.6660365819931031, 1.6661034059524535, 1.665710108280182, 1.6644191002845765, 1.6580712127685546, 1.6664087653160096, 1.6547887110710144, 1.6543895173072816, 1.652707312107086, 1.6495948648452758, 1.6469463539123534, 1.659564073085785, 1.6431373023986817, 1.6454122138023377, 1.6370158076286316, 1.643430073261261, 1.6377568244934082, 1.6493135690689087, 1.6278221893310547, 1.633528742790222, 1.6340624260902405, 1.633234977722168, 1.6278366780281066, 1.6253404712677002, 1.6278423261642456, 1.6210991978645324, 1.6199824905395508, 1.6196163201332092, 1.6117918133735656, 1.6171504330635071, 1.6184392547607422, 1.6113060426712036, 1.6152504348754884, 1.6152462244033814, 1.6091755175590514, 1.607303385734558, 1.6003067755699159, 1.6048668599128724, 1.6044373393058777, 1.5997422599792481, 1.596654453277588, 1.5979361891746522, 1.5977729177474975, 1.60140611410141, 1.5963043284416198, 1.5851708269119262, 1.592859649658203, 1.5867998504638672, 1.586682002544403, 1.5834888434410095, 1.5732470226287842, 1.5760826635360718, 1.5700909543037413, 1.5794512271881103, 1.5748128366470338, 1.572676568031311, 1.5698772859573364, 1.5730182337760925, 1.5631805634498597, 1.5611174416542053, 1.5606428599357605, 1.562801055908203, 1.557010943889618, 1.5627993535995484, 1.5599309277534485, 1.5588157534599305, 1.5503782558441161, 1.5514466309547423, 1.5492162466049195, 1.54180100440979, 1.5414729356765746, 1.5525330710411072, 1.5371490836143493, 1.5436065697669983, 1.5422324895858766, 1.532216432094574, 1.5304471135139466, 1.5293545746803283, 1.5398285222053527, 1.5377106189727783, 1.5216515445709229, 1.5304350805282594, 1.5265947842597962, 1.530251910686493, 1.5241713213920594, 1.5125087237358092, 1.5174252963066102, 1.522155728340149, 1.514391827583313, 1.5093642735481263, 1.5183270621299743, 1.519322702884674, 1.5069186806678772, 1.5024428701400756, 1.5076103806495667, 1.5089442372322082, 1.503379406929016, 1.5034512972831726, 1.5077966690063476, 1.5031921195983886, 1.507265977859497, 1.5001064896583558, 1.5007760334014892, 1.497309021949768, 1.4934663152694703, 1.497176616191864, 1.4961741137504578, 1.4924022603034972, 1.4842779922485352, 1.4938340783119202, 1.4910655283927918, 1.4926352858543397, 1.4924472308158874, 1.4863827395439149, 1.4890646862983703, 1.4838617873191833, 1.481240530014038, 1.4823113346099854, 1.4734933471679688, 1.4732621431350708, 1.4781860303878784, 1.4798887705802917, 1.4775316691398621, 1.4755301547050477, 1.4769654774665832, 1.470170385837555, 1.4692094945907592, 1.469750506877899, 1.474342143535614, 1.4673685646057129, 1.4606476211547852, 1.461677429676056, 1.466492280960083, 1.464882583618164, 1.4640222072601319, 1.4645418190956117, 1.4654130339622498, 1.456149914264679, 1.4518029856681824, 1.462106201648712, 1.447095742225647, 1.4544738054275512, 1.45053884267807, 1.4495380902290345, 1.4521507620811462, 1.4450777983665466, 1.4430764317512512, 1.448509120941162, 1.4487951588630676, 1.446191589832306, 1.4378217124938966, 1.4385922503471376, 1.4424414014816285, 1.4341036319732665, 1.4372648692131043, 1.4412968420982362, 1.4354437136650084, 1.4355879187583924, 1.4317129039764405, 1.4398565840721131, 1.4384280347824097, 1.438741135597229, 1.4321829628944398, 1.4268952369689942, 1.4302888870239259, 1.4255238318443297, 1.4282846426963807, 1.4300249099731446, 1.4241023135185242, 1.4273109364509582, 1.4215531730651856, 1.4123238515853882, 1.42091468334198, 1.4198694229125977, 1.4158753657341003, 1.41555495262146, 1.4184096717834473, 1.4129496550559997, 1.413939027786255, 1.4137444972991944, 1.4143007230758666, 1.4072395467758179, 1.408950514793396, 1.4081501984596252, 1.4091190028190612, 1.4112930846214295, 1.40754047870636, 1.412098708152771, 1.4051820158958435, 1.3984615850448607, 1.4020635533332824, 1.402837998867035, 1.4033174633979797, 1.4022923445701598, 1.3919602513313294, 1.3927703642845153, 1.4022096014022827, 1.3947608947753907, 1.3931068253517152, 1.3983243083953858, 1.3951994395256042, 1.3964953303337098, 1.3967020583152772, 1.3874664831161498, 1.3945348286628723, 1.3864187622070312, 1.392114417552948, 1.3806317615509034, 1.3927181577682495, 1.3881607055664062, 1.3894778752326966, 1.3811793613433838, 1.388996298313141, 1.37672523021698, 1.37594584941864, 1.3805017733573914, 1.3822979092597962, 1.379915692806244, 1.3785128355026246, 1.3763329339027406, 1.3766831302642821, 1.379987483024597, 