{"task": {"lambda": 1, "alpha": 3, "lr": 1e-06, "wd": 1e-06, "bits": 32}, "result": {"earlyStop": true, "loss": [2.867490515708923, 2.3641354513168333, 2.097863132953644, 1.9422673416137695, 1.8240440011024475, 1.738533854484558, 1.6742288517951964, 1.6170806527137755, 1.5640175867080688, 1.52515376329422, 1.4848514294624329, 1.4591325497627259, 1.4296526336669921, 1.4130541062355042, 1.3898435091972352, 1.3668414306640626, 1.3516375780105592, 1.3314907574653625, 1.3194549417495727, 1.3054980254173278, 1.2839917302131654, 1.273565285205841, 1.2635863637924194, 1.2541863989830018, 1.2348222255706787, 1.236571626663208, 1.2237492680549622, 1.2110962319374083, 1.2120225524902344, 1.1970107328891755, 1.1884466814994812, 1.1852615690231323, 1.166261579990387, 1.1672747075557708, 1.1532811689376832, 1.1544857037067413, 1.142416203022003, 1.1339500427246094, 1.128826448917389, 1.1264087903499602, 1.1303401207923889, 1.115265860557556, 1.1068635010719299, 1.0972727596759797, 1.0984777081012727, 1.0983662366867066, 1.0847707033157348, 1.089380441904068, 1.0742464542388916, 1.0738267350196837, 1.0673774588108063, 1.0716248536109925, 1.0568964767456055, 1.0596354973316193, 1.0543434631824493, 1.0425533556938171, 1.0448426795005799, 1.0406924378871918, 1.0311959338188172, 1.0285207068920135, 1.028781979084015, 1.0290730345249175, 1.0213402378559113, 1.0181001949310302, 1.0088950848579408, 1.0092594265937804, 1.002633055448532, 1.0027573323249817, 0.9990569543838501, 0.9930067312717438, 0.9939688885211945, 0.9889052200317383, 0.9884659588336945, 0.9893137359619141, 0.9785832619667053, 0.9780241096019745, 0.9791825294494629, 0.9690581691265107, 0.9741206967830658, 0.9709322190284729, 0.9665719151496888, 0.96080242395401, 0.9559565901756286, 0.9606577694416046, 0.9529495596885681, 0.9473705947399139, 0.9410531246662139, 0.9420637154579162, 0.9377487635612488, 0.9473793280124664, 0.9428722417354584, 0.9416437637805939, 0.9341104221343994, 0.9297736048698425, 0.9313394117355347, 0.9355999433994293, 0.9251897621154785, 0.9323433327674866, 0.9300421130657196, 0.9178689932823181, 0.9166314601898193, 0.9083362770080566, 0.9050012218952179, 0.9145182764530182, 0.9143569397926331, 0.9040651059150696, 0.9016932821273804, 0.9048749196529389, 0.90189058303833, 0.8963218092918396, 0.8988933598995209, 0.8962337481975555, 0.8871187222003937, 0.894819301366806, 0.8972457206249237, 0.8894108939170837, 0.888082264661789, 0.88535693526268, 0.8846536934375763, 0.8736296248435974, 0.8763058376312256, 0.8737490582466125, 0.8791613447666168, 0.8735032212734223, 0.8746014893054962, 0.8713023412227631, 0.868942950963974, 0.8609776520729064, 0.8665796685218811, 0.8638865947723389, 0.8607691586017608, 0.8606930017471314, 0.8554896557331085, 0.8552077281475067, 0.8524268472194672, 0.8560616719722748, 0.854478964805603, 0.8483104586601258, 0.8492816805839538, 0.844705765247345, 0.8448383712768555, 0.8404418241977691, 0.8355975377559662, 0.842221611738205, 0.8393025279045105, 0.837172325849533, 0.8368829548358917, 0.8359849750995636, 0.8364640283584595, 0.8343875980377198, 0.8347448432445526, 0.8276145648956299, 0.8290713763237, 0.8248245680332184, 0.8227860260009766, 0.8195679306983947, 0.8211666786670685, 0.8152695000171661, 0.8207456398010254, 0.8171958863735199, 0.8175458061695099, 0.815598315000534, 0.815225875377655, 0.8166222381591797, 0.8124117088317871, 0.8101779294013977, 0.8073776841163636, 0.816630140542984, 0.8033709692955017, 0.8101140999794006, 0.8006146144866944, 0.795982928276062, 0.7951372683048248, 0.8018414855003357, 0.7977238702774048, 0.7961528491973877, 0.7928999507427216, 0.7922875714302063, 0.7943795824050903, 0.7905216634273529, 0.7873038971424102, 0.7857336485385895, 0.7900247216224671, 0.7780336165428161, 0.783476288318634, 0.788393406867981, 0.778382533788681, 0.7841472351551055, 0.7796471881866455, 0.7784469962120056, 0.7750436758995056, 0.7829020380973816, 0.7788662350177765, 0.7848149764537812, 0.7691788816452027, 0.7731644070148468, 0.7703893768787384, 0.7677891755104065, 0.7689263474941254, 0.7641625571250915, 0.7695720207691192, 0.7572560739517212, 0.7581894207000732, 0.7604130744934082, 0.7604329836368561, 0.764504382610321, 0.7616989409923554, 0.7584251260757446, 0.7537557649612426, 0.7622583627700805, 0.7522942495346069, 0.7563442361354827, 0.756047785282135, 0.7508600521087646, 0.7488051497936249, 0.7487212491035461, 0.7511044764518737, 0.7517187094688416, 0.7503156590461731, 0.7438850438594818, 0.7457088029384613, 0.7395101428031922, 0.7441400909423828, 0.7418351364135742, 0.7350208365917206, 0.7425923454761505, 0.7411914539337158, 0.7406657707691192, 0.7352780735492707, 0.7348429238796235, 0.7263866484165191, 0.7355359768867493, 0.7329506981372833, 0.7224006462097168, 0.7286886119842529, 0.7286403286457062, 0.7254400897026062, 0.7298739194869995, 0.7241909539699555, 0.7275505304336548, 0.7289178574085236, 0.7264806950092315, 0.7159992647171021, 0.7165933084487915, 0.7207798659801483, 0.7192006945610047, 0.7181907188892365, 0.7183762907981872, 0.7201170587539673, 0.7127197372913361, 0.7116252732276916, 0.7081667745113372, 0.7138330948352813, 0.7096119809150696, 0.7167291629314423, 0.7074790298938751, 0.7099734318256378, 0.7063420999050141, 0.7012489306926727, 0.7034101736545563, 0.707092170715332, 0.7063744103908539, 0.7048407447338104, 0.7001407098770142, 0.7018418657779694, 0.700365229845047, 0.6965248799324035, 0.6966686177253724, 0.6972507226467133, 0.7002125632762909, 0.6964872634410858, 0.6985461473464966, 0.6972790968418121, 0.6940521609783172, 0.6925097036361695, 0.6981159389019013, 0.6936238229274749, 0.6872738814353943, 0.6894217884540558, 0.6929164969921112, 0.6877612721920013, 0.6838119739294052, 0.6823193264007569, 0.6891512978076935, 0.6891123962402343, 0.6822688972949982, 0.6778818118572235, 0.6769212687015533, 0.6815940564870835, 0.677432255744934, 0.6813586223125457, 0.6781917858123779, 0.68314404129982, 0.6771160268783569, 0.6768062222003937, 0.6788158291578292, 0.6696345102787018, 0.674230021238327, 0.6736776238679886, 0.6728820049762726, 0.6697316503524781, 0.6746092903614044, 0.6731255757808685, 0.6701618564128876, 0.667469402551651, 0.6689325600862503, 0.6690815031528473, 0.6658222019672394, 0.6628405714035034, 0.6643793249130249, 0.6619197994470596, 0.6635756021738053, 0.6612610512971878, 0.6633888125419617, 0.6607866394519806, 0.6616273820400238, 0.6624324941635131, 0.6556780755519866, 0.6571701663732529, 0.6553578972816467, 0.6507621908187866, 0.659064246416092, 0.6555072510242462, 0.6508389151096344, 0.6534175598621368, 0.6476879441738128, 0.6540894156694412, 0.6490904211997985, 0.6505545830726623, 0.6483326768875122, 0.6493558794260025, 0.6469142854213714, 0.645896567106247, 0.6444938147068023, 0.6496887481212616, 0.6467565590143204, 0.6467844200134277, 0.6428724503517151, 0.6445326298475266, 0.6411206018924713, 0.6459688723087311, 0.6355600285530091, 0.6418127894401551, 0.6439568245410919, 0.6406246423721313, 0.6362968683242798, 0.6366861635446548, 0.6405088949203491, 0.63715500831604, 0.6372025823593139, 0.6369247019290925, 0.634235167503357, 0.6330078864097595, 0.6359260720014572, 0.6345422744750977, 0.6311505210399627, 0.6315961408615113, 0.6257970201969146, 0.6280851370096207, 0.6253555154800415, 0.6327788478136063, 0.6265219140052796, 0.6247644346952438, 0.6251649141311646, 0.626544382572174, 0.6193465310335159, 0.6286052751541138, 0.626069102883339, 0.6193819832801819, 0.6231366980075836, 0.624154245853424, 0.6219497776031494, 0.6195688265562057, 0.615462972521782, 0.6210692584514618, 0.6185872316360473, 0.6151102161407471, 0.6141554075479507, 0.6188037866353988, 0.6160636806488037, 0.6140524911880493, 0.618144183754921, 0.6119159036874771, 0.6147447043657303, 0.6063376295566559, 0.6103277426958084, 0.6094948697090149, 0.6077620619535447, 0.6141317105293274, 0.6084516614675521, 0.608566798567772, 0.604930985569954, 0.6081079059839248, 0.6083289361000062, 0.6092581361532211, 0.6079269874095917, 0.6043969911336898, 