{"task": {"lambda": 1, "alpha": 5, "lr": 0.0001, "wd": 0.0001, "bits": 48}, "result": {"earlyStop": true, "loss": [2.5888522171974184, 1.5087937140464782, 1.329356439113617, 1.2487198615074158, 1.158519015312195, 1.0897410905361176, 1.0360148179531097, 0.9848873031139374, 0.9280300152301788, 0.8849570691585541, 0.8474176454544068, 0.8084654259681702, 0.7841887533664703, 0.7575604164600372, 0.7161884343624115, 0.6944042378664017, 0.6663769906759263, 0.6443452775478363, 0.6112510132789611, 0.5857465374469757, 0.5655618721246719, 0.5444972878694534, 0.5263990819454193, 0.5231800091266632, 0.4946859967708588, 0.48031342089176177, 0.45923796117305754, 0.4473249167203903, 0.425533704161644, 0.42737574875354767, 0.40078695058822633, 0.41922495543956756, 0.38831737101078034, 0.3657198959589005, 0.3562750244140625, 0.36209639608860017, 0.34000012278556824, 0.32603543639183047, 0.32667440474033355, 0.3221187072992325, 0.30866110146045683, 0.29436657696962354, 0.2879911571741104, 0.32495917946100233, 0.2608962869644165, 0.2693130123615265, 0.26563017785549164, 0.2671882101893425, 0.25315492272377016, 0.24904372841119765, 0.26017693161964417, 0.24663789659738541, 0.22563344299793242, 0.23158399879932404, 0.24715154528617858, 0.20981319457292558, 0.20720649629831314, 0.2510280856490135, 0.2054710230231285, 0.1952339890599251, 0.21479703307151796, 0.21459251761436463, 0.18005326956510545, 0.25748645186424257, 0.17185158878564835, 0.1968842601776123, 0.16818885505199432, 0.22317612141370774, 0.17162145495414735, 0.1723125571012497, 0.1754626041650772, 0.1579983925819397, 0.20230499178171157, 0.15391965806484223, 0.16486702501773834, 0.15980474427342414, 0.17321009203791618, 0.14213223174214362, 0.16191548898816108, 0.20988590404391289, 0.13239311844110488, 0.13982645601034163, 0.15202279150485992, 0.13352448925375937, 0.18120380371809006, 0.12366367906332015, 0.12460847690701485, 0.24817017540335656, 0.11848847329616546, 0.1167624182999134, 0.14913196086883546, 0.1310538573563099, 0.1355765913426876, 0.18710340902209283, 0.10996931597590447, 0.2067304629087448, 0.12410845145583153, 0.10653612181544304, 0.10543480962514877, 0.15641187518835067, 0.10625745937228202, 0.1086497539281845, 0.23728504464030264, 0.10265708044171333, 0.09726593405008316, 0.09735474780201912, 0.24630737975239753, 0.10398458421230317, 0.09407806664705276, 0.09148393407464027, 0.09511871829628944, 0.19643453121185303, 0.09366281628608704, 0.09798897027969361, 0.09658317491412163, 0.14363792777061463, 0.0884585951268673, 0.09222794279456138, 0.3008600431680679, 0.10301471263170242, 0.08618635892868041, 0.08555284693837166, 0.08323987856507302, 0.13760792329907418, 0.08548346281051636, 0.08095005005598069, 0.17138051822781564, 0.09139268711209297, 0.07978395581245422, 0.08891221448779106, 0.09962946802377701, 0.22534470468759538, 0.0804695001244545, 0.07534224614500999, 0.0769845075905323, 0.07803232997655868, 0.09236321389675141, 0.2135350862145424, 0.0803575076162815, 0.07333314560353756, 0.07499830305576324, 0.07268811166286468, 0.25157175660133363, 0.07202439583837986, 0.06860429950058461, 0.08092941090464592, 0.06961830727756023, 0.12348794355988503, 0.07347325712442399, 0.06786591336131095, 0.1704222269356251, 0.19878793209791185, 0.0685998972505331, 0.06473931819200515, 0.06450255803763866, 0.09608537025749683, 0.0808409583568573, 0.06206246554851532, 0.07911072738468647, 0.17793108373880387, 0.06279081806540489, 0.060741870850324634, 0.0626064744591713, 0.1509405978024006, 0.06110722005367279, 0.06021033518016338, 0.06290189653635025, 0.2273911526054144, 0.07262840881943702, 0.059949113354086876, 0.05717470310628414, 0.05783596940338612, 0.06322454206645489, 0.17342834964394568, 0.06594935722649098, 0.05782714076340199, 0.05537379629909992, 0.05876246236264706, 0.16884146831929683, 0.05990997888147831, 0.05476413875818253, 0.05664488904178142, 0.055916757956147194, 0.14308578953146933, 0.05414235435426235, 0.05153353862464428, 0.05690249465405941, 0.10444624163210392, 0.10518539264798164, 0.05067379593849182, 0.049300931096076965, 0.0566501796990633, 0.15061399154365063, 0.05000119224190712, 0.04799259401857853, 0.055362926870584486, 0.13465093567967415, 0.048107213824987415, 0.047457622289657594, 0.07453187867999077, 0.04877096302807331, 0.07249862298369408, 0.1384705938398838, 0.047792491540312766, 0.04473708711564541, 0.13186387546360492, 0.05108993954956532, 0.044515253752470015, 0.08354509696364402, 0.05699733279645443, 0.04362498514354229, 0.1941130928695202, 0.048106535375118255, 0.042777057960629465, 0.0581177232414484, 0.042005331814289094, 0.158501440808177, 0.05289337322115898, 0.0432957860827446, 0.041107103526592255, 0.041187078207731244, 0.04805507130920887, 0.17695821955800056, 0.053442473039031026, 0.04180731646716595, 0.03975338652729988, 0.06805435061454773, 0.04215328574180603, 0.043921404704451564, 0.046952530220150945, 0.20281427972018717, 0.042298883870244025, 0.038196272924542425, 0.03704813603311777, 0.03750820878893137, 0.03990599237382412, 0.22849446505308152, 0.041150048896670344, 0.03690822169184685, 0.03572333157062531, 0.036284930817782876, 0.12259453408420086, 0.039512137100100514, 0.0358196871727705, 0.04400024529546499, 0.15066810205578804, 0.0368983156979084, 0.034475942961871626, 0.03438952647149563, 0.0369018154963851, 0.21498911075294017, 0.05496370628476143, 0.03869746953248978, 0.03494789779186249, 0.03416851036250591, 0.033817416951060296, 0.03685879036784172, 0.15799071494489908, 0.03853674169629812, 0.0334259083122015, 0.03339870072901249, 0.09242286749184131, 0.036944716423749926, 0.032369748018682004, 0.10263109348714351, 0.03562945138663053, 0.032262646332383155, 0.042899026423692706, 0.03649351879954338, 0.05101865258067846, 0.11954833887517452, 0.03303031396120787, 0.0316447251662612, 0.0795421577244997, 0.03131900943815708, 0.033055707588791845, 0.14986822813749312, 0.03504425540566444, 0.030231426246464254, 0.029410479851067067, 0.1500857289135456, 0.03273569867014885, 0.029297005012631418, 0.028401808366179466, 0.029856030605733396, 0.03496662966907024, 0.03612735364586115, 0.20247465774416923, 0.03275400869548321, 0.028867896646261215, 0.0277353074029088, 0.08689881581813097, 0.03110338717699051, 0.02715435791760683, 0.028973890766501427, 0.03418478090316057, 0.18127372704446315, 0.03117715083062649, 0.028268304392695426, 0.027851124480366706, 0.040549644827842714, 0.08077507089823484, 0.051298023872077464, 0.026949224323034288, 0.02656910128891468, 0.10090872272849083, 0.029694519564509393, 0.026625808142125607, 0.05701185062527656, 0.027515184544026853, 0.06679978802800178, 0.034955131895840166, 0.026977594420313836, 0.12825528923422097, 0.10197754800319672], "map": 0.8637293650647018}, "time": 665.1574172973633}