{"task": {"lambda": 0.5, "alpha": 5, "lr": 1e-06, "wd": 1e-05, "bits": 48}, "result": {"earlyStop": true, "loss": [4.262788424491882, 3.5290528964996337, 3.0525287342071534, 2.746924557685852, 2.5660081672668458, 2.4186683297157288, 2.306014597415924, 2.2175322461128233, 2.135458376407623, 2.063656508922577, 2.0174816036224366, 1.9728036069869994, 1.926958315372467, 1.8791753077507019, 1.8538822770118712, 1.8115529680252076, 1.7789063382148742, 1.7637576246261597, 1.7531143498420716, 1.7331766867637635, 1.6936418223381042, 1.6931381177902223, 1.6755400347709655, 1.643459243774414, 1.6427421522140504, 1.625280089378357, 1.6155661487579345, 1.5903927087783813, 1.581140580177307, 1.5708383464813231, 1.5544149470329285, 1.5525089025497436, 1.537395088672638, 1.5209136962890626, 1.5075649523735046, 1.496419746875763, 1.4851671195030212, 1.481161584854126, 1.4653832840919494, 1.4789673233032226, 1.461088583469391, 1.4539486479759216, 1.458920657634735, 1.435878517627716, 1.430374231338501, 1.4242916345596313, 1.4150487995147705, 1.413421218395233, 1.396756284236908, 1.3798153924942016, 1.4036961531639098, 1.3910474693775177, 1.390278627872467, 1.3755850982666016, 1.371618161201477, 1.3560272204875945, 1.363087067604065, 1.3459040224552155, 1.3429786801338195, 1.334085385799408, 1.3399068856239318, 1.3295813226699829, 1.3240039229393006, 1.3164528727531433, 1.3178754401206971, 1.3113777470588683, 1.2981977236270905, 1.2904522585868836, 1.2917609977722169, 1.2839568662643432, 1.28626877784729, 1.2788079249858857, 1.2709166240692138, 1.2629302585124969, 1.270140779018402, 1.2807471883296966, 1.267734742164612, 1.2568729758262633, 1.256144950389862, 1.2477477025985717, 1.2427397656440735, 1.2458326077461244, 1.236540824174881, 1.238383561372757, 1.2376292061805725, 1.2262354576587677, 1.2120744359493256, 1.222174881696701, 1.2155699503421784, 1.214794809818268, 1.205351130962372, 1.2085979878902435, 1.2113390672206878, 1.207912837266922, 1.2012831282615661, 1.1880242025852203, 1.1855881130695343, 1.18138360619545, 1.1747938215732574, 1.181992781162262, 1.1947747004032134, 1.1747357988357543, 1.165514544248581, 1.1713584518432618, 1.1718170928955078, 1.1597230410575867, 1.1569343459606172, 1.162713316679001, 1.1507375025749207, 1.1456224727630615, 1.1427165496349334, 1.1515438961982727, 1.144090633392334, 1.144315265417099, 1.145637686252594, 1.1511129498481751, 1.138671382665634, 1.131556681394577, 1.1255014979839324, 1.1248878240585327, 1.1295109641551973, 1.12727508187294, 1.1154231166839599, 1.1211318027973176, 1.1163500130176545, 1.108105206489563, 1.1002356350421905, 1.1137634491920472, 1.1032773089408874, 1.0978038549423217, 1.0959331059455872, 1.094801722764969, 1.0902697801589967, 1.0926050877571105, 1.0949722492694856, 1.0916743242740632, 1.0786302876472473, 1.0877242290973663, 1.0800866794586181, 1.0855963671207427, 1.0795666408538818, 1.07250807762146, 1.067257800102234, 1.0642840492725372, 1.0643323802947997, 1.0624552619457246, 1.0482486081123352, 1.06451473236084, 1.0582764780521392, 1.0558107352256776, 1.05469034075737, 1.0454686760902405, 1.0547598230838775, 1.0403352725505828, 1.0471030974388122, 1.0463940215110779, 1.043773182630539, 1.0287976384162902, 1.029276328086853, 1.0425971686840056, 1.0412083649635315, 1.030686812400818, 1.0283272576332092, 1.0277941310405732, 1.0300672233104706, 1.0289048230648041, 1.0134619522094725, 1.0156545913219452, 1.0148959958553314, 1.0186686539649963, 1.0121054220199586, 1.0257275223731994, 1.010245952606201, 1.0122536933422088, 1.0078964817523957, 1.0064053058624267, 1.009768133163452, 1.0087463927268983, 1.004555196762085, 1.002741756439209, 0.9879733037948608, 1.0023720228672028, 0.99611119389534, 0.988089884519577, 0.9880811488628387, 0.9804691696166992, 0.9915466749668121, 0.9841683101654053, 0.9796505868434906, 0.9905557465553284, 0.9743597555160523, 0.980961126089096, 0.9771688163280488, 0.975832599401474, 0.9786569154262543, 0.9748858547210694, 0.9692391979694367, 0.9728690493106842, 0.9646474921703339, 0.9685407245159149, 0.9611267840862274, 0.9619127988815308, 0.9573677670955658, 0.960736414194107, 0.9601646280288696, 0.9568505871295929, 0.9458376431465149, 0.9595330774784088, 0.9511947739124298, 0.9523345506191254, 0.9497275829315186, 0.9452946436405182, 0.9506105625629425, 0.9448672103881836, 0.9409279119968414, 0.9437005531787872, 0.9413399708271026, 0.944400759935379, 0.9378357636928558, 0.9295222675800323, 0.9273234474658966, 0.9265218758583069, 0.9307525324821472, 0.9253327941894531, 0.9299337232112884, 0.9243919968605041, 0.9224108195304871, 0.9146964025497436, 0.9190826737880706, 0.9201606106758118, 0.9194816553592682, 0.9144895112514496, 0.9084263515472412, 0.9116479969024658, 0.9121286129951477, 0.9221646511554717, 0.9160347974300385, 0.9045826709270477, 0.9053810310363769, 0.9122434318065643, 0.8986608016490937, 0.9032896709442139, 0.9126302182674408, 0.8956532275676727, 0.901578402519226, 0.8967293286323548, 0.8960842311382293, 0.8912694501876831, 0.8976232469081878, 0.8966315019130707, 0.8853760528564453, 0.8941256594657898, 0.8893281376361847, 0.8834513795375823, 0.8887265312671662, 0.8872273778915405, 0.8990826940536499, 0.8826966106891632, 0.8808111608028412, 0.8809919881820679, 0.8804881751537323, 0.8778488898277282, 0.8761983716487884, 0.884540102481842, 0.8814231026172638, 0.8681491696834565, 0.8647776341438294, 0.87363414645195, 0.8676540052890778, 0.8732159626483917, 0.8685063469409943, 0.8592655718326568, 0.8674800145626068, 0.8737605214118958, 0.8694572722911835, 0.861167175769806, 0.8607504200935364, 0.8621666181087494, 0.8573673295974732, 0.8566902840137481, 0.8502248847484588, 0.8518992328643799, 0.8501549243927002, 0.8485718965530396, 0.851490581035614, 0.8529336249828339, 0.8503826892375946, 0.8443239200115203, 0.8468905329704285, 0.8435223269462585, 0.8448836863040924, 0.8430212390422821, 0.8347952032089233, 0.8394529247283935, 0.8418272531032562, 0.8382421386241913, 0.8445024490356445, 0.8364094531536103, 0.8361556673049927, 0.8449578297138214, 0.8273049557209015, 0.8386229383945465, 0.8335724353790284, 0.8205561625957489, 0.8341147649288178, 0.8188732969760895, 0.8285884326696396, 0.8292710876464844, 0.8267617344856262, 0.8210675752162934, 0.8290964770317077, 0.8283928298950195, 0.8172061049938202, 0.8175072312355042, 0.822013465166092, 0.8114502298831939, 0.811792916059494, 0.8224199652671814, 0.8115232241153717, 0.8104049849510193, 0.812027348279953, 0.8121001863479614, 0.8119867932796478, 0.8134567928314209, 0.7987453889846802, 0.8133891987800598, 0.8090354669094085, 0.8049089026451111, 0.8024455499649048, 0.8069192135334015, 0.8007744538784027, 0.8066412699222565, 0.8045061933994293, 0.8020886147022247, 0.8122786557674408], "map": 0.6619645878565967}, "time": 678.0119369029999}