{"task": {"lambda": 2, "alpha": 3, "lr": 1e-05, "wd": 1e-05, "bits": 12}, "result": {"earlyStop": true, "loss": [1.9346810746192933, 1.5324305534362792, 1.4493265795707702, 1.3987638354301453, 1.3613347935676574, 1.3214294815063476, 1.308101363182068, 1.2838709115982057, 1.258601460456848, 1.2345029640197753, 1.2209667468070984, 1.2078437685966492, 1.181420261859894, 1.1737336373329164, 1.1594816946983337, 1.1431525003910066, 1.1321189045906066, 1.1254079508781434, 1.111444274187088, 1.1019775950908661, 1.0935248839855194, 1.0869326651096345, 1.0711783134937287, 1.0662560665607452, 1.0581699991226197, 1.0469092583656312, 1.0374619591236114, 1.0323588943481445, 1.0294915795326234, 1.0201565062999725, 1.015252752304077, 1.0088863456249237, 1.0016524970531464, 0.993554949760437, 0.9900400650501251, 0.9873477649688721, 0.9782602262496948, 0.9777628576755524, 0.9684819495677948, 0.9647631692886353, 0.9594530212879181, 0.9594224393367767, 0.9498309552669525, 0.9418385553359986, 0.9376210153102875, 0.9324357771873474, 0.9307841897010803, 0.9266164624691009, 0.9266873240470886, 0.9200608575344086, 0.9116558718681336, 0.9125165224075318, 0.9056244456768036, 0.8997408938407898, 0.900741673707962, 0.8972728478908539, 0.8941054308414459, 0.8860631716251374, 0.8886190927028657, 0.8815885019302369, 0.8779352962970733, 0.8723823630809784, 0.8699764204025269, 0.8683893287181854, 0.8669253158569336, 0.8627427864074707, 0.8569015455245972, 0.8538806962966919, 0.8474987757205963, 0.8488241767883301, 0.8438294076919556, 0.8443929970264434, 0.8425532639026642, 0.8396780574321747, 0.8335956466197968, 0.8304652786254882, 0.8265302312374115, 0.8264781475067139, 0.820417115688324, 0.8166608798503876, 0.8205561888217926, 0.8190703451633453, 0.8079252123832703, 0.8049223411083222, 0.8012121498584748, 0.8057838523387909, 0.8016866970062256, 0.7969932079315185, 0.7979916155338287, 0.7952364146709442, 0.7929905211925506, 0.79047407746315, 0.7909035539627075, 0.7858540916442871, 0.7842816066741943, 0.782346464395523, 0.778106951713562, 0.7755367577075958, 0.7743300831317902, 0.775886173248291, 0.7690892934799194, 0.7672405481338501, 0.7649469459056855, 0.7627071332931519, 0.7665874493122101, 0.7581316888332367, 0.7577885961532593, 0.7565553724765778, 0.7544157242774964, 0.7520380926132202, 0.7470474755764007, 0.7470461797714233, 0.7475387012958526, 0.7449862957000732, 0.7396468091011047, 0.7395312535762787, 0.7371472418308258, 0.7380611407756805, 0.7348788011074067, 0.7297002828121185, 0.7282551324367523, 0.7233419132232666, 0.7236130285263062, 0.7249785184860229, 0.7230821681022644, 0.7202853870391845, 0.7168713021278381, 0.7193716502189637, 0.7160407340526581, 0.711578586101532, 0.708972681760788, 0.7004633474349976, 0.6922484636306763, 0.6877218437194824, 0.6885202562808991, 0.6870786392688751, 0.6813694071769715, 0.6776622080802918, 0.6734267938137054, 0.6687684309482574, 0.6710966801643372, 0.6634718441963195, 0.6586678636074066, 0.6567786526679993, 0.657356219291687, 0.6555846023559571, 0.6508373665809631, 0.6464692854881287, 0.6460774827003479, 0.6452998888492584, 0.6416065692901611, 0.6414248716831207, 0.6377853894233704, 0.6370819771289825, 0.6273666155338288, 0.6340593409538269, 0.6265287590026856, 0.6286802113056182, 0.6266899704933167, 0.6211835587024689, 0.6249755430221557, 0.6199772989749909, 0.6173012053966522, 0.61921242415905, 0.6130718767642975, 0.6124825799465179, 0.6087236905097961, 0.6092934262752533, 0.6037919473648071, 0.6059224009513855, 0.6021434998512268, 0.5984298408031463, 0.5997998750209809, 0.6010802698135376, 0.5948456531763077, 0.59519615650177, 0.5931548219919205, 0.5904879581928253, 0.5885528302192689, 0.5884594106674195, 0.5853397214412689, 0.5835900729894639, 0.5832798051834106, 0.580466657280922, 0.5786136734485626, 0.5778231054544449, 0.5763993608951569, 0.5736298358440399, 0.5765531146526337, 0.57116819024086, 0.5699910932779312, 0.5671584212779999, 0.5674025839567185, 0.5677775448560715, 0.5653315913677216, 0.5639649617671967, 0.5634628897905349, 0.5607523518800736, 0.5587031245231628, 0.5599718326330185, 0.5581474143266678, 0.5551731914281846, 0.5530208706855774, 0.5506303024291992, 0.5498764383792877, 0.548023419380188, 0.5499938505887986, 0.5466680759191513, 0.5429313492774963, 0.5474202919006348, 0.5397305017709733, 0.5384711146354675, 0.5371730196475982, 0.5385186314582825, 0.5367080318927765, 0.5374553889036179, 0.5359949016571045, 0.5310773092508316, 0.5289538687467575, 0.5301987838745117, 0.5317806339263916, 0.5291827577352524, 0.5287962847948074, 0.5250372213125228, 0.5229899394512176, 0.5232212698459625, 0.52498644053936, 0.5223779958486557, 0.5197570466995239, 0.5185829401016235, 0.519871911406517, 0.5140400391817093, 0.5153739702701569, 0.5131538689136506, 0.5124972844123841, 0.5116514819860458, 0.5109423732757569, 0.5075011962652206, 0.5090255343914032, 0.5067137289047241, 0.5052947324514389, 0.5052069061994553, 0.503309994339943, 0.5030113917589187, 0.5022813493013382, 0.5016184413433075, 0.4986692261695862, 0.4974228352308273, 0.49847959280014037, 0.4950286614894867, 0.4987830799818039, 0.49399829864501954, 0.4938808810710907, 0.49255933582782746, 0.49175172686576846, 0.48923521876335146, 0.49008816719055176, 0.49051648259162905, 0.4857045823335648, 0.4827567094564438, 0.4861453759670258, 0.4822488969564438, 0.47844631016254424, 0.47983523428440095, 0.47524501085281373, 0.47902853310108184, 0.4783197498321533, 0.4767569422721863, 0.474974667429924, 0.47621907949447634, 0.4736720722913742, 0.47194215714931487, 0.46976704001426695, 0.470915704369545, 0.4708324044942856, 0.4709156519174576, 0.4691293370723724, 0.46769563674926756, 0.46679679572582244, 0.46555745244026187, 0.4670006376504898, 0.4648319709300995, 0.4615083909034729, 0.46396989524364474, 0.46126495242118837, 0.46180987894535064, 0.45690833508968354, 0.45599389970302584, 0.4564316439628601, 0.45703859090805055, 0.4539143520593643, 0.45398820102214815, 0.45301750659942625, 0.45392478346824644, 0.45248655140399935, 0.4485173660516739, 0.4517752915620804, 0.44768409252166746, 0.449904203414917, 0.4470929551124573, 0.4478543847799301, 0.4447424328327179, 0.4477361559867859, 0.44294906437397, 0.4425921046733856, 0.4420322293043137, 0.44142133355140684, 0.43959216713905336, 0.44011391878128053, 0.4407311201095581, 0.4380611723661423, 0.43600959360599517, 0.4334443116188049, 0.43556238412857057, 0.434140727519989, 0.4345288896560669, 0.432866770029068, 0.43225586533546445, 0.4334776014089584, 0.4306946837902069, 0.43148129045963285, 0.42933218121528627, 0.42747301042079927, 0.4282808965444565, 0.42838607370853427, 0.4249409830570221, 0.4264664149284363, 0.4263104522228241, 0.4211488109827042, 0.4232227700948715, 0.4233744436502457, 0.42064870715141295, 0.42077474772930146, 0.42060058772563935, 0.4183409184217453, 0.4175191009044647, 0.41622407257556915, 0.4165864580869675, 0.4179553610086441, 0.41449237525463106, 0.41580862164497373, 0.4157449597120285, 0.4140389460325241, 0.40947542905807494, 0.4114864647388458, 0.4120265591144562, 0.4073886740207672, 0.411726576089859, 0.4088390332460403, 0.40863368690013885, 0.40648348569869996, 0.4077897971868515, 0.40761651217937467, 0.4075943058729172, 0.40566462993621827, 0.4032655096054077, 0.4042785221338272, 0.39921814858913424, 0.40384178280830385, 0.402934290766716, 0.4015302133560181, 0.39941586077213287, 0.4007118022441864, 0.39932366728782653, 0.3983027935028076, 0.3961560720205307, 0.3952398431301117, 0.39613197445869447, 0.39736267030239103, 0.39391144275665285, 0.3932363551855087, 0.3943865060806274, 0.3918059080839157, 0.3938753652572632, 0.3914744108915329, 0.3907830202579498, 0.38892157554626466, 0.3883969986438751, 0.38576691925525664, 0.38857813596725466, 0.38703873693943025, 0.3886480700969696, 0.388215463757515, 0.38525293350219725, 0.38553058326244355, 0.3846010321378708, 0.38340365946292876, 0.380974555015564, 0.38355066657066345, 0.382926812171936, 0.38161124229431154, 0.3837168216705322, 0.3773441332578659, 