{"task": {"lambda": 1, "alpha": 1, "lr": 1e-05, "wd": 1e-05, "bits": 32}, "result": {"earlyStop": true, "loss": [0.9264231896400452, 0.7351644885540009, 0.6840654397010804, 0.6448617243766784, 0.6198067313432694, 0.5991374945640564, 0.5778589242696762, 0.5664071762561798, 0.5564141213893891, 0.5337662243843079, 0.5257474708557129, 0.5162421238422393, 0.5034523618221283, 0.4950244206190109, 0.48440468311309814, 0.4764089739322662, 0.468666952252388, 0.45997120440006256, 0.45301799893379213, 0.4457264423370361, 0.44088159918785097, 0.43530279874801636, 0.4336413061618805, 0.42458355486392974, 0.41644056856632233, 0.4107361716032028, 0.4032229232788086, 0.40202646315097806, 0.3995415872335434, 0.3912739741802216, 0.3851749700307846, 0.3865677684545517, 0.37901959180831907, 0.37255698919296265, 0.37242147982120516, 0.3648285925388336, 0.3631625592708588, 0.3611847984790802, 0.356370815038681, 0.3514121454954147, 0.3504632699489594, 0.34407622516155245, 0.3415470165014267, 0.3399346446990967, 0.3368865686655045, 0.3327941340208054, 0.33012748390436175, 0.3262525153160095, 0.32255148112773896, 0.3220125460624695, 0.3191034460067749, 0.3170962202548981, 0.31386688321828843, 0.31172710806131365, 0.3080702042579651, 0.30570472955703737, 0.3041383394598961, 0.29973331212997434, 0.2994473972916603, 0.2964386051893234, 0.2942222398519516, 0.2927888482809067, 0.29002672523260115, 0.28776416420936585, 0.2888047766685486, 0.28531859427690504, 0.2829017424583435, 0.27962115049362185, 0.27787187963724136, 0.27771548062562945, 0.2752441567182541, 0.27287916123867034, 0.26960469514131546, 0.26722217321395875, 0.26612536758184435, 0.26601032227277754, 0.2614970403909683, 0.2636097359657288, 0.2592179846763611, 0.2585257789492607, 0.257184619307518, 0.2537648260593414, 0.2518957111239433, 0.2512184366583824, 0.2508572924137116, 0.2501699501276016, 0.24521280080080032, 0.2448142609000206, 0.24438674181699752, 0.24373736828565598, 0.24205770194530488, 0.24206599056720735, 0.23762918174266814, 0.23614027202129365, 0.2365693825483322, 0.23487224102020263, 0.2335451751947403, 0.23087939918041228, 0.22886906445026398, 0.22763518393039703, 0.22564606070518495, 0.22523823618888855, 0.22397503703832627, 0.22499200612306594, 0.2218533870577812, 0.22161625146865846, 0.22078725337982177, 0.21864473223686218, 0.21642774552106858, 0.2155370917916298, 0.21410115987062453, 0.21347872138023377, 0.21163054347038268, 0.21139317274093627, 0.21237081199884414, 0.2112732169032097, 0.20943085700273514, 0.20810583621263504, 0.20449206233024597, 0.20564936846494675, 0.2043976166844368, 0.201551196873188, 0.20082976639270783, 0.20063769310712815, 0.1975587350130081, 0.197156645655632, 0.19606990098953248, 0.19696214973926543, 0.1954551562666893, 0.19315899014472962, 0.1931997513771057, 0.19141015768051148, 0.1911567345261574, 0.19152091264724733, 0.19068071067333223, 0.18825038373470307, 0.1890818479657173, 0.1868021410703659, 0.18637497425079347, 0.1846343332529068, 0.1866294836997986, 0.18451556593179702, 0.1834418773651123, 0.18126382052898407, 0.18176625162363053, 0.18104321449995042, 0.1793702256679535, 0.17867370665073395, 0.1774285426735878, 0.17639490097761154, 0.17691441893577575, 0.1768331280350685, 0.17551805168390275, 0.17333390086889267, 0.1731010529398918, 0.1722257176041603, 0.17201238840818406, 0.17023234456777572, 0.16950693607330322, 0.16714991003274918, 0.16841884940862656, 0.16767967075109483, 0.16666478514671326, 0.16559717148542405, 0.16566655397415161, 0.16600576549768448, 0.16315040066838266, 0.16334842443466185, 0.16259284421801568, 0.1620730057358742, 0.16117484569549562, 0.16126706093549728, 0.1583312174677849, 0.15799670845270156, 0.15862033113837243, 0.15751885011792183, 0.15675473242998123, 0.15510547518730164, 0.15558698073029517, 0.15404832482337952, 0.15332906126976012, 0.15311819761991502, 0.15191231682896614, 0.1516658368706703, 0.1518663650751114, 0.1505020609498024, 0.1507950609922409, 0.1485885688662529, 0.14871349915862084, 0.14956425115466118, 0.14874767690896987, 0.14834583729505538, 0.14619395434856414, 0.14667549341917038, 0.14593640729784965, 0.14523995861411096, 0.14396398216485978, 0.14408765688538552, 0.14354355320334433, 0.14282782182097434, 0.142079446464777, 0.1421752941608429, 0.140605678409338, 0.14087297812104224, 0.13869402453303337, 0.13893435776233673, 0.13965000838041305, 0.13859901323914528, 0.13775729089975358, 0.13746103629469872, 0.137042548507452, 0.1365845723450184, 0.13591946184635162, 0.1341263943910599, 0.13329863548278809, 0.13403225392103196, 0.1340221057832241, 0.1331280680000782, 0.13160105809569358, 0.13165048733353615, 0.13215668454766274, 0.13045620366930963, 0.12998221278190614, 0.12942592039704323, 0.1293839456140995, 0.13025055900216104, 0.1282002219557762, 0.12857212051749228, 0.1282902677357197, 0.1276825474202633, 0.12721674874424935, 0.12569121569395064, 0.12557192340493203, 0.12657010897994042, 0.12475900441408157, 0.12416217193007469, 0.1246303802728653, 0.1233433087170124, 0.1230397117137909, 0.1217383849620819, 0.12186936438083648, 0.12256422862410546, 0.12073024794459343, 0.12281214267015457, 0.12023135095834732, 0.12009626805782318, 0.11905915901064873, 0.11866081267595291, 0.11923688873648644, 0.11830519422888756, 0.11785894930362702, 0.11698119923472404, 0.11656828835606575, 0.11644457936286927, 0.11643741354346275, 0.11582700222730637, 0.11512444213032723, 0.11544922664761544, 0.11426754117012024, 0.11459505453705787, 0.11355982229113579, 0.11365743309259414, 0.1138806939125061, 0.1127542445063591, 0.11275518298149109, 0.11069943144917488, 0.11134729832410813, 0.11144993856549262, 0.10933848246932029, 0.11040929466485977, 0.11018609911203385, 0.10899438425898551, 0.1084758022427559, 0.1085827599465847, 0.10857890486717224, 0.10816314935684204, 0.10835651472210885, 0.10696912720799447, 0.10689093619585037, 0.10668249368667602, 0.10718027755618095, 0.1059661416709423, 0.10543198838829994, 0.10530001938343048, 0.10477753326296807, 0.10372318461537361, 0.10432682082056999, 0.10324280604720115, 0.1031784611940384, 0.10345443487167358, 0.10201048448681832, 0.10189806446433067, 0.10242010310292243, 0.10075340494513511, 0.10099357783794403, 0.10163379222154617, 0.10027502402663231, 0.10027862355113029, 0.09958957776427269, 0.09905055612325668, 0.09972428426146507, 0.0987491238117218, 0.09882630437612533, 0.09829621925950051, 0.09806297764182091, 0.09802053347229958, 0.09673235192894936, 0.09689906492829323, 0.0968225984275341, 0.09606927692890167, 0.09595746964216233, 0.09609969541430473, 0.09497574359178543, 0.09494959101080895, 0.09475425258278847, 0.09460890710353852, 0.0942800298333168, 0.09363199070096016, 0.09385684803128243, 0.09361893594264985, 0.09303887575864792, 0.09214840978384017, 0.09289972752332687, 0.09235734820365905, 0.09197919353842736, 0.09156489595770836, 0.09153230100870133, 0.09078015819191933, 0.09084347113966942, 0.09019266217947006, 0.08998147517442703, 0.09036301031708717, 0.08961242228746415, 0.088716648966074, 0.08859049499034882, 0.089315634816885, 0.08799770310521125, 0.08808603316545487, 0.08766059979796409, 0.08742841988801957, 0.08746237576007843, 0.08715302363038063, 0.08659286215901375, 0.08644725188612938, 0.0857580329477787, 0.08645311385393142, 0.0857588867843151, 0.08558396399021148, 0.08503176152706146, 0.08514744281768799, 0.0844675888121128, 0.08398744091391563, 0.08432020917534828, 0.08426054522395134, 0.08326632007956505, 0.08315833047032356, 0.08296052098274231, 0.08256110161542893, 0.08259977579116821, 0.08239950612187386, 0.08179582580924034, 0.08156321346759796, 0.0819492706656456, 0.08087075218558311, 0.08074356585741044, 0.08106966227293015, 0.08073615327477456, 0.08020160809159278, 0.07968788385391236, 0.08011611111462116, 0.07969274908304215, 0.07842300988733769, 0.07932455077767372, 0.0788463106751442, 0.0786266104876995, 0.07823425322771073, 0.07784874126315117, 0.07848212450742721, 0.0775430628657341, 0.07764612779021263, 0.07654941588640213, 