{"task": {"lambda": 1, "alpha": 5, "lr": 1e-06, "wd": 1e-06, "bits": 12}, "result": {"earlyStop": true, "loss": [4.991514692306518, 4.253316926956177, 3.6950609493255615, 3.3583439636230468, 3.166078963279724, 3.018885989189148, 2.913224291801453, 2.793715090751648, 2.7155852270126344, 2.62672963142395, 2.554066801071167, 2.4699759674072266, 2.4071843910217283, 2.3394659614562987, 2.2846206998825074, 2.2475770616531374, 2.2065670013427736, 2.1861346530914307, 2.144287738800049, 2.123187294006348, 2.0822365736961364, 2.076273808479309, 2.0509383893013, 2.0310057163238526, 2.0226169991493226, 2.0022484469413757, 1.9836012887954713, 1.9725148868560791, 1.9519153022766114, 1.9508096289634704, 1.9315559673309326, 1.9051707458496094, 1.8937616324424744, 1.8873809480667114, 1.8668512845039367, 1.8728668880462647, 1.8607608413696288, 1.8403608465194703, 1.836630449295044, 1.8325425791740417, 1.8185355949401856, 1.802381281852722, 1.810621852874756, 1.7887386775016785, 1.7886291217803956, 1.7841158962249757, 1.7760334753990172, 1.7599475216865539, 1.740764765739441, 1.745925476551056, 1.7449457478523254, 1.7274825763702393, 1.7166325497627257, 1.7215721106529236, 1.7178764057159424, 1.7045139050483704, 1.6974084615707397, 1.6920856213569642, 1.6899449634552002, 1.673822295665741, 1.6679855370521546, 1.6758727145195007, 1.669592411518097, 1.650973401069641, 1.651620898246765, 1.6530517721176148, 1.6447418355941772, 1.6546073842048645, 1.6403635501861573, 1.6444990158081054, 1.6301120901107788, 1.6292170453071595, 1.6097545289993287, 1.6187157225608826, 1.6067384910583495, 1.5946879291534424, 1.599613356590271, 1.6003827857971191, 1.5841281080245972, 1.5863691806793212, 1.5852172255516053, 1.5734763765335082, 1.586004695892334, 1.5768640232086182, 1.5615508556365967, 1.5619279360771179, 1.5601417112350464, 1.5552192163467407, 1.5600753331184387, 1.5488023591041564, 1.5357424235343933, 1.5402537703514099, 1.5404477500915528, 1.5323564291000367, 1.5363239288330077, 1.5247936987876891, 1.527183711528778, 1.5244500160217285, 1.5106312870979308, 1.5077347207069396, 1.5113847374916076, 1.5020886063575745, 1.4966321229934691, 1.5013593173027038, 1.4958399367332458, 1.493558280467987, 1.4918183708190917, 1.4880447387695312, 1.4828159236907958, 1.4727526473999024, 1.4856117010116576, 1.4733853912353516, 1.4675771236419677, 1.479210410118103, 1.4688059043884278, 1.4678000736236572, 1.459551784992218, 1.4592271876335143, 1.456042935848236, 1.4610753488540649, 1.4527050542831421, 1.4564231395721436, 1.4504272770881652, 1.451141631603241, 1.4493515706062317, 1.4441940999031067, 1.4397467756271363, 1.4356574535369873, 1.424930489063263, 1.4299822378158569, 1.4323006677627563, 1.418180251121521, 1.4205729961395264, 1.4198732590675354, 1.4262821078300476, 1.4152378129959107, 1.410066056251526, 1.4032797980308533, 1.4030789613723755, 1.397451136112213, 1.3960715055465698, 1.392301836013794, 1.4047295928001404, 1.396366193294525, 1.402040295600891, 1.3909165287017822, 1.381660304069519, 1.3824357652664185, 1.3948932003974914, 1.3710491681098937, 1.377793688774109, 1.37455899477005, 1.3746567678451538, 1.3793717002868653, 1.3768793988227843, 1.369217872619629, 1.360563530921936, 1.3720021343231201, 1.3677443027496339, 1.3575308346748352, 1.358990149497986, 1.3552886176109313, 1.3524566793441772, 1.3521884131431579, 1.3433319568634032, 1.3534478914737702, 1.34569584608078, 1.3465594232082367, 1.3491409015655518, 1.3520086622238159, 1.3522989535331726, 1.3392503309249877, 1.327626087665558, 1.332613697052002, 1.3326079177856445, 1.335482566356659, 1.3318166303634644, 1.3247916674613953, 1.3257689547538758, 1.3228478407859803, 1.3222448420524597, 1.3254698896408081, 1.3173779559135437, 1.3222190237045288, 1.3129676461219788, 1.3151266181468964, 1.3112548565864564, 1.3140217208862304, 1.3057205033302308, 1.302614587545395, 1.2992628693580628, 1.303459632396698, 1.3025039792060853, 1.301064475774765, 1.3032027745246888, 1.2907819056510925, 1.2960674476623535, 1.2925931668281556, 1.293182532787323, 1.2857041764259338, 1.2870010185241698, 1.2932326626777648, 1.2810456252098084, 1.2860180246829986, 1.2792282390594483, 1.2775010514259337, 1.266742627620697, 1.273853075504303, 1.279375720024109, 1.2710810899734497, 1.2820837807655334, 1.266985502243042, 1.2720472192764283, 1.2758807444572449, 1.2611853694915771, 1.2623703861236573, 1.2622865426540375, 1.2594296729564667, 1.2562298059463501, 1.259192132949829, 1.2498440980911254, 1.2546034693717956, 1.2542588233947753, 1.246214711666107, 1.2532221746444703, 1.2442144846916199, 1.2464019119739533, 1.247758092880249, 1.2388815784454346, 1.2403808641433716, 1.231708562374115, 1.2508484435081482, 1.2411737823486328, 1.2332789611816406, 1.2347986483573914, 1.2371589386463164, 1.2301721906661987, 1.2289133322238923, 1.228850839138031, 1.2306394350528718, 1.2293231320381164, 1.2307318830490113, 1.2229802846908568, 1.220821748971939, 1.223683340549469, 1.2195929932594298, 1.2276511800289154, 1.2136513447761537, 1.2187119102478028, 1.2170248293876649, 1.2176155364513397, 1.2160770046710967, 1.2113580930233, 1.2167554438114165, 1.1969176745414734, 1.2152202498912812, 1.2076543521881105, 1.205110388994217, 1.2094192242622375, 1.209758323431015, 1.20420014500618, 1.2050714075565339, 1.1933866584300994, 1.1966558659076691, 1.199888608455658, 1.1958744382858277, 1.1963697683811187, 1.1898689818382264, 1.1900884997844696, 1.18722536444664, 1.1847957181930542, 1.1916889119148255, 1.1906219482421876, 1.1888007760047912, 1.183669649362564, 1.1857398188114165, 1.1878184008598327, 1.184468162059784, 1.1773167049884796, 1.175789498090744, 1.170363793373108, 1.1698456847667693, 1.1721674263477326, 1.1732297515869141, 1.173771286010742, 1.1695774626731872, 1.1733533132076264, 1.166743392944336, 1.1675667953491211, 1.1650096774101257, 1.1661008954048158, 1.1618681561946869, 1.1613551735877992, 1.1626958799362184, 1.1586110258102418, 1.1649596512317657, 1.1546315824985505, 1.150043922662735, 1.155611630678177, 1.1504529166221618, 1.1496058952808381, 1.1472860586643219, 1.1492182064056395, 1.1554235935211181, 1.1512917232513429, 1.1472005939483643, 1.1480851888656616, 1.1505336451530457, 1.1483611690998077, 1.1418107318878175, 1.138557689189911, 1.1435089647769927, 1.1370145547389985, 1.1347077190876007, 1.1339717829227447, 1.1304606306552887, 1.1304925644397736, 1.1350677371025086, 1.1332362794876099, 1.1341998338699342, 1.126816246509552, 1.1263090097904205, 1.132037410736084, 1.137018359899521, 1.1259603297710419, 1.132348405122757, 1.1261996376514434, 1.1256795310974121, 1.1234185910224914, 1.1251792323589325, 1.1181473886966706, 1.1306452524662018, 1.1195917332172394, 1.1204619538784026, 1.1158644819259644, 1.1171323692798614, 1.1135702228546143, 1.1074262547492981, 1.111336625814438, 1.120552921295166, 1.11466876745224, 1.1051497375965118, 1.1097942674160004, 1.1093482553958893, 1.1059296548366546, 1.1057524538040162, 1.108487788438797, 1.1048042488098144, 1.0995005786418914, 1.1099550580978395, 1.1036465680599212, 1.0982018876075745, 1.097954933643341, 1.0975995087623596, 1.10462353348732, 1.0969570910930633, 1.0958534789085388, 1.0991397213935852, 1.0984135210514068, 1.0916335117816924, 1.0985542440414429, 1.0929888999462127, 1.0942731654644013, 1.0898891174793244, 1.0901529622077941, 1.0883444774150848, 1.0849921715259552, 1.0846749067306518, 1.0878873193264007, 1.0839950108528138, 1.0781010854244233, 1.0746866869926452, 1.0885505664348603, 1.0846789050102235, 1.0747957468032836, 1.0780345678329468, 1.076167038679123, 1.0795911180973052, 1.082960295677185, 1.071270045042038, 1.070862262248993, 1.0801120102405548, 1.0762108182907104, 1.071024523973465, 1.065355316400528, 1.0698841416835785, 1.074906975030899, 1.0698649966716767, 1.0693619418144227, 1.0672521340847014, 1.0682027101516725, 1.0633291840553283, 1.0621521294116973, 1.0643540477752687, 1.0671760404109956, 1.0590182340145111, 1.0609830176830293, 1.0616561710834502, 1.0515184926986694, 