{"task": {"lambda": 2, "alpha": 3, "lr": 1e-06, "wd": 1e-05, "bits": 12}, "result": {"earlyStop": true, "loss": [3.4512252855300902, 3.0515257501602173, 2.7296700525283812, 2.5010371732711794, 2.3620425701141357, 2.2412911653518677, 2.1361612200737, 2.0430044746398925, 1.9692846894264222, 1.90193279504776, 1.847007315158844, 1.8013323616981507, 1.768173017501831, 1.7389876818656922, 1.7094003891944884, 1.6807161951065064, 1.6618201518058777, 1.6355460786819458, 1.620432469844818, 1.606270592212677, 1.5861165237426758, 1.5745860505104066, 1.5576400923728944, 1.5514790201187134, 1.5290877556800841, 1.5172918319702149, 1.5068766355514527, 1.4912447333335876, 1.4884611916542054, 1.473909649848938, 1.4564069437980651, 1.4480526041984558, 1.4420270824432373, 1.4327395033836365, 1.430812554359436, 1.4201248598098755, 1.4059616947174072, 1.4029480051994323, 1.3932411742210389, 1.39137619972229, 1.3851764297485352, 1.3704486799240112, 1.3718698358535766, 1.3545585465431214, 1.3599346995353698, 1.3487343215942382, 1.3427132654190064, 1.3457222628593444, 1.3307152891159058, 1.326703007221222, 1.3130669045448302, 1.3191390895843507, 1.312310013771057, 1.3039216113090515, 1.3031762290000914, 1.2969548988342285, 1.2950011849403382, 1.2948116993904113, 1.2828410983085632, 1.2741670060157775, 1.2787690043449402, 1.2696633839607239, 1.2710854363441468, 1.267382390499115, 1.2609357953071594, 1.2609399509429933, 1.2598471355438232, 1.252020661830902, 1.2523669910430908, 1.2521089386940003, 1.243091700077057, 1.2416615462303162, 1.2424354147911072, 1.233155949115753, 1.239987404346466, 1.2306861877441406, 1.224518768787384, 1.2176292967796325, 1.2229470539093017, 1.2115950274467469, 1.2194412207603456, 1.2162594556808473, 1.210230951309204, 1.19928142786026, 1.2019485569000243, 1.199122347831726, 1.2032231903076172, 1.1972287809848785, 1.1966987323760987, 1.1990669751167298, 1.1889309668540955, 1.1853899550437927, 1.1839827227592468, 1.1777538824081422, 1.1890851283073425, 1.17839608669281, 1.1782171845436096, 1.1787293553352356, 1.174056923389435, 1.1738642716407777, 1.1759179043769836, 1.1618177437782287, 1.1617549824714661, 1.158159272670746, 1.164257230758667, 1.1592900443077088, 1.1632932102680207, 1.1572870445251464, 1.1597341132164, 1.1490065026283265, 1.1524565160274505, 1.1452303731441498, 1.148602409362793, 1.1424884247779845, 1.1446189987659454, 1.1453065061569214, 1.1436901962757111, 1.1364972758293153, 1.13808274269104, 1.136201993227005, 1.128594799041748, 1.1385912036895751, 1.133045961856842, 1.1300163519382478, 1.1260263431072235, 1.1276215767860414, 1.1221989381313324, 1.1316110408306121, 1.1211119878292084, 1.1173041069507599, 1.1225570344924927, 1.1167748188972473, 1.1164998197555542, 1.1130282950401307, 1.1105064916610718, 1.1148815476894378, 1.1093454802036284, 1.10402676820755, 1.1036054372787476, 1.1124818861484527, 1.1083066701889037, 1.1024511873722076, 1.0972930824756622, 1.1000551092624664, 1.1030367124080658, 1.0943306827545165, 1.0949212884902955, 1.0953277993202208, 1.0955411219596862, 1.096368397474289, 1.0894604444503784, 1.091301473379135, 1.089879287481308, 1.0841261851787567, 1.0844312906265259, 1.0884501242637634, 1.080066261291504, 1.0798312497138978, 1.0832435417175292, 1.0836536300182342, 1.0792260706424712, 1.080746841430664, 1.0752637803554534, 1.0792884743213653, 1.0771710169315338, 1.0718827867507934, 1.0656821763515472, 1.0701682925224305, 1.0694168138504028, 1.068236438035965, 1.0673539388179778, 1.0656172275543212, 1.0649225914478302, 1.0614076054096222, 1.0592911040782929, 1.063378425836563, 1.058718147277832, 1.060169996023178, 1.059962272644043, 1.0524608814716339, 1.0550696921348572, 1.056193732023239, 1.0530550694465637, 1.0476363515853881, 1.0529665291309356, 1.0527369940280915, 1.050962609052658, 1.05126868724823, 1.0438080024719238, 1.048134719133377, 1.04767595410347, 1.0447322177886962, 1.0442948174476623, 1.0433519339561463, 1.042602812051773, 1.0385814929008483, 1.0395394098758697, 1.0407090663909913, 1.0400682258605958, 1.0348951518535614, 1.0345593678951264, 1.0361760723590852, 1.034135208129883, 1.0246228563785553, 1.033520518541336, 1.0320411646366119, 1.0285558903217316, 1.0297084379196166, 1.0256271064281464, 1.024571042060852, 1.0247477090358734, 1.026424399614334, 1.0238225054740906, 1.0235146582126617, 1.01841574549675, 1.022392076253891, 1.0207312297821045, 1.0219347178936005, 1.0159705626964568, 1.0112119543552398, 1.0183736348152161, 1.01559379696846, 1.0152184331417085, 1.0155627381801606, 1.0167234528064728, 1.0124717247486115, 1.0147581267356873, 1.0108124971389771, 1.0142410218715667, 1.0156854057312013, 1.0110628712177276, 1.0036190307140351, 1.0108097529411315, 1.010848158597946, 1.0039317464828492, 0.9970973575115204, 0.9980717885494232, 0.9969373106956482, 1.0019387984275818, 1.0091075026988983, 1.0010611248016357, 0.9989648008346558, 0.994667546749115, 0.9943659186363221, 0.988909820318222, 0.9975183820724487, 0.9966186201572418, 0.993216986656189, 0.9951244246959686, 0.9932992231845855, 0.9913755357265472, 0.9876695227622986, 0.9870879030227662, 0.9897616088390351, 0.9895927441120148, 0.9865038120746612, 0.9841779589653015, 0.986037071943283, 0.984902400970459, 0.9855801343917847, 0.9815917408466339, 0.9825988817214966, 0.9826400482654571, 0.9806493020057678, 0.9829882872104645, 0.9778358459472656, 0.9810519671440124, 0.9753064787387848, 0.976398755311966, 0.9740653276443482, 0.9789034390449524, 0.9767781257629394, 0.9784194707870484, 0.9737493562698364, 0.9747790801525116, 0.973252375125885, 0.9665791451931, 0.9734052574634552, 0.9653640735149384, 0.9711310911178589, 0.9677335846424103, 0.9684631276130676, 0.9656934714317322, 0.9694979333877564, 0.9720803105831146, 0.9622529780864716, 0.966301943063736, 0.9621030211448669, 0.96172030210495, 0.9641504657268524, 0.9584278345108033, 0.9604538178443909, 0.9596556663513184, 0.9581345725059509, 0.954238817691803, 0.956903544664383, 0.9569100451469421, 0.9617629384994507, 0.9537025368213654, 0.9562095308303833, 0.9566464459896088, 0.9532816469669342, 0.9534124839305878, 0.9554767739772797, 0.9516588127613068, 0.9524860918521881, 0.9520493817329406, 0.9534575545787811, 0.9495484173297882, 0.947151939868927, 0.9484464609622956, 0.9449264216423034, 0.9490052342414856, 0.9447867000102996, 0.948224207162857, 0.9447229278087615, 0.9452065849304199, 0.9472073459625244, 0.9387348973751068, 0.9390765523910523, 0.9405249750614166, 0.9445535385608673, 0.9429238998889923, 0.9405805599689484, 0.9391351842880249, 0.9421717178821564, 0.9426900029182435, 0.9392074048519135, 0.9415563130378723], "map": 0.4509518377009059}, "time": 663.0648212432861}