{"task": {"lambda": 1, "alpha": 1, "lr": 1e-05, "wd": 1e-06, "bits": 24}, "result": {"time stopage": true, "loss": [0.9198506724834442, 0.7235591506958008, 0.6718043398857116, 0.6341131842136383, 0.6062058585882187, 0.583625601530075, 0.566670715212822, 0.5468605035543441, 0.5369075828790665, 0.5278281664848328, 0.5182124555110932, 0.5046839189529418, 0.4966241019964218, 0.4816529417037964, 0.47614299595355986, 0.4693122088909149, 0.4625129610300064, 0.45755509197711947, 0.44657285153865817, 0.44383233547210693, 0.43479106545448304, 0.4297035551071167, 0.4277686208486557, 0.4196761733293533, 0.41507146418094637, 0.41172292828559875, 0.40368629634380343, 0.40180430114269255, 0.39413593530654906, 0.39186541736125946, 0.38995897173881533, 0.38206263542175295, 0.37763457238674164, 0.3735788130760193, 0.3698222488164902, 0.3692332935333252, 0.3653503096103668, 0.36141718745231627, 0.35590881645679473, 0.35593771278858183, 0.35009701669216153, 0.3473498225212097, 0.3434917271137238, 0.33928980529308317, 0.3385376596450806, 0.3366078585386276, 0.3325631666183472, 0.32838077247142794, 0.32640515387058255, 0.32325674772262575, 0.3226016640663147, 0.31901291757822037, 0.3168491941690445, 0.31354969680309297, 0.31020419478416444, 0.30831617921590804, 0.3061340734362602, 0.30394105583429337, 0.30328901797533037, 0.2990005666017532, 0.2966074788570404, 0.29551166653633115, 0.29324528962373736, 0.2933207887411118, 0.2892803028225899, 0.2880175083875656, 0.2862465676665306, 0.2852575618028641, 0.27995741963386533, 0.27890473395586013, 0.2780300396680832, 0.2779375225305557, 0.27450507193803786, 0.27385840862989425, 0.269897720515728, 0.2706450128555298, 0.2692308411002159, 0.26523054599761964, 0.2637607476115227, 0.2620073196291923, 0.2632890406250954, 0.2594451355934143, 0.25713220715522767, 0.2569986149668694, 0.25363758236169814, 0.25153263509273527, 0.2520643299818039, 0.25155639827251436, 0.24998935014009477, 0.24860634297132492, 0.24724256724119187, 0.24369813680648802, 0.24276657789945602, 0.24225602626800538, 0.24047463953495027, 0.241106259226799, 0.23780815154314042, 0.2364865544438362, 0.23651229798793794, 0.2324508711695671, 0.23178473204374314, 0.23122582346200943, 0.23030804097652435, 0.22818249166011811, 0.230401149392128, 0.22639749437570572, 0.22338350385427475, 0.22403353363275527, 0.2234576588869095, 0.22433457881212235, 0.22057512193918227, 0.21784674435853957, 0.22037773847579956, 0.21846916794776916, 0.21723885118961334, 0.21676570922136307, 0.21564807891845703, 0.21244070589542388, 0.21306622982025147, 0.2111409693956375, 0.21053661942481994, 0.20821430385112763, 0.20829074770212175, 0.20766036450862885, 0.20618337869644165, 0.20542302191257478, 0.204066980779171, 0.20393375784158707, 0.20200097382068635, 0.20100672751665116, 0.20036992341279983, 0.1998712468147278, 0.19955770134925843, 0.19881848573684693, 0.1954006227850914, 0.19770022928714753, 0.19486112236976624, 0.19352291375398636, 0.19315784215927123, 0.19090761065483094, 0.19153446108102798, 0.18953639447689055, 0.19096342951059342, 0.18945817410945892, 0.18786961913108827, 0.18774165630340575, 0.18690475702285766, 0.18499045461416244, 0.18517887085676193, 0.18457052677869798, 0.1836136758327484, 0.18287950038909911, 0.18153976857662202, 0.18013432443141938, 0.18098597794771196, 0.18027500212192535, 0.1780763238668442, 0.1776548731327057, 0.17671169012784957, 0.17861227869987487, 0.17552655011415483, 0.1754183441400528, 0.17510274261236192, 0.17381387263536452, 0.1725099864602089, 0.17233384013175965, 0.17273512572050095, 0.1713624757528305, 0.16914109826087953, 0.1694578593969345, 0.1686292514204979, 0.16828768759965895, 0.16782442033290862, 0.1664686506986618, 0.16482899725437164, 0.1652299717068672, 0.1642879441380501, 0.16320841401815414, 0.16414860486984253, 0.16226377457380295, 0.16154860019683837, 0.16251082286238672, 0.1605539120733738, 0.16024261683225632, 0.16007152795791627, 0.15770445361733437, 0.15811876758933066, 0.15723209112882613, 0.15791843980550765, 0.15675220623612404, 0.15584099233150484, 0.15579162895679474, 0.1547639375925064, 0.15454911410808564, 0.1535617232322693, 0.15252481371164323, 0.15250440150499345, 0.15229834079742433, 0.1507248628139496, 0.15092259377241135, 0.15081609696149825, 0.14994536057114602, 0.1489177629351616, 0.14885310471057892, 0.14820728555321694, 0.14866054356098174, 0.14746531069278718, 0.14680433869361878, 0.14588519021868707, 0.14644237220287323, 0.14632581308484077, 0.14483011797070502, 0.14380377948284148, 0.14314706340432168, 0.14387540236115456, 0.14319421261548995, 0.14231955364346505, 0.14129770740866662, 0.14081687271595, 0.1394398444890976, 0.14076675325632096, 0.14002071604132652, 0.13867132917046546, 0.1379554958641529, 0.1378914922475815, 0.13762510046362877, 0.13706266283988952, 0.13677194222807884, 0.13537592336535453, 0.1365906599164009, 0.13545563206076622, 0.13547393545508385, 0.1341626213490963, 0.1344397734105587, 0.13346919909119606, 0.13265422150492667, 0.13252850174903869, 0.131693734228611, 0.1314340503513813, 0.13143019169569015, 0.13121606945991515, 0.13027312144637107, 0.1303541797399521, 0.12918087631464004, 0.12815928921103478, 0.1281258061528206, 0.12779717087745668, 0.1277841518819332, 0.12750097915530204, 0.12609730392694474, 0.12699364110827446, 0.12633274599909783, 0.12612428948283194, 0.12536220282316207, 0.12481297701597213, 0.12394312754273415, 0.12296365171670914, 0.12301180452108383, 0.12311870828270913, 0.12273394376039505, 0.1218010938167572, 0.12140685722231864, 0.12169851168990135, 0.12068435132503509, 0.12056499361991882, 0.12055137604475022, 0.12020365506410599, 0.11996394440531731, 0.11905189469456673, 0.1197099120914936, 0.1192360281944275, 0.11772741869091988, 0.11864453554153442, 0.11642500370740891, 0.11650323629379272, 0.1158234292268753, 0.11578931137919427, 0.11589341416954994, 0.11599515840411186, 0.11537212148308754, 0.11480078637599946, 0.11373828455805779, 0.11420795157551765, 0.11425058871507644, 0.11394674122333527, 0.11235795006155967, 0.11259414926171303, 0.11177753165364265, 0.11222328633069992, 0.11147439569234847, 0.11148015975952148, 0.11025951862335205, 0.11007750809192657, 0.11021179884672165, 0.10970603615045547, 0.10927652686834335, 0.10893662720918655, 0.10858598276972771, 0.10943334713578225, 0.107475615888834, 0.10753903359174728, 0.10732029244303704, 0.10680768698453903, 0.10625796526670456, 0.10598289981484413, 0.10586134016513825, 0.10571976229548455, 0.10575077816843986, 0.10533058986067773, 0.1045351655781269, 0.10424745857715606, 0.10465778306126594, 0.10354510724544524, 0.1035218134522438, 0.10367365285754204, 0.10289158776402474, 0.10287643432617187, 0.10200995028018951, 0.10213145151734353, 0.10166263729333877, 0.10125413089990616, 0.10124359756708146, 0.10095572158694267, 0.10042355939745903, 0.09992011189460755, 0.10041948631405831, 0.09943748101592063, 0.09928949251770973, 0.09878608375787735, 0.09920646786689759, 0.09835677668452263, 0.09806435018777847, 0.09767526417970657, 0.09814102917909623, 0.09669284537434578, 0.09709572032094002, 0.09662828341126442, 0.0964202056825161, 0.0955036674439907, 0.09661841228604316, 0.09639805227518082, 0.09574889704585075, 0.0946025411784649, 0.09463356778025628, 0.094294855594635, 0.09469329580664634, 0.0939812645316124, 0.09351852938532829, 0.09389874219894409, 0.0938762752711773, 0.09302267372608185, 0.09316313490271569, 0.0915018393099308, 0.09252996042370797, 0.09225966885685921, 0.09202655866742133, 0.09149308681488037, 0.09198090255260467, 0.09081072688102722, 0.0910382966697216, 0.09043603003025055, 0.09017507046461105, 0.09037023097276688, 0.08938972011208535, 0.08969155952334404, 0.08981578901410103, 0.08875238612294196, 0.08906583860516548, 0.08904916912317276, 0.0884555721282959, 0.0883096432685852, 0.0880980570614338, 0.08751696288585663, 0.08736524268984795, 0.08711847215890885, 0.08664422154426575, 0.08587785765528679, 0.08639945670962333, 0.08631971687078475, 0.08557421445846558, 