{"task": {"lambda": 1, "alpha": 5, "lr": 1e-06, "wd": 1e-05, "bits": 32}, "result": {"earlyStop": true, "loss": [4.783303680419922, 4.100531024932861, 3.546011414527893, 3.177097635269165, 2.925477509498596, 2.748544282913208, 2.6102190446853637, 2.496398048400879, 2.3985975074768064, 2.327368359565735, 2.258881628513336, 2.2017004895210266, 2.141474723815918, 2.104547836780548, 2.0639687991142273, 2.03798698425293, 1.9965905094146728, 1.971847472190857, 1.9547851967811585, 1.9373253512382507, 1.8960278058052062, 1.8718764519691466, 1.8587157106399537, 1.84046906709671, 1.8156268191337586, 1.8064540123939514, 1.7829725456237793, 1.775178039073944, 1.7702710676193236, 1.763645498752594, 1.731366717815399, 1.7215674471855165, 1.723600571155548, 1.7062014627456665, 1.6927583527565002, 1.686469440460205, 1.6741445565223694, 1.6634868693351745, 1.6524239730834962, 1.6489475822448731, 1.6339403462409974, 1.625534725189209, 1.6144493174552919, 1.6111914420127869, 1.6032539486885071, 1.590904052257538, 1.5763582181930542, 1.5696248459815978, 1.5716710782051087, 1.5656247401237489, 1.5603542590141297, 1.5533268523216248, 1.537090232372284, 1.5368153476715087, 1.5343670916557313, 1.5205495381355285, 1.5223105669021606, 1.5107875680923462, 1.5044111013412476, 1.510516378879547, 1.4951176118850709, 1.4978332901000977, 1.4802655673027039, 1.47452219247818, 1.4752290177345275, 1.4839182019233703, 1.4681235837936402, 1.4632076597213746, 1.44961275100708, 1.4622398281097413, 1.4497124099731444, 1.4499608707427978, 1.430816740989685, 1.4432196187973023, 1.4312006282806395, 1.417797954082489, 1.413093514442444, 1.427015573978424, 1.4111144757270813, 1.4196476197242738, 1.4063202452659607, 1.3993425893783569, 1.3850366044044495, 1.3943481063842773, 1.400923719406128, 1.3867557430267334, 1.3890881991386415, 1.3631678342819213, 1.373675401210785, 1.3572009634971618, 1.364026930332184, 1.3665199160575867, 1.3572854924201965, 1.3615427803993225, 1.3529289484024047, 1.3470238280296325, 1.3410597038269043, 1.340796287059784, 1.341707923412323, 1.3440971612930297, 1.3346893167495728, 1.3292216777801513, 1.3260292863845826, 1.323627679347992, 1.3155608940124512, 1.3179689168930053, 1.3172250413894653, 1.3192251300811768, 1.3066121006011964, 1.3142117822170258, 1.3042718517780303, 1.295154528617859, 1.289563810825348, 1.2875096321105957, 1.2860720002651214, 1.297655611038208, 1.2905260252952575, 1.2873375034332275, 1.2829347193241118, 1.2847950315475465, 1.2719263815879822, 1.2730721974372863, 1.275706776380539, 1.274251445531845, 1.2688844764232636, 1.2763738858699798, 1.2608655166625977, 1.2652479720115661, 1.2529194569587707, 1.2471050071716308, 1.2565522122383117, 1.243545159101486, 1.2546400618553162, 1.2512714529037476, 1.2419880199432374, 1.2388073766231538, 1.2412352657318115, 1.2392523455619813, 1.2258277308940888, 1.22239124417305, 1.2387166094779969, 1.237639832496643, 1.2173806405067444, 1.21979355096817, 1.2235607051849364, 1.219657015800476, 1.2209235429763794, 1.218465144634247, 1.2069332849979402, 1.214296169281006, 1.2097037792205811, 1.2084080851078034, 1.210258902311325, 1.2036922466754914, 1.1995761692523956, 1.1955232763290404, 1.1926969730854033, 1.1959092557430266, 1.1997532784938811, 1.2010698461532592, 1.1884241604804993, 1.1959388613700868, 1.1859111201763153, 1.1785683286190034, 1.182790071964264, 1.18232186794281, 1.1729611003398894, 1.17198588848114, 1.1674398469924927, 1.169873229265213, 1.1622164511680604, 1.1625912964344025, 1.1701658415794371, 1.1666690349578857, 1.1521345639228822, 1.154923199415207, 1.1576846516132355, 1.1538799250125884, 1.1586220562458038, 1.1522961902618407, 1.1429666149616242, 1.1438863718509673, 1.1441518998146056, 1.1391613805294036, 1.1453165984153748, 1.1313323152065278, 1.1353132438659668, 1.14254265666008, 1.1339901030063628, 1.1207803165912629, 1.129026004076004, 1.1317081761360168, 1.129415248632431, 1.128225600719452, 1.1215754008293153, 1.1248678421974183, 1.1266129612922668, 1.1182493269443512, 1.118253024816513, 1.1137984907627105, 1.1215489149093627, 1.1049648857116698, 1.111678717136383, 1.1084889376163483, 1.1026888859272004, 1.1098539245128631, 1.1012290930747985, 1.1085676312446595, 1.0966213572025298, 1.1012995874881744, 1.0993365168571472, 1.0989691627025604, 1.0976539993286132, 1.0886175060272216, 1.0842491507530212, 1.0912688267230988, 1.0964825785160064, 1.0790751326084136, 1.0830334389209748, 1.094878580570221, 1.0819608652591706, 1.07679168343544, 1.0820504081249238, 1.0709797549247742, 1.0817316746711731, 1.0781827282905578, 1.073624861240387, 1.0663394820690155, 1.075728144645691, 1.0800896775722504, 1.0735380733013153, 1.0609695518016815, 1.0652534556388855, 1.0727035355567933, 1.0611908614635468, 1.0481569051742554, 1.0659069955348968, 1.058070603609085, 1.052792979478836, 1.058715088367462, 1.050461039543152, 1.0600269305706025, 1.057164762020111, 1.0571202230453491, 1.0512273013591766, 1.0508139073848723], "map": 0.6288477670571894}, "time": 495.69208335876465}