{"task": {"lambda": 1, "alpha": 3, "lr": 0.0001, "wd": 1e-05, "bits": 48}, "result": {"earlyStop": true, "loss": [2.1930335521698, 1.1077120864391328, 0.9925241076946258, 0.9187047493457794, 0.8681002163887024, 0.8284406173229217, 0.7875204491615295, 0.7513178765773774, 0.7154410123825073, 0.6958771574497223, 0.6586374139785767, 0.6292259448766708, 0.611966068148613, 0.5879144299030304, 0.5726178157329559, 0.547523957490921, 0.5228320729732513, 0.5057094818353653, 0.4913731563091278, 0.4744527065753937, 0.4617480993270874, 0.4478516149520874, 0.4321483999490738, 0.4203037327528, 0.3939737582206726, 0.39483504712581635, 0.37323270082473753, 0.3715518993139267, 0.35599661618471146, 0.34524205446243283, 0.33164283573627473, 0.32691302746534345, 0.3238842687010765, 0.31813941210508345, 0.2962548840045929, 0.29258171617984774, 0.2757690232992172, 0.295149382352829, 0.26821259647607804, 0.2621382448077202, 0.2691955715417862, 0.25881989300251007, 0.24733635514974595, 0.23618047267198564, 0.24698049277067186, 0.2260419735312462, 0.2255424153804779, 0.236872401535511, 0.21094691783189773, 0.20876707792282104, 0.20918665796518326, 0.21474547445774078, 0.19502204179763794, 0.20579004764556885, 0.19959022998809814, 0.18808102667331694, 0.18430714935064316, 0.21971379578113556, 0.17422383278608322, 0.1751818773150444, 0.17572558104991912, 0.1685638403892517, 0.19241279274225234, 0.15686407208442688, 0.1640479576587677, 0.16039325192570686, 0.16178956955671311, 0.1592996121942997, 0.1676896871626377, 0.14706248611211778, 0.1670541839301586, 0.13882117345929146, 0.142596116065979, 0.15904151320457457, 0.137361863553524, 0.13902026996016503, 0.1590661808848381, 0.12461071774363518, 0.1454009722173214, 0.12209416508674621, 0.13620129078626633, 0.16013624593615533, 0.15454163208603858, 0.12102813094854355, 0.11327237233519555, 0.14549054220318794, 0.11358132719993591, 0.12189013436436653, 0.11457493886351586, 0.13070838913321495, 0.10883518010377884, 0.1767408023774624, 0.10213934287428855, 0.10042984992265701, 0.10288236036896706, 0.11504639819264412, 0.1410708463191986, 0.1568502028286457, 0.09470886141061782, 0.09347904548048973, 0.0965752524137497, 0.10173317074775695, 0.10890124022960662, 0.09467921778559685, 0.2161988714337349, 0.09184853941202163, 0.08737159743905068, 0.08948516979813576, 0.09481995329260826, 0.09063808307051659, 0.18490029960870744, 0.08526574209332466, 0.08232409104704858, 0.08536103054881096, 0.08514853686094284, 0.15983209192752837, 0.08228306785225868, 0.07755774810910225, 0.08255055643618107, 0.08367642492055893, 0.09207188293337822, 0.0792610265314579, 0.18690879069268704, 0.07802387401461601, 0.07393078491091729, 0.07716585069894791, 0.07273623943328858, 0.08068527325987816, 0.08439278975129128, 0.16486637271940707, 0.07587565898895264, 0.06862703807651997, 0.06926567770540715, 0.07366655431687832, 0.08051721028983592, 0.13832857057452203, 0.06724635645747185, 0.07906955190002918, 0.064891462251544, 0.06692226991057396, 0.10845165967941284, 0.06342714577913285, 0.0821430354565382, 0.0670717939734459, 0.0681563837826252, 0.14818743981420993, 0.06459901563823223, 0.060178466960787776, 0.060425883382558825, 0.12192760899662972, 0.06474620811641216, 0.06296964384615421, 0.05791767425835133, 0.061750293597579005, 0.09021695747971535, 0.09816744074225425, 0.056004024595022205, 0.058903486952185634, 0.058039427176117896, 0.08913451977074147, 0.059145714417099954, 0.05680183738470077, 0.11891467064619064, 0.05479997165501118, 0.0568636928498745, 0.052941393479704855, 0.10862576320767403, 0.05277799360454082, 0.051356981843709945, 0.051679042726755144, 0.13053871482610702, 0.050933702141046526, 0.04918155051767826, 0.050186055451631545, 0.05626448005437851, 0.07772956371307373, 0.049504238814115524, 0.05520247526466846, 0.056414173468947414, 0.0972810522466898, 0.05042853318154812, 0.0474505377560854, 0.07812519460916519, 0.06826332293450832, 0.04504735618829727, 0.045616065710783006, 0.050622088238596916, 0.05226316653192043, 0.05372311063110828, 0.059368835762143135, 0.11213426612317562, 0.048762209489941595, 0.04259832076728344, 0.057218192294239995, 0.04222960501909256, 0.1061304847896099, 0.05020382821559906, 0.040582189485430714, 0.043109084740281106, 0.04168695777654648, 0.05017197348177433, 0.07081006549298763, 0.042206221893429756, 0.06790991455316543, 0.040618159919977186, 0.045240709632635115, 0.14237083904445172, 0.04529521368443966], "map": 0.853178979745175}, "time": 430.81106066703796}