{"task": {"lambda": 2, "alpha": 3, "lr": 0.0001, "wd": 1e-05, "bits": 48}, "result": {"earlyStop": true, "loss": [2.390103669166565, 1.357136766910553, 1.238556125164032, 1.1206799745559692, 1.0691822135448457, 1.0031781101226807, 0.9578672587871552, 0.9284130513668061, 0.8704471623897553, 0.835372793674469, 0.8057997548580169, 0.77748122215271, 0.7613804912567139, 0.7191956210136413, 0.691158275604248, 0.6835607624053955, 0.6408956634998322, 0.63163758456707, 0.6203465259075165, 0.6011960232257842, 0.5721931821107864, 0.5627298867702484, 0.5562662971019745, 0.5175191909074783, 0.5186968702077865, 0.5056005305051804, 0.5007141441106796, 0.48311490535736085, 0.468153036236763, 0.45882185399532316, 0.44728685975074767, 0.441493581533432, 0.4259956210851669, 0.42494474947452543, 0.40265712797641756, 0.4206863808631897, 0.39618337750434873, 0.38097105622291566, 0.3751866489648819, 0.3838754379749298, 0.35119052588939664, 0.35839651465415956, 0.3514219507575035, 0.34024231672286986, 0.33014627277851105, 0.34600704729557036, 0.32675736010074613, 0.317746302485466, 0.3169386899471283, 0.3079922831058502, 0.3044498080015183, 0.30394281208515167, 0.2932173702120781, 0.29685331344604493, 0.28441864550113677, 0.2770710989832878, 0.26525938272476196, 0.27313209742307665, 0.27662124782800673, 0.27449317663908007, 0.2552046486735344, 0.24644775480031966, 0.2591588482260704, 0.2832055640220642, 0.24183186680078506, 0.22722959399223328, 0.22587095469236373, 0.23826452285051347, 0.23472318321466445, 0.2208920368552208, 0.2342340862751007, 0.2168600681424141, 0.23840759247541427, 0.2033083873987198, 0.22759320199489594, 0.22380051553249358, 0.1986571216583252, 0.19624560445547104, 0.20339177787303925, 0.2196669590473175, 0.1997246503829956, 0.1862625315785408, 0.199678353369236, 0.17673934906721114, 0.2109509027004242, 0.1720193076133728, 0.17926833346486093, 0.19218517661094667, 0.16497792154550553, 0.18163084596395493, 0.1892699855566025, 0.1743168365955353, 0.16685110390186308, 0.16359687447547913, 0.1721448376774788, 0.21912188023328782, 0.15266917884349823, 0.1452353863418102, 0.15563686043024064, 0.15487330868840218, 0.16989222079515456, 0.1473720405995846, 0.15323364973068238, 0.1539299261569977, 0.15108868539333342, 0.16755751758813858, 0.13755071491003037, 0.13715099662542343, 0.14699254795908928, 0.14491384878754615, 0.1467588597536087, 0.14367403015494346, 0.13697381168603898, 0.13461383178830147, 0.1429603362083435, 0.15396730422973634, 0.13086765348911286, 0.14631864815950393, 0.13832116708159448, 0.11865045756101608, 0.13251277998089792, 0.13405711010098456, 0.1187932699918747, 0.1256045325100422, 0.13762749567627908, 0.11138754978775978, 0.1277143782377243, 0.1598350678384304, 0.10517188653349877, 0.11276822462677956, 0.10706388458609581, 0.19991876274347306, 0.10110809206962586, 0.09755710288882255, 0.1133511383831501, 0.11996299490332603, 0.10996723473072052, 0.12004342660307885, 0.12558712661266327, 0.09931233942508698, 0.14908165380358696, 0.09444060415029526, 0.09593068033456803, 0.10482067659497261, 0.11568533092737197, 0.099062107950449, 0.11100550428032875, 0.12879038825631142, 0.08840028405189514, 0.10377674639225005, 0.1285111701488495, 0.08827578365802764, 0.098247831761837, 0.10627435266971588, 0.09580085828900337, 0.12965704753994942, 0.08346561416983604, 0.09014018967747689, 0.11969435572624207, 0.08598671346902848, 0.08822252288460732, 0.10454535871744156, 0.08163518950343132, 0.11167152106761932, 0.08794709205627442, 0.08803979381918907, 0.08812172755599022, 0.09381965912878514, 0.1410584904253483, 0.07405134409666062, 0.07387702718377114, 0.08859163366258144, 0.08648221962153911, 0.08249712139368057, 0.12228545591235161, 0.07186066597700119, 0.09413783282041549, 0.08159972056746483, 0.09035686902701855, 0.07622622042894363, 0.08942370437085628, 0.08390888139605522, 0.07931813105940819, 0.10617230981588363, 0.06669587969779968, 0.08975568808615207, 0.07513361446559429, 0.07111908011138439, 0.08931819818913937, 0.08204293437302113, 0.08014782264828682, 0.07287590056657792, 0.07377001486718654, 0.13645050510764123, 0.06698439434170723], "map": 0.8434533950524256}, "time": 405.1654164791107}