{"task": {"lambda": 0.5, "alpha": 5, "lr": 1e-06, "wd": 1e-05, "bits": 12}, "result": {"earlyStop": true, "loss": [4.496996459960937, 3.690651273727417, 3.2196939897537233, 2.95459671497345, 2.776038942337036, 2.6306307458877565, 2.5252970552444456, 2.43217954158783, 2.340546827316284, 2.265290451049805, 2.210348880290985, 2.143133008480072, 2.115348515510559, 2.0498346161842345, 2.017385711669922, 2.0125250959396364, 1.9734885692596436, 1.9399559307098388, 1.9135875463485719, 1.9050079321861266, 1.8958363103866578, 1.875457625389099, 1.847817792892456, 1.8377263307571412, 1.8217164850234986, 1.8050497388839721, 1.7855504250526428, 1.778179886341095, 1.7628987264633178, 1.74617422580719, 1.7361044549942017, 1.7371747279167176, 1.7236077690124512, 1.7076749539375304, 1.6930787229537965, 1.6862335300445557, 1.6772214651107789, 1.6622269892692565, 1.6550753450393676, 1.6532645034790039, 1.6384713792800902, 1.635260696411133, 1.621048014163971, 1.6154695630073548, 1.6227953600883485, 1.6071713328361512, 1.5887926602363587, 1.5863769602775575, 1.5800936365127562, 1.5831753587722779, 1.5686530303955077, 1.5543756818771362, 1.5514657163619996, 1.5420902013778686, 1.5409101366996765, 1.5239997339248657, 1.5238403058052064, 1.5162518763542174, 1.5179996275901795, 1.509245321750641, 1.5071984219551087, 1.4964929366111754, 1.4826152634620666, 1.4827894568443298, 1.4905676436424256, 1.4762980318069459, 1.4569355177879333, 1.4616365146636963, 1.4619343614578246, 1.4511766171455383, 1.4576318073272705, 1.4492032551765441, 1.4336523199081421, 1.435116364955902, 1.436396656036377, 1.4312498784065246, 1.4285684061050414, 1.4152423906326295, 1.4097682666778564, 1.409856309890747, 1.4071568441390991, 1.396293659210205, 1.3836183834075928, 1.3829662799835205, 1.387357268333435, 1.3789572954177856, 1.3893406367301941, 1.3650971555709839, 1.366733431816101, 1.368429296016693, 1.3500008487701416, 1.35282071352005, 1.3498781371116637, 1.3357692205905913, 1.3387160062789918, 1.333613370656967, 1.3326701545715331, 1.3354074811935426, 1.3268106412887573, 1.329166464805603, 1.3189759135246277, 1.3183790016174317, 1.3165242552757264, 1.3194003105163574, 1.3041041314601898, 1.2996307623386383, 1.298394012451172, 1.296615915298462, 1.2922709739208222, 1.2962091374397278, 1.2894814348220824, 1.2918777942657471, 1.2852821660041809, 1.2864620661735535, 1.2910149705410003, 1.2747602617740632, 1.2655612695217133, 1.280139342546463, 1.267288384437561, 1.2659712982177735, 1.2614956092834473, 1.2541653156280517, 1.2674292302131653, 1.2485828709602356, 1.2414562463760377, 1.2453397166728974, 1.2498888874053955, 1.2468861174583434, 1.2440289568901062, 1.2320327305793761, 1.2368094074726104, 1.2351464915275574, 1.2260997998714447, 1.23241077542305, 1.2323811590671538, 1.2250296974182129, 1.2173081457614898, 1.2170569932460784, 1.2108632290363313, 1.2149212348461151, 1.2048899328708649, 1.2181038820743562, 1.1985882103443146, 1.2086374390125274, 1.2028998053073883, 1.1986735081672668, 1.200566121339798, 1.1999560129642486, 1.1947936129570007, 1.1877507853507996, 1.184688574075699, 1.1915166401863098, 1.1865774834156035, 1.1809524893760681, 1.174628039598465, 1.183481104373932, 1.184948364496231, 1.18170707821846, 1.168414397239685, 1.1677749478816986, 1.1714046895503998, 1.1682448315620422, 1.1699744951725006, 1.1675962650775908, 1.1719337713718414, 1.1619253802299498, 1.1582919919490815, 1.159203063249588, 1.159400988817215, 1.1442333662509918, 1.146407687664032, 1.1524063050746918, 1.1461956429481506, 1.1469355154037475, 1.1487296450138091, 1.1420311760902404, 1.1359065580368042, 1.1353935766220093, 1.1312965321540833, 1.1322914838790894, 1.1345088028907775, 1.1238236546516418, 1.117651183605194, 1.1227814304828643, 1.1260312461853028, 1.1197553288936615, 1.12217591047287, 1.1241278874874114, 1.1124117410182952, 1.1063174438476562, 1.1205923056602478, 1.1114040148258209, 1.103667231798172, 1.1050530993938446, 1.1078975188732147, 1.1000113761425019, 1.0927952349185943, 1.1006249761581421, 1.0988193142414093, 1.09535587310791, 1.1009661328792573, 1.098342856168747, 1.0975059616565703, 1.0882959401607513, 1.0989553725719452, 1.0870445108413695, 1.0931006681919098, 1.0855706119537354, 1.0771794092655183, 1.0750660693645477, 1.0768651366233826, 1.073923817873001, 1.073705838918686, 1.072310847043991, 1.068141461610794, 1.0818469035625458, 1.0704137563705445, 1.0699569082260132, 1.07050585269928, 1.0618615412712098, 1.067634652853012, 1.0582040822505951, 1.0603144562244415, 1.0648990631103517, 1.0596087276935577, 1.0578731751441957, 1.0614337944984436, 1.0494221925735474, 1.0490305781364442, 1.052202330827713, 1.0500611066818237, 1.0405301928520203, 1.0542481827735901, 1.0475000858306884, 1.0426968336105347, 1.045610431432724, 1.037194104194641, 1.0370127582550048, 1.0395981204509734, 1.0329081177711488, 1.042649768590927, 1.0315700316429137, 1.0303948187828065, 1.0275943458080292, 1.0322196996212005, 1.0330113339424134, 1.0265880513191223, 1.0301758205890656, 1.0269826579093932, 1.028721570968628, 1.0229359912872313, 1.0231275177001953, 1.0192273688316345, 1.0261199653148652, 1.023023908138275, 1.015308884382248, 1.012499213218689, 1.0140530371665955, 1.0256815195083617, 1.0127895891666412, 1.0087600839138031, 1.0141384673118592, 1.0117525684833526, 1.0016576266288757, 0.9999904155731201, 1.0136775374412537, 0.997658236026764, 1.0065686237812042, 1.0027288961410523, 1.0072055304050445, 1.0014035177230836, 1.0002057826519013, 0.9924103152751923, 0.9898229658603668, 1.0002948772907256, 0.9865939819812775, 1.002702671289444, 0.9889030039310456, 0.9959118175506592, 0.9892056775093079, 0.9890193438529968, 0.9732163786888123, 0.9838976979255676, 0.9842395114898682, 0.9818594765663147, 0.9808707320690155, 0.9775921022891998, 0.9839740073680878, 0.9795928454399109, 0.9805991220474243, 0.9783924913406372, 0.9780813217163086], "map": 0.6117452903135049}, "time": 589.6684575080872}