{"task": {"lambda": 1, "alpha": 5, "lr": 0.0001, "wd": 1e-06, "bits": 48}, "result": {"earlyStop": true, "loss": [3.2324792623519896, 1.511251039505005, 1.3598251509666444, 1.2555545055866242, 1.158555543422699, 1.0959996926784514, 1.0481220650672913, 0.9881812274456024, 0.9619648349285126, 0.919145724773407, 0.882187077999115, 0.84374436378479, 0.805518890619278, 0.7828655886650085, 0.7461149263381958, 0.7235815763473511, 0.7043241626024246, 0.6672279012203216, 0.6334031873941421, 0.6188461518287659, 0.6042804163694382, 0.582150188088417, 0.5610732883214951, 0.5422291332483291, 0.5160584652423859, 0.5096139222383499, 0.4891713458299637, 0.4896235746145248, 0.4657635271549225, 0.4456138896942139, 0.42823955714702605, 0.4264405274391174, 0.4114041483402252, 0.4080915415287018, 0.3873136621713638, 0.36617478013038635, 0.37361624002456667, 0.3504957002401352, 0.359763131737709, 0.33091354966163633, 0.33054282814264296, 0.32621352016925814, 0.31932725191116335, 0.3049467664957046, 0.3284878280758858, 0.2973736387491226, 0.27231358230113983, 0.30460149377584456, 0.2754759332537651, 0.26883169293403625, 0.2557734280824661, 0.26700933068990707, 0.29489102482795715, 0.22814823925495148, 0.26806423902511595, 0.23594491183757782, 0.26738683730363844, 0.21406953573226928, 0.22012317687273025, 0.25225261360406875, 0.2053482010960579, 0.22671067714691162, 0.24836209833621978, 0.19318149566650392, 0.23245340466499329, 0.20129451274871826, 0.194720998108387, 0.18440529465675354, 0.23383119851350784, 0.17882236450910569, 0.1955210369825363, 0.17453938215970993, 0.17812529921531678, 0.19347269356250762, 0.17939211517572404, 0.16515425026416777, 0.2792671629786491, 0.15133173823356627, 0.14527476102113723, 0.16596987187862397, 0.1691088308393955, 0.1657635036110878, 0.14752368316054343, 0.23507383942604065, 0.1359448352456093, 0.22100872412323952, 0.1369156213104725, 0.13128418534994124, 0.14329966604709626, 0.1512531705200672, 0.1985199384391308, 0.1267070360481739, 0.1860554973781109, 0.14036006793379785, 0.12288724794983864, 0.1423044930398464, 0.13183143556118013, 0.13954175621271134, 0.13001116529107093, 0.19357456132769585, 0.1146141877770424, 0.11545827195048332, 0.2409510952234268, 0.11595640495419503, 0.10917024284601212, 0.1274151809513569, 0.10785992056131363, 0.12226622253656387, 0.23513908550143242, 0.11704069644212722, 0.10342402100563049, 0.10799241214990615, 0.1101403172314167, 0.12799477726221084, 0.14393324106931688, 0.10283107087016105, 0.11384476542472839, 0.2186449310183525, 0.11034921064972877, 0.0946731735765934, 0.0944053053855896, 0.10855476304888725, 0.1609939542412758, 0.09448699861764907, 0.09105834737420082, 0.17334818452596665, 0.17432454273104667, 0.09146923422813416, 0.08854386702179909, 0.08863825440406799, 0.15645429924130438, 0.08874546676874161, 0.0871218903362751, 0.12358632817864418, 0.09561713814735412, 0.08765049085021019, 0.18391805291175842, 0.08271867305040359, 0.08091919735074043, 0.25834259644150737, 0.09350821718573571, 0.08204941436648369, 0.07935484200716018, 0.07905308574438095, 0.12376115158200264, 0.0788496196269989, 0.08045213744044304, 0.13468827798962593, 0.07978220492601394, 0.08113158479332924, 0.17556588158011435, 0.07478811018168927, 0.07279229991137981, 0.07601137168705463, 0.23500575713813304, 0.07791066467761994, 0.07148439228534699, 0.07098636165261268, 0.07942992880940437, 0.15476884379982947, 0.07128841400146485, 0.06932612851262093, 0.08919315285980702, 0.10864509575068951, 0.07264415673911571, 0.09065366938710212, 0.06995171047747135, 0.14487619176506997, 0.06831045009195805, 0.06584063462913037, 0.14787902429699898, 0.08460895135998726, 0.06437735445797443, 0.10970705516636371, 0.06761575050652027, 0.06265690319240093, 0.14236108399927616, 0.06271423041820526, 0.06145988866686821, 0.1432990776747465, 0.06300368092954159, 0.06047465592622757, 0.06661731779575347, 0.08562438137829304, 0.07574540942907333, 0.06589078351855278, 0.13767335377633572, 0.057863479927182195, 0.05838491596281528, 0.06583366081118584, 0.11491530410945415, 0.07525163680315018, 0.057464220374822614, 0.08595556065440178, 0.05670071184635162, 0.12468077301979065, 0.075682617649436, 0.05512553058564663, 0.05724129982292652, 0.07779536448419094, 0.16357370890676975, 0.05416070625185967, 0.05141352511942387, 0.05178149089217186, 0.05407231815159321, 0.269221563115716, 0.059657004103064536, 0.051427659913897514, 0.04970624342560768, 0.04929831854999065, 0.05227979503571987, 0.1384797728806734, 0.05638646319508553, 0.049124591201543805, 0.04943712033331394, 0.12523187041282655, 0.054703514501452444, 0.04796606160700321, 0.04738113701343536, 0.1891676826030016, 0.07270880289375782, 0.048396980091929435, 0.04552370503544807, 0.045745468139648436, 0.05127598941326141, 0.11010255306959152, 0.10364981174468994, 0.04650896482169628, 0.04563142128288746, 0.04583391450345516, 0.05676354117691517, 0.1435966094583273, 0.05000917464494705], "map": 0.8547171029795447}, "time": 490.33599638938904}