{"task": {"lambda": 1, "alpha": 3, "lr": 1e-06, "wd": 1e-06, "bits": 48}, "result": {"earlyStop": true, "loss": [2.855447082519531, 2.3845103788375854, 2.117262399196625, 1.9531987929344177, 1.837141466140747, 1.7532415652275086, 1.6814546585083008, 1.627647829055786, 1.5844693636894227, 1.5502519273757935, 1.509190146923065, 1.4819706892967224, 1.4531240248680115, 1.4333062291145324, 1.413053183555603, 1.3892624378204346, 1.367939350605011, 1.3449664449691772, 1.3284767055511475, 1.324936532974243, 1.3038270664215088, 1.2971171188354491, 1.2827276611328124, 1.2747381114959717, 1.256611704826355, 1.2444887948036194, 1.2361381196975707, 1.2299533915519714, 1.2227779400348664, 1.2168767428398133, 1.2047306740283965, 1.1946740317344666, 1.1757835268974304, 1.1809078407287599, 1.171516525745392, 1.1654237926006317, 1.1500912094116211, 1.1500288021564484, 1.1423954010009765, 1.1379188466072083, 1.1328113532066346, 1.1315506899356842, 1.118156967163086, 1.122289046049118, 1.1097518038749694, 1.102228296995163, 1.1006315231323243, 1.0949181163311004, 1.1038468706607818, 1.0834546983242035, 1.0911449468135834, 1.0778493118286132, 1.0760448229312898, 1.0597217321395873, 1.0608507585525513, 1.0571379590034484, 1.0593199384212495, 1.0485384392738342, 1.0509356153011322, 1.0468795144557952, 1.0390095353126525, 1.0398442900180818, 1.031806617975235, 1.0272582495212554, 1.0231473934650421, 1.0179019105434417, 1.0208830320835114, 1.0203173100948333, 1.0114583086967468, 1.0082719588279725, 1.0036011087894439, 1.0022645699977875, 0.995473438501358, 0.999028959274292, 0.9872398030757904, 0.9829522919654846, 0.9785692656040191, 0.9844706273078918, 0.9801210999488831, 0.97689847946167, 0.9732110667228698, 0.9695606422424317, 0.9663618934154511, 0.9631308507919312, 0.9588074731826782, 0.9575229203701019, 0.9588244569301605, 0.9550141513347625, 0.9493483710289001, 0.9500339376926422, 0.9486499917507172, 0.9455185496807098, 0.9480981600284576, 0.9317584812641144, 0.9406606805324554, 0.9332387089729309, 0.921189330816269, 0.9305698502063752, 0.923168888092041, 0.9174739682674408, 0.9204592752456665, 0.9249057137966156, 0.9118057584762573, 0.9190238094329835, 0.9135211706161499, 0.9090294218063355, 0.9196970748901367, 0.904453204870224, 0.9059991836547852, 0.9029490971565246, 0.9036687791347504, 0.8980430376529693, 0.8893276822566986, 0.892184407711029, 0.8864191126823425, 0.8873747658729553, 0.8875383579730988, 0.8863521873950958, 0.8828170537948609, 0.8886799931526184, 0.879354407787323, 0.8716254603862762, 0.8795079159736633, 0.8686838877201081, 0.8780000376701355, 0.8629974925518036, 0.872084105014801, 0.8677230179309845, 0.8658886361122131, 0.8633041155338287, 0.8612462043762207, 0.8551358854770661, 0.8534441673755646, 0.8506562304496765, 0.8508018231391907, 0.8471763598918914, 0.8430087554454804, 0.8467631673812867, 0.8491681551933289, 0.8420736455917358, 0.8440140283107758, 0.8396792948246002, 0.8368952798843384, 0.8351579201221466, 0.8405054044723511, 0.8390384316444397, 0.8312818193435669, 0.8296061933040619, 0.8251447904109955, 0.8318206715583801, 0.8288133978843689, 0.8241223561763763, 0.8175129818916321, 0.8247127676010132, 0.8246181643009186, 0.8181999123096466, 0.8208990585803986, 0.8148311400413513, 0.813411738872528, 0.8151986157894134, 0.811022230386734, 0.8056347382068634, 0.8070415115356445, 0.8057813513278961, 0.8042749714851379, 0.8047247445583343, 0.8028055906295777, 0.7976137709617614, 0.7967042195796966, 0.8010215675830841, 0.8015068352222443, 0.7907321214675903, 0.786955144405365, 0.7893608272075653, 0.796917370557785, 0.7897498977184295, 0.7883574080467224, 0.7865476286411286, 0.7889210402965545, 0.7808958148956299, 0.777611973285675, 0.7884561491012573, 0.7838606882095337, 0.7808858442306519, 0.7823649609088897, 0.7746449470520019, 0.7742834746837616, 0.7756739568710327, 0.7767460250854492, 0.7703292012214661, 0.7694966924190522, 0.7724822723865509, 0.7697486817836762, 0.7633291471004486, 0.7656238150596618, 0.7609629964828492, 0.7595680332183838, 0.762216135263443, 0.7595004773139954, 0.7545934855937958, 0.7565964424610138, 0.7493067252635955, 0.7557986223697662, 0.7567948925495148, 0.7523932778835296, 0.7505589735507965, 0.7518134927749633, 0.7511115205287934, 0.7442530643939972, 0.7526930153369904, 0.7455599653720856, 0.7477820897102356, 0.7386553704738616, 0.7443073213100433, 0.740090172290802, 0.7435184890031814, 0.74149578332901, 0.7425707733631134, 0.7405119371414185, 0.7380868947505951, 0.733835233449936, 0.7343109691143036, 0.7319631814956665, 0.732833548784256, 0.7300876486301422, 0.7289618217945099, 0.7269289124011994, 0.7269807636737824, 0.7254761779308319, 0.7304345011711121, 0.7213366532325745, 0.7184926402568818, 0.7219097864627838, 0.7233619940280914, 0.7228851318359375, 0.7235090184211731, 0.7169246208667756, 0.7186164355278015, 0.7148227679729462, 0.715849175453186, 0.7130079424381256, 0.71111563205719, 0.7078447651863098, 0.7094683301448822, 0.7079365420341491, 0.7082739043235778, 0.7002783811092377, 0.7067207098007202, 0.7057065868377685, 0.7055098128318786, 0.7102090919017792, 0.6958415579795837, 0.7071528065204621, 0.7037589025497436, 0.7030616736412049, 0.7004647415876388, 0.6994282817840576, 0.69637171626091, 0.695412495136261, 0.6934190130233765, 0.6978778731822968, 0.6971417248249054, 0.688865954875946, 0.698662486076355, 0.6902914476394654, 0.6894539827108384, 0.6867940771579742, 0.6837788510322571, 0.6851004350185395, 0.6881451570987701, 0.6893319666385651, 0.6871555411815643, 0.6799771964550019, 0.6880484986305236, 0.6775008881092072, 0.6829136085510253, 0.6859864985942841, 0.6774346852302551, 0.6743899357318878, 0.6814573740959168, 0.6797740876674652, 0.6755068361759186, 0.6770430481433869, 0.6755724799633026, 0.6702370381355286, 0.6713690114021301, 0.6775478446483612, 0.668152529001236, 0.6695376652479171, 0.6704270398616791, 0.6667736613750458, 0.6660289573669433, 0.66735107421875, 0.6648403435945511, 0.6674212992191315, 0.6623964858055115, 0.6659632915258408, 0.6611308014392853, 0.6650858318805695, 0.6629670202732086, 0.6590553116798401, 0.6590241104364395, 0.6578989827632904, 0.6568823802471161, 0.655917944908142, 0.6570308101177216, 0.6536251163482666, 0.6622995859384537, 0.6519388681650162, 0.653197774887085, 0.6489937436580658, 0.6470319056510925, 0.6554485440254212, 0.6483252632617951, 0.6489230144023895, 0.6485945320129395, 0.6459842169284821, 0.6475828349590301, 0.6425429844856262, 0.6399198162555695, 0.6476890331506729, 0.6438197082281113, 0.6464737129211425, 0.6393087244033814, 0.6367079102993012, 0.6424527239799499, 0.6404444360733033, 0.6342037254571915, 0.6344028395414353, 0.636995735168457, 0.6377014172077179, 0.6395995604991913, 0.633117983341217, 0.6334103167057037, 0.6393516135215759, 0.634297227859497, 0.6311967033147812, 0.637788964509964, 0.63098552942276, 0.6322657465934753, 0.6253547918796539, 0.6250451689958573, 0.627006608247757, 0.6250033593177795, 0.6294505786895752, 0.6298215061426162, 0.6282666122913361, 0.6258504199981689, 0.6247314643859864, 0.6184050464630126, 0.6203312981128692, 0.6217245900630951, 0.6189675664901734, 0.6187411344051361, 0.6176402580738067, 0.6198760652542115, 0.6154032790660858, 0.6224449515342713, 0.6154529505968094, 0.6176630836725235, 0.6182212853431701, 0.6138081210851669, 0.6077395248413086, 0.6135333454608918, 0.6122266745567322, 0.6186483061313629, 0.611964682340622, 0.6082169342041016, 0.6085238182544708, 0.6101546907424926, 0.6041608941555023, 0.6084552013874054, 0.6053951275348664, 0.6097896528244019, 0.6028171795606613, 0.602695701122284, 0.6075592124462128, 0.605142565369606, 0.6027163141965866, 0.608890438079834, 0.6049019610881805, 0.6025169360637664, 0.6035122036933899, 0.6018720364570618, 0.5993862402439117, 0.6016120332479477, 0.5974509012699127, 0.599849962592125, 0.5996605062484741, 0.5978873419761658, 0.5980910789966584, 0.5966905927658082, 0.5991495352983475, 0.594719540476799, 0.6004884994029999, 0.5925529497861862, 0.5948361593484879, 