{"task": {"lambda": 0.5, "alpha": 1, "lr": 1e-06, "wd": 1e-05, "bits": 48}, "result": {"earlyStop": true, "loss": [1.1772266244888305, 1.0043378031253816, 0.9312289881706238, 0.8848960733413697, 0.8497148513793945, 0.8223894393444061, 0.7982305455207824, 0.7785559546947479, 0.7607633936405181, 0.744748375415802, 0.7370647430419922, 0.7255614292621613, 0.710838782787323, 0.7032948637008667, 0.6929942309856415, 0.6859174859523773, 0.6797797739505768, 0.6698895871639252, 0.6646414804458618, 0.6565623021125794, 0.6499833726882934, 0.6446317303180694, 0.639585108757019, 0.6374737536907196, 0.6301977396011352, 0.6254599070549012, 0.6257823330163955, 0.6153935277462006, 0.6132955551147461, 0.6085531449317932, 0.6063759744167327, 0.6006893849372864, 0.6006702303886413, 0.5941901844739914, 0.5908257138729095, 0.5885537850856781, 0.5785472697019577, 0.5782308143377304, 0.577227474451065, 0.5739361089468002, 0.571025521159172, 0.5679500412940979, 0.5670829141139984, 0.5639179003238678, 0.5602242094278336, 0.5555422878265381, 0.555523601770401, 0.5527761191129684, 0.5480466556549072, 0.5518625950813294, 0.5481402045488357, 0.5438710880279541, 0.5421481406688691, 0.5405952543020248, 0.5377082908153534, 0.534343747496605, 0.5347796458005906, 0.5294225317239761, 0.5311670136451722, 0.5254982823133468, 0.5244631463289261, 0.5225817155838013, 0.5228724032640457, 0.5226487588882446, 0.5194455260038375, 0.5194935643672943, 0.515415272116661, 0.5162556517124176, 0.5132230615615845, 0.5074209386110305, 0.5086068516969681, 0.5034291541576386, 0.506000617146492, 0.505550535917282, 0.5039997845888138, 0.5010639351606369, 0.4972921407222748, 0.49916466772556306, 0.49796701073646543, 0.49826039612293244, 0.4957844740152359, 0.4883162349462509, 0.48973315834999087, 0.4904302030801773, 0.4850729322433472, 0.48744376718997956, 0.48171663463115694, 0.4791922986507416, 0.48444196343421936, 0.4843156498670578, 0.4842277693748474, 0.4767383623123169, 0.47752575218677523, 0.4737155646085739, 0.47694754004478457, 0.47535887360572815, 0.4756955897808075, 0.4707686370611191, 0.4705426448583603, 0.47008482575416566, 0.470422660112381, 0.4662221270799637, 0.46788223028182985, 0.4664353007078171, 0.465481196641922, 0.46575284719467164, 0.461504180431366, 0.461451849937439, 0.4558949440717697, 0.45960337817668917, 0.4582184237241745, 0.4568518763780594, 0.4519672513008118, 0.45605227231979373, 0.4553534287214279, 0.4542557060718536, 0.4527123111486435, 0.45311695992946627, 0.45142410695552826, 0.4477554750442505, 0.44936601459980013, 0.4485963672399521, 0.45066978156566617, 0.4456668668985367, 0.4444471651315689, 0.44440048158168793, 0.4386762970685959, 0.44591077029705045, 0.44161502897739413, 0.4424827742576599, 0.4386159819364548, 0.4389194190502167, 0.4377825146913528, 0.44215602934360504, 0.43373904287815096, 0.4301504737138748, 0.4340177589654923, 0.4313188725709915, 0.4299813771247864, 0.43333660364151, 0.42741247355937956, 0.43117501616477966, 0.4282931125164032, 0.42164993166923526, 0.4269767600297928, 0.4255581241846085, 0.4284549766778946, 0.4233725744485855, 0.42499452888965605, 0.4196740311384201, 0.4205022233724594, 0.42217096090316775, 0.41753280520439146, 0.41854762375354765, 0.41682550728321077, 0.41632798612117766, 0.4189344102144241, 0.4156770819425583, 0.41484143435955045, 0.4148838222026825, 0.41477658033370973, 0.4140233808755875, 0.4126068305969238, 0.41232819318771363, 0.41088596284389495, 0.4134320414066315, 0.41038433253765105, 0.41317915201187133, 0.40747168242931364, 0.4060556071996689, 0.4080015081167221, 0.4072346198558807, 0.4029249316453934, 0.4046542024612427, 0.39898147106170656, 0.39950769662857055, 0.40453779697418213, 0.4027360236644745, 0.400685487985611, 0.3992239791154861, 0.4007615756988525, 0.39790983200073243, 0.3943383777141571, 0.3989468210935593, 0.3978344339132309, 0.3962745440006256, 0.3943826460838318, 0.3942268615961075, 0.3961239808797836, 0.3936337113380432, 0.3941091024875641, 0.3935495710372925, 0.3928310531377792, 0.3926174181699753, 0.3913420283794403, 0.3901233291625977, 0.39184931755065916, 0.38903400421142575, 0.39163397073745726, 0.38644584953784944, 0.38481838047504424, 0.38322166860103607, 0.3870670074224472, 0.38562947809696196, 0.38377225279808047, 0.38073298513889314, 0.38214947283267975, 0.3807974308729172, 0.38531926929950716, 0.380442875623703, 0.3814584457874298, 0.3773731595277786, 0.37990484952926634, 0.3809197360277176, 0.38025533795356753, 0.3759985560178757, 0.3791470158100128, 0.3766592860221863, 0.3748030781745911, 0.375006428360939, 0.37489422857761384, 0.3725366312265396, 0.3743342864513397, 0.3735758012533188, 0.37157208144664766, 0.37042458295822145, 0.37091512739658355, 0.3702565836906433, 0.37009119510650634, 0.37286895215511323, 0.37022296667099, 0.3699901640415192, 0.3682908809185028, 0.369940544962883, 0.3667967361211777, 0.36812520802021026, 0.367277757525444, 0.36332126379013063, 0.3649797338247299, 0.3664190584421158, 0.36467537879943845, 0.36487306356430055, 0.3631585657596588, 0.3653485286235809, 0.3619151329994202, 0.3603121346235275, 0.3640898680686951, 0.3609979170560837, 0.3600568079948425, 0.3592093825340271, 0.3598740357160568, 0.3614099019765854, 0.35745442032814023, 0.35630361139774325, 0.36082482755184175, 0.3586364126205444, 0.3564130008220673, 0.3568976986408234, 0.35604140877723695, 0.35579734921455386, 0.3558470058441162, 0.353706836104393, 0.35579425632953643, 0.35047688603401184, 0.35327455282211306, 0.35472105383872987, 0.3510031190514564, 0.35337755978107455, 0.35242691695690154, 0.34982528775930405, 0.3495922118425369, 0.35113830387592315, 0.34709387719631196, 0.3497032761573792, 0.3483264219760895, 0.3474450254440308, 0.34782530605793, 0.3487593418359756, 0.3472634208202362, 0.34668860912322996, 0.34533174395561217, 0.34350315570831297, 0.342314473092556, 0.34201841115951537, 0.3438157778978348, 0.3452298229932785, 0.34352112889289854, 0.34061936974525453, 0.34095301806926726, 0.33940932393074036, 0.34454700589179993, 0.3389102441072464, 0.3407861030101776, 0.3400503295660019, 0.33865206092596056, 0.33821047365665435, 0.3373792392015457, 0.3377875566482544, 0.33825901985168455, 0.33815367102622984, 0.3411729609966278, 0.3367958563566208, 0.33600880205631256, 0.33588963508605957, 0.3358537244796753, 0.33402045965194704, 0.3347873950004578, 0.33475966095924375, 0.33434654235839845, 0.33217929005622865, 0.3328854304552078, 0.3317704802751541, 0.33444287955760954, 0.3319295120239258, 0.3322690325975418, 0.3331891113519669, 0.32868320047855376, 0.3303814619779587, 0.33414931297302247, 0.32944481194019315, 0.3277126491069794, 0.3318946036696434, 0.3284012019634247, 0.3289867293834686, 0.3273462489247322, 0.32848395347595216, 0.328670961856842, 0.325616455078125, 0.32669403582811357, 0.32455803334712985, 0.32379908084869385, 0.32467555165290835, 0.3278744077682495, 0.323247401714325, 0.3247737294435501, 0.32195986330509185, 0.32146204710006715, 0.3225566306710243, 0.3230623185634613, 0.32225457787513734, 0.32232957661151884, 0.32074186861515047, 0.32016402602195737, 0.31860335856676103, 0.32046565115451814, 0.32014010310173036, 0.3190047764778137, 0.3172925823926926, 0.3196951222419739, 0.3187104433774948, 0.31793583542108533, 0.31666222840547564, 0.3166218173503876, 0.31711666941642763, 0.31529597014188765, 0.31400268465280534, 0.31474632561206817, 0.31499469667673113, 0.31260319113731383, 0.31365886390209197, 0.31430713772773744, 0.3155140513181686, 0.3170785930752754, 0.3131869512796402, 0.3105745479464531, 0.3105123156309128, 0.3107704097032547, 0.30934965550899507, 0.3101359236240387, 0.30960397303104403, 0.309305804669857, 0.3094401556253433, 0.3093081957101822, 0.30762444585561755, 0.30751635134220123, 0.3094052419066429, 0.3104050868749619, 0.3080553612112999, 0.3096879455447197, 0.30747900664806366, 0.30715414226055143, 0.30529783338308336, 0.30452394485473633, 0.3041677463054657, 0.30659127086400983, 0.3053685122728348, 0.30327416747808456, 0.3038718837499619, 