{"task": {"lambda": 2, "alpha": 3, "lr": 1e-05, "wd": 0.0001, "bits": 24}, "result": {"time stopage": true, "loss": [1.8936930871009827, 1.437475128173828, 1.3275411677360536, 1.2559048652648925, 1.2089869952201844, 1.1710907065868377, 1.1400765764713288, 1.1053334081172943, 1.079142827987671, 1.0515656232833863, 1.0427228093147278, 1.01954998254776, 0.9982895517349243, 0.9817064654827118, 0.9634143662452698, 0.9554416728019715, 0.9443416345119476, 0.9277396082878113, 0.9192487609386444, 0.9057185161113739, 0.8943155932426453, 0.8829979658126831, 0.8749176371097565, 0.8599285650253295, 0.8531068527698517, 0.845319402217865, 0.8285343551635742, 0.8318683922290802, 0.8206123352050781, 0.8171106064319611, 0.8074676847457886, 0.7945445644855499, 0.7912440454959869, 0.7822005367279052, 0.774383237361908, 0.7737024199962615, 0.7590526211261749, 0.7588777589797974, 0.7535729360580444, 0.7463607466220856, 0.7366287469863891, 0.7345591223239899, 0.7264708733558655, 0.7214666140079499, 0.7132047045230866, 0.7135693538188934, 0.7068793165683747, 0.6996347069740295, 0.6993494439125061, 0.6936120927333832, 0.6889014708995819, 0.6842068099975586, 0.6731542730331421, 0.6720964932441711, 0.6688076317310333, 0.6657537972927093, 0.6610592973232269, 0.6540791493654251, 0.6506040275096894, 0.6456692612171173, 0.6432454824447632, 0.6429180777072907, 0.6359324264526367, 0.6345545387268067, 0.6336010539531708, 0.6251228111982345, 0.6236119377613067, 0.6155986797809601, 0.6180721127986908, 0.611165941953659, 0.6079488468170166, 0.606634566783905, 0.6041367721557617, 0.5977983689308166, 0.5927234202623367, 0.5931626200675965, 0.591473115682602, 0.5882114517688751, 0.5804526638984681, 0.5816094499826431, 0.5782906699180603, 0.5731447637081146, 0.5695831799507141, 0.5704221534729004, 0.5658866149187088, 0.56135373711586, 0.5614917933940887, 0.5559467500448227, 0.5495006996393204, 0.5499689668416977, 0.5476258206367492, 0.5451995640993118, 0.5368672180175781, 0.5355186063051224, 0.535243427157402, 0.5297349953651428, 0.5323195832967759, 0.5292568582296372, 0.5266852831840515, 0.5231841617822647, 0.5210135132074356, 0.5197020947933197, 0.5183849281072617, 0.5152172338962555, 0.508054814338684, 0.5085250198841095, 0.5062197732925415, 0.5025696647167206, 0.5052443248033524, 0.501470594406128, 0.4968618541955948, 0.49390372812747957, 0.4880457639694214, 0.49250859320163726, 0.4881027752161026, 0.4868620896339417, 0.48417879521846774, 0.48563763201236726, 0.4783771276473999, 0.47965988755226135, 0.4752673238515854, 0.4736498427391052, 0.4713980060815811, 0.46817858815193175, 0.4665669733285904, 0.4629838436841965, 0.464722501039505, 0.4587543338537216, 0.46049983382225035, 0.4557431507110596, 0.4561439836025238, 0.453977627158165, 0.4560290950536728, 0.4524183088541031, 0.4512339758872986, 0.4495009738206863, 0.4459585934877396, 0.4452223998308182, 0.44305594682693483, 0.43723321199417114, 0.43955027461051943, 0.4340158373117447, 0.4321757590770721, 0.43733102321624756, 0.4303069525957108, 0.4303640252351761, 0.4292403185367584, 0.4289588439464569, 0.4225905215740204, 0.41842601537704466, 0.41957927525043487, 0.4189998161792755, 0.4175608092546463, 0.4144153141975403, 0.4154328829050064, 0.4111092275381088, 0.40957701683044434, 0.40781664788722993, 0.40800538957118987, 0.40674412667751314, 0.4028768688440323, 0.4026561200618744, 0.4043665117025375, 0.4009244340658188, 0.3971733844280243, 0.39678058683872225, 0.39342854619026185, 0.39593926191329953, 0.39005511164665224, 0.3928202998638153, 0.389740549325943, 0.38999790608882906, 0.3875331217050552, 0.3839146202802658, 0.38144069314002993, 0.3829281347990036, 0.380863419175148, 0.3802362310886383, 0.37854882061481476, 0.37702485024929044, 0.3772933906316757, 0.3741678351163864, 0.3731906485557556, 0.3701193767786026, 0.3669077050685883, 0.368856298327446, 0.364908646941185, 0.3679821819067001, 0.3676632869243622, 0.3619653058052063, 0.3613573050498962, 0.3597267198562622, 0.3569574111700058, 0.3586263382434845, 0.3560355794429779, 0.35563428223133087, 0.3542267405986786, 0.35198942959308627, 0.3506333953142166, 0.34920733571052553, 0.3476934564113617, 0.34763638496398924, 0.34649504601955416, 0.34641737341880796, 0.34487912356853484, 0.343723349571228, 0.34063694477081297, 0.33889658451080323, 0.3385268098115921, 0.34002364575862887, 0.33641919374465945, 0.33600863873958586, 0.333429804444313, 0.334440336227417, 0.3325568866729736, 0.3304667854309082, 0.3294422322511673, 0.32718831598758696, 0.32731673777103426, 0.3300749582052231, 0.3278865087032318, 0.3261720311641693, 0.3234441649913788, 0.32267422080039976, 0.3203306192159653, 0.3197680044174194, 0.32086000382900237, 0.318741098344326, 0.3180634817481041, 0.31727173388004304, 0.31661814987659453, 0.31635885179042816, 0.3128492629528046, 0.3124996685981751, 0.31033877551555633, 0.31053361266851426, 0.3068118721246719, 0.3070871067047119, 0.3058764037489891, 0.30669434249401095, 0.3052680218219757, 0.3051592344045639, 0.3025477859377861, 0.30237758725881575, 0.2992172375321388, 0.301093028485775, 0.30047846674919126, 0.2988031482696533, 0.2990333724021912, 0.2963625356554985, 0.29564642131328583, 0.2944138532876968, 0.29261202216148374, 0.2939655840396881, 0.2928479427099228, 0.2902714824676514, 0.2919021478295326, 0.287704608142376, 0.28696167588233945, 0.28719905972480775, 0.2867028379440308, 0.28536175221204757, 0.28334156215190887, 0.28373689085245135, 0.2831682035326958, 0.28358043789863585, 0.28246999979019166, 0.28075878143310545, 0.2786969792842865, 0.27951925963163377, 0.27651583939790725, 0.27837517142295837, 0.27618755757808683, 0.2747665575146675, 0.2718940755724907, 0.27445173531770706, 0.2729922842979431, 0.273413892686367, 0.2705177170038223, 0.2695630270242691, 0.26858411252498626, 0.2665883582830429, 0.26810915768146515, 0.2664552068710327, 0.26557781010866166, 0.2647486862540245, 0.2660080313682556, 0.26225207358598707, 0.2631780508160591, 0.26018006771802904, 0.2620233938097954, 0.25968225449323656, 0.25946031779050827, 0.258367557823658, 0.2580645602941513, 0.25719385743141177, 0.2568486994504929, 0.2540713307261467, 0.2529157143831253, 0.25581142008304597, 0.2540386402606964, 0.2515488517284393, 0.25133653193712235, 0.24980302453041076, 0.24870029747486114, 0.2500301390886307, 0.24971796751022338, 0.24640604555606843, 0.2485141009092331, 0.2455267831683159, 0.24656599670648574, 0.24369847953319548, 0.2425810354948044, 0.24270063638687134, 0.24119346618652343, 0.24127014666795732, 0.24256858915090562, 0.23970590382814408, 0.2390047886967659, 0.23870599538087844, 0.2381434139609337, 0.23696812391281127, 0.23650981038808822, 0.23798193126916886, 0.23586452513933182, 0.23610017567873, 0.2330419299006462, 0.23307091057300566, 0.23178811371326447, 0.23120954841375352, 0.2303425794839859, 0.22996039628982545, 0.2295568123459816, 0.22881438463926315, 0.22783894807100297, 0.22692646592855453, 0.22744494676589966, 0.22808949559926986, 0.22762974262237548, 0.2251921010017395, 0.2254406002163887, 0.22449569702148436, 0.22295591115951538, 0.22216205507516862, 0.2222067129611969, 0.22265924245119095, 0.2209098094701767, 0.2207365906238556, 0.21944943457841873, 0.21812812238931656, 0.21848361521959306, 0.21747458308935166, 0.21614995777606963, 0.21637368470430374, 0.21731451094150545, 0.2143406292796135, 0.21570524394512178, 0.2133989852666855, 0.2129987210035324, 0.21259210169315337, 0.21173882424831392, 0.21204054713249207, 0.21043801039457322, 0.2092520773410797, 0.20894209861755372, 0.2102827963232994, 0.20853208869695664, 0.20735416382551194, 0.20897274404764177, 0.2067137262225151, 0.20640996277332305, 0.20712807446718215, 0.20555426239967345, 0.20420563191175461, 0.2033777841925621, 0.20382294267416, 0.20418860673904418, 0.201440409719944, 0.20280703514814377, 0.2015718388557434, 0.20075273066759108, 0.200014828145504, 0.19941101789474489, 0.20007674515247345, 0.198289150595665, 0.19876367568969727, 0.19735490739345551, 0.19699042022228241, 0.1978124299645424, 