{"task": {"lambda": 1, "alpha": 5, "lr": 0.0001, "wd": 1e-05, "bits": 24}, "result": {"earlyStop": true, "loss": [3.095719676017761, 1.5646293759346008, 1.4043220114707946, 1.3039844560623168, 1.2187109637260436, 1.1644050359725953, 1.10820707321167, 1.0543382918834687, 1.0264997470378876, 0.9712478268146515, 0.9393181312084198, 0.9040493392944335, 0.8807940375804901, 0.8390944421291351, 0.8058074867725372, 0.7815555787086487, 0.7513170647621155, 0.730808082818985, 0.7223307698965072, 0.6778254413604736, 0.669259808063507, 0.6543660044670105, 0.6305973237752914, 0.6135556215047836, 0.5942574268579484, 0.5813037800788879, 0.5660994321107864, 0.5525098246335983, 0.5413669526576996, 0.5241615623235703, 0.494410982131958, 0.49324737131595614, 0.49292899191379547, 0.47367341578006744, 0.46868939757347106, 0.4334394347667694, 0.44186898827552795, 0.42692371547222135, 0.4151099306344986, 0.41407694458961486, 0.40309973537921906, 0.37714858412742613, 0.3754707187414169, 0.3813620150089264, 0.3803546953201294, 0.3532589888572693, 0.36080770373344423, 0.33703128635883334, 0.3400869250297546, 0.326905592083931, 0.32278532594442366, 0.33486379474401473, 0.30949186861515043, 0.3066778802871704, 0.2939302042126656, 0.30852780997753143, 0.2799580964446068, 0.2893640473484993, 0.27287170231342317, 0.2726605498790741, 0.2861402404308319, 0.2569443222880363, 0.26145886987447736, 0.2592788887023926, 0.2581980061531067, 0.2352194058895111, 0.27459396958351134, 0.227885200381279, 0.2332530850172043, 0.25379926413297654, 0.2172969263792038, 0.21094915986061097, 0.22519658148288726, 0.21333618253469466, 0.27021013528108595, 0.19134190291166306, 0.204242585003376, 0.19316260933876037, 0.20108963519334794, 0.210095117688179, 0.1944990250468254, 0.18090839743614195, 0.18615822315216066, 0.20312355995178222, 0.1990046289563179, 0.17160123512148856, 0.18784700006246566, 0.1788482792675495, 0.18621773213148118, 0.16295140475034714, 0.17972914576530458, 0.1683883011341095, 0.16178882598876954, 0.1886979329586029, 0.15829242810606955, 0.1476281027495861, 0.21428092822432518, 0.12751341134309768, 0.18243252888321876, 0.13597708567976952, 0.14799676463007927, 0.18463119074702264, 0.12161389365792274, 0.15262407302856446, 0.17893802374601364, 0.125123121291399, 0.1595061692595482, 0.11476074039936066, 0.15619738414883613, 0.12265298202633858, 0.13790638461709023, 0.15216611444950104, 0.1502613492310047, 0.1100883935391903, 0.1636449036002159, 0.10535255968570709, 0.18199228316545488, 0.10059531807899474, 0.11544603690505027, 0.14360868468880653, 0.10926546797156333, 0.1378496603667736, 0.11502832785248757, 0.10980747371912003, 0.15782590761780738, 0.09629835605621338, 0.11087914928793907, 0.19657859668135644, 0.09156140729784966, 0.09131668254733086, 0.12635790929198265, 0.15151735052466392, 0.08608644545078277, 0.13507079795002938, 0.09073751598596573, 0.09339173570275307, 0.14749363094568252, 0.09410789355635643, 0.09967418134212494, 0.11082587078213692, 0.1468314956128597, 0.07730284541845321, 0.11856059834361077, 0.08403870299458503, 0.11970042526721954, 0.1201512311398983, 0.08078442573547363, 0.09206693083047866, 0.10846620976924896, 0.1377882719039917, 0.07860298581421375, 0.09722541883587837], "map": 0.8405447847726091}, "time": 308.9106593132019}