{"task": {"lambda": 1, "alpha": 5, "lr": 1e-06, "wd": 1e-05, "bits": 48}, "result": {"earlyStop": true, "loss": [4.284919633865356, 3.5385072469711303, 3.1481026458740233, 2.9114726114273073, 2.7421123361587525, 2.5988692235946655, 2.4875300884246827, 2.3816586399078368, 2.3075009393692016, 2.233144156932831, 2.181473617553711, 2.1221150040626524, 2.0758693552017213, 2.0485528898239136, 1.9973677849769593, 1.9823839449882508, 1.9497927832603454, 1.9225473642349242, 1.904682264328003, 1.880534029006958, 1.8604215312004089, 1.8418528199195863, 1.8299951338768006, 1.8030271673202514, 1.8015762209892272, 1.784020402431488, 1.776649034023285, 1.753610622882843, 1.7433105182647706, 1.739094078540802, 1.7248740410804748, 1.7038634467124938, 1.7212426161766052, 1.6986399102210998, 1.6789996933937072, 1.6671309232711793, 1.6692436146736145, 1.64622798204422, 1.630805833339691, 1.6359353613853456, 1.6342385554313659, 1.605854880809784, 1.6040239334106445, 1.5973443365097046, 1.5711977005004882, 1.5946834325790404, 1.5693209075927734, 1.5691029810905457, 1.5698511958122254, 1.549016089439392, 1.5465520334243774, 1.5426895093917847, 1.5320802664756774, 1.524063730239868, 1.5194772005081176, 1.5145746922492982, 1.5180846524238587, 1.4960247778892517, 1.4980628681182862, 1.4906724977493286, 1.4949401378631593, 1.4722228527069092, 1.4731865978240968, 1.4666624212265014, 1.4745564913749696, 1.4533950471878052, 1.4514622616767883, 1.4579570937156676, 1.445420081615448, 1.445466914176941, 1.447438383102417, 1.4294751048088075, 1.44075119972229, 1.4268673300743102, 1.4195298981666564, 1.405358030796051, 1.4112280678749085, 1.4163411736488343, 1.4028759503364563, 1.4015372776985169, 1.3944172644615174, 1.4041371488571166, 1.3852339482307434, 1.3795258593559265, 1.3859298074245452, 1.373692889213562, 1.3688903832435608, 1.3655162239074707, 1.361401207447052, 1.3648562455177307, 1.3570272636413574, 1.3478261935710907, 1.341117148399353, 1.3389046931266784, 1.345592052936554, 1.3428346633911132, 1.3387494039535524, 1.3367575681209565, 1.3326790809631348, 1.3289446806907654, 1.3173465180397033, 1.3198769521713256, 1.314966354370117, 1.3092077457904816, 1.3086800241470338, 1.301498351097107, 1.3010770177841187, 1.3031846404075622, 1.297888798713684, 1.289971170425415, 1.2923919677734375, 1.2853175354003907, 1.2843920040130614, 1.2904491376876832, 1.281642909049988, 1.2789845514297484, 1.2794377756118775, 1.281243658065796, 1.264347562789917, 1.2711605381965638, 1.258202041387558, 1.2570847654342652, 1.256398288011551, 1.2458179152011872, 1.2562609457969665, 1.242345954179764, 1.2412357866764068, 1.2464457416534425, 1.2436227226257324, 1.2306100356578826, 1.2294632124900817, 1.2340870106220245, 1.2359111297130585, 1.2324587845802306, 1.2230812048912048, 1.2193114185333251, 1.227208333015442, 1.2256005191802979, 1.2204487967491149, 1.2180440855026244, 1.2167438650131226, 1.207599127292633, 1.199942330121994, 1.1969789516925813, 1.193349496126175, 1.1953558766841887, 1.1964086413383483, 1.195483775138855, 1.1851976573467256, 1.1940046679973602, 1.1882013297080993, 1.1941242158412932, 1.1819566881656647, 1.1806020092964173, 1.1702793264389038, 1.1793452095985413, 1.1688952708244325, 1.175158737897873, 1.177704154253006, 1.171526038646698, 1.1683247351646424, 1.1558942651748658, 1.1667188262939454, 1.1661799550056458, 1.1589535450935364, 1.1572062599658965, 1.1566644215583801, 1.1508208990097046, 1.1543524217605592, 1.1519951105117798, 1.1325972855091095, 1.1417290115356444, 1.1377438402175903, 1.141272200345993, 1.141544349193573, 1.132553585767746, 1.1254007494449616, 1.1314318883419037, 1.1341622352600098, 1.1247779428958893, 1.1380831980705262, 1.1289814519882202, 1.1169444751739501, 1.132489844560623, 1.120340017080307, 1.114185825586319, 1.1120259499549865, 1.1156342947483062, 1.1060729682445527, 1.1169614541530608, 1.0974205076694488, 1.1153403961658477, 1.1016995465755464, 1.110277841091156, 1.0936363136768341, 1.0924543380737304, 1.0972016429901124, 1.0935093986988067, 1.0968217289447784, 1.0909385406970977, 1.0889643561840057, 1.0889969861507416, 1.0843061089515686, 1.0792107558250428, 1.0822234964370727, 1.0843528532981872, 1.0980956208705903, 1.0894078540802001, 1.073182510137558, 1.0693628668785096, 1.0618542015552521, 1.0758691596984864, 1.0633462965488434, 1.0755905020236969, 1.065500499010086, 1.0631294083595275, 1.0549428963661194, 1.0618211650848388, 1.0533288741111755, 1.0664741790294647, 1.0574542558193207, 1.0529352593421937, 1.0530771350860595, 1.0582004082202912, 1.052490074634552, 1.048600525856018, 1.0422838258743286, 1.0493647623062134, 1.0533282518386842, 1.0443428111076356, 1.0422069537639618, 1.0517310833930968, 1.0299401628971099, 1.0365209865570069, 1.0332807409763336, 1.0341958582401276, 1.0431536436080933, 1.033270490169525, 1.0281128454208375, 1.029034481048584, 1.0157596004009246, 1.0216859316825866, 1.0338394379615783, 1.0215216445922852, 1.0240652453899384, 1.0223018157482147, 1.0242043077945708, 1.0211725449562072, 1.0215163946151733, 1.010897572040558, 1.014881490468979, 1.0139744532108308, 1.020319412946701, 1.0113592505455018, 1.0050078439712524, 1.0069335496425629, 1.0067282795906067, 1.0022953760623932, 1.0058273780345917, 1.0130810844898224, 1.002829567193985, 0.9953143632411957, 1.001862462759018, 1.0000608563423157, 0.99742950797081, 0.9920154535770416, 0.993974152803421, 0.98796821475029, 0.997296541929245, 0.9931902289390564, 0.9857934582233429, 0.9850652158260346, 0.9783346593379975, 0.9790049970149994, 0.9870292389392853, 0.9920122754573822, 0.9808446407318115, 0.9787041640281677, 0.9775382947921752, 0.9742094004154205, 0.9848323452472687, 0.9792651689052582, 0.975448545217514, 0.9722065114974976, 0.972598305940628, 0.9744389283657074, 0.9689546322822571, 0.9762422621250153, 0.9639785540103912, 0.9617974746227265, 0.9638849401473999, 0.955947196483612, 0.9573200261592865, 0.9569078004360199, 0.9672948849201203, 0.961549768447876, 0.9510857427120208, 0.9640516936779022, 0.9605084788799286, 0.9600257015228272, 0.949382483959198, 0.9516262972354889, 0.9502132749557495, 0.9459196197986602, 0.9510840225219727, 0.9431248390674591, 0.9544250273704529, 0.9548425102233886, 0.9353477501869202, 0.9445516288280487, 0.938013653755188, 0.9421833860874176, 0.9355932366847992, 0.9389400470256806, 0.9379936468601227, 0.9284156036376953, 0.9280994153022766, 0.9248073768615722, 0.9408018875122071, 0.9368371641635895, 0.9325050139427185, 0.9267621254920959, 0.931756751537323, 0.9294261384010315, 0.9308215093612671, 0.9317799055576325, 0.9274490225315094, 0.9304253625869751], "map": 0.6628074958758773}, "time": 667.8945581912994}