{"task": {"lambda": 0.5, "alpha": 5, "lr": 1e-05, "wd": 0.0001, "bits": 48}, "result": {"time stopage": true, "loss": [2.1025777411460878, 1.6162764644622802, 1.5105805349349977, 1.431550557613373, 1.3728260314464569, 1.3279168891906739, 1.2787877535820007, 1.2307978820800782, 1.2215853118896485, 1.176463224887848, 1.1521009945869445, 1.124556109905243, 1.1098963439464569, 1.0864120948314666, 1.0636229515075684, 1.0514268064498902, 1.0320200717449188, 1.0090283608436585, 0.9980785691738129, 0.9907088148593902, 0.9626533830165863, 0.9600574803352356, 0.9295787310600281, 0.9256088900566101, 0.9068856751918792, 0.8836832427978516, 0.8882857465744018, 0.8784575247764588, 0.8611430060863495, 0.854160931110382, 0.8435474967956543, 0.8443103837966919, 0.8205548715591431, 0.8129097056388855, 0.8176577579975128, 0.7998803317546844, 0.7931669580936432, 0.7779488372802734, 0.7738697922229767, 0.758386846780777, 0.7642626690864563, 0.7518001043796539, 0.7471267199516296, 0.7344774746894837, 0.7271287965774537, 0.7221416592597961, 0.70660959482193, 0.7051012635231018, 0.7023811590671539, 0.6935016810894012, 0.697296017408371, 0.6760921084880829, 0.6785636389255524, 0.6689474207162857, 0.6671235078573227, 0.6566795426607132, 0.6526929467916489, 0.6435194301605225, 0.6456121444702149, 0.6344651341438293, 0.6243652284145356, 0.6246811360120773, 0.6205404096841812, 0.6148516350984573, 0.6036257994174957, 0.6064210098981857, 0.5972690111398697, 0.592816064953804, 0.5904295307397842, 0.5791142922639847, 0.5821723002195358, 0.5824586129188538, 0.5689470767974854, 0.5640536671876908, 0.5574222850799561, 0.5586220777034759, 0.5509047478437423, 0.5441506707668304, 0.5452180796861649, 0.5351970052719116, 0.5344041103124618, 0.5329447251558304, 0.527617449760437, 0.5218154859542846, 0.5144734621047974, 0.5113169491291046, 0.5118497252464295, 0.5065567928552628, 0.5004981696605683, 0.4941170126199722, 0.4955177426338196, 0.486369788646698, 0.48429717659950255, 0.4846415185928345, 0.48385790824890135, 0.47863082468509677, 0.46836349487304685, 0.4670895767211914, 0.4653607165813446, 0.46383395671844485, 0.4624340307712555, 0.45652170836925504, 0.4547408604621887, 0.45308554351329805, 0.44671922087669375, 0.4423016405105591, 0.4461133140325546, 0.43539758026599884, 0.4339434427022934, 0.43051578879356384, 0.4290226572751999, 0.42966705799102783, 0.4176096296310425, 0.4183390873670578, 0.4187936347723007, 0.4123019200563431, 0.41083582520484924, 0.40408899784088137, 0.40163570702075957, 0.4020792406797409, 0.39564832270145417, 0.3951304477453232, 0.39456253111362455, 0.38714936196804045, 0.39010250389575957, 0.38220806658267975, 0.3818218153715134, 0.3790582764148712, 0.3834075123071671, 0.3745383369922638, 0.37400846660137177, 0.3714580589532852, 0.3710233822464943, 0.3651664620637894, 0.3674853867292404, 0.3581518304347992, 0.3556050047278404, 0.35482599437236784, 0.3528458160161972, 0.3508196085691452, 0.3506017941236496, 0.35075470685958865, 0.3435663616657257, 0.34328042447566987, 0.3433344721794128, 0.3346166542172432, 0.3311754548549652, 0.33501380413770676, 0.331727437376976, 0.3251718604564667, 0.3250426611304283, 0.31835473209619525, 0.3234619304537773, 0.32008659690618513, 0.3155893483757973, 0.31185008376836776, 0.31805892050266266, 0.31093446284532544, 0.3057980763912201, 0.30713833272457125, 0.3047956562042236, 0.3041544380784035, 0.3012073576450348, 0.2951575091481209, 0.2953917157649994, 0.29603264898061754, 0.29273323506116866, 0.2941134375333786, 0.2886484834551811, 0.28830322831869126, 0.28582215070724487, 0.2822290894389152, 0.2844488760828972, 0.2835369607806206, 0.28009545415639875, 0.2760879877209663, 0.27524659007787705, 0.27365066200494764, 0.2682312843203545, 0.2694706043601036, 0.26912547945976256, 0.26862989127635956, 0.2649993544816971, 0.26120344251394273, 0.26258463978767393, 0.2611143523454666, 0.26053811341524125, 0.2584374323487282, 0.25652309238910675, 0.2552507445216179, 0.25461256206035615, 0.25373819589614865, 0.24976712673902512, 0.2489684370160103, 0.24793403208255768, 0.24439811408519746, 0.24657994031906127, 0.23734272599220277, 0.2400927522778511, 0.23853859007358552, 0.23580474853515626, 0.23742970556020737, 0.23522456526756286, 0.23470978081226349, 0.23347834289073943, 0.23252823531627656, 0.22932056099176407, 0.2285124984383583, 0.2282705560326576, 0.22444623976945877, 0.22298998832702638, 0.22148548543453217, 0.22167715042829514, 0.22028216660022737, 0.22038329392671585, 0.21551409900188445, 0.21818788826465607, 0.21627969026565552, 0.21422726511955262, 0.21458623558282852, 0.20931794106960297, 0.21137929677963258, 0.21189620733261108, 0.20487256050109864, 0.2070031011104584, 0.20739385068416596, 0.20138667941093444, 0.20498024493455888, 0.20490568816661836, 0.2014396470785141, 0.20025331944227218, 0.1987261015176773, 0.19882140398025513, 0.19861017376184464, 0.19664979070425034, 0.1942862629890442, 0.1921602514386177, 0.19395440965890884, 0.19183118432760238, 0.19223195761442186, 0.18726116120815278, 0.18770015895366668, 0.1886900269985199, 0.1860145553946495, 0.18427260130643844, 0.18551848143339156, 0.1840611332654953, 0.18156511545181275, 0.1807047913968563, 0.1795397263765335, 0.17856756657361983, 0.178064643740654, 0.17913234680891038, 0.17647518575191498, 0.17541681468486786, 0.1757654556632042, 0.17319455593824387, 0.1726571363210678, 0.1691530305147171, 0.17114235073328019, 0.16978844195604326, 0.16794011354446411, 0.16832907170057296, 0.1664058631658554, 0.16717077523469925, 0.16611532479524613, 0.16599412500858307, 0.16451956421136857, 0.16239594355225562, 0.16365342885255812, 0.16211619466543198, 0.16151218742132187, 0.15961543530225752, 0.15827690958976745, 0.16186574518680572, 0.1566956502199173, 0.1566157026588917, 0.15532092347741128, 0.1540692640841007, 0.1553613829612732, 0.15437205418944358, 0.15292220011353494, 0.1533239607512951, 0.1519838872551918, 0.14786116287112236, 0.14967403009533883, 0.1471553337574005, 0.14769383028149605, 0.14697549700737, 0.14725044265389442, 0.14633850380778313, 0.1452818863093853, 0.1446190033853054, 0.14440131977200507, 0.14464049696922301, 0.14257579818367958, 0.1431427726149559, 0.14043710321187974, 0.13989814698696137, 0.13954914942383767, 0.13845932990312576, 0.13867135658860208, 0.1372687439620495, 0.13575481474399567, 0.13678649693727493, 0.13715409696102143, 0.13495166793465616, 0.1342250806093216, 0.13433581590652466, 0.1335594765841961, 0.1331351464986801, 0.1315830570459366, 0.13240972474217416, 0.13092925086617468, 0.13040258780121802, 0.13005434066057206, 0.1288919360935688, 0.12838295370340347, 0.1290349219739437, 0.12672194853425026, 0.12584810182452202, 0.12638964131474495, 0.12525260344147682, 0.1243641348183155, 0.12319237157702446, 0.12345846429467201, 0.12238030388951301, 0.12292931839823723, 0.12302140533924102, 0.1218220329284668, 0.11952043041586875, 0.11985155284404754, 0.12037277564406396, 0.1197792835533619, 0.11867661297321319, 0.11926958575844765, 0.11813483968377113, 0.11753079921007156, 0.11839896380901337, 0.11672544166445732, 0.11626133814454079, 0.11603738352656365, 0.11657729297876358, 0.11462197259068489, 0.11443350687623025, 0.11390629708766938, 0.11368280723690986, 0.11327978283166885, 0.11339807644486427, 0.1128218013048172, 0.11120772257447242, 0.1107852940261364, 0.11116060838103295, 0.11125035226345062, 0.11001943245530128, 0.10952967599034309, 0.10821166679263115, 0.10874843761324883, 0.1086032423377037, 0.10762053713202477, 0.10743133783340454, 0.10725671499967575, 0.10654033482074737, 0.1051032392680645, 0.10602261394262313, 0.10509166210889816, 0.10424017176032066, 0.1037288784980774, 0.10431320577859879, 0.10376011714339256, 0.1029106168448925, 0.10308468893170357, 0.1016243802011013, 0.10228860422968865, 0.10118806257843971, 0.10083849608898163, 0.10175803437829017, 0.10004460379481316, 0.09913742542266846, 0.09978210851550103, 0.09927074417471886, 0.09917727246880531, 0.09780875965952873, 0.09810392692685127, 0.09784197017550468, 