{"task": {"lambda": 2, "alpha": 5, "lr": 1e-05, "wd": 1e-06, "bits": 24}, "result": {"time stopage": true, "loss": [2.759277176856995, 2.0759825134277343, 1.9202743983268737, 1.8278120136260987, 1.7773810243606567, 1.7179136729240418, 1.6634361243247986, 1.6299709701538085, 1.5943277430534364, 1.562196238040924, 1.5423954558372497, 1.5076221704483033, 1.4875657391548156, 1.473266260623932, 1.4303013563156128, 1.4219222831726075, 1.3919358372688293, 1.3880294203758239, 1.3637344074249267, 1.3480000066757203, 1.3261892223358154, 1.3159492468833924, 1.3011639285087586, 1.2779839634895325, 1.2734142351150513, 1.2590267693996429, 1.2464249563217162, 1.2340793704986572, 1.215710381269455, 1.2058760142326355, 1.1989674472808838, 1.191144390106201, 1.1697711145877838, 1.1643847227096558, 1.152509455680847, 1.1411584985256196, 1.1338141584396362, 1.1192460203170775, 1.1125508773326873, 1.0980324721336365, 1.0865082955360412, 1.083094792366028, 1.0671489858627319, 1.066825078725815, 1.0532974600791931, 1.053653312921524, 1.0403766000270844, 1.030972820520401, 1.0234187281131744, 1.0114383149147033, 1.014260152578354, 0.9972133159637451, 0.9915821433067322, 0.9852007603645325, 0.9851109576225281, 0.9684431266784668, 0.9607469260692596, 0.963347464799881, 0.9610220539569855, 0.9450394976139068, 0.9454085087776184, 0.9408789587020874, 0.9382449340820312, 0.9319028902053833, 0.9204367363452911, 0.9170450568199158, 0.9148465979099274, 0.8983585917949677, 0.8998058366775513, 0.8904278361797333, 0.886254587173462, 0.8886936509609222, 0.880771244764328, 0.8774330496788025, 0.8696298575401307, 0.8670732915401459, 0.8618488705158234, 0.8595942723751068, 0.849589946269989, 0.8391103887557984, 0.8442514300346374, 0.8389426827430725, 0.8304986882209778, 0.8264370465278625, 0.8321102702617645, 0.8207254481315612, 0.8174234390258789, 0.8124003565311432, 0.8082128262519837, 0.8036311089992523, 0.7985345721244812, 0.7975269305706024, 0.7893285894393921, 0.79127108335495, 0.7849892997741699, 0.780441085100174, 0.7764882385730744, 0.7695500457286835, 0.7686045956611633, 0.7610001039505004, 0.7650277483463287, 0.7575898671150207, 0.7577927327156067, 0.7541747617721558, 0.7540437936782837, 0.7506523585319519, 0.74416419506073, 0.7380226087570191, 0.7354835414886475, 0.7330963480472564, 0.7295356512069702, 0.7225102186203003, 0.7227575504779815, 0.7201978373527527, 0.7197408771514893, 0.7112949669361115, 0.7062746214866639, 0.7059388017654419, 0.6994876384735107, 0.6979808223247528, 0.7020638430118561, 0.695705806016922, 0.6856518399715423, 0.6899693727493286, 0.6815568292140961, 0.6821980583667755, 0.6764638674259186, 0.6769722050428391, 0.6749613475799561, 0.6757666540145874, 0.6730931794643402, 0.6683867633342743, 0.6664125657081604, 0.6537798869609833, 0.656709423661232, 0.65008908867836, 0.6544750154018402, 0.6462112313508988, 0.6452564716339111, 0.6447432076931, 0.6422514218091965, 0.6446685671806336, 0.6349549347162247, 0.6392916530370713, 0.6262018048763275, 0.6303382110595703, 0.6274276095628738, 0.6232644468545914, 0.6244562232494354, 0.6162149715423584, 0.6172394597530365, 0.6184618055820466, 0.6103823751211166, 0.6106260931491851, 0.6034866553544999, 0.6050006890296936, 0.6022567462921142, 0.6026287418603897, 0.6011293280124664, 0.5938944590091705, 0.5919346314668655, 0.5922589385509491, 0.590566600561142, 0.5882470160722733, 0.5835807466506958, 0.5825359106063843, 0.5819528371095657, 0.5814062416553497, 0.5794513648748398, 0.5722130334377289, 0.5735949379205704, 0.570079635977745, 0.5664371836185456, 0.5635665869712829, 0.561183305978775, 0.5563059145212174, 0.5601668250560761, 0.5561102443933487, 0.5563902401924133, 0.5567817884683609, 0.5528900098800659, 0.5483586728572846, 0.5435693657398224, 0.5482558864355087, 0.5460376065969467, 0.5410366106033325, 0.5369420063495636, 0.5373566097021103, 0.536815796494484, 0.5314693331718445, 0.5311578607559204, 0.5310306203365326, 0.5297755932807923, 0.5268012160062789, 0.5268790060281754, 0.5245152205228806, 0.5198836106061936, 0.5235582888126373, 0.5153156679868698, 0.5149139392375947, 0.5128012251853943, 0.5129120588302613, 0.5049556970596314, 0.5077569663524628, 0.5037918359041214, 0.5046374547481537, 0.4992382997274399, 0.501011792421341, 0.5011346477270127, 0.4973886102437973, 0.4997665572166443, 0.4950034254789352, 0.4950945287942886, 0.4930882501602173, 0.48430465638637543, 0.48702965199947357, 0.485120005607605, 0.4804749882221222, 0.4849063777923584, 0.48180037379264834, 0.4776005071401596, 0.48140651643276217, 0.475193607211113, 0.47426734924316405, 0.47163437366485594, 0.47461083412170413, 0.46966742753982543, 0.47076854228973386, 0.47168136179447173, 0.46577105224132537, 0.46146952867507934, 0.46138528645038607, 0.4581039571762085, 0.4574885272979736, 0.45967319488525393, 0.4583781987428665, 0.4545194184780121, 0.45145779311656953, 0.4526197582483292, 0.45038698315620423, 0.4488839566707611, 0.44577929615974426, 0.44546651482582095, 0.4440926271677017, 0.44473024010658263, 0.440506643652916, 0.43758019924163816, 0.43844552934169767, 0.43957217276096344, 0.43516107261180875, 0.4305907297134399, 0.43370457530021667, 0.43302407741546634, 0.42902922749519345, 0.43133700132369995, 0.42642204284667967, 0.4251966965198517, 0.4289276534318924, 0.4218588900566101, 0.42205085694789884, 0.4199339747428894, 0.41714172065258026, 0.4174651223421097, 0.41822620034217833, 0.4190979480743408, 0.41194325268268583, 0.4147659558057785, 0.41502469778060913, 0.41144463419914246, 0.41049238860607146, 0.4050405663251877, 0.4067290097475052, 0.40784702479839324, 0.40510582566261294, 0.4041857224702835, 0.4020111119747162, 0.3993878424167633, 0.4011015069484711, 0.39576000332832334, 0.39553714513778687, 0.3947365647554398, 0.39370771408081057, 0.39106386542320254, 0.3926483130455017, 0.39143234848976133, 0.3920897591114044, 0.3886506742238998, 0.3870836460590363, 0.3869269680976868, 0.3868799543380737, 0.38433651626110077, 0.3826837074756622, 0.38085400581359863, 0.3795687490701675, 0.37732513666152956, 0.37745516657829287, 0.37594564735889435, 0.3787210249900818, 0.3762367349863052, 0.37461445569992063, 0.3721554923057556, 0.3716453540325165, 0.37175853312015533, 0.37106412172317504, 0.3687194836139679, 0.3697544115781784, 0.3677534121274948, 0.36591226398944854, 0.36139905095100405, 0.36441815972328184, 0.3628476023674011, 0.35982185006141665, 0.35557117640972136, 0.3597863852977753, 0.3550123029947281, 0.358601501584053, 0.35595035791397095, 0.3545550501346588, 0.3544487988948822, 0.352531481385231, 0.3516723847389221, 0.34709253907203674, 0.34851393759250643, 0.3464606165885925, 0.3475081104040146, 0.34531125068664553, 0.34533868968486786, 0.34270326018333436, 0.3427133911848068, 0.34049020409584047, 0.3397183954715729, 0.3383204650878906, 0.33733819127082826, 0.33751286268234254, 0.3371925121545792, 0.33701608419418333, 0.3349446141719818, 0.33332657933235166, 0.3324253934621811, 0.3294192588329315, 0.33131123304367066, 0.3267918094992638, 0.329476922750473, 0.3291253596544266, 0.32768345177173613, 0.326816623210907, 0.324440034031868, 0.32224874913692475, 0.3223526883125305, 0.3219960308074951, 0.3214178076386452, 0.3190095114707947, 0.31662724673748016, 0.31945178627967835, 0.3201465833187103, 0.31814038634300235, 0.31478582203388217, 0.3129012250900269, 0.3139853191375732, 0.31367088794708253, 0.30989318430423735, 0.31151228249073026, 0.3090121281147003, 0.3082559382915497, 0.3081288450956345, 0.30674225866794586, 0.3049786016345024, 0.3062667253613472, 0.30688249051570893, 0.3007327437400818, 0.30200063943862915, 0.29981607109308245, 0.30174359381198884, 0.299908327460289, 0.3000544646382332, 0.2992202290892601, 0.3003018015623093, 0.2963806289434433, 0.29892711222171786, 0.29429028540849683, 0.2936038935184479, 0.2931830123066902, 0.29298755913972857, 0.29319382309913633, 0.291982045173645, 0.29032823503017424, 0.2920334866642952, 0.2881257167458534, 0.28766530215740205, 0.2883252081274986, 0.2882745909690857, 0.285208740234375, 