{"task": {"lambda": 1, "alpha": 1, "lr": 1e-06, "wd": 1e-05, "bits": 12}, "result": {"earlyStop": true, "loss": [1.534071204662323, 1.2785553765296935, 1.130707848072052, 1.04596049785614, 0.9844274961948395, 0.9402307331562042, 0.9033108556270599, 0.8771329200267792, 0.8551912903785706, 0.8312962448596954, 0.8142046916484833, 0.7996704638004303, 0.7875068008899688, 0.7795761871337891, 0.767113037109375, 0.7562190127372742, 0.7459649825096131, 0.7372841644287109, 0.7311538231372833, 0.7256503212451935, 0.716499673128128, 0.7082305216789245, 0.7022026562690735, 0.6980287039279938, 0.6931327092647552, 0.6888849568367005, 0.679274526834488, 0.6749812841415406, 0.6722567439079284, 0.6677386796474457, 0.6625588893890381, 0.6587817633152008, 0.6519224369525909, 0.6527978551387786, 0.6481648790836334, 0.6418338966369629, 0.6386106050014496, 0.6353067708015442, 0.6317872405052185, 0.6322155737876892, 0.6286746656894684, 0.6272686469554901, 0.6239766728878021, 0.6185731434822083, 0.6135876965522766, 0.6121366715431213, 0.6107353049516678, 0.6093562626838684, 0.6061248934268951, 0.6017727422714233, 0.6050085508823395, 0.6031328761577606, 0.5975693082809448, 0.5954796504974366, 0.5925299048423767, 0.5922834384441376, 0.5902057468891144, 0.5896121126413345, 0.5868927121162415, 0.5834505087137223, 0.5803201258182525, 0.5799715566635132, 0.5756301391124725, 0.5762417781352996, 0.5718982636928558, 0.5745066326856613, 0.5688263076543808, 0.5683006358146667, 0.5663415676355362, 0.5651440262794495, 0.5654794383049011, 0.5625067085027695, 0.5599597257375717, 0.561932406425476, 0.5588750350475311, 0.5576022738218307, 0.5520575207471847, 0.554521211385727, 0.5518441635370255, 0.5519956302642822, 0.5500835919380188, 0.547690566778183, 0.5477378654479981, 0.5465110677480698, 0.5423723822832107, 0.5407580852508544, 0.5411593073606491, 0.537864893078804, 0.5410480308532715, 0.539064176082611, 0.5342725163698196, 0.5348835456371307, 0.5334715527296067, 0.5343738389015198, 0.5343115842342376, 0.5323780596256256, 0.5283709609508515, 0.5270973682403565, 0.5258959579467773, 0.5252468776702881, 0.5269869297742844, 0.5231028258800506, 0.5213080847263336, 0.5231998991966248, 0.5202020907402038, 0.5142775589227676, 0.5186537045240402, 0.5203317511081695, 0.5167152923345566, 0.5147809427976608, 0.5142014300823212, 0.5146317082643509, 0.5108653515577316, 0.5124529767036438, 0.5120928090810776, 0.5073680943250656, 0.5036622983217239, 0.5067400121688843, 0.5055889517068863, 0.5048932319879532, 0.5020088440179825, 0.5006958734989166, 0.5021217685937881, 0.5014134323596955, 0.503355257511139, 0.4998475396633148, 0.49947349667549135, 0.4961172717809677, 0.49558825433254244, 0.49548506081104277, 0.49902653098106386, 0.49260948538780214, 0.490622780919075, 0.4944029629230499, 0.4913472527265549, 0.4920703148841858, 0.4895923113822937, 0.4909877169132233, 0.49052639067173004, 0.48820740878582003, 0.48729233086109164, 0.484036847949028, 0.4875322568416596, 0.48236745595932007, 0.48198155403137205, 0.48399012386798856, 0.4798308616876602, 0.47913041949272156, 0.48195408821105956, 0.4802084040641785, 0.47969175994396207, 0.47828102111816406, 0.47762187004089357, 0.4746036314964294, 0.4723201274871826, 0.477285777926445, 0.47426097631454467, 0.47698811054229734, 0.4730170434713364, 0.4725440776348114, 0.47061756014823913, 0.46956515848636626, 0.4679587364196777, 0.46742539167404173, 0.46897351026535034, 0.47094726502895357, 0.4677010130882263, 0.4680781692266464, 0.46595708847045897, 0.46719973027706146, 0.46317707002162933, 0.46447976052761075, 0.46327718436717985, 0.4618130248785019, 0.46526597559452054, 0.464332127571106, 0.4595081442594528, 0.46200538039207456, 0.461444131731987, 0.4581109344959259, 0.45726594984531405, 0.4573499184846878, 0.45938198566436766, 0.4563698822259903, 0.4537436854839325, 0.4558189469575882, 0.45516157627105713, 0.4547955560684204, 0.4522391146421432, 0.45580325663089755, 0.4538654625415802, 0.45080541729927065, 0.4530975139141083, 0.4482259273529053, 0.4511212754249573, 0.44793037116527556, 0.4515614151954651, 0.4506563764810562, 0.44999529123306276, 0.44725971162319184, 0.44834962010383606, 0.44657329499721526, 0.4475106281042099, 0.445776572227478, 0.4439128875732422, 0.4429155498743057, 0.44155583798885345, 0.4450548166036606, 0.4417364281415939, 0.4440854734182358, 0.4414982092380524, 0.4396417474746704, 0.4416355061531067, 0.44050325751304625, 0.43960540533065795, 0.4363566166162491, 0.44040918052196504, 0.4375084364414215, 0.43640374958515166, 0.4356104052066803, 0.43426911294460296, 0.4369079887866974, 0.435475138425827, 0.43537427723407746, 0.4352617025375366, 0.4351501560211182, 0.43225172877311707, 0.43269506096839905, 0.43201672911643985, 0.430204946398735, 0.430985831618309, 0.42922976732254026, 0.42919074296951293, 0.43074839532375336, 0.4311158585548401, 0.42831212043762207, 0.4268526381254196, 0.4282848829030991, 0.4279754036664963, 0.42681457102298737, 0.4269380497932434, 0.4270566272735596, 0.42588132798671724, 0.4253079605102539, 0.4252806156873703, 0.42438723623752594, 0.42552453935146334, 0.42295196652412415, 0.4241367506980896, 0.42432122349739076, 0.42066977977752684, 0.425098152756691, 0.4204797959327698, 0.4188742303848267, 0.420661581158638, 0.41955074727535246, 0.42085891485214233, 0.4191330474615097, 0.41891762495040896, 0.4162915313243866, 0.4184296751022339, 0.4181444454193115, 0.41751536190509797, 0.4163520961999893, 0.4158342987298965, 0.4190819716453552, 0.41306445002555847, 0.41716137766838074, 0.41304767787456514, 0.4138234543800354, 0.41137864053249357, 0.41263352394104, 0.4115335434675217, 0.4114666414260864, 0.4110805642604828, 0.4130565673112869, 0.4109981727600098, 0.4114136826992035, 0.40972544610500333, 0.41045765817165375, 0.407772416472435, 0.4060161930322647, 0.4077421587705612, 0.4068801319599152, 0.4084436249732971, 0.4065128755569458, 0.4066774493455887, 0.40441127479076383, 0.4061042582988739, 0.40613256514072416, 0.40507747590541837, 0.40544779181480406, 0.405146119594574, 0.40174038529396056, 0.40365729212760926, 0.4038685578107834, 0.40205482602119447, 0.40102790951728823, 0.4010215103626251, 0.40229201436042783, 0.40148843705654147, 0.40378838062286376, 0.39824590444564817, 0.4014444100856781, 0.3981974941492081, 0.39726476490497586, 0.3979532736539841, 0.3980609828233719, 0.39908515095710756, 0.39901203513145445, 0.39628414988517763, 0.3957702207565308, 0.3952732068300247, 0.3966571772098541, 0.39829095363616945, 0.3959698337316513, 0.3944183838367462, 0.39520793318748476, 0.39507229506969455, 0.3937912094593048, 0.393377987742424, 0.39369915664196015, 0.3923675483465195, 0.39124400198459625, 0.3931142127513885, 0.39125858783721923, 0.389471173286438, 0.39056878864765165, 0.3919474512338638, 0.38984967052936553, 0.39053690969944, 0.38941428303718567, 0.38869375467300415, 0.38922460317611696, 0.39167154908180235, 0.38769846260547636, 0.38929795265197753, 0.3863947492837906, 0.38796102821826933, 0.38777156233787535, 0.3847879272699356, 0.3859017235040665, 0.38465803742408755, 0.3872109234333038, 0.3858882534503937, 0.3849027234315872, 0.38438031733036043, 0.38567316174507144, 0.3859987586736679, 0.38344213128089905, 0.3824142974615097, 0.38107461988925934, 0.38164043843746187, 0.38383390605449674, 0.38299288988113406, 0.38103855550289156, 0.37785105645656586, 0.3818442177772522, 0.3793604785203934, 0.37998990058898924, 0.3803634375333786, 0.3796597975492477, 0.37971204578876494, 0.3778000295162201, 0.3790669625997543, 0.37886847972869875, 0.3771696710586548, 0.3776674526929855, 0.374716100692749, 0.3761194694042206, 0.37654152572155, 0.3746889168024063, 0.3743893051147461, 0.3748066782951355, 0.37451687932014466, 0.3733018207550049, 0.37259935319423676, 0.3750369244813919, 0.3725001156330109, 0.373769126534462, 0.3744844675064087, 0.3745156854391098, 0.3726708173751831, 0.3699706518650055, 0.37309891283512114, 0.3713647097349167, 0.3710653007030487, 0.3693776720762253, 0.36907881379127505, 0.37139344155788423, 