{"task": {"lambda": 1, "alpha": 1, "lr": 1e-05, "wd": 0.0001, "bits": 32}, "result": {"earlyStop": true, "loss": [0.9415303635597229, 0.7518705999851227, 0.6967114162445068, 0.661232659816742, 0.6354508352279663, 0.610668979883194, 0.588171490430832, 0.574846647977829, 0.5593679535388947, 0.5473325651884079, 0.5314728420972824, 0.5174636799097061, 0.5073586225509643, 0.5009115910530091, 0.487703230381012, 0.4821715432405472, 0.47370445787906645, 0.4644641125202179, 0.4609560036659241, 0.44902235448360445, 0.4428328049182892, 0.4407528322935104, 0.4358624696731567, 0.425920797586441, 0.4203661048412323, 0.4157355916500092, 0.4132153820991516, 0.40391697227954865, 0.40199348628520964, 0.39724553763866427, 0.3926635605096817, 0.3842405641078949, 0.38482607424259185, 0.37830909609794616, 0.37347101509571073, 0.36936477601528167, 0.3675591629743576, 0.36089096903800966, 0.3581350964307785, 0.3562453728914261, 0.3529890125989914, 0.3495746064186096, 0.3447066420316696, 0.343423011302948, 0.3411483424901962, 0.33434339046478273, 0.33334170520305634, 0.33200069189071657, 0.32862476527690887, 0.3268705517053604, 0.3217583593726158, 0.31775287866592405, 0.313813698887825, 0.3143735593557358, 0.3107577604055405, 0.30955705761909486, 0.3085997262597084, 0.30545794844627383, 0.305158052444458, 0.30065267950296404, 0.29956780314445497, 0.29442493110895157, 0.2938027986884117, 0.2936165541410446, 0.2886989834904671, 0.28940719693899153, 0.2841686719655991, 0.28372315466403963, 0.2797178891301155, 0.27982059568166734, 0.2773313766717911, 0.2763379195332527, 0.2744721141457558, 0.2736217340826988, 0.26802618473768236, 0.27013170123100283, 0.264020259976387, 0.26422556132078173, 0.2650470757484436, 0.2637384930253029, 0.25878850877285003, 0.2577661246061325, 0.2552142196893692, 0.2541278803348541, 0.2535529762506485, 0.2524151796102524, 0.251850782930851, 0.24980585783720016, 0.24739770382642745, 0.24430879771709443, 0.2443328258395195, 0.2431805983185768, 0.24150003343820572, 0.2405402109026909, 0.23923947632312775, 0.23771563708782195, 0.23844315230846405, 0.23459705084562302, 0.23407724231481553, 0.23257771998643875, 0.23167574971914293, 0.23105544865131378, 0.22568245172500612, 0.22632489413022994, 0.22440957069396972, 0.22462075620889663, 0.22277068018913268, 0.22168441116809845, 0.22087035357952117, 0.21902678310871124, 0.21726738780736923, 0.22051399260759352, 0.21544620364904404, 0.21455253809690475, 0.2146630945801735, 0.21185044944286346, 0.21075206071138383, 0.20889983236789703, 0.21052055925130844, 0.20812645196914673, 0.205628941655159, 0.20624472737312316, 0.20461320072412492, 0.20424728870391845, 0.20386050403118133, 0.20259439557790757, 0.20134275138378144, 0.19962409317493437, 0.20007551580667496, 0.1994449633359909, 0.1969934755563736, 0.19752438932657243, 0.1961071425676346, 0.1925513845682144, 0.19361248791217803, 0.19304843693971635, 0.19153966784477233, 0.19084293395280838, 0.19057138860225678, 0.18813260704278945, 0.18850756853818892, 0.18616139262914658, 0.1867670202255249, 0.18488631427288055, 0.18403203576803207, 0.18321689933538438, 0.18223559379577636, 0.18226770251989366, 0.18105606615543365, 0.17871481478214263, 0.17855399429798127, 0.17924409121274948, 0.17901465862989427, 0.1778472962975502, 0.17639925003051757, 0.17404311776161194, 0.17371444642543793, 0.1735551545023918, 0.17299646258354187, 0.1733541965484619, 0.1711242112517357, 0.17195422649383546, 0.17107755988836287, 0.1696709507703781, 0.16815153121948243, 0.16821387618780137, 0.1675342521071434, 0.1667796167731285, 0.16464387625455856, 0.16512562811374665, 0.16503140598535537, 0.1630726310610771, 0.16335447669029235, 0.1612386356294155, 0.1624992895126343, 0.16180506885051726, 0.16042608082294463, 0.160099618434906, 0.16053141206502913, 0.15845196396112443, 0.15810178235173225, 0.15672195225954055, 0.15742410212755203, 0.1567913793027401, 0.1553683526813984, 0.1547473281621933, 0.15385060980916024, 0.15431213662028312, 0.15369347035884856, 0.15193691968917847, 0.15132283687591552, 0.1510690575838089, 0.15119899392127992, 0.14975614219903946, 0.14998697698116303, 0.14887313544750214, 0.14865303322672843, 0.1478569385409355, 0.14691558957099915, 0.14612555965781213, 0.14589680403470992, 0.14588079676032067, 0.14526924431324006, 0.14493865847587586, 0.14320155382156372, 0.1421426746249199, 0.1429212298989296, 0.14176193997263908, 0.14216016754508018, 0.14156743064522742, 0.14016031831502915, 0.13967869073152542, 0.13949259847402573, 0.13879876986145973, 0.1381611655652523, 0.13804830476641655, 0.13778703659772873, 0.1376086078584194, 0.13668996393680571, 0.13606566265225412, 0.1350185351073742, 0.1351650384068489, 0.13465771198272705, 0.1339494015276432, 0.1346308071911335, 0.13355882063508034, 0.1324299705028534, 0.13204170510172844, 0.13220615521073342, 0.13108527347445487, 0.13142565846443177, 0.13004250705242157, 0.12974672079086302, 0.13014185726642608, 0.12862194016575812, 0.12921872422099112, 0.12723334431648253, 0.12683441281318664, 0.12649938374757766, 0.12804846554994584, 0.12624342903494834, 0.12622248396277427, 0.12607520073652267, 0.1251535102725029, 0.1253373970091343, 0.1248414757847786, 0.12390961229801178, 0.12370219886302948, 0.12293653085827827, 0.12222111761569977, 0.12237674057483673, 0.12214678496122361, 0.12254178583621979, 0.12112817630171775, 0.12061138227581977, 0.12002307921648026, 0.12078594326972962, 0.11954969689249992, 0.11815335810184478, 0.11989603087306022, 0.11850734099745751, 0.11884493291378022, 0.11779394015669822, 0.1177943466603756, 0.11689218968152999, 0.1172949430346489, 0.11592419534921646, 0.11474078267812729, 0.1157327538728714, 0.1149142025411129, 0.11471870675683021, 0.11498479813337326, 0.11411191806197167, 0.1139192435145378, 0.11290692552924156, 0.11289086192846298, 0.11287039190530777, 0.11218935921788216, 0.11177083253860473, 0.11143818348646164, 0.11131702750921249, 0.11024096384644508, 0.1106984980404377, 0.11021112516522408, 0.10994775891304016, 0.10916988343000412, 0.1091696248948574, 0.10888850510120392, 0.10821645855903625, 0.10803722038865089, 0.10817108139395713, 0.107025715559721, 0.10685835793614387, 0.10731274738907814, 0.10622194141149521, 0.10573754549026489, 0.10594652995467185, 0.10552449688315392, 0.10537108793854713, 0.10533261850476265, 0.10439972907304763, 0.10358870059251785, 0.10359808832406997, 0.10340230017900467, 0.10399520739912987, 0.10298149645328522, 0.10283319160342216, 0.10306514889001846, 0.10179191872477532, 0.10124162584543228, 0.10192255690693855, 0.10104132056236267, 0.10046779945492744, 0.10108724430203438, 0.09941202983260154, 0.09982257500290871, 0.09990948364138603, 0.09933854684233666, 0.09887555748224258, 0.09897680431604386, 0.09834533169865609, 0.09842994764447212, 0.09877264857292176, 0.09758611291646957, 0.09699218392372132, 0.0975727853178978, 0.09625625386834144, 0.09605727642774582, 0.09680984348058701, 0.0961783517897129, 0.09541160374879837, 0.09586333617568016, 0.09539486855268478, 0.09450387835502624, 0.09512195959687234, 0.09441971898078919, 0.09403443142771721, 0.09364863201975822, 0.09360040202736855, 0.09378001511096955, 0.09294621869921685, 0.09290219098329544, 0.09251057177782059, 0.0924956251680851, 0.09253093928098678, 0.09208344429731369, 0.09164622962474823, 0.09156567573547364, 0.09109550356864929, 0.09119770675897598, 0.09022409617900848, 0.09056130453944206, 0.09038971781730652, 0.08941228687763214, 0.08954491004347802, 0.09016474843025207, 0.08944722950458527, 0.08914465382695198, 0.08818376421928406, 0.088046615421772, 0.08838597953319549, 0.08784417748451233, 0.08759062767028808, 0.08749862641096115, 0.08660769015550614, 0.08713124141097069, 0.08678100705146789, 0.08627798438072204, 0.08624438524246215, 0.08621273204684257, 0.08600099220871925, 0.08574743345379829, 0.08563848942518235, 0.08552723452448845, 0.08440691828727723, 0.08500097572803497, 0.08411399483680725, 0.08470311596989631, 0.08372441634535789, 0.08382659882307053, 0.08328911185264587, 