{"task": {"lambda": 1, "alpha": 3, "lr": 0.0001, "wd": 1e-05, "bits": 12}, "result": {"earlyStop": true, "loss": [2.0942951083183288, 1.1158781051635742, 1.021402952671051, 0.9679191184043884, 0.918086051940918, 0.8824567902088165, 0.8443518805503846, 0.8047376322746277, 0.7859053444862366, 0.7511007702350616, 0.7296394419670105, 0.7089472204446793, 0.6879840099811554, 0.659872317314148, 0.6439185738563538, 0.6281751173734665, 0.6085109502077103, 0.5940016222000122, 0.566183974146843, 0.5648701119422913, 0.5378108179569244, 0.5284181547164917, 0.5169256901741028, 0.5166562950611114, 0.48765950977802275, 0.48662289142608645, 0.4724872940778732, 0.46013149321079255, 0.44802612125873564, 0.4371455425024033, 0.44771021842956543, 0.4173476493358612, 0.4244020575284958, 0.39778951585292815, 0.39905193328857425, 0.3900513154268265, 0.38706207275390625, 0.37504842042922976, 0.36248534560203555, 0.3527384305000305, 0.3579982513189316, 0.34837414503097536, 0.3499591374397278, 0.34610976159572604, 0.33032153904438016, 0.32151139080524443, 0.3196829229593277, 0.32321003049612046, 0.2997813355922699, 0.2943046933412552, 0.3085149946808815, 0.29281904399394987, 0.299665632545948, 0.287624839246273, 0.2741024821996689, 0.2748053285479546, 0.27693488985300063, 0.27680405855178836, 0.2547059100866318, 0.25714337319135666, 0.26380683720111847, 0.2402771133184433, 0.26526697993278503, 0.23127613931894303, 0.2526106953620911, 0.2244941321015358, 0.22904192239046098, 0.24780280858278275, 0.22434894502162933, 0.21589941591024397, 0.2179798150062561, 0.22678300738334656, 0.21364516109228135, 0.21593765676021576, 0.2003196409344673, 0.21763495713472367, 0.2000589671730995, 0.2034297263622284, 0.2030981132388115, 0.20950377911329268, 0.18491309970617295, 0.18750766813755035, 0.1870851907134056, 0.18351192384958268, 0.194103102684021, 0.17459088325500488, 0.18418887227773667, 0.16787810057401656, 0.1854393610358238, 0.17257691472768782, 0.18097421407699585, 0.16166423842310906, 0.16465747565031053, 0.16680328011512757, 0.17208069041371346, 0.16137569308280944, 0.1520740856230259, 0.16571583852171898, 0.159452156573534, 0.14238445833325386, 0.18160780191421508, 0.1382451283931732, 0.15145999193191528, 0.14959754347801207, 0.14410902291536332, 0.14687500178813934, 0.14782166585326195, 0.1464594468474388, 0.14501128762960433, 0.14936811849474907, 0.13316075921058654, 0.14477052986621858, 0.12827508822083472, 0.14711990624666213, 0.12957414671778678, 0.13050102949142456, 0.13642243042588234, 0.13312557131052016, 0.12606787651777268, 0.1264307053387165, 0.12887365341186524, 0.12929804250597954, 0.13317219495773316, 0.12677179515361786, 0.11487131536006928, 0.12339157894253731, 0.13105343237519265, 0.12071731835603713, 0.1200167590379715, 0.11385939300060272, 0.11158644497394561, 0.1235879446566105, 0.11912190228700638, 0.11763173714280128, 0.12399304553866386, 0.10998293116688729, 0.1052291178703308, 0.10940374940633774, 0.12348126858472824, 0.1037333208322525, 0.10580780863761902, 0.10612766861915589, 0.12205591395497323, 0.10301803171634674, 0.10628507807850837, 0.1059507142007351, 0.11850345700979233, 0.09476487904787063, 0.10570959851145745, 0.09994344905018807, 0.1009999893605709, 0.10157164737582207, 0.09457369722425937, 0.10138027280569077, 0.10519769072532653, 0.09129537962377071, 0.10793398186564446, 0.10070732727646828, 0.10352475076913834, 0.0858222422748804, 0.10064802899956703, 0.09082835838198662, 0.10361964970827103, 0.10262331262230873, 0.08278153218328953, 0.09539312221109868, 0.08278350181877613, 0.10322159692645073, 0.09930682100355626, 0.0925511807948351, 0.07667245477437973, 0.09166436150670051, 0.08355565205216407, 0.0940566985309124, 0.09918296478688716, 0.09933586075901985, 0.07661102592945099, 0.07468621589243413, 0.09707883894443511, 0.08329754635691643, 0.08244821175932884, 0.0962335240840912, 0.08124883465468884, 0.08173451445996761, 0.08692014969885349, 0.07736994162201881, 0.1118368986994028, 0.0690540375560522, 0.08206917442381383, 0.0758178734779358, 0.07907193310558797, 0.08031521297991276, 0.10350423268973827, 0.08452950119972229, 0.060108236148953435, 0.08347014732658863, 0.07729461587965489, 0.06992439530789853, 0.0938666158169508, 0.06997353002429009, 0.08374922096729279, 0.0727787096053362, 0.07089776530861855, 0.07199750408530235, 0.08142011731863022], "map": 0.841485908562732}, "time": 422.24660205841064}