{"task": {"lambda": 0.5, "alpha": 1, "lr": 0.0001, "wd": 1e-05, "bits": 12}, "result": {"earlyStop": true, "loss": [1.1914853620529176, 0.5453193992376327, 0.4938657087087631, 0.46098328828811647, 0.4400455003976822, 0.41716662168502805, 0.3987514215707779, 0.3898486351966858, 0.36517585515975953, 0.35451720774173734, 0.3446751910448074, 0.3259831714630127, 0.31562917470932006, 0.31324209332466124, 0.29213288307189944, 0.29459059685468675, 0.28063818991184236, 0.2724981746077538, 0.2665391817688942, 0.2550242590904236, 0.2517292040586472, 0.23900909662246705, 0.23174829959869384, 0.23258664608001708, 0.22507589042186738, 0.21044135987758636, 0.2114261794090271, 0.20627847462892532, 0.20189699083566665, 0.19779187977313994, 0.19333221584558488, 0.19221800744533538, 0.17485617876052856, 0.17996833249926567, 0.1786205166578293, 0.16567374601960183, 0.16873551309108734, 0.16435627549886703, 0.1629819679260254, 0.15937804758548738, 0.15632802575826646, 0.1528976495563984, 0.1452826264500618, 0.14834055483341216, 0.13927798002958297, 0.14193474397063255, 0.13963334128260613, 0.13270800217986106, 0.14281805843114853, 0.13222076788544654, 0.12594818487763404, 0.12330500274896622, 0.12592487946152686, 0.12271074220538139, 0.12207945927977562, 0.11998603835701943, 0.11170673221349717, 0.1158439502120018, 0.11857927203178406, 0.10614548966288567, 0.10626799896359444, 0.11074609264731407, 0.10241768181324006, 0.10660698935389519, 0.10082528531551362, 0.09992557689547539, 0.10301929652690887, 0.10173029035329818, 0.093711217045784, 0.09718208238482476, 0.0923219883441925, 0.08824367396533489, 0.09379790738224983, 0.0877467305958271, 0.08825189799070358, 0.08501675575971604, 0.08838542833924294, 0.08410203501582146, 0.08235077813267708, 0.08006328225135803, 0.0775774746388197, 0.08203586094081401, 0.07598368048667908, 0.07734601475298404, 0.0793250971287489, 0.07402205310761928, 0.07388277523219586, 0.07673002876341344, 0.0723517269641161, 0.07023707889020443, 0.07196057125926018, 0.07600997604429721, 0.07219149842858315, 0.06407615050673485, 0.06568455487489701, 0.06905526153743267, 0.06611844949424267, 0.06513111315667629, 0.06330859288573265, 0.07596974954009056, 0.05793891586363316, 0.06734934948384762, 0.05451133146882057, 0.0633916986733675, 0.06021753519773483, 0.06174287609755993, 0.06228346668183803, 0.059511670097708705, 0.055153750479221345, 0.05726792246103287, 0.058329394459724425, 0.057104413136839866, 0.05613300114870071], "map": 0.8202340210615798}, "time": 229.91614651679993}