{"task": {"lambda": 1, "alpha": 1, "lr": 1e-05, "wd": 1e-06, "bits": 12}, "result": {"earlyStop": true, "loss": [0.8785105502605438, 0.6858601009845734, 0.6385094106197358, 0.6026857388019562, 0.5792870223522186, 0.5587869423627854, 0.546059136390686, 0.5325110656023025, 0.5199125617742538, 0.507936704158783, 0.496354364156723, 0.4875408565998077, 0.4766333454847336, 0.4717716437578201, 0.46232487976551057, 0.4554587984085083, 0.4486277902126312, 0.4417304736375809, 0.43801271200180053, 0.43116549611091615, 0.424350893497467, 0.41907013416290284, 0.4150172358751297, 0.41169470429420474, 0.40635088860988616, 0.4004855579137802, 0.3975906592607498, 0.39292934656143186, 0.3911775881052017, 0.38816989183425904, 0.38117170333862305, 0.3814152634143829, 0.3770283043384552, 0.3747609633207321, 0.3714093720912933, 0.3654155480861664, 0.36141589224338533, 0.3581992053985596, 0.3587309342622757, 0.35546858310699464, 0.3526026564836502, 0.3490980160236359, 0.34504284560680387, 0.34474782168865203, 0.341141756772995, 0.340066876411438, 0.3382571566104889, 0.3368775850534439, 0.3320085471868515, 0.3291425734758377, 0.32825792133808135, 0.32524875342845916, 0.32402023792266843, 0.3215988373756409, 0.3200498059391975, 0.3160941404104233, 0.31665268063545227, 0.3141505327820778, 0.3128183615207672, 0.3098856031894684, 0.3065193346142769, 0.3072458067536354, 0.3042595511674881, 0.30307616651058195, 0.30098268926143645, 0.2996968695521355, 0.2972966468334198, 0.2961959934234619, 0.29433986365795134, 0.29342231392860413, 0.2928783532977104, 0.2895818802714348, 0.2895620149374008, 0.2890278244018555, 0.2847521767020226, 0.2842239210009575, 0.2834649109840393, 0.2815425255894661, 0.2796671062707901, 0.27845707178115847, 0.27738255858421323, 0.2777392503619194, 0.27419231802225114, 0.2751512312889099, 0.2724558341503143, 0.2688089346885681, 0.2701133891940117, 0.267757493853569, 0.2672026801109314, 0.26795574873685835, 0.2658936136960983, 0.2626245892047882, 0.2624437588453293, 0.2622248739004135, 0.2580717810988426, 0.25862565249204633, 0.25649396538734437, 0.25700622707605364, 0.25534813940525053, 0.25429877936840056, 0.25374989956617355, 0.25217411875724793, 0.2523596498370171, 0.2498562416434288, 0.24906227201223374, 0.24766146510839462, 0.24604945838451386, 0.24649848252534867, 0.2434840115904808, 0.24211746394634248, 0.24380446285009383, 0.24131863534450532, 0.24063393115997314, 0.24137616872787476, 0.2389094713330269, 0.23780739456415176, 0.23822156697511673, 0.23532079577445983, 0.23370728999376297, 0.23329667657613753, 0.23330453038215637, 0.23233057737350463, 0.23191577881574632, 0.23078008413314818, 0.22970881879329683, 0.22915107935667037, 0.22772646605968475, 0.2272532033920288, 0.22493105709552766, 0.22617131412029268, 0.2248319438099861, 0.22358103424310685, 0.22330712497234345, 0.22273283034563066, 0.22145482927560806, 0.2219485419988632, 0.2210925352573395, 0.219208220243454, 0.21658472537994386, 0.21712329417467116, 0.21590500116348266, 0.214700428545475, 0.21447376042604446, 0.21411235600709916, 0.2133401918411255, 0.2137455967068672, 0.21195088624954223, 0.21227581918239594, 0.21049466401338576, 0.20961149901151657, 0.2093433117866516, 0.20691470086574554, 0.20732533752918245, 0.2070992961525917, 0.20646734714508055, 0.2045833706855774, 0.20312810629606248, 0.20385702610015868, 0.20416093826293946, 0.20342815637588502, 0.2018645879626274, 0.20138500809669493, 0.2020209351181984, 0.19942164540290833, 0.1987631544470787, 0.19789499431848526, 0.1991073513031006, 0.19716070532798768, 0.19724896669387817, 0.1967906051874161, 0.19651916593313218, 0.19433930307626723, 0.1943631100654602, 0.19355700969696044, 0.1923518142104149, 0.1928736737370491, 0.1919633439183235, 0.19208159565925598, 0.19066529989242553, 0.19002266675233842, 0.18987924337387085, 0.18961600244045257, 0.18823035180568695, 0.18698521077632904, 0.18721473693847657, 0.18625438541173936, 0.18615669935941695, 0.18511336147785187, 0.18566831111907958, 0.18356870502233505, 0.1847236168384552, 0.18380985110998155, 0.18436990022659303, 0.1809703740477562, 0.18143554389476776, 0.18005397140979768, 0.179296994805336, 0.1814631676673889, 0.18000513046979905, 0.1779164719581604, 0.17788283735513688, 0.178173987865448, 0.17666499078273773, 0.17653462558984756, 0.17632253408432008, 0.17694542974233626, 0.174676573574543, 0.17460345536470412, 0.17457856595516205, 0.1729710578918457, 0.17382437348365784, 0.1730649483203888, 0.17212969452142715, 0.17089944541454316, 0.17018450379371644, 0.17042857468128203, 0.16990504622459413, 0.16998111695051193, 0.16821747720241548, 0.1694070142507553, 0.16766454458236693, 0.16845594525337218, 0.16761009395122528, 0.16679508060216905, 0.16676587074995042, 0.1658319988846779, 0.16488346755504607, 0.16458505243062974, 0.16394249051809312, 0.16461702972650527, 0.16302510648965834, 0.16349287301301957, 0.16189524948596953, 0.161291883289814, 0.16128039121627807, 0.16079675674438476, 0.16092427611351012, 0.15974578738212586, 0.16026291936635972, 0.15962280392646788, 0.15983931481838226, 0.1585971385240555, 0.1582738323509693, 0.15767441123723983, 0.1583445945382118, 0.15570397898554802, 0.15690958574414254, 0.15598792284727098, 0.15557227820158004, 0.1553008483350277, 0.15491875737905503, 0.15476585626602174, 0.15363238811492919, 0.15361979350447655, 0.15232230529189109, 0.15347389072179796, 0.15301451385021209, 0.15254645317792892, 0.1515796712040901, 0.1514697951078415, 0.15007819831371308, 0.15064917206764222, 0.14997439622879027, 0.15003734096884727, 0.14967211484909057, 0.1487392371892929, 0.1493365955352783, 0.14851950585842133, 0.1475670440495014, 0.14715269714593887, 0.14732516855001448, 0.14669764786958694, 0.14581140398979187, 0.1459382227063179, 0.14543030232191087, 0.1459564298391342, 0.14446545153856277, 0.14444876953959465, 0.144559525847435, 0.14375077620148657, 0.14317185685038566, 0.1433795388042927, 0.14278240591287614, 0.1421476298570633, 0.14284910410642623, 0.14187492594122886, 0.14162135660648345, 0.1412426686286926, 0.14175569400191307, 0.1398582524061203, 0.14019386664032937, 0.13962044104933738, 0.13937993943691254, 0.13830503821372986, 0.1394185882806778, 0.13879348054528237, 0.13799407094717026, 0.13664263978600502, 0.1381726962327957, 0.1372017005085945, 0.13650102838873862, 0.13607560709118843, 0.1355428971350193, 0.1361295150220394, 0.13539681419730187, 0.13510935693979265, 0.13455524370074273, 0.13488560363650323, 0.13439372107386588, 0.13363904729485512, 0.1333848324418068, 0.13326422438025476, 0.1323610433936119, 0.13223258927464485, 0.13329167753458024, 0.13164619967341423, 0.1317426970601082, 0.13207981273531913, 0.13071895867586136, 0.13074353694915772, 0.12937934160232545, 0.1307927142083645, 0.13091327264904976, 0.12879476815462113, 0.12893157675862313, 0.12926403254270555, 0.12772587701678276, 0.12817447051405906, 0.12720656037330627, 0.1284455454349518, 0.12884744197130205, 0.1271047478914261, 0.12687107250094415, 0.12670468538999557, 0.12672747641801835, 0.12650407761335372, 0.12574744880199432, 0.1257021278142929, 0.12567987248301507, 0.12556454300880432, 0.12451913580298424, 0.1245394390821457, 0.12448098927736283, 0.12409676328301429, 0.12434577107429505, 0.12408410280942916, 0.12265567049384117, 0.12248932287096977, 0.12180563524365424, 0.12274932757019996, 0.12184018567204476, 0.12100563868880272, 0.1210074508190155, 0.12100055724382401, 0.12193265825510025, 0.122080357670784, 0.12002962440252304, 0.1204786477982998, 0.11999215170741082, 0.1193221464753151, 0.11916759237647057, 0.1196532928943634, 0.11989104390144348, 0.11906430199742317, 0.11844812750816346, 0.11856395214796066, 0.11821523264050483, 0.11799162462353706, 0.1177998125553131, 0.11691744223237038, 0.11717646896839141, 0.11567275509238244, 0.11737792342901229, 0.11609422072768211, 0.11577114343643188, 0.11525101780891418, 0.11559386119246483, 0.11508377015590668, 0.11513075426220894, 0.11398583590984344, 0.11462408885359764, 0.11449825018644333, 0.11447774723172188, 