{"task": {"lambda": 1, "alpha": 1, "lr": 1e-06, "wd": 0.0001, "bits": 48}, "result": {"earlyStop": true, "loss": [1.5073893785476684, 1.305690941810608, 1.2150462651252747, 1.157135579586029, 1.103441138267517, 1.0685458672046662, 1.0331003594398498, 1.001405702829361, 0.9782025814056396, 0.9554127359390259, 0.9365488851070404, 0.9237020313739777, 0.9056918561458588, 0.8952144396305084, 0.8818230998516082, 0.8702071189880372, 0.8606032729148865, 0.8521420788764954, 0.8416603398323059, 0.8378272068500519, 0.8272609055042267, 0.8132846474647522, 0.8149629616737366, 0.8083791887760162, 0.7993642711639404, 0.7868956065177918, 0.7824874985218048, 0.7813643753528595, 0.7779212176799775, 0.7711197316646576, 0.7644139909744263, 0.7557741105556488, 0.7516751456260681, 0.7503062021732331, 0.7492918491363525, 0.742253829240799, 0.7380895352363587, 0.7342213845252991, 0.7283442890644074, 0.7276216745376587, 0.722645971775055, 0.7244335675239563, 0.7197043800354004, 0.7118032169342041, 0.7153585505485535, 0.7037747299671173, 0.7046549510955811, 0.70105020403862, 0.690435037612915, 0.6904410564899445, 0.6884613990783691, 0.6850965094566345, 0.6858267152309417, 0.6818615758419037, 0.6822501194477081, 0.6768889737129211, 0.6769492745399475, 0.6661572360992432, 0.6673768830299377, 0.6643797361850738, 0.66566490650177, 0.6616317212581635, 0.6593274497985839, 0.6557772529125213, 0.6521154916286469, 0.6503890001773834, 0.6501116859912872, 0.6476183915138245, 0.6455218291282654, 0.643810305595398, 0.6386613619327545, 0.6365727043151855, 0.637661703824997, 0.6383882236480712, 0.6326062381267548, 0.6306141650676728, 0.6278646802902221, 0.6280738174915313, 0.6206462490558624, 0.6190090429782867, 0.6189010965824128, 0.6197632920742034, 0.6122093558311462, 0.6169867527484894, 0.6119331514835358, 0.6079635620117188, 0.6106565046310425, 0.6061732292175293, 0.60651162981987, 0.6045461916923522, 0.6015986847877502, 0.5989366698265076, 0.6002439212799072, 0.5958020031452179, 0.5975520229339599, 0.5926113921403885, 0.595437228679657, 0.5902947580814362, 0.5896847504377365, 0.5875817096233368, 0.5876478058099747, 0.5822764933109283, 0.585145758986473, 0.5795223045349122, 0.5835329419374466, 0.5822085309028625, 0.5810346049070358, 0.5767307537794113, 0.5713682776689529, 0.5749927574396133, 0.5744364583492279, 0.5734242957830429, 0.5687895756959915, 0.5702813374996185, 0.562615669965744, 0.5687757563591004, 0.5623163294792175, 0.5634935522079467, 0.5625176799297332, 0.5607184863090515, 0.5576376610994339, 0.562355769276619, 0.5553465640544891, 0.5583727031946182, 0.5580767041444779, 0.5562806761264801, 0.5518400430679321, 0.5516702485084534, 0.5505293506383896, 0.5494614404439926, 0.5481995809078216, 0.5483250963687897, 0.5443557250499725, 0.5429342955350875, 0.5410726171731949, 0.5438970339298248, 0.5421457117795945, 0.5392897695302963, 0.5426417088508606, 0.5372831565141678, 0.5396203756332397, 0.5314031255245208, 0.5346429866552352, 0.5344861036539078, 0.5308267134428024, 0.5307231998443603, 0.5286162501573562, 0.5297986668348312, 0.5276489430665969, 0.5303756588697434, 0.5244465154409409, 0.5242997968196869, 0.5241643077135086, 0.5241187751293183, 0.5191594618558883, 0.5199153763055802, 0.5227622693777084, 0.5169702088832855, 0.5189379048347473, 0.5125450330972672, 0.5170150035619736, 0.5181849789619446, 0.5147836786508561, 0.5157581502199173, 0.5101702600717545, 0.5097113788127899, 0.5065368360280991, 0.5062845695018768, 0.5090735417604446, 0.5067602729797364, 0.5085594248771668, 0.5025423979759216, 0.5031938022375106, 0.5027424216270446, 0.5024717319011688, 0.5022191911935806, 0.5005083692073822, 0.49918626964092255, 0.49954838514328004, 0.500271366238594, 0.4967366486787796, 0.4988743633031845, 0.4941778755187988, 0.4944522267580032, 0.49314223289489745, 0.4946178263425827, 0.4931428390741348, 0.4918259257078171, 0.4879389297962189, 0.4914548695087433, 0.49016757428646085, 0.4890054792165756, 0.48489419996738437, 0.4875337105989456, 0.486673840880394, 0.48509558200836184, 0.48700051844120024, 0.4824246895313263, 0.4819612967967987, 0.4828560388088226, 0.47860745251178743, 0.4857956051826477, 0.4780978840589523, 0.4783322107791901, 0.4783805298805237, 0.47445681095123293, 0.47538109838962556, 0.47530590653419497, 0.47567263901233675, 0.4723248273134232, 0.47601328492164613, 0.4722398293018341, 0.4717080891132355, 0.4651105612516403, 0.46930368423461916, 0.4713340264558792, 0.4711278891563416, 0.47224272668361666, 0.46657221496105195, 0.46599501609802246, 0.46506114780902863, 0.46751901268959045, 0.46538317799568174, 0.46354341447353364, 0.4606631761789322, 0.4646983689069748, 0.4584994250535965, 0.4598867064714432, 0.46342412948608397, 0.45792082011699675, 0.45499507904052733, 0.45883408665657044, 0.4572660636901855, 0.4539795458316803, 0.4560641783475876, 0.4525831609964371, 0.45664804339408877, 0.45259685516357423, 0.4542411780357361, 0.4543943828344345, 0.45115903198719026, 0.4507949697971344, 0.4491261088848114, 0.4526559603214264, 0.44993014812469484, 0.44857557892799377, 0.4492047244310379, 0.4472880643606186, 0.44590308010578156, 0.4464880567789078, 0.44399781644344327, 0.44466795682907106, 0.4464504683017731, 0.4426318258047104, 0.4437478232383728, 0.44260138750076294, 0.4404664200544357, 0.4425628447532654, 0.4413535648584366, 0.4405601388216019, 0.4357184863090515, 0.439004670381546, 0.4367053496837616, 0.43640403032302855, 0.43612709879875183, 0.43700828492641447, 0.43522571861743925, 0.4337445455789566, 0.43469621539115905, 0.43438233077526095, 0.43228664994239807, 0.434013649225235, 0.437068475484848, 0.4310731995105743, 0.4338805365562439, 0.42900880515575407, 0.42848941385746003, 0.43033672869205475, 0.4281223660707474, 0.4287537693977356, 0.4305783635377884, 0.42699918925762176, 0.4278984725475311, 0.4247077679634094, 0.42181081652641295, 0.42297100245952607, 0.4238419836759567, 0.4229056221246719, 0.42263105273246765, 0.4200301921367645, 0.42177644073963166, 0.42088170170783995, 0.4209972643852234, 0.42269370675086976, 0.4173069304227829, 0.41812619626522063, 0.42087560176849365, 0.4198118031024933, 0.4163704514503479, 0.4170021694898605, 0.41657391369342806, 0.4169800466299057, 0.41530307710170744, 0.41661984980106354, 0.4151199686527252, 0.41167751550674436, 0.41344391703605654, 0.4164229267835617, 0.41366768538951876, 0.41153204441070557, 0.41326813519001004, 0.406253622174263, 0.4115062004327774, 0.4090983808040619, 0.40819700956344607, 0.4094373285770416, 0.4075711464881897, 0.41019522488117216, 0.4088296687602997, 0.4077061694860458, 0.40304616451263425, 0.4054418385028839, 0.40391726613044737, 0.4032168561220169, 0.40559311807155607, 0.40545623540878295, 0.40463459253311157, 0.4020416587591171, 0.4033473247289658, 0.4035161167383194, 0.399363289475441, 0.40147570610046385, 0.39970562517642977, 0.401523163318634, 0.4003091764450073, 0.4014112454652786, 0.3975191098451614, 0.39850820899009703, 0.39987575948238374, 0.3957539075613022, 0.3970253956317902, 0.39745562374591825, 0.3986754459142685, 0.3975518298149109, 0.39590905666351317, 0.39259566068649293, 0.3919744724035263, 0.39422566652297975, 0.39604467451572417, 0.3937761014699936, 0.39110670804977415, 0.39394217789173125, 0.394833841919899, 0.3917529433965683, 0.38872447729110715, 0.3889593380689621, 0.38529106438159944, 0.3883057999610901, 0.38602779507637025, 0.38959692299366, 0.38992940485477445, 0.38786247551441194, 0.3853286176919937, 0.38455469608306886, 0.3835546350479126, 0.3864211821556091, 0.3854312080144882, 0.3821257984638214, 0.3843524235486984, 0.3852741879224777, 0.38427417039871214, 0.38282736361026765, 0.3800454169511795, 0.38395350337028505, 0.38071769416332246, 0.38398626625537874, 0.3785892856121063, 0.37969235122203826, 0.38276172041893003, 0.38038778126239775, 0.37931102991104126, 0.3776445758342743, 0.3791684913635254, 0.37780060768127444, 0.37489485144615176, 0.37809732735157014, 0.3766565960645676, 0.37773566007614134, 0.37594780027866365, 0.3726725286245346, 