{"task": {"lambda": 2, "alpha": 5, "lr": 1e-06, "wd": 1e-05, "bits": 48}, "result": {"earlyStop": true, "loss": [4.948521490097046, 4.164049954414367, 3.719560480117798, 3.4469125270843506, 3.2618571376800536, 3.100996503829956, 2.97691969871521, 2.859916582107544, 2.748607578277588, 2.6558332729339598, 2.5699781370162964, 2.5233104944229128, 2.4638708448410034, 2.4138998794555664, 2.3448923063278198, 2.3136410093307496, 2.2845875024795532, 2.2342354750633238, 2.2374381399154664, 2.188720359802246, 2.172203199863434, 2.1387519216537476, 2.118873133659363, 2.108588840961456, 2.092571873664856, 2.0670300459861757, 2.0518842720985413, 2.0379873085021973, 2.0179960703849793, 1.9999841499328612, 1.9960140800476074, 1.982215404510498, 1.974855043888092, 1.9657839107513428, 1.943952021598816, 1.9284506464004516, 1.922740993499756, 1.914926986694336, 1.8964374113082885, 1.8786243677139283, 1.8794470071792602, 1.8692211270332337, 1.864207329750061, 1.8383619713783264, 1.8292530822753905, 1.8259964036941527, 1.8361301612854004, 1.8287607359886169, 1.8134539675712587, 1.7990251278877258, 1.7974803853034973, 1.7909827470779418, 1.7764019918441774, 1.7710396790504455, 1.7621888685226441, 1.7729180335998536, 1.7479814028739928, 1.7435827326774598, 1.7397589254379273, 1.7297912740707397, 1.7264844179153442, 1.7109245300292968, 1.7124808406829835, 1.7021260356903076, 1.6920933032035828, 1.701534447669983, 1.6826562690734863, 1.682977945804596, 1.6828443908691406, 1.6668858098983765, 1.6750850701332092, 1.6788161778450013, 1.6583700585365295, 1.6470876383781432, 1.6415462970733643, 1.6471442866325379, 1.633205819129944, 1.6438697171211243, 1.6229062294960022, 1.6144512605667114, 1.6309489393234253, 1.6226114201545716, 1.6145652627944946, 1.6155311012268065, 1.5910537981986999, 1.597975606918335, 1.587053964138031, 1.5868532729148865, 1.5867969131469726, 1.575066740512848, 1.5773208689689637, 1.5726077914237977, 1.5610781550407409, 1.5553075242042542, 1.5603344202041627, 1.5587069058418275, 1.562453670501709, 1.550224118232727, 1.54875985622406, 1.5418507480621337, 1.5374560976028442, 1.5427192425727845, 1.5270639586448669, 1.5297800612449646, 1.5254759502410888, 1.5257224917411805, 1.5142642974853515, 1.5081709957122802, 1.5076404404640198, 1.506863639354706, 1.5113454031944276, 1.4980684542655944, 1.506252360343933, 1.5037849760055542, 1.497051832675934, 1.4957040452957153, 1.4941410160064696, 1.485521249771118, 1.4794143414497376, 1.4864177632331848, 1.4794553875923158, 1.4721084356307983, 1.4649662780761719, 1.4670375394821167, 1.4726616096496583, 1.4602350115776062, 1.4561366963386535, 1.4570542407035827, 1.443198115825653, 1.4473251295089722, 1.4435932803153992, 1.4401606512069702, 1.4386096906661987, 1.4366024351119995, 1.4327941346168518, 1.4278266429901123, 1.428148354291916, 1.4197950911521913, 1.4300802588462829, 1.421186170578003, 1.4148076891899108, 1.4119299244880676, 1.412866277694702, 1.4032246780395508, 1.4124818539619446, 1.416022651195526, 1.4050314402580262, 1.40312744140625, 1.4023062133789062, 1.3895680952072142, 1.3886136174201966, 1.3939535331726074, 1.3862198877334595, 1.3890328598022461, 1.3838874435424804, 1.384376027584076, 1.3809380650520324, 1.3764485263824462, 1.3773505926132201, 1.3711935091018677, 1.3671257281303406, 1.3755065488815308, 1.3795002675056458, 1.3657127451896667, 1.3655047714710236, 1.349778435230255, 1.3618418526649476, 1.3561654496192932, 1.3456552338600158, 1.3633880281448365, 1.3348064088821412, 1.3505507159233092, 1.3469111216068268, 1.338789587020874, 1.3426867413520813, 1.343381519317627, 1.3342529487609864, 1.3318735003471374, 1.3369974899291992, 1.3208237171173096, 1.3229517936706543, 1.3224191188812255, 1.3334205150604248, 1.3177919912338256, 1.3199131870269776, 1.3095556139945983, 1.313591892719269, 1.3160346531867981, 1.3143209838867187, 1.3134971237182618, 1.3026284503936767, 1.3062400233745575, 1.310711270570755, 1.2954669165611268, 1.2993065583705903, 1.301673619747162, 1.296804152727127, 1.285808333158493, 1.290415894985199, 1.2807651126384736, 1.291863718032837, 1.286305365562439, 1.28726886510849, 1.2846238613128662, 1.272017662525177, 1.279582794904709, 1.279335253238678, 1.274465607404709, 1.2736341547966004, 1.2685351324081422, 1.2779101848602294, 1.2673718333244324, 1.258970215320587, 1.2658168065547943, 1.2572933161258697, 1.2512204885482787, 1.2622396183013915, 1.2668905806541444, 1.2623610067367554, 1.2586946880817413, 1.2574262011051178, 1.251418229341507, 1.2409890329837798, 1.2457507872581481, 1.2438041114807128, 1.24709979057312, 1.244392092227936, 1.2406859016418457, 1.2350904667377471, 1.2355589377880096, 1.2366708827018738, 1.2359513330459595, 1.2351854395866395, 1.2335277915000915, 1.2245087826251984, 1.2241300547122955, 1.2242244982719421, 1.221613757610321, 1.211567212343216, 1.2126295900344848, 1.2138595414161681, 1.2170210695266723, 1.2164891362190247, 1.2132230293750763, 1.2157394731044768, 1.2076437044143677, 1.2109298348426818, 1.2069172859191895, 1.2047625184059143, 1.207229573726654, 1.1964877128601075, 1.2156122314929962, 1.1997784566879273, 1.2069562101364135, 1.1980569684505462, 1.1970443689823151, 1.2030502903461455, 1.1881702041625977, 1.1958006250858306, 1.1765039312839507, 1.1904784512519837, 1.1814883518218995, 1.1839005291461944, 1.177781525850296, 1.1811876726150512, 1.184986435174942, 1.169730395078659, 1.1768643057346344, 1.1767747855186463, 1.1712428319454193, 1.1723772776126862, 1.1711415565013885, 1.1679718136787414, 1.1675871646404266, 1.164999588727951, 1.1673391342163086, 1.1687460029125214, 1.1664982306957246, 1.1613035786151886, 1.1631079030036926, 1.1604629254341126, 1.16165354013443, 1.1583412706851959, 1.155034576654434, 1.1513072192668914, 1.1544167649745942, 1.1468551182746887, 1.145234806537628, 1.1586378514766693, 1.1453683805465698, 1.1497031354904175, 1.1442519760131835, 1.143063839673996, 1.1442155253887176, 1.137181395292282, 1.1334427070617676, 1.1489192295074462, 1.1322799825668335, 1.1369595289230348, 1.1358720576763153, 1.1310683369636536, 1.1304890990257264, 1.1346950101852418, 1.1339169013500214, 1.1329772055149079, 1.1328069734573365, 1.123003910779953, 1.1217297542095184, 1.1192757630348205, 1.1241739511489868, 1.116952166557312, 1.1177532625198365, 1.1212703919410705, 1.11937451004982, 1.1193495774269104, 1.1124897980690003, 1.1140454077720643, 1.1164594435691833, 1.1055097365379334, 1.1116805768013, 1.1048108518123627, 1.103961510658264, 1.11330340385437, 1.1102684938907623, 1.109701840877533, 1.103083975315094, 1.102368906736374, 1.0917081081867217, 1.099329115152359, 1.1029646265506745, 1.090888431072235, 1.105938310623169, 1.0866404581069946, 1.0881001329421998, 1.0938282418251037, 1.0908238255977631, 1.08452619433403, 1.0862782835960387, 1.0966225123405458, 1.088250708580017, 1.0834971952438355, 1.0787841284275055, 1.084733065366745, 1.0759352338314057, 1.0901322829723359, 1.0697167491912842, 1.0845579147338866, 1.071440795660019, 1.0714292979240418, 1.0774056553840636, 1.0760003662109374, 1.0749137115478515, 1.0717481744289399, 1.061476204395294, 1.0713893747329712, 1.0559341764450074, 1.0635612630844116, 1.0596127641201019, 1.063453664779663, 1.0679054546356201, 1.059832878112793, 1.0591666269302369, 1.0697791147232056, 1.0582633817195892, 1.060683856010437, 1.0631528770923615], "map": 0.6742468842751673}, "time": 742.0395677089691}