{"task": {"lambda": 2, "alpha": 3, "lr": 0.0001, "wd": 1e-05, "bits": 32}, "result": {"earlyStop": true, "loss": [2.656459085941315, 1.3293075346946717, 1.1922659587860107, 1.1011901807785034, 1.0456608307361603, 1.0026448726654054, 0.9406429612636567, 0.9183210325241089, 0.8793825197219849, 0.8511745190620422, 0.8208306336402893, 0.7864928078651429, 0.7724527060985565, 0.7456195962429046, 0.7117255121469498, 0.695390955209732, 0.6747900295257568, 0.6593180191516876, 0.640053722858429, 0.6263657420873642, 0.6068653112649918, 0.5864847421646118, 0.5794120943546295, 0.575787438750267, 0.5482334262132644, 0.534292511343956, 0.5295617204904556, 0.5076083433628082, 0.5052719897031784, 0.4914802074432373, 0.4784573096036911, 0.46112215757369995, 0.4623258185386658, 0.4582704758644104, 0.4296258354187012, 0.4274229818582535, 0.4154098403453827, 0.4190537250041962, 0.40040255784988404, 0.40316686749458314, 0.3895086044073105, 0.37733116269111633, 0.37620473802089693, 0.3717145651578903, 0.3726974403858185, 0.3488733744621277, 0.3582269549369812, 0.3423270434141159, 0.3440335541963577, 0.3310750710964203, 0.3375949966907501, 0.30889300286769866, 0.3211699751019478, 0.3150669425725937, 0.310551863014698, 0.2911506280303001, 0.3093887802958488, 0.2965707680583, 0.2837321239709854, 0.28754825472831724, 0.2748072952032089, 0.28206801384687424, 0.28566739708185196, 0.26077394843101503, 0.2678412988781929, 0.2517290607094765, 0.26704965710639955, 0.24333640635013581, 0.25673631846904754, 0.24061423897743225, 0.24422587633132933, 0.2387626874446869, 0.24986283510923385, 0.23121166586875916, 0.22486501634120942, 0.23437057435512543, 0.22939186424016952, 0.22473049998283387, 0.2118319109082222, 0.22793709635734558, 0.20894435822963714, 0.2178351265192032, 0.2025282111763954, 0.2034350934624672, 0.1962351107597351, 0.21632379531860352, 0.19726378977298736, 0.18932577669620515, 0.1987340360879898, 0.19384322345256805, 0.18802391171455382, 0.19034332126379014, 0.18135500937700272, 0.18165141433477403, 0.18334177404642105, 0.1816490250825882, 0.18318368434906007, 0.1687766680121422, 0.16910941183567046, 0.17857764691114425, 0.16206000059843062, 0.1637085048854351, 0.16467951193451882, 0.17887418255209922, 0.15527049839496612, 0.1704010146856308, 0.15140379697084427, 0.15611434295773507, 0.16420263886451722, 0.1617099753022194, 0.15259688898921012, 0.15598148256540298, 0.14915169179439544, 0.14394276544451715, 0.14320139452815056, 0.1499264994263649, 0.1480360122025013, 0.14094467505812644, 0.1413811968266964, 0.15653552532196044, 0.1332840560376644, 0.13344148606061934, 0.13252236142754556, 0.14394418716430665, 0.14165305033326148, 0.12955398887395858, 0.1375494435429573, 0.12122718960046769, 0.1288956707715988, 0.1335015931725502, 0.12601485088467598, 0.1401839454472065, 0.12303167268633843, 0.11447907194495201, 0.13075097411870956, 0.1270662711560726, 0.117088692933321, 0.12243105337023735, 0.12009541913866997, 0.13928739964962006, 0.10516603469848633, 0.11916122078895569, 0.11692705869674683, 0.1058763888478279, 0.10521170392632484, 0.11578781723976135, 0.119921984821558, 0.10449973419308663, 0.1115357866883278, 0.1108109375834465, 0.11256252750754356, 0.11354373157024383, 0.09387873336672783, 0.1079283256828785, 0.1158775257319212, 0.09767855137586594, 0.10458614617586136, 0.1012679223716259, 0.09745816349983215, 0.10854582354426384, 0.09460394322872162, 0.10446473613381385, 0.09231045857071876, 0.12217661708593369, 0.08369965061545372, 0.11299052014946938, 0.09048287905752658, 0.08908548913896083, 0.10307336121797561, 0.08749379247426986, 0.10788908950984478, 0.08983584105968476, 0.09503158859908581, 0.08937671482563019, 0.08981656089425087], "map": 0.8254061084688045}, "time": 359.7218508720398}