{"task": {"lambda": 1, "alpha": 3, "lr": 0.0001, "wd": 1e-06, "bits": 12}, "result": {"earlyStop": true, "loss": [2.0043795704841614, 1.1488286924362183, 1.034332447052002, 0.9700683796405792, 0.919652271270752, 0.8718943738937378, 0.8489932560920715, 0.8068882238864898, 0.7869049787521363, 0.7456114077568055, 0.7169549632072448, 0.718200558423996, 0.6886861085891723, 0.6598260295391083, 0.6432967793941498, 0.6253167259693145, 0.6091736322641372, 0.6039716815948486, 0.5773159372806549, 0.5654376256465912, 0.5461602991819382, 0.5457998156547547, 0.5271709907054901, 0.5201948326826096, 0.5065205436944962, 0.49087790310382845, 0.48346101701259614, 0.469048775434494, 0.46587694585323336, 0.456187858581543, 0.4429137235879898, 0.4400734883546829, 0.43216206789016726, 0.4203722560405731, 0.41465689837932584, 0.4064143443107605, 0.3903701955080032, 0.39821056187152865, 0.3912153035402298, 0.37799843192100524, 0.37206243455410004, 0.362573202252388, 0.3647752696275711, 0.35841452777385713, 0.34753488540649413, 0.3314279314875603, 0.34144026339054107, 0.33037162840366363, 0.32973756551742556, 0.3177651858329773, 0.32247874289751055, 0.3087924313545227, 0.31745446503162383, 0.3078717541694641, 0.3035134235024452, 0.29564357072114944, 0.28900644153356553, 0.28455561816692354, 0.2856345492601395, 0.27984351485967635, 0.27199629217386245, 0.2698136019706726, 0.2835425671935081, 0.2581540635228157, 0.2639550957083702, 0.259811047911644, 0.24728535532951354, 0.24721645265817643, 0.2527524361014366, 0.24497211813926698, 0.24222758233547212, 0.22882468461990357, 0.24168683886528014, 0.23270659059286117, 0.22996072143316268, 0.2324494555592537, 0.22379096001386642, 0.22461400747299196, 0.21415736109018327, 0.2158413589000702, 0.21770006716251372, 0.2172447535395622, 0.1991919657588005, 0.21256341755390168, 0.1941975912451744, 0.20545508205890656, 0.2039444613456726, 0.2046164220571518, 0.19554915368556977, 0.19805053412914275, 0.19301406681537628, 0.20030285835266112, 0.17867174565792085, 0.18387629151344298, 0.20312582820653916, 0.17480916529893875, 0.18285286039114, 0.1791267290711403, 0.17212583899497985, 0.20384328573942184, 0.15528403103351593, 0.17673751026391982, 0.17649925440549852, 0.16263567060232162, 0.17556272134184836, 0.16881022065877915, 0.16827384978532792, 0.15894066840410231, 0.16882068395614624, 0.16380945727229118, 0.16099906742572784], "map": 0.8176815401675265}, "time": 226.30214309692383}