{"task": {"lambda": 1, "alpha": 1, "lr": 0.0001, "wd": 1e-05, "bits": 12}, "result": {"earlyStop": true, "loss": [1.3304968881607055, 0.624868676662445, 0.5720748561620712, 0.5400222361087799, 0.517928678393364, 0.49762016773223877, 0.46950622618198395, 0.4645588338375092, 0.44153128266334535, 0.4370868492126465, 0.42649499952793124, 0.4085798966884613, 0.40553947269916535, 0.38129140079021456, 0.3836869251728058, 0.36890644729137423, 0.3548325204849243, 0.35926843345165255, 0.34321311473846433, 0.33575135707855225, 0.33625483214855195, 0.3240805077552795, 0.3117546421289444, 0.3083741173148155, 0.3059457537531853, 0.2890764766931534, 0.28712905168533326, 0.28985183328390124, 0.2799352830648422, 0.2736936855316162, 0.2708720228075981, 0.26905935883522036, 0.2584565311670303, 0.2575400385260582, 0.25105608224868775, 0.24857655316591262, 0.24542083263397216, 0.238364497423172, 0.23103187173604967, 0.23764317512512206, 0.22767594814300537, 0.22300500571727752, 0.22594038426876067, 0.21337543934583664, 0.21175227493047713, 0.21375624001026153, 0.2067258170247078, 0.20014621704816818, 0.20678316086530685, 0.19444014817476274, 0.1926407805085182, 0.19819576531648636, 0.19146663069725037, 0.18472622394561766, 0.1872548934817314, 0.18638091146945954, 0.18010861575603485, 0.16970269680023192, 0.1756602057814598, 0.17297277465462685, 0.17328056693077087, 0.16115625113248824, 0.17092053323984147, 0.16092195838689805, 0.15979377597570418, 0.15993938133120536, 0.15777239501476287, 0.15161087661981582, 0.15261551678180696, 0.15066370278596877, 0.14842867091298104, 0.1473210199177265, 0.1451813417673111, 0.14441585272550583, 0.13458278596401216, 0.1493165136873722, 0.13288987085223197, 0.13612611696124077, 0.13617698073387147, 0.1378745913505554, 0.1268817375600338, 0.13004417538642885, 0.13016870275139808, 0.1237089042365551, 0.12616094842553138, 0.12961342170834542, 0.12348114624619484, 0.1179177463054657, 0.11594048753380776, 0.12107469782233238, 0.11702083975076676, 0.12142984017729759, 0.10741807177662849, 0.1188452085852623, 0.1123457470536232, 0.11287324652075767, 0.1094567333161831, 0.110818080753088, 0.10888042017817497, 0.10770870521664619, 0.11694987624883652, 0.09563025280833244, 0.10509911477565766, 0.10595261767506599, 0.10336140036582947, 0.10277771666646003, 0.096765216588974, 0.10122096881270409, 0.10006454691290856, 0.10060645490884781, 0.09929516896605492, 0.09829402998089791], "map": 0.8071058743584953}, "time": 226.85642981529236}