{"task": {"lambda": 1, "alpha": 3, "lr": 0.0001, "wd": 0.0001, "bits": 48}, "result": {"earlyStop": true, "loss": [2.216965264081955, 1.1059459412097932, 0.9839491057395935, 0.9130716586112976, 0.8487359547615051, 0.8099792468547821, 0.7764172780513764, 0.7265209484100342, 0.6999651300907135, 0.6644466549158097, 0.6434991443157196, 0.6207801395654678, 0.5955724650621415, 0.5654484552145004, 0.5431183224916458, 0.5242379719018936, 0.5064133554697037, 0.47768724977970123, 0.4640557187795639, 0.44779229640960694, 0.4462905675172806, 0.4230297148227692, 0.4072358125448227, 0.3987820601463318, 0.3761720085144043, 0.3745654875040054, 0.3601860475540161, 0.35680963933467863, 0.33144202262163164, 0.3293511462211609, 0.30666164696216586, 0.3129496520757675, 0.290279712677002, 0.33301897197961805, 0.2779376432299614, 0.26621932834386824, 0.2765845721960068, 0.26415352821350097, 0.2636135849356651, 0.26636419057846067, 0.23519050538539887, 0.23645759373903275, 0.23560479253530503, 0.247860868871212, 0.21331506341695786, 0.2257743686437607, 0.22664029717445375, 0.19888408213853837, 0.21096768468618393, 0.2027260845899582, 0.19782775908708572, 0.19178690522909164, 0.19458499640226365, 0.17649569779634475, 0.21477617740631103, 0.1733145821094513, 0.17746159195899963, 0.2167925778031349, 0.16074420094490052, 0.17250926420092583, 0.15411410897970199, 0.15335236564278604, 0.17358988404273987, 0.1650826881825924, 0.15632652446627618, 0.16147183120250702, 0.1444745533168316, 0.14473502367734908, 0.3226679961383343, 0.14488990768790244, 0.12555633187294007, 0.1233748473227024, 0.12627686500549318, 0.14096600979566573, 0.15196779176592826, 0.18340991273522378, 0.1265346421301365, 0.11940327525138855, 0.14430544197559356, 0.145962170958519, 0.11503835558891297, 0.1191519071161747, 0.11595729544758797, 0.1795044618844986, 0.10842819303274155, 0.11554233193397521, 0.13909169644117356, 0.1686909729242325, 0.10239757403731346, 0.10180543974041939, 0.11404643610119819, 0.11380060210824013, 0.1113884311914444, 0.11569879546761513, 0.10409573450684548, 0.15007615014910697, 0.09203492969274521, 0.12138196215033531, 0.09501401692628861, 0.1070849922299385, 0.14499588340520858, 0.09559624001383782, 0.08744514241814613, 0.12334761738777161, 0.08779924795031548, 0.08873446494340896, 0.20610621556639672, 0.09399291262030601, 0.08042549669742584, 0.08046921610832214, 0.0815235809981823, 0.14702846899628638, 0.07934622213244438, 0.07707815900444985, 0.07870346337556838, 0.1675018374621868, 0.07671620845794677, 0.07507593788206578, 0.1496853967756033, 0.08113148376345634, 0.07109710060060025, 0.07142073206603528, 0.1635453313589096, 0.07289951406419277, 0.07036131978034973, 0.08564863160252571, 0.0974060808867216, 0.06827788345515728, 0.07319170735776424, 0.13939615070819855, 0.07208750404417515, 0.06666698515415191, 0.07023881703615188, 0.20166483089327814, 0.08069082513451577, 0.06551968790590763, 0.06401948496699333, 0.06546243645250797, 0.07074329912662507, 0.09758687980473041, 0.06589535601437092, 0.07903022162616252, 0.068091134801507, 0.18425238944590092, 0.06391030304133892, 0.058343455493450165, 0.05933949932456017, 0.10851378783583641, 0.0589076629281044, 0.05726084597408772, 0.06051798522472382, 0.15221176594495772, 0.06248246893286705, 0.055752586051821706, 0.0552927166223526, 0.07271594345569611, 0.11472931817173958, 0.053981677666306495, 0.05402826510369778, 0.08638109251856804, 0.08290107592940331, 0.05354094639420509, 0.05291868425905705, 0.19470540508627893, 0.05815127730369568, 0.05096145763993263, 0.049573015496134756, 0.05192042790353298, 0.10288041286170482, 0.05053704798221588, 0.050353067740797994, 0.11630569271743298, 0.05399332240223884, 0.047288507670164105, 0.1028852791339159, 0.056089261695742604, 0.04721514031291008, 0.05070078887045384, 0.053607442155480384, 0.12065332107245923, 0.04960057966411114, 0.044907269701361656, 0.11225547268986702, 0.05200742825865746, 0.04410141296684742, 0.046089181005954744, 0.07790718287229538, 0.04485157735645771, 0.04683946318924427, 0.12644497871398927, 0.04480930283665657, 0.04179653540253639, 0.04398180477321148, 0.04977479554712772, 0.10328975960612297, 0.04390319839119911, 0.047371403127908704, 0.043214584067463875, 0.0514833826571703, 0.12752363562583924, 0.04053598538041115, 0.04140853259712458, 0.04000221032649279, 0.11354080729186534, 0.048934980034828185, 0.03857679981738329, 0.039060339778661725, 0.04235131055116653, 0.08011518009006977, 0.03891705345362425, 0.09392532847821712, 0.049315148890018465, 0.037432296611368654, 0.03949329063296318, 0.04203620094805956, 0.1396438653767109, 0.03848482824862003, 0.0419808255136013, 0.03641305487602949, 0.037498259879648686, 0.06635836638510227, 0.04001332480460405, 0.09367038611322641, 0.0425352081656456, 0.034299369491636755, 0.035498282834887505, 0.07114500876516104, 0.0340099023655057, 0.06157404351979494, 0.04012097522616386, 0.03606738366186619, 0.08260667890310287, 0.034901204481720925, 0.03530738014727831, 0.10783349376171827, 0.03564072087407112, 0.0318666535243392, 0.046781403981149196, 0.042908032424747944, 0.06555400550365448, 0.042421822622418406, 0.03295241616666317, 0.03746849086135626, 0.08153203040361405, 0.03318081729114056, 0.033650918379426, 0.1502668508887291], "map": 0.85259633792541}, "time": 510.23085856437683}