{"task": {"lambda": 2, "alpha": 3, "lr": 1e-05, "wd": 1e-05, "bits": 24}, "result": {"earlyStop": true, "loss": [1.8642151021957398, 1.441102077960968, 1.3353701901435853, 1.2818733191490173, 1.2318286561965943, 1.2013461542129518, 1.1532464957237243, 1.1281224381923676, 1.1134733629226685, 1.0889476978778838, 1.0649744617938994, 1.0492816972732544, 1.0270469689369202, 1.010673691034317, 0.9973187708854675, 0.9842437088489533, 0.9714089560508729, 0.9641509401798248, 0.9451522374153137, 0.9304426407814026, 0.9160300028324128, 0.9123682224750519, 0.9012561225891114, 0.8884120643138885, 0.8761247861385345, 0.8742120957374573, 0.8626267611980438, 0.859492301940918, 0.8501502394676208, 0.8403181231021881, 0.8327717804908752, 0.8241678726673126, 0.8120818746089935, 0.8072586119174957, 0.7963995921611786, 0.7964913761615753, 0.7854054689407348, 0.7789166259765625, 0.7773999071121216, 0.7664979910850525, 0.763187597990036, 0.7590586078166962, 0.7530831789970398, 0.7453790605068207, 0.7377306342124939, 0.7337328827381134, 0.7281807899475098, 0.7226772999763489, 0.7208570969104767, 0.7122250604629516, 0.7064848566055297, 0.7003922307491303, 0.6974188160896301, 0.6908916223049164, 0.6820059370994568, 0.686033695936203, 0.677808883190155, 0.6713250553607941, 0.6700359094142914, 0.6654629051685333, 0.6617470598220825, 0.6514842092990876, 0.6512529289722443, 0.6491909849643708, 0.638954621553421, 0.6382900607585907, 0.6366353464126587, 0.6295455539226532, 0.626726832985878, 0.6222650092840195, 0.6225472241640091, 0.6187949746847152, 0.6152208352088928, 0.607264518737793, 0.6098199152946472, 0.6044943624734879, 0.6020259118080139, 0.5977045869827271, 0.591860556602478, 0.5918193233013153, 0.5867994838953018, 0.582698478102684, 0.5801096242666245, 0.5776734048128128, 0.5749445742368698, 0.5711886739730835, 0.5691798239946365, 0.5666945034265518, 0.5597036027908325, 0.5596576803922653, 0.5546436381340026, 0.5558469605445862, 0.5590476536750794, 0.5502665954828262, 0.5450203227996826, 0.5435266226530076, 0.5411021161079407, 0.5405627477169037, 0.5351233035326004, 0.5280973654985428, 0.5324119061231614, 0.5264829421043395, 0.5255418229103088, 0.5258193695545197, 0.5202657306194305, 0.513631415963173, 0.5173805582523346, 0.5137956964969635, 0.5112164449691773, 0.5056294739246369, 0.5060237681865692, 0.5048149555921555, 0.4995600074529648, 0.49609352469444273, 0.4952104616165161, 0.49616457223892213, 0.4944040620326996, 0.48663119673728944, 0.48845649778842926, 0.48515849709510805, 0.48480918645858767, 0.4821347564458847, 0.47943274676799774, 0.4786651617288589, 0.47429044783115387, 0.4728992885351181, 0.4706306266784668, 0.4693835246562958, 0.47046288311481477, 0.4649799919128418, 0.46412697315216067, 0.4622428047657013, 0.458735323548317, 0.45710997939109804, 0.4588644480705261, 0.45390561640262606, 0.45341750025749206, 0.45138065457344057, 0.4450049388408661, 0.4498391604423523, 0.4443147712945938, 0.44528376519680024, 0.44104551017284394, 0.44045914709568024, 0.4375986415147781, 0.4347301721572876, 0.43212965071201326, 0.43070612609386444, 0.42723976969718935, 0.42851627111434937, 0.42661459624767306, 0.42681551396846773, 0.4232588940858841, 0.42233189642429353, 0.422388973236084, 0.4173063850402832, 0.41795442402362826, 0.41770001709461213, 0.41390364587306977, 0.4124248296022415, 0.4095626580715179, 0.40826701164245605, 0.40728570461273195, 0.40560268580913544, 0.40793570458889006, 0.40276638984680174, 0.3996205163002014, 0.4009318244457245, 0.39789354503154756, 0.3985033750534058, 0.3938958936929703, 0.3959485900402069, 0.39614067614078524, 0.393995401263237, 0.3866500735282898, 0.3886135524511337, 0.3858474713563919, 0.3850454676151276, 0.38434256613254547, 0.3817353242635727, 0.3791931104660034, 0.37772049367427823, 0.37775964677333834, 0.377209500670433, 0.3736737477779388, 0.3752168744802475, 0.37332613646984103, 0.37099149167537687, 0.37187367081642153, 0.37067393004894256, 0.367570241689682, 0.365991045832634, 0.3636003547906876, 0.36508025765419005, 0.3629805582761765, 0.3601777297258377, 0.3616689449548721, 0.35651452898979186, 0.35615490019321444, 0.3574816745519638, 0.3566654747724533, 0.3488830575346947, 0.35151385843753813, 0.34975881576538087, 0.34966973304748533, 0.34931639552116395, 0.3471200966835022, 0.3438179308176041, 0.3468201357126236, 0.3446349388360977, 0.34173142552375796, 0.34433055222034453, 0.34239222764968874, 0.338846555352211, 0.33794986724853515, 0.33781668186187747, 0.3374092024564743, 0.33505078494548796, 0.33625478744506837, 0.3324062693119049, 0.3320088803768158, 0.3289145851135254, 0.32797876358032224, 0.32929952383041383, 0.3285106521844864, 0.3255766388773918, 0.3241779989004135, 0.32390362441539766, 0.3229474952816963, 0.32059725016355517, 0.3199969083070755, 0.31832270622253417, 0.3177383404970169, 0.31731050193309784, 0.31497970312833784, 0.3134030881524086, 0.3127090322971344, 0.3140380889177322, 0.3111478847265243, 0.3089598527550697, 0.30756605088710787, 0.3064040100574493, 0.3078515321016312, 0.3058259296417236, 0.3062282490730286, 0.3068982049822807, 0.30360628247261046, 0.3073565936088562, 0.29920220613479614, 0.30310383141040803, 0.30007620483636854, 0.2976759934425354, 0.2978937858343124, 0.2967518338561058, 0.29526336878538134, 0.2929688137769699, 0.2920557001233101, 0.2923859298229218, 0.2905316552519798, 0.2902980902791023, 0.28911974966526033, 0.28959891259670256, 0.2873790729045868, 0.2863153311610222, 0.2867122903466225, 0.28586212813854217, 0.28369456470012666, 0.2829446262121201, 0.2806758090853691, 0.28022947937250137, 0.27974803626537326, 0.27705263465642926, 0.2779692229628563, 0.2798446834087372, 0.276347873210907, 0.27309106677770617, 0.2734131935238838, 0.2738849079608917, 0.2724141189455986, 0.27147322326898576, 0.27214755952358244, 0.26993534922599793, 0.26764799147844315, 0.26837449878454206, 0.2664439082145691, 0.26619875580072405, 0.2684144705533981, 0.2650816705822945, 0.26532518237829206, 0.2626187381148338, 0.2634386268258095, 0.2635303330421448, 0.2613412392139435, 0.2619782802462578, 0.25678315907716753, 0.26037403553724286, 0.2561993017792702, 0.25755770117044446, 0.25526064038276675, 0.25596852898597716, 0.2550623673200607, 0.2542761692404747, 0.25289111375808715, 0.2524348294734955, 0.2515352058410645, 0.24977808684110642, 0.25152481645345687, 0.2514049050211906, 0.24748812288045882, 0.24826873511075973, 0.24764295160770416, 0.2474941596388817, 0.2461164876818657, 0.24698732644319535, 0.24456537663936614, 0.24301466405391692, 0.2426813155412674, 0.2410421848297119, 0.2398465296626091, 0.24166868656873702, 0.23829775631427766, 0.24071687579154968, 0.2382663893699646, 0.23774342030286788, 0.23834400177001952, 0.23525139957666397, 0.23651847422122954, 0.23367861032485962, 0.2359574818611145, 0.23382942050695418, 0.23223569929599763, 0.23117752999067306, 0.23104268938302994, 0.2285745534300804, 0.23093008428812026, 0.23074229925870895, 0.22931701481342315, 0.2277420336008072, 0.2257796624302864, 0.22606422990560532, 0.2248971578478813, 0.22463226854801177, 0.22351930260658265, 0.22466304868459702, 0.22306771486997604, 0.22317171096801758, 0.2212693214416504, 0.22059022694826125, 0.2205966255068779, 0.22090319275856019, 0.22079958617687226, 0.21900448381900786, 0.21784123808145522, 0.21862702935934067, 0.21719444394111634, 0.21556700617074967, 0.215230892598629, 0.21669196873903274, 0.21701020061969756, 0.21388445049524307, 0.21340872079133988, 0.21221492290496827, 0.2116406390070915, 0.21149835914373397, 0.2101077276468277, 0.2110760110616684, 0.209299259185791, 0.20968715012073516, 0.2075172770023346, 0.20949627816677094, 0.2063884148001671, 0.20666220039129257, 0.20635995537042617, 0.2066396689414978, 0.2040586820244789, 0.20519258350133895, 0.20389632672071456, 0.20404591858386995, 0.202873138487339, 0.2037275794148445, 0.20128313720226287, 0.20121842503547668, 0.20033177882432937, 0.19823002249002455, 0.19983154088258742, 0.1990194308757782, 0.19805025756359101, 0.19694406032562256, 