{"task": {"lambda": 0.5, "alpha": 1, "lr": 1e-05, "wd": 1e-06, "bits": 32}, "result": {"time stopage": true, "loss": [0.7644257998466492, 0.6123766732215882, 0.5670073658227921, 0.535907369852066, 0.5220207953453064, 0.5001748299598694, 0.48440484404563905, 0.46890604853630063, 0.4582118785381317, 0.4495206105709076, 0.438933761715889, 0.4256485229730606, 0.41807802736759186, 0.41065012037754056, 0.39968720972537997, 0.39375452876091005, 0.3901419621706009, 0.3783919852972031, 0.37531038343906403, 0.3679973703622818, 0.3666369068622589, 0.358229261636734, 0.35672164380550386, 0.34878223717212675, 0.3450895613431931, 0.33820844054222104, 0.33221206605434417, 0.32888697206974027, 0.32755662202835084, 0.3229313936829567, 0.31881569206714633, 0.3165125435590744, 0.3116107803583145, 0.30969752073287965, 0.30581930696964266, 0.3019641974568367, 0.29575405061244964, 0.2943496072292328, 0.29180897027254105, 0.28939722299575804, 0.28375483959913256, 0.28253263503313064, 0.27910968780517575, 0.27492467015981675, 0.27363208144903184, 0.27267561584711075, 0.26890449404716493, 0.2648349729180336, 0.2638638335466385, 0.2607882046699524, 0.2604354709386826, 0.2566923472285271, 0.251464818418026, 0.2510576260089874, 0.24900813579559325, 0.24792244732379914, 0.24619823604822158, 0.24360067069530486, 0.23925966322422026, 0.23959693670272827, 0.23636944830417633, 0.23561080753803254, 0.23220960229635237, 0.23179970264434815, 0.22876530408859252, 0.2260934317111969, 0.2259821394085884, 0.2236955499649048, 0.22295674353837966, 0.2212395116686821, 0.22102380841970443, 0.21594763159751892, 0.21748320490121842, 0.2116645285487175, 0.2122849455475807, 0.21194963932037353, 0.2082455924153328, 0.20673184633255004, 0.20703234255313874, 0.20536392092704772, 0.20443632066249848, 0.2017313712835312, 0.19947713136672973, 0.1998567661643028, 0.19604353308677674, 0.1956581926345825, 0.19278979301452637, 0.19376697272062302, 0.19006089806556703, 0.1915520492196083, 0.18921974509954453, 0.18881682842969894, 0.1872353297472, 0.18561606407165526, 0.1833186677098274, 0.18283953234553338, 0.1821695476770401, 0.1794081112742424, 0.17860237181186675, 0.17869202941656112, 0.17741309046745302, 0.1750606992840767, 0.17532892018556595, 0.17344070851802826, 0.17237702995538712, 0.1720306846499443, 0.16992316603660584, 0.16975436866283417, 0.16897108376026154, 0.1666678887605667, 0.16699572712182997, 0.1650971442461014, 0.1634552526473999, 0.16369278818368913, 0.16178868919610978, 0.1594217199087143, 0.15992090076208115, 0.1580975967645645, 0.15830535292625428, 0.15641463190317154, 0.15482285842299462, 0.15486234858632086, 0.15375859826803207, 0.1522264912724495, 0.15223841562867166, 0.1506704419851303, 0.15084930896759033, 0.1498790979385376, 0.14947135195136071, 0.14790316715836524, 0.14624869853258132, 0.14773695632815362, 0.14557919010519982, 0.14426254913210868, 0.14306292608380317, 0.14196287766098975, 0.1415357421338558, 0.1414306628704071, 0.14045767083764077, 0.13942555502057075, 0.13982576966285706, 0.13619612127542496, 0.13725398406386374, 0.1361149036884308, 0.13572161957621576, 0.13454054057598114, 0.13379088699817657, 0.13450083881616592, 0.13232916235923767, 0.1309036485850811, 0.13186710596084594, 0.1293932917714119, 0.1300988857448101, 0.12986496806144715, 0.1285715314745903, 0.1265756244957447, 0.12832658886909484, 0.12588347345590592, 0.12523578315973283, 0.12591234639286994, 0.12462029963731766, 0.12474864691495896, 0.12294014796614647, 0.12170502185821533, 0.12196016833186149, 0.12163871511816979, 0.12059018597006797, 0.12030331164598465, 0.11958440706133842, 0.11942412793636321, 0.1183757971227169, 0.11758957624435425, 0.11696695551276207, 0.11556502655148507, 0.11625108897686004, 0.1143010677397251, 0.11576467797160149, 0.11337348893284797, 0.11314980939030647, 0.11426686078310012, 0.11302222117781639, 0.1119012811779976, 0.11271981462836266, 0.11135918721556663, 0.11022584140300751, 0.10929040044546127, 0.10898613661527634, 0.10833312049508095, 0.10865112662315368, 0.10685805469751358, 0.10664734065532684, 0.10711781024932861, 0.10559300854802131, 0.10488776057958603, 0.10478140160441399, 0.104832454174757, 0.10439182758331299, 0.10378250688314437, 0.10285008236765862, 0.10298217043280601, 0.1023141348361969, 0.10125185951590537, 0.10128109261393548, 0.10037981867790222, 0.10055533021688462, 0.10060884207487106, 0.0998710834980011, 0.09870499163866044, 0.0975357447564602, 0.09775300964713096, 0.09825089812278748, 0.09700574070215225, 0.09728882387280464, 0.0963147160410881, 0.09624841451644897, 0.09516509845852852, 0.09510967239737511, 0.09426032111048699, 0.09522589579224587, 0.09352481141686439, 0.09310841798782349, 0.09359421640634537, 0.0926137974858284, 0.09239114508032799, 0.09245145842432975, 0.09107079580426217, 0.09040361240506173, 0.09137768119573593, 0.0898116834461689, 0.0902949520945549, 0.09014423295855523, 0.0888350933790207, 0.08844508215785027, 0.08862419933080673, 0.0879669526219368, 0.08840841308236122, 0.08745680034160613, 0.08660186499357224, 0.08634698003530503, 0.08585663765668869, 0.085887401252985, 0.08621509999036789, 0.08533744558691979, 0.08463837116956711, 0.08370536863803864, 0.08416996195912362, 0.08346770599484443, 0.08332508504390716, 0.08363297119736672, 0.0833723059296608, 0.08231233924627304, 0.08221020877361297, 0.08151571482419967, 0.08170420050621033, 0.08103435516357421, 0.0803850907087326, 0.08004250183701515, 0.08022526890039444, 0.0795201849937439, 0.07878082357347012, 0.0792561987042427, 0.07932131484150887, 0.0784170901030302, 0.07820684745907784, 0.07768614649772644, 0.07818690732121468, 0.07843782410025596, 0.07713436514139176, 0.07711603187024593, 0.07672558233141899, 0.07627580441534519, 0.07612195082008838, 0.07538439966738224, 0.0758061096072197, 0.07496974729001522, 0.07467756792902946, 0.07407857477664948, 0.07425438702106475, 0.07394241742789745, 0.07385778561234474, 0.07315277554094791, 0.07346355862915516, 0.0725316359102726, 0.07299562990665436, 0.07218746483325958, 0.07233692362904548, 0.0715831446647644, 0.07138560496270657, 0.07110491149127483, 0.0712284081429243, 0.07039897419512271, 0.07033945821225643, 0.06997990645468236, 0.07027864180505276, 0.0692251542955637, 0.06932619281113148, 0.06906093060970306, 0.06875826604664326, 0.06867459207773209, 0.06806406542658806, 0.06864976443350315, 0.06758063800632953, 0.06848483726382255, 0.0677121838182211, 0.06695655405521393, 0.06699447065591813, 0.06677140548825264, 0.06646386601030826, 0.06639304012060165, 0.06655176252126693, 0.06557449877262116, 0.06550713114440442, 0.06496792390942574, 0.06497680477797985, 0.06463165409862995, 0.06443541437387466, 0.06415792860090733, 0.06449091888964176, 0.06416072562336922, 0.06379108935594559, 0.06307384274899959, 0.06312847457826137, 0.06319332838058472, 0.0630975154787302, 0.06279084198176861, 0.06232856586575508, 0.06242595545947552, 0.06183261051774025, 0.06194633021950722, 0.0613275033980608, 0.061465859264135364, 0.06086367674171925, 0.061079494431614874, 0.060920608565211296, 0.060649909004569055, 0.06010941602289677, 0.0600524278730154, 0.06009917892515659, 0.059740250483155254, 0.05931898579001427, 0.05928829275071621, 0.059141626358032225, 0.05909972630441189, 0.05877110786736012, 0.058938635513186455, 0.05840784378349781, 0.058283014446496965, 0.05801941372454166, 0.05804770976305008, 0.057956700399518016, 0.05708260379731655, 0.05720118746161461, 0.05734737910330295, 0.05686028800904751, 0.057135142609477045, 0.056617716029286384, 0.056804736256599424, 0.056037510111927986, 0.05603741355240345, 0.05628404974937439, 0.05565722592175007, 0.055381873324513435, 0.055368950366973875, 0.05522421099245548, 0.05504459485411644, 0.05536337099969387, 0.054712836220860483, 0.054523524791002274, 0.05418623626232147, 0.0542665684223175, 0.054011396616697314, 0.05391277343034744, 0.05389550663530827, 0.05324888706207275, 0.05336848944425583, 0.0532966037094593, 0.053218951970338824, 0.052942782267928125, 0.05278920389711857, 