{"task": {"lambda": 2, "alpha": 3, "lr": 0.0001, "wd": 0.0001, "bits": 32}, "result": {"earlyStop": true, "loss": [2.6458610272407532, 1.2930180096626283, 1.181009715795517, 1.092409553527832, 1.0165736782550812, 0.9740685033798218, 0.9361044943332673, 0.9185465884208679, 0.8665271031856537, 0.8431076264381409, 0.8105053758621216, 0.7898476719856262, 0.7738557279109954, 0.7313988792896271, 0.7258238542079926, 0.7055262362957001, 0.6734603130817414, 0.6652553379535675, 0.6449619865417481, 0.6433114033937454, 0.59752332508564, 0.5986109364032746, 0.570835815668106, 0.5732920461893082, 0.5540140056610108, 0.5448751336336136, 0.5363042241334915, 0.5101545286178589, 0.5119399100542068, 0.5021650344133377, 0.4884526789188385, 0.47013420522212984, 0.45165532886981963, 0.461051641702652, 0.448471999168396, 0.4337320256233215, 0.4407799571752548, 0.4129877257347107, 0.4222949719429016, 0.39713089287281034, 0.4038522547483444, 0.39137080252170564, 0.3771112388372421, 0.3896782523393631, 0.3619450956583023, 0.3656648606061935, 0.35527959048748015, 0.35328979551792145, 0.3455472269654274, 0.3317111212015152, 0.3451763063669205, 0.3125372403860092, 0.360896543264389, 0.3058997622132301, 0.30151514649391176, 0.30481286138296126, 0.3112244766950607, 0.2842936399579048, 0.2993392986059189, 0.28853846549987794, 0.2771024096012116, 0.27806179463863373, 0.27839252471923825, 0.273124897480011, 0.2634589293599129, 0.2793130046129227, 0.24742600530385972, 0.2588528928160667, 0.2726706153154373, 0.23965145587921144, 0.24385465383529664, 0.2401471531391144, 0.24152835428714753, 0.22979990988969803, 0.22971611022949218, 0.2417539945244789, 0.2212476286292076, 0.22646595060825347, 0.2058096757531166, 0.22434654831886292, 0.20386961430311204, 0.22171635746955873, 0.21568732529878618, 0.19924873173236846, 0.2077011838555336, 0.19725770831108094, 0.208050736784935, 0.19318848997354507, 0.19923365354537964, 0.1843763494491577, 0.19802179515361787, 0.17981940299272536, 0.1854460796713829, 0.19143678426742552, 0.17477195233106613, 0.18074389845132827, 0.1728920105099678, 0.17895096629858018, 0.17292369693517684, 0.1799817243218422, 0.1631469900906086, 0.17852065458893776, 0.15556274428963662, 0.17527251064777374, 0.1546448227763176, 0.1586080498993397, 0.16568730726838113, 0.15226545676589012, 0.1616244548559189, 0.15745596334338188, 0.15312484815716743, 0.14098043873906135, 0.16136101320385932, 0.1420460957288742, 0.15805340811610222, 0.15035768881440162, 0.1315728534758091, 0.15773954078555108, 0.1300346828997135, 0.14132464274764062, 0.13597942963242532, 0.1718275825679302, 0.12616585358977317, 0.12778626754879951, 0.13540658995509147, 0.12916820108890534, 0.14360403448343276, 0.1233080679178238, 0.1270148693025112, 0.1397661642730236, 0.12561542689800262, 0.12857860520482065, 0.12855340629816056, 0.12096832975745202, 0.13573891997337342, 0.13711178183555603, 0.11673761039972305, 0.11660991340875626, 0.11694643959403038, 0.11652539074420928, 0.14733025714755058, 0.1013256385922432, 0.1183344167470932, 0.12964239969849586, 0.10271991282701493, 0.1150574865937233, 0.11307809263467788, 0.10779425770044326, 0.12165874555706978, 0.10529422968626022, 0.1097766998410225, 0.10642025843262673], "map": 0.8119011194857497}, "time": 309.346693277359}