{"task": {"lambda": 0.5, "alpha": 3, "lr": 0.0001, "wd": 1e-06, "bits": 12}, "result": {"earlyStop": true, "loss": [2.0239804589748385, 1.005284696817398, 0.896508948802948, 0.8446092760562897, 0.7856376135349273, 0.7456261444091797, 0.7207126438617706, 0.6779447233676911, 0.6460547506809234, 0.6296798455715179, 0.6061636918783188, 0.5729412734508514, 0.5571054011583328, 0.5605593788623809, 0.5205651420354843, 0.5043712735176087, 0.4909032917022705, 0.4726362335681915, 0.46171760380268095, 0.4472322702407837, 0.4351151299476623, 0.4212321239709854, 0.40553427040576934, 0.39587845504283903, 0.38804629862308504, 0.3704886704683304, 0.37257622241973876, 0.3572729676961899, 0.3398954564332962, 0.33747108101844786, 0.33393761605024336, 0.318590050637722, 0.3137644645571709, 0.31551692008972165, 0.30260791778564455, 0.2839390218257904, 0.29086276710033415, 0.2739904296398163, 0.29011796057224276, 0.2602152591943741, 0.2611569303274155, 0.2530137351155281, 0.2493006882071495, 0.2436988025903702, 0.24594508707523347, 0.2309129387140274, 0.2507601183652878, 0.21501519471406938, 0.22389214873313903, 0.22287525743246078, 0.21449661672115325, 0.21713132828474044, 0.19764363259077072, 0.19613802909851075, 0.20820607334375382, 0.19429231941699981, 0.20170539885759353, 0.19185413539409638, 0.18823182344436645, 0.1825488719344139, 0.17930505007505418, 0.18825842708349227, 0.16813322752714158, 0.1681440256536007, 0.17470997840166091, 0.15888386011123656, 0.17653836637735368, 0.15520318523049353, 0.15718643859028816, 0.16643669486045837, 0.16227237537503242, 0.14356447592377664, 0.1543569728732109, 0.17009514138102533, 0.13971247926354408, 0.141561162173748, 0.1385352846980095, 0.1334094722568989, 0.13634988099336623, 0.14169343650341035, 0.1464317137002945, 0.1292763851583004, 0.13550459146499633, 0.1272415654361248, 0.12353361532092094, 0.13530654773116113, 0.13294439151883125, 0.1155277867615223, 0.14116061866283416, 0.11552335247397423, 0.11535700976848602, 0.11849978432059288, 0.11447697371244431, 0.12677728980779648, 0.11105910584330558, 0.12077437371015548, 0.10416522145271301, 0.12044636130332947, 0.12035858631134033, 0.10451159000396729, 0.1029220961034298, 0.12404369935393333, 0.09927791565656661, 0.09698542445898056, 0.104834044277668, 0.09946882680058479, 0.10961291968822479, 0.09550742119550705, 0.10946902602910996, 0.09519313961267471, 0.09428558394312858, 0.1057790707051754, 0.09364933639764786, 0.09663401529192925, 0.08784893617033958, 0.10355684459209442, 0.0818010812997818, 0.11172333955764771, 0.09366328448057175, 0.08234733305871486, 0.09168044164776802, 0.07967953786253928, 0.09314603209495545, 0.09243223786354066, 0.10279708310961723, 0.07360779136419296, 0.10750363230705261, 0.07613790459930897, 0.08187188692390919, 0.08978544287383557, 0.08129125200212002, 0.09020565673708916, 0.10002317056059837, 0.06754035122692585, 0.08175952151417733, 0.0863427957892418, 0.06754794858396053, 0.08990240849554539, 0.07884720429778098, 0.10030688166618347, 0.06768267147243023, 0.06574934415519237, 0.07910675466060639, 0.07456294499337673, 0.09566122107207775, 0.06286654770374298, 0.0759089483320713, 0.08884165331721305, 0.07301554031670093, 0.06854942977428437, 0.08388010144233704, 0.06383028484880925, 0.07392297305166722, 0.06598685398697852, 0.07578760750591755, 0.07411309272050857], "map": 0.8147975921295552}, "time": 318.84833121299744}