{"task": {"lambda": 2, "alpha": 3, "lr": 1e-05, "wd": 1e-06, "bits": 48}, "result": {"earlyStop": true, "loss": [1.9317599582672118, 1.5258115148544311, 1.4174620723724365, 1.3428983402252197, 1.302326033115387, 1.250149471759796, 1.2197877037525178, 1.184999210834503, 1.1533584153652192, 1.1252983868122102, 1.1028370106220244, 1.0741158711910248, 1.05596431016922, 1.0377540719509124, 1.021487100124359, 1.0033368742465973, 0.9841380071640015, 0.9776463687419892, 0.9618927347660065, 0.9473823356628418, 0.9362849986553192, 0.9116052520275116, 0.9077773058414459, 0.8975194764137268, 0.8847839367389679, 0.8707300961017609, 0.8588822722434998, 0.8526856291294098, 0.8409482288360596, 0.8373224174976349, 0.8264063608646393, 0.8157337975502014, 0.812873432636261, 0.8009653413295745, 0.79532555103302, 0.7862605905532837, 0.7789479839801788, 0.7758776223659516, 0.7642775285243988, 0.7649445796012878, 0.7461651241779328, 0.7463445723056793, 0.7389171075820923, 0.7272744035720825, 0.7223254019021987, 0.7208328986167908, 0.7158342552185059, 0.7053662371635437, 0.7021995556354522, 0.6972032332420349, 0.6924919521808625, 0.6844863319396972, 0.6849299311637879, 0.673906090259552, 0.6701092809438706, 0.6627321338653565, 0.6561801517009735, 0.6538421797752381, 0.6543570506572723, 0.6482069683074951, 0.6387763977050781, 0.6441906315088272, 0.6342070508003235, 0.6357113248109818, 0.6231161814928055, 0.6205274450778961, 0.615631303191185, 0.6094887745380402, 0.6134175825119018, 0.6052874261140824, 0.5984006869792938, 0.59395741045475, 0.5950707280635834, 0.5874359035491943, 0.5871082270145416, 0.5787100195884705, 0.5809766685962677, 0.5731061851978302, 0.5683819341659546, 0.5656847047805786, 0.5643987476825714, 0.5572755020856858, 0.555803330540657, 0.5521583646535874, 0.5491909050941467, 0.5450565803050995, 0.5425520813465119, 0.5427625185251236, 0.5391779339313507, 0.5390147060155869, 0.5346382004022598, 0.5321998280286789, 0.5215922445058823, 0.5271236979961396, 0.5206182050704956, 0.5154185956716537, 0.5154607170820236, 0.5170361411571502, 0.5077587270736694, 0.5086838781833649, 0.5038563817739486, 0.4975356251001358, 0.5009177201986312, 0.5010480123758316, 0.4948896557092667, 0.48928327322006226, 0.49116343796253203, 0.48475034415721896, 0.4833893293142319, 0.4826472520828247, 0.478522424697876, 0.4722542291879654, 0.47050914883613587, 0.46999540328979494, 0.46634637117385863, 0.4669637930393219, 0.46575225472450255, 0.4634663200378418, 0.4586503732204437, 0.4588564145565033, 0.45600091993808745, 0.45588988304138184, 0.45249045252799985, 0.4473499011993408, 0.44858513653278353, 0.44283481776714323, 0.4438370805978775, 0.44014483511447905, 0.43985716938972474, 0.43543219089508056, 0.43364866137504576, 0.43247055530548095, 0.4273999333381653, 0.4286876946687698, 0.42602200865745543, 0.42596800267696383, 0.4245338433980942, 0.4182614070177078, 0.42022086679935455, 0.41556051731109617, 0.41513398468494417, 0.41224219381809235, 0.41431876480579377, 0.40844415307044984, 0.40836709082126615, 0.40103280544281006, 0.4052842617034912, 0.40258398294448855, 0.39621748864650724, 0.39953891158103944, 0.39571267426013945, 0.39602884769439695, 0.39259327471256256, 0.39195270478725436, 0.38790580272674563, 0.38827402114868165, 0.38833354532718656, 0.38571104884147644, 0.38234582901000974, 0.380681027173996, 0.37905052840709685, 0.3773910051584244, 0.3769924569129944, 0.3747261929512024, 0.37397445142269137, 0.37187364101409914, 0.3683963567018509, 0.37060146033763885, 0.36716789603233335, 0.368921070098877, 0.36586144685745237, 0.3613143295049667, 0.3617063331604004, 0.36120994031429293, 0.35872931361198424, 0.3566348147392273, 0.3559697103500366, 0.3561606150865555, 0.35306559562683104, 0.35289007127285005, 0.34861377835273744, 0.3511859703063965, 0.34892746806144714, 0.3462904417514801, 0.34554956436157225, 0.3415783953666687, 0.3437053793668747, 0.3426500648260117, 0.33913060039281845, 0.33795496881008147, 0.33616309106349945, 0.33579369008541105, 0.3350631695985794, 0.3308653140068054, 0.3315817594528198, 0.32687937617301943, 0.32919798135757444, 0.3255443322658539, 0.32802982687950133, 0.32471853464841843, 0.3237493208050728, 0.32227011740207673, 0.32038108348846434, 0.31784919142723084, 0.3182154643535614, 0.3158417552709579, 0.31779540359973907, 0.31197472095489504, 0.3149331521987915, 0.31122461140155794, 0.3103231781721115, 0.3098485845327377, 0.30845615148544314, 0.308817420899868, 0.30384262919425964, 0.3039262878894806, 0.3033620601892471, 0.3025074198842049, 0.3028802782297134, 0.30206252276897433, 0.29824867129325866, 0.2975640872120857, 0.29675354838371276, 0.2962158507108688, 0.2953587341308594, 0.2966203221678734, 0.2926859745383263, 0.2934122812747955, 0.2926640462875366, 0.29208840101957323, 0.28855804473161695, 0.28847089171409607, 0.2850163608789444, 0.2866210758686066, 0.28557813763618467, 0.28430856108665464, 0.2835848742723465, 0.2801783663034439, 0.282246510386467, 0.28030109584331514, 0.27916294157505034, 0.2771071541309357, 0.27824538439512253, 0.27778773218393327, 0.2758829611539841, 0.2778089207410812, 0.27388724267482756, 0.27093410640954974, 0.27044410586357115, 0.2703563416004181, 0.27103583216667176, 0.2688980773091316, 0.26729717224836347, 0.2671846985816956, 0.26551475703716276, 0.26434237748384476, 0.2628241580724716, 0.2639065107703209, 0.26064213663339614, 0.2600236451625824, 0.261137073636055, 0.26185350626707077, 0.2590440148115158, 0.25729564189910886, 0.25859000116586683, 0.2565121340751648, 0.2566505140066147, 0.2547902539372444, 0.25273373603820803, 0.25319693952798844, 0.25239574432373046, 0.2511040878295898, 0.25112771570682524, 0.25031297117471696, 0.24872192829847337, 0.24790132999420167, 0.2441127470135689, 0.2461652061343193, 0.2464215099811554, 0.24616295158863066, 0.24386483788490296, 0.2428494182229042, 0.2423812374472618, 0.2411293676495552, 0.239043992459774, 0.24128007650375366, 0.23896731674671173, 0.23887145042419433, 0.23699894726276396, 0.2367277577519417, 0.23631842225790023, 0.23506646543741228, 0.2346804764866829, 0.23337543696165086, 0.23228759109973907, 0.23197894901037217, 0.23292332231998444, 0.23045336991548537, 0.23101522892713547, 0.2299846065044403, 0.2300462716817856, 0.22715798556804656, 0.2273087301850319, 0.22760286718606948, 0.22473222583532335, 0.22508496314287185, 0.22523128777742385, 0.22365147054195403, 0.2249968910217285, 0.2225122034549713, 0.22328288227319718, 0.21955615609884263, 0.221858531832695, 0.21969818264245988, 0.21921916842460631, 0.21893027931451797, 0.21803161025047302, 0.21788908362388612, 0.2167907765507698, 0.21498320668935775, 0.2162762513756752, 0.21488767057657243, 0.2128709903359413, 0.2135893639922142, 0.21435632258653642, 0.2114337596297264, 0.21108264833688736, 0.2112142276763916, 0.20918290376663207, 0.210282843708992, 0.21030795454978943, 0.20933735996484756, 0.207423315346241, 0.20649813383817672, 0.20696440875530242, 0.20617572128772735, 0.20648051530122757, 0.20438041687011718, 0.20617493540048598, 0.20302028387784957, 0.20305094808340074, 0.2034252941608429, 0.20213020503520965, 0.19991641879081726, 0.20082939505577088, 0.19906134963035582, 0.1990699526667595, 0.1997125893831253, 0.19775775402784349, 0.19773262232542038, 0.19667380839586257, 0.19716136217117308, 0.19680164366960526, 0.19454117119312286, 0.19409671813249588, 0.19473313182592392, 0.1944034269452095, 0.19342263758182526, 0.19186851233243943, 0.191700456738472, 0.19143114864826202, 0.19149377942085266, 0.19176701039075852, 0.18993536859750748, 0.18898175209760665, 0.1887654596567154, 0.18702838867902755, 0.18742255240678787, 0.18757620245218276, 0.18565994381904602, 0.18634438008069992, 0.18574150532484054, 0.18516702800989152, 0.18579033464193345, 0.1849552020430565, 0.18458982020616532, 0.18333450973033905, 0.1817050790786743, 0.18202702105045318, 0.18113382548093795, 0.18106013029813767, 0.1795217800140381, 0.18000454276800157, 0.18032712280750274, 0.1796149319410324, 0.17917771458625795, 