{"task": {"lambda": 2, "alpha": 3, "lr": 1e-05, "wd": 0.0001, "bits": 48}, "result": {"time stopage": true, "loss": [1.9532587838172912, 1.5420199966430663, 1.433212194442749, 1.3474095344543457, 1.281970145702362, 1.2434638547897339, 1.2082702004909516, 1.1694311368465424, 1.1411082792282103, 1.1065050768852234, 1.0887344944477082, 1.066192388534546, 1.0527792084217071, 1.026864960193634, 1.0154930567741394, 0.9892908358573913, 0.9803419601917267, 0.9613697731494903, 0.9456279563903809, 0.9363374555110932, 0.9227420890331268, 0.8997083246707916, 0.8975026237964631, 0.8845418977737427, 0.8782372355461121, 0.8624237704277039, 0.8545763492584229, 0.8486281657218933, 0.8336510717868805, 0.8286538779735565, 0.8160840451717377, 0.8094018125534057, 0.8013120079040528, 0.7926760256290436, 0.7806893515586854, 0.7771773147583008, 0.7685061502456665, 0.7639473962783814, 0.7565920913219452, 0.7510964834690094, 0.7397657716274262, 0.7390900921821594, 0.727071944475174, 0.720660126209259, 0.7197555816173553, 0.709136381149292, 0.6987867105007172, 0.6995244228839874, 0.6891563236713409, 0.6945823466777802, 0.6779198348522186, 0.6769345903396606, 0.6741203403472901, 0.6685217869281769, 0.6614029145240784, 0.6568695938587189, 0.64818628013134, 0.646637510061264, 0.6436724531650543, 0.6397022694349289, 0.6306846112012863, 0.6317361450195312, 0.6205439788103103, 0.6183877849578857, 0.6176128590106964, 0.6149192887544632, 0.6058467221260071, 0.5976816475391388, 0.5977576804161072, 0.5935143846273422, 0.5855447661876678, 0.5891051942110062, 0.5831135249137879, 0.5790484696626663, 0.566404424905777, 0.5715588837862015, 0.5657203084230423, 0.5619095897674561, 0.5545126473903657, 0.5557926523685456, 0.5547260075807572, 0.5460798442363739, 0.5396306180953979, 0.5432221955060959, 0.5387040847539901, 0.5338679397106171, 0.5285679739713669, 0.5249997317790985, 0.5260003507137299, 0.5232417047023773, 0.5205719500780106, 0.5157933348417282, 0.5129968255758286, 0.5110594367980957, 0.5057219624519348, 0.5069614815711975, 0.5024869811534881, 0.4973023182153702, 0.5012280064821243, 0.49297144412994387, 0.4890343302488327, 0.48590518414974215, 0.48444994032382965, 0.47948038041591645, 0.4806446290016174, 0.4772853833436966, 0.476016640663147, 0.47334925770759584, 0.4686498129367828, 0.46431705594062805, 0.4655792325735092, 0.46195582807064056, 0.45796531677246094, 0.4589014238119125, 0.4526595431566238, 0.4541385769844055, 0.4527286285161972, 0.44526157796382904, 0.443818644285202, 0.4415664559602737, 0.43925024330615997, 0.4382861876487732, 0.43628961145877837, 0.4330928647518158, 0.4319255340099335, 0.432221400141716, 0.425962535738945, 0.42641311407089233, 0.4225380027294159, 0.4183707702159882, 0.41914733707904817, 0.41664423167705533, 0.41452059864997864, 0.4123046296834946, 0.41376475512981414, 0.40334704518318176, 0.40757231891155243, 0.4050774300098419, 0.4001397514343262, 0.40127817034721375, 0.4004866367578506, 0.3989583331346512, 0.3986192834377289, 0.39083427608013155, 0.3946298348903656, 0.38732906520366667, 0.3909038358926773, 0.38736955225467684, 0.3861148566007614, 0.38462376594543457, 0.3832301610708237, 0.37904008269309997, 0.37646128177642824, 0.37538377225399017, 0.37587521016597747, 0.37650574922561647, 0.37456224858760834, 0.36907720148563383, 0.3700018012523651, 0.3646191078424454, 0.36504500687122343, 0.3625886756181717, 0.3604017907381058, 0.36125831842422484, 0.36030947268009184, 0.35916727781295776, 0.35682266056537626, 0.3534355252981186, 0.35292277336120603, 0.34971932947635653, 0.3506355202198029, 0.35201215505599975, 0.3469365876913071, 0.34705703794956205, 0.3449462449550629, 0.3414356881380081, 0.33795642137527465, 0.34354417443275453, 0.3379864513874054, 0.3373664617538452, 0.3362039428949356, 0.33503445267677306, 0.333156977891922, 0.32896495282649996, 0.3323985642194748, 0.33110526978969573, 0.32997883558273317, 0.3258929029107094, 0.32878789961338045, 0.32261561036109926, 0.32381325542926787, 0.3200759255886078, 0.3195978111028671, 0.3186444765329361, 0.3195270422101021, 0.31505207061767576, 0.31460424602031706, 0.31380063474178316, 0.3113320761919022, 0.31315076768398287, 0.31057890623807904, 0.3082174599170685, 0.3079741534590721, 0.3060406422615051, 0.30629826545715333, 0.30430227279663086, 0.30317638248205186, 0.3011579614877701, 0.3003308379650116, 0.29969471871852876, 0.29796755105257033, 0.29900343358516696, 0.29590073734521866, 0.29426792174577715, 0.2942259719967842, 0.29307533890008924, 0.2914260786771774, 0.29018757343292234, 0.2901616171002388, 0.29012600123882293, 0.28578183233737947, 0.28450638890266416, 0.2830347862839699, 0.284042809009552, 0.2824641901254654, 0.28044486582279204, 0.2818746155500412, 0.2807656940817833, 0.2790039318799973, 0.278599209189415, 0.278674890100956, 0.27497989028692243, 0.2761439234018326, 0.2736936649680138, 0.27499731838703156, 0.2730829855799675, 0.2708404314517975, 0.2709710484743118, 0.26894170850515364, 0.2673414674401283, 0.26984894543886184, 0.2657353594899178, 0.2645186871290207, 0.2626789355278015, 0.26365192502737045, 0.2624772503972054, 0.26205552577972413, 0.2595878419280052, 0.2591105583310127, 0.25779359370470045, 0.2577747616171837, 0.2573906257748604, 0.2570503059029579, 0.2548749634623528, 0.25334768146276476, 0.2546991443634033, 0.2525312823057175, 0.2527613589167595, 0.2532241004705429, 0.25162057876586913, 0.24914748430252076, 0.25017818331718444, 0.24764281183481215, 0.24815529972314834, 0.24748177856206893, 0.24615678876638414, 0.2439003673195839, 0.24338480949401856, 0.24409525841474533, 0.24253862529993056, 0.239352268576622, 0.241493621468544, 0.23809295743703843, 0.2375723624229431, 0.23821041226387024, 0.23733541399240493, 0.2342157718539238, 0.23454389989376068, 0.2372025039792061, 0.23527066975831987, 0.23179061949253082, 0.23263046115636826, 0.23186242192983628, 0.23181426256895066, 0.23109248667955398, 0.22903735637664796, 0.22899648129940034, 0.229528326690197, 0.22947487622499466, 0.22755968689918518, 0.22680638015270232, 0.22417962074279785, 0.22692588090896607, 0.2235170540213585, 0.22344563245773316, 0.22434937924146653, 0.22070870250463487, 0.22070184379816055, 0.2217656084895134, 0.22018474191427231, 0.21970405399799348, 0.21800591081380843, 0.2154072579741478, 0.21662354737520217, 0.21505020946264267, 0.21702900916337967, 0.21410622239112853, 0.21617600679397583, 0.21298140555620193, 0.21344907462596893, 0.21371547520160675, 0.21088796526193618, 0.2112186649441719, 0.21106005132198333, 0.20941405445337297, 0.20913988709449768, 0.2078666639328003, 0.2084300696849823, 0.2085601955652237, 0.20686493694782257, 0.20626205384731292, 0.20425414592027663, 0.20552425801753998, 0.20384131789207457, 0.20378972977399826, 0.20215196788311005, 0.2017994260787964, 0.20187366187572478, 0.20106520831584931, 0.2005020186305046, 0.1994661220908165, 0.19977514773607255, 0.19790124714374543, 0.1994361612200737, 0.1964988586306572, 0.19676623225212098, 0.1958666381239891, 0.19659169971942902, 0.19534747779369355, 0.19375024497509002, 0.195329886674881, 0.19338684141635895, 0.19239611208438873, 0.19279821157455446, 0.1909506979584694, 0.19168105155229567, 0.19113887667655946, 0.1907133275270462, 0.18935612976551056, 0.18821003705263137, 0.1891224738955498, 0.18820485204458237, 0.18765124469995498, 0.18502223253250122, 0.18592135220766068, 0.1862048849463463, 0.18552435994148253, 0.18369932740926742, 0.18389151334762574, 0.1824504804611206, 0.18258886218070983, 0.18222032099962235, 0.18137249410152434, 0.18087434887886047, 0.18026679009199142, 0.17993899643421174, 0.17923239946365357, 0.1792309746146202, 0.178440098464489, 0.17706843405961992, 0.1767696925997734, 0.17815497398376465, 0.17559411317110063, 0.17638359278440474, 0.17461407959461211, 0.17628556072711946, 0.17404985904693604, 0.1742474403977394, 0.17462655454874038, 0.17286449700593948, 0.17223860919475556, 0.17151932001113893, 0.1715238434076309, 0.17127348005771637, 0.17039819955825805, 0.1705329903960228, 