{"task": {"lambda": 0.5, "alpha": 3, "lr": 1e-06, "wd": 0.0001, "bits": 48}, "result": {"earlyStop": true, "loss": [2.422150526046753, 2.007990107536316, 1.8135571718215941, 1.6883058524131775, 1.5910699105262756, 1.5150258660316467, 1.4492571711540223, 1.3993197751045228, 1.3636274695396424, 1.3164549040794373, 1.2892917799949646, 1.2542033898830414, 1.2320499992370606, 1.21866544008255, 1.1954341208934784, 1.1783884167671204, 1.1669845986366272, 1.1469764447212218, 1.1347535622119904, 1.1295648336410522, 1.1089296305179597, 1.1043961179256438, 1.093684309720993, 1.0770551204681396, 1.0680994093418121, 1.0598082208633424, 1.0617858707904815, 1.0508363080024719, 1.0392563021183014, 1.0337126183509826, 1.0280756735801697, 1.0202047312259674, 1.0197539913654328, 1.007457481622696, 0.9991520822048188, 0.999429520368576, 0.9958833372592926, 0.9894488799571991, 0.9826908314228058, 0.9779478108882904, 0.9720949113368988, 0.9674363696575164, 0.9568972301483154, 0.9598791825771332, 0.9505117678642273, 0.955521605014801, 0.9467316508293152, 0.9426085841655731, 0.9386059629917145, 0.931063312292099, 0.9228276026248932, 0.9179664957523346, 0.9157897245883941, 0.9237271511554718, 0.9125339293479919, 0.9135040783882141, 0.9026503098011017, 0.907442045211792, 0.9016585540771485, 0.8950625932216645, 0.8920857679843902, 0.8776583552360535, 0.8958838188648224, 0.8763271725177765, 0.8821629095077514, 0.8741696834564209, 0.8716650116443634, 0.8714804148674011, 0.8619719660282135, 0.871216721534729, 0.864833025932312, 0.858643170595169, 0.8594035494327545, 0.8557235646247864, 0.84803142786026, 0.847988234758377, 0.8451081252098084, 0.8404679274559022, 0.8351091349124908, 0.8409610211849212, 0.835504983663559, 0.8365909826755523, 0.8315113091468811, 0.8289229071140289, 0.8318412113189697, 0.8229750859737396, 0.8190023589134217, 0.8086865544319153, 0.815376580953598, 0.8147502994537353, 0.8027220869064331, 0.8074216544628143, 0.8099394071102143, 0.809304221868515, 0.8013023853302002, 0.7924635589122773, 0.801851567029953, 0.7975638949871063, 0.7875469541549682, 0.7903673946857452, 0.7889425706863403, 0.7895444107055664, 0.7802251946926116, 0.7826849389076233, 0.7795106244087219, 0.7767508244514465, 0.777938585281372, 0.770043113231659, 0.7775329875946045, 0.7660867834091186, 0.7723352885246277, 0.771620362997055, 0.7598552739620209, 0.773791366815567, 0.7595528173446655, 0.7570673429965973, 0.761050341129303, 0.7526058518886566, 0.7521142280101776, 0.7469490087032318, 0.7487118947505951, 0.7453338372707367, 0.7473169469833374, 0.7412569379806518, 0.7391329598426819, 0.7390181195735931, 0.7447675216197968, 0.7356895530223846, 0.7352004289627075, 0.737116152048111, 0.7445446538925171, 0.7265518176555633, 0.728165248632431, 0.7371578407287598, 0.7334147453308105, 0.7291701793670654, 0.7305680692195893, 0.72577228307724, 0.7163840472698212, 0.7167170214653015, 0.717674777507782, 0.7170479595661163, 0.7204169297218322, 0.7156330537796021, 0.7185371840000152, 0.71577765583992, 0.7102952718734741, 0.7122221672534943, 0.7092754036188126, 0.7115004360675812, 0.7126474606990815, 0.7031106901168823, 0.7080506038665771, 0.6987409698963165, 0.697236236333847, 0.7006786692142487, 0.694375507235527, 0.696217473745346, 0.6934299218654633, 0.6913202953338623, 0.6901062852144242, 0.6829475271701813, 0.6863438284397125, 0.6868976712226867, 0.6888718068599701, 0.6836577463150024, 0.6828585952520371, 0.6795927023887635, 0.6727599984407425, 0.675575401186943, 0.6798105168342591, 0.6726766210794449, 0.679852369427681, 0.6720911884307861, 0.6684377551078796, 0.6685195744037629, 0.6659090811014176, 0.6648486328125, 0.668708072900772, 0.6642422068119049, 0.6619563132524491, 0.6596168649196624, 0.662804965376854, 0.6655007535219193, 0.6672987133264542, 0.6626276499032975, 0.6628644686937332, 0.6578299862146377, 0.6564695656299591, 0.64979128241539, 0.653212520480156, 0.6512025964260101, 0.6541165578365326, 0.6495788931846619, 0.6560317492485046, 0.6482682567834854, 0.6445771622657775, 0.6477300071716309, 0.6417131447792053, 0.642575888633728, 0.6458813887834549, 0.6411173522472382, 0.6382598429918289, 0.6440754425525665, 0.6383089339733123, 0.6417781376838684, 0.6291109424829483, 0.6325041741132736, 0.6338366425037384, 0.629074946641922, 0.6314155429601669, 0.6376991206407547, 0.6338338756561279, 0.6284591823816299, 0.6337141984701157, 0.6224712997674942, 0.6292119699716568, 0.6309863865375519, 0.6220615780353547, 0.6184047472476959, 0.6252342665195465, 0.6205824953317642, 0.6178232371807099, 0.615086767077446, 0.6166290163993835, 0.615951355099678, 0.6197788214683533, 0.6131160777807235, 0.6087658941745758, 0.6120169544219971, 0.6129217404127121, 0.6114997231960296, 0.6131688231229782, 0.6130255609750748, 0.6122793829441071, 0.6024916684627533, 0.6056018376350403, 0.6099508386850357, 0.6053572523593903, 0.6068161463737488, 0.6016263067722321, 0.6060940152406693, 0.6025736850500106, 0.6067776495218277, 0.5989242345094681, 0.6053574371337891, 0.5957874387502671, 0.598243591785431, 0.5952490895986557, 0.5977249550819397, 0.5995758754014969, 0.5967984521389007, 0.5948504447937012, 0.5900490581989288, 0.5972606891393661, 0.5912108063697815, 0.5923356664180756, 0.5885225582122803, 0.5858895009756089, 0.5894989693164825, 0.5914890986680984, 0.590976533293724, 0.5843775081634521, 0.5919613492488861, 0.5771600985527039, 0.5793075281381607, 0.5802638983726501, 0.5850022476911545, 0.5801941472291946, 0.5819848018884659, 0.5818532675504684, 0.578030760884285, 0.5791481429338455, 0.5808860862255096, 0.5793025809526443], "map": 0.642626527224473}, "time": 559.3876903057098}