{"task": {"lambda": 2, "alpha": 3, "lr": 0.0001, "wd": 1e-05, "bits": 12}, "result": {"earlyStop": true, "loss": [2.6392113184928894, 1.2932433414459228, 1.2035505819320678, 1.1408909165859222, 1.1168949043750762, 1.0696749997138977, 1.0279836916923524, 1.019249712228775, 0.9878324842453003, 0.9712054121494293, 0.9476371765136719, 0.9285085380077363, 0.9033362829685211, 0.8830921614170074, 0.8710203385353088, 0.858755521774292, 0.8437124109268188, 0.8287834000587463, 0.8166658329963684, 0.7916746091842651, 0.7764398920536041, 0.7684690916538238, 0.757628720998764, 0.760638039112091, 0.732714272737503, 0.7262177312374115, 0.7115209782123566, 0.7019875741004944, 0.6817041099071502, 0.6805751180648804, 0.6754793441295623, 0.675473974943161, 0.6427165651321411, 0.6549344825744629, 0.6332182383537293, 0.6363388729095459, 0.6049774646759033, 0.6102039349079132, 0.6174440360069275, 0.5848938196897506, 0.6044724202156067, 0.5821016484498978, 0.5678775352239609, 0.5800126725435257, 0.5682418066263198, 0.5543779367208481, 0.5484101623296738, 0.5449325430393219, 0.5309910202026367, 0.5392238080501557, 0.5264462566375733, 0.528464418053627, 0.5026513314247132, 0.5170360141992569, 0.49439532577991485, 0.5006743752956391, 0.4843840593099594, 0.4901562124490738, 0.49182059705257414, 0.46509853839874266, 0.4597818374633789, 0.464784334897995, 0.48175942301750185, 0.4458599263429642, 0.43832954823970793, 0.46013697862625125, 0.42562382519245145, 0.4346176046133041, 0.45304428577423095, 0.4196761214733124, 0.4193938547372818, 0.4073151832818985, 0.4335781294107437, 0.40020647644996643, 0.40697078704833983, 0.40697315156459807, 0.40711156129837034, 0.3927538180351257, 0.39455404341220857, 0.38797276973724365, 0.3859242564439774, 0.3885027891397476, 0.36601114153862, 0.37927305996418, 0.37878136575222016, 0.3683367699384689, 0.36742867350578307, 0.359451550245285, 0.3529287999868393, 0.3585519057512283, 0.365764599442482, 0.3559301447868347, 0.3386702209711075, 0.36092103242874146, 0.3426190805435181, 0.3480982577800751, 0.33785457074642183, 0.3284979462623596, 0.3439960068464279, 0.33642363637685774, 0.3196114093065262, 0.34749599516391755, 0.30865258783102034, 0.33077969908714294, 0.320160670876503, 0.30022412300109863, 0.30428461015224456, 0.2988705489039421, 0.30244204521179197, 0.29263827085495, 0.28165503770112993, 0.3011556166410446, 0.2837823671102524, 0.2925025659799576, 0.2769713166356087, 0.2750509774684906, 0.27831983238458635, 0.27464314609766005, 0.2729238706827164, 0.26233203321695325, 0.26635593473911284, 0.2728109186887741, 0.2668332475423813, 0.25642781555652616, 0.2664792710542679, 0.2541160598397255, 0.2566335266828537, 0.2481742763519287, 0.2528993454575539, 0.2508691981434822, 0.2517773798108101, 0.2362278574705124, 0.2618276137113571, 0.23593052297830583, 0.2327524584531784, 0.24771004378795625, 0.23112008959054947, 0.237043094933033, 0.2475758796930313, 0.2258208864927292, 0.22502303391695022, 0.2249240583181381, 0.23712045967578887, 0.22167534977197648, 0.22694798290729523, 0.22139351546764374, 0.22606109350919723, 0.2259746840596199, 0.20705829292535782, 0.2257780510187149, 0.2177791914343834, 0.21411317765712737, 0.2096492424607277, 0.21894818305969238, 0.21848263263702392, 0.20705047875642776, 0.2074245485663414, 0.21615239650011062, 0.214301116168499, 0.20203511118888856, 0.21333270788192749, 0.19489966541528703, 0.2034168791770935, 0.2036124834418297, 0.20048327416181563, 0.1955430394411087, 0.2107064515352249, 0.17702609062194824, 0.20998941212892533, 0.1899023598432541, 0.19368536084890364, 0.1921582666039467, 0.19745626658201218, 0.19289146602153778, 0.18758043199777602, 0.18397984087467192, 0.1971263614296913, 0.18263394832611085], "map": 0.7965179788871041}, "time": 363.62683176994324}