{"task": {"lambda": 1, "alpha": 5, "lr": 1e-06, "wd": 0.0001, "bits": 32}, "result": {"earlyStop": true, "loss": [4.557091255187988, 3.7446158027648924, 3.292917490005493, 3.0244753313064576, 2.8405687379837037, 2.6923232555389403, 2.56319766998291, 2.4639742374420166, 2.3701600646972656, 2.2868141555786132, 2.2175544333457946, 2.1721569538116454, 2.120820345878601, 2.0679433584213256, 2.0437833142280577, 2.0058545684814453, 1.9662751388549804, 1.9295021724700927, 1.9092343974113464, 1.8898075532913208, 1.8639755201339723, 1.8500001955032348, 1.8272046160697937, 1.8166115641593934, 1.7979009675979614, 1.7799566578865051, 1.763152756690979, 1.7425001120567323, 1.7450954365730285, 1.7280213022232056, 1.7114530110359192, 1.7042171239852906, 1.7022468328475953, 1.680078706741333, 1.6637305450439452, 1.6544224214553833, 1.6463352823257447, 1.6266524171829224, 1.6282966423034668, 1.6205565094947816, 1.6155936527252197, 1.6022144556045532, 1.5946342706680299, 1.5966731071472169, 1.5883304858207703, 1.57550568819046, 1.559867947101593, 1.5650413203239442, 1.5622328996658326, 1.5588647031784058, 1.5451101088523864, 1.537922441959381, 1.5311591672897338, 1.519815320968628, 1.5193350148200988, 1.5028588819503783, 1.492035973072052, 1.490611629486084, 1.4982206511497498, 1.4927433037757873, 1.4779706716537475, 1.4851099634170533, 1.4733981776237488, 1.46245863199234, 1.4616966009140016, 1.4419571518898011, 1.446380181312561, 1.456292335987091, 1.4408585929870605, 1.442138751745224, 1.4215981006622314, 1.4247350478172303, 1.416464614868164, 1.4202026414871216, 1.4099057865142823, 1.4039919590950012, 1.4096059203147888, 1.3965930604934693, 1.3949411058425902, 1.4030720710754394, 1.3861329126358033, 1.3815760254859923, 1.3899615812301636, 1.3810333013534546, 1.3660364651679993, 1.3731976127624512, 1.3683714437484742, 1.3659642696380616, 1.36777756690979, 1.3500551629066466, 1.351817138195038, 1.3390570521354674, 1.3339931750297547, 1.3391617846488952, 1.328888236284256, 1.3280848956108093, 1.3287277698516846, 1.3370900356769562, 1.3138000774383545, 1.3124260807037353, 1.31473459482193, 1.3102859818935395, 1.299564278125763, 1.3064370346069336, 1.3116324400901795, 1.29666410446167, 1.2971053695678711, 1.3012836861610413, 1.2980649495124816, 1.2875835955142976, 1.2775885200500487, 1.2850474119186401, 1.283490309715271, 1.279739842414856, 1.2685744273662567, 1.2764938044548035, 1.2716311943531036, 1.2655853605270386, 1.260830671787262, 1.2589793062210084, 1.257448868751526, 1.2556685876846314, 1.257415807247162, 1.2513830769062042, 1.2457302403450012, 1.2598136496543884, 1.2415609622001649, 1.2386294710636139, 1.2429194092750548, 1.2283960855007172, 1.22628213763237, 1.2224553632736206, 1.2278454577922822, 1.2218238353729247, 1.2187960529327393, 1.2216686964035035, 1.212070846557617, 1.2135403096675872, 1.2181449484825135, 1.2116563713550568, 1.2144320368766786, 1.210201506614685, 1.2080444312095642, 1.2034381330013275, 1.1989353275299073, 1.1935850262641907, 1.1959240543842315, 1.195203456878662, 1.1877496540546417, 1.1774673449993134, 1.1867369854450225, 1.1884612834453583, 1.1844683730602263, 1.1801745784282685, 1.1802584946155548, 1.1708717489242553, 1.1796104800701142, 1.1716039526462554, 1.1754759383201598, 1.172875895500183, 1.1673453366756439, 1.16119148850441, 1.1640156948566436, 1.1629211902618408, 1.1481397902965547, 1.1588075351715088, 1.1548074769973755, 1.1488188374042512, 1.1372645819187164, 1.1591209697723388, 1.1463520193099976, 1.1474930703639985, 1.1495930993556975, 1.131218469142914, 1.146724237203598, 1.1376050305366516, 1.1348677349090577, 1.1280035448074341, 1.131874611377716, 1.1295928180217742, 1.1196060740947724, 1.133960713148117, 1.124350402355194, 1.1309954822063446, 1.1257214295864104, 1.1164120709896088, 1.1182630038261414, 1.1163333749771118, 1.1044630348682403, 1.1067856311798097, 1.1085948252677917, 1.1108926725387573, 1.1090651977062225, 1.1020006048679352, 1.101531319618225, 1.1010604679584504, 1.1026464462280274, 1.0991799712181092, 1.09615664601326, 1.094705911874771, 1.0956933963298798, 1.0883319783210754, 1.0905076992511749, 1.0852642619609834, 1.0864414799213409, 1.079379652738571, 1.0780895304679872, 1.0871202158927917, 1.0798866474628448, 1.0719119429588317, 1.08295370221138, 1.0734512293338776, 1.0673236978054046, 1.0717690944671632, 1.0664607381820679, 1.071971173286438, 1.0711377573013305, 1.071931884288788, 1.070657216310501, 1.0638860142230988, 1.0764493703842164, 1.068080608844757, 1.058426878452301, 1.0561939930915833, 1.0487364327907562, 1.0593345367908478, 1.0609837806224822, 1.0584638869762422, 1.0550653648376465, 1.0480602943897248, 1.046644810438156, 1.0450412952899932, 1.046105854511261, 1.0441081857681274, 1.0425606155395508, 1.0436510181427001, 1.0390520739555358, 1.0363217389583588, 1.04364319562912, 1.0331954419612885, 1.035043683052063, 1.0341882944107055, 1.0292130601406098, 1.0238053035736083, 1.0307549154758453, 1.0284375035762787, 1.0191415309906007, 1.028943701982498, 1.0224699342250825, 1.0181566762924195, 1.0223948812484742, 1.0210757195949554, 1.0127471613883972, 1.0101461899280548, 1.0169068789482116, 1.011842929124832, 1.0166679203510285, 1.012121775150299, 1.0150159990787506, 1.0035138034820557, 1.0095859885215759, 1.0084818959236146, 1.0075045585632325, 1.0068114590644837, 0.998006374835968, 1.001837319135666, 0.9968913733959198, 0.9908193206787109, 0.9980165004730225, 1.0008065795898438, 0.9919269943237304, 0.9940062308311463, 0.9969580197334289, 0.9889167273044586, 0.9962008309364319, 0.9807755446434021, 0.9882776534557343, 0.976761121749878, 0.9921811282634735, 0.9796051549911499, 0.9746329867839814, 0.983900545835495, 0.9793524646759033, 0.9797728049755097, 0.9737011647224426, 0.9748184597492218, 0.972998070716858, 0.9761817562580108, 0.9772722589969635, 0.9793342888355255, 0.9697275161743164, 0.9794706559181213, 0.9622539472579956, 0.9622174942493439, 0.9668288958072663, 0.9702967834472657, 0.9687743985652923, 0.96143963098526, 0.9628305709362031, 0.9527771377563476, 0.9627325928211212, 0.9559877777099609, 0.95997030377388, 0.9542753076553345, 0.9478995203971863, 0.954357944726944, 0.942337840795517, 0.9499559259414673, 0.9513751649856568, 0.9498372232913971, 0.9496278882026672, 0.9448353624343873, 0.9470852053165436, 0.9458200263977051, 0.9460666143894195, 0.945047357082367, 0.9351834797859192, 0.9440243589878082, 0.9395776557922363, 0.9316476738452911, 0.9325983166694641, 0.9320919191837311, 0.9275774276256561, 0.9324771821498871, 0.9240414524078369, 0.9382000887393951, 0.9241199493408203, 0.9305806159973145, 0.9233002924919128, 0.9315279614925385, 0.9309898900985718, 0.9257366299629212, 0.9303083610534668, 0.9218647861480713, 0.9318517851829529, 0.9176770794391632, 0.9164748632907868, 0.9217334389686584, 0.9181327998638154, 0.9193383479118347, 0.919391212463379, 0.91397012591362, 0.913934873342514, 0.9152904820442199, 0.916658741235733, 0.9155699062347412, 0.9126000034809113, 0.9080767202377319, 0.9109689736366272, 0.9063638126850129, 0.9091629755496978, 0.9022412025928497, 0.9052023696899414, 0.9040192794799805, 0.9011553645133972, 0.9008093047142028, 0.9008409488201141, 0.9053983104228973, 0.8984646117687225, 0.901850106716156, 0.9030963385105133, 0.8986559462547302, 0.8950196945667267, 0.8991029381752014, 0.8948831796646118, 0.8919026052951813, 0.8849520814418793, 0.8972692131996155, 0.888476232290268, 0.8865687131881714, 0.8879892313480378, 0.8951271080970764, 0.8956862998008728, 0.883436142206192, 0.8862438917160034, 0.8789789271354675, 0.8824182486534119, 0.895943353176117, 0.8859276676177978, 0.883651716709137, 0.879033374786377, 0.8738271343708038, 0.875933301448822, 0.8778143155574799, 0.8795879352092743, 0.8805106925964356, 0.8763176095485687, 0.8769779229164123, 0.8672855424880982, 0.8729003918170929, 0.8796957743167877, 0.8678228151798248, 0.8642494678497314, 0.8701938307285308, 0.8679110741615296, 0.8632018494606019, 0.8623032057285309, 0.8646023607254029, 