{"task": {"lambda": 0.5, "alpha": 5, "lr": 0.0001, "wd": 1e-05, "bits": 32}, "result": {"earlyStop": true, "loss": [2.3576697850227357, 1.3485658621788026, 1.191387357711792, 1.0839911997318268, 1.0281424808502198, 0.9678355538845063, 0.9154714155197143, 0.8709696924686432, 0.8205721807479859, 0.7936712622642517, 0.7620096468925476, 0.7264294630289078, 0.6962436604499816, 0.6537993335723877, 0.6453596979379654, 0.6201121866703033, 0.5828076809644699, 0.568625095486641, 0.54795059800148, 0.5176915609836579, 0.5015858900547028, 0.4899315184354782, 0.46722745418548584, 0.4506074821949005, 0.44114621698856354, 0.4119771349430084, 0.3949642437696457, 0.3965244948863983, 0.3780159491300583, 0.3783061945438385, 0.3505991059541702, 0.3373469716310501, 0.33476984888315203, 0.32356205970048907, 0.32197067081928255, 0.29057456880807875, 0.2946218326687813, 0.28286976635456085, 0.28102104127407074, 0.27471842169761657, 0.258496028482914, 0.24464584320783614, 0.25848768055439, 0.23157090842723846, 0.24199527978897095, 0.2145998051762581, 0.25148480623960495, 0.20134150922298433, 0.2105606770515442, 0.19433822572231294, 0.2372518616914749, 0.18061324954032898, 0.20242879688739776, 0.17390010565519332, 0.18020657628774642, 0.18553235173225402, 0.1924000623822212, 0.18855578273534776, 0.16404732406139375, 0.15092149943113328, 0.16011832639575005, 0.16111840441823005, 0.15071372732520102, 0.15291295647621156, 0.14168867617845535, 0.1863601902127266, 0.12630722790956497, 0.14427262365818025, 0.18214925065636633, 0.1310540521144867, 0.11682198777794837, 0.137873352766037, 0.1481230700016022, 0.11271955892443657, 0.15773800566792487, 0.12051535561680794, 0.11295700609683991, 0.1086642724275589, 0.15769606485962867, 0.10125848487019538, 0.10341411739587784, 0.18093549132347106, 0.09558277562260628, 0.13391830921173095, 0.09550484642386436, 0.09128865346312523, 0.17115588381886482, 0.08797290727496147, 0.09255045652389526, 0.17867628663778304, 0.08504983574151993, 0.08323870718479157, 0.08861874386668206, 0.2427200286090374, 0.09738346785306931, 0.08108910471200943, 0.08000189885497093, 0.07788058295845986, 0.15111638933420182, 0.07901385292410851, 0.07658312886953354, 0.1734745055437088, 0.08681102022528649, 0.07403093919157983, 0.07242324456572533, 0.1846899176388979, 0.08095380172133446, 0.07144987300038337, 0.0708070619404316, 0.11490844070911407, 0.07358158692717552, 0.07030965559184552, 0.20061558835208415, 0.07364474825561046, 0.06841208137571812, 0.06623200438916683, 0.07548237502574921, 0.11320578515529632, 0.06735208131372929, 0.0661323232203722, 0.19714074447751045, 0.0645419255644083, 0.06127872824668884, 0.06144256390631199, 0.0886922936141491, 0.06307282343506813, 0.1218814342468977, 0.095303358361125, 0.060029451698064805, 0.05874880872666836, 0.08763128086924553, 0.05803469397127628, 0.12007263705134391, 0.07890004388988019, 0.05743175208568573, 0.05580433778464794, 0.14587607622146606, 0.12851415693759918, 0.05664987944066525, 0.05418050311505795, 0.060815300047397616, 0.054199809804558755, 0.05541655518114567, 0.12191221386194229, 0.05306898057460785, 0.052821427062153814, 0.13394614413380623, 0.05396777264773846, 0.050866441354155544, 0.07070758409798145, 0.12206072062253952, 0.0507833082228899, 0.04915368676185608, 0.12305394768714904, 0.05215038135647774, 0.04851123116910458, 0.048034992292523386, 0.14833577997982503, 0.05142999283969402, 0.04724610701203346, 0.04733438588678837, 0.09610353134572507, 0.051879827827215196, 0.04636620111763477, 0.18946945890784264, 0.054135938212275504, 0.046455523893237115, 0.04537991479039192, 0.044113009423017505, 0.04477570161223412, 0.1809839951992035, 0.049133066162467, 0.044454584792256356, 0.0432944693416357, 0.04344623871147633, 0.1731947635114193, 0.05294628091156483, 0.043919114768505095, 0.041955605149269104, 0.04160112679004669, 0.04293913207948208, 0.17757228575646877, 0.0491908785700798, 0.0423163178563118, 0.04094727739691734, 0.04053658194839954, 0.041495039314031604, 0.11449091784656047, 0.04128801234066486, 0.03949223481118679, 0.03969304271042347, 0.17550528444349767, 0.0430168841034174, 0.039645223543047906, 0.03856596954166889, 0.13485844567418098, 0.04928564965724945, 0.039314880445599554, 0.037759117931127545, 0.037485028579831124, 0.17376285508275033, 0.04313708834350109, 0.03838537283241749, 0.036930357925593855, 0.037058602832257745, 0.08527039177715778, 0.03690694253891706, 0.03594297852367163, 0.18077073398977517, 0.04118460781872273, 0.03660120792686939, 0.035394120663404464, 0.035245912671089175, 0.11215617351233959, 0.04174500524997711, 0.035563836470246316, 0.03441235516220331, 0.12969141609966756, 0.04212085265666246, 0.03489407785236835, 0.033684889934957024, 0.03392528936266899, 0.03543196227401495, 0.1515050721168518, 0.03737697102129459, 0.03408991258591414, 0.033067231550812724, 0.03477826897054911, 0.1672768424078822, 0.04256148651242256, 0.03395451195538044, 0.032467345781624316, 0.03171855416148901, 0.1689472045376897, 0.04910095520317555, 0.03466504666954279, 0.03196647502481938, 0.031193013936281204, 0.031047586798667908, 0.10057936754077673, 0.07930548466742039, 0.03341378681361675, 0.030999642685055732, 0.030445287525653838, 0.09591231964528561, 0.09780842415988446, 0.032778159342706205, 0.03042109791189432, 0.029803854525089265, 0.029790441617369653, 0.1924501286819577, 0.04374676574021578, 0.03279139127582312, 0.029899586103856565, 0.02879596222192049, 0.04049750901758671, 0.028576528206467628, 0.028772558495402337, 0.15650238174945116, 0.03770366247743368, 0.03059306610375643, 0.028726997561752798, 0.028029796220362186, 0.028086812980473042, 0.11545587953180075, 0.030366972982883454, 0.027906651496887206, 0.027827370464801788, 0.10516936894506217, 0.034292039647698405, 0.02807395428419113, 0.027046626396477223, 0.027318761684000492, 0.02947003338485956, 0.13359833683818578, 0.03041263211518526, 0.027306824289262295, 0.026273244321346284, 0.026429748125374318, 0.02935663003474474, 0.15603141747415067, 0.029456598684191704, 0.026549325473606587, 0.02539077114313841, 0.02512584701180458, 0.1220277926325798, 0.03563273761421442, 0.02711657650768757, 0.025393405519425868, 0.02505211815237999, 0.025157064087688922, 0.15125552706420423, 0.03155413456261158, 0.02668059855699539, 0.024972406588494776, 0.02437298681586981, 0.025014373175799846, 0.14806078221648933, 0.031110781617462634, 0.025767403692007064, 0.024226343519985677, 0.023705870620906355, 0.02399804312735796, 0.11088000986725093, 0.030587600134313105, 0.024588400535285472, 0.02323425766080618, 0.023242479562759398, 0.15695159208029508, 0.04059802122414112, 0.02618631698191166, 0.02358739286661148, 0.0225894794985652, 0.02265310876071453, 0.02390159569680691, 0.11204312548041344, 0.026604977995157243, 0.023302480056881906, 0.022163279689848422, 0.02234708610922098, 0.11472627602517604, 0.030919265858829023, 0.023363786302506923, 0.021777615994215013, 0.022160742953419684, 0.11073805924504995, 0.030715553984045983, 0.022900972254574298, 0.021301349364221095, 0.020943415611982347, 0.022338834144175052, 0.1393231461942196, 0.03184908755123615, 0.02316220983862877, 0.021316617093980313, 0.02077967196702957, 0.02203351564705372, 0.02363065231591463, 0.15750503543764352, 0.034635623060166834, 0.023201081342995165, 0.0209677017852664, 0.019995835423469544, 0.02060153666883707, 0.07311164144426584, 0.02181757565587759, 0.02002952728420496, 0.0198311360552907, 0.17651872616261244, 0.029556503146886827, 0.022618836537003518, 0.020501486733555795, 0.019516160525381566, 0.019225386492908, 0.019532926604151724, 0.02257202971726656, 0.1153432783856988, 0.050317072756588456, 0.022507317662239075, 0.019796652533113957, 0.01911836616694927, 0.01937569469213486, 0.049424198530614374, 0.05450949519872665, 0.01921738646924496, 0.018674179762601852, 0.05226885262876749, 0.10353658195585012, 0.02219603206962347, 0.019299816600978376, 0.018274320773780346, 0.018440621718764306, 0.01897359259426594, 0.19711378894746304, 0.038935048393905165,