{"task": {"lambda": 1, "alpha": 1, "lr": 1e-06, "wd": 0.0001, "bits": 32}, "result": {"earlyStop": true, "loss": [1.4995038104057312, 1.276166443824768, 1.1751822924613953, 1.1048823392391205, 1.0581230354309081, 1.0201139330863953, 0.9859964907169342, 0.9554686081409455, 0.9280435991287231, 0.9078489243984222, 0.8891683781147003, 0.8739431357383728, 0.8532622683048249, 0.8421448934078216, 0.829017527103424, 0.8181253790855407, 0.8044834446907043, 0.7941577076911926, 0.7866401660442353, 0.7808197343349457, 0.776458945274353, 0.7621065020561218, 0.7585478758811951, 0.7501450836658478, 0.7419300532341003, 0.7403578341007233, 0.7324680399894714, 0.7258469223976135, 0.7242692589759827, 0.7171493983268737, 0.7121333050727844, 0.708029592037201, 0.7060603046417236, 0.6971030306816101, 0.690649254322052, 0.6859832715988159, 0.6864302051067352, 0.6794259250164032, 0.6762313079833985, 0.6763838660717011, 0.6719420850276947, 0.6679779982566834, 0.6639447748661041, 0.6607480597496033, 0.655221951007843, 0.6555244410037995, 0.648673049211502, 0.6525082194805145, 0.6469966924190521, 0.6427808129787445, 0.6412138950824737, 0.6380545771121979, 0.6343790352344513, 0.6362445724010467, 0.6298910343647003, 0.6291270518302917, 0.6236671900749207, 0.6271371561288833, 0.6178388440608978, 0.6178081834316254, 0.6121092629432678, 0.6099324434995651, 0.6082186245918274, 0.606449579000473, 0.6063304817676545, 0.602323853969574, 0.602674548625946, 0.595769037604332, 0.6028164690732956, 0.5945950239896775, 0.5920724165439606, 0.5940687942504883, 0.5941303634643554, 0.5903277260065078, 0.5865586602687836, 0.5857521617412567, 0.5808821225166321, 0.5853114271163941, 0.5807116109132767, 0.5760868525505066, 0.5722730946540833, 0.5738119566440583, 0.566507408618927, 0.5718288940191268, 0.5616845226287842, 0.5665272665023804, 0.5640278732776642, 0.5592944252490998, 0.5599197137355805, 0.5611557447910309, 0.5556141978502274, 0.5575212562084197, 0.5575701141357422, 0.5550617116689682, 0.5530758941173554, 0.5538584262132644, 0.5544926977157593, 0.5511190968751908, 0.5482110762596131, 0.5428645944595337, 0.5429782503843308, 0.5429946780204773, 0.5402049833536148, 0.5354223686456681, 0.5400231176614761, 0.5342436528205872, 0.5376366251707076, 0.53536729991436, 0.5351213836669921, 0.5333856916427613, 0.52981540620327, 0.5269612115621567, 0.5264368581771851, 0.524660672545433, 0.5291264432668686, 0.5234652733802796, 0.5247859197854996, 0.523563706278801, 0.5210408908128739, 0.5177421683073044, 0.5183897852897644, 0.5170378398895263, 0.5159893280267716, 0.5133876502513885, 0.5149917900562286, 0.5097650879621506, 0.5112925040721893, 0.5073515325784683, 0.5085384404659271, 0.5063596838712692, 0.5062506210803985, 0.5081636142730713, 0.50508993268013, 0.5036283296346664, 0.49943118035793305, 0.5005168980360031, 0.5011795783042907, 0.4986250811815262, 0.49637218594551086, 0.4961926966905594, 0.4956789672374725, 0.49429898798465727, 0.4956043875217438, 0.4908039367198944, 0.4909789627790451, 0.48834014058113095, 0.4875411981344223, 0.48688108623027804, 0.4889276522397995, 0.48699038684368134, 0.4854749673604965, 0.4875542974472046, 0.4845197260379791, 0.48468949377536774, 0.48205838561058045, 0.47991873025894166, 0.4786199390888214, 0.47856095790863035, 0.47624319076538085, 0.4794532209634781, 0.4768229609727859, 0.4733110332489014, 0.4775776195526123, 0.4745441293716431, 0.4706862825155258, 0.4712928777933121, 0.475505159497261, 0.47261045753955844, 0.47152971267700194, 0.47004197478294374, 0.4676866543292999, 0.46894226610660555, 0.46412648558616637, 0.46966837882995605, 0.46625485420227053, 0.46156746983528135, 0.46669222772121427, 0.46002247631549836, 0.4658513391017914, 0.4607995361089706, 0.4599516701698303, 0.4551742649078369, 0.46125097930431364, 0.45603439688682557, 0.45824613332748415, 0.45720632433891295, 0.45546153128147127, 0.4570874869823456, 0.4537515711784363, 0.4543301606178284, 0.451893510222435, 0.45070298075675963, 0.45122180283069613, 0.455036945939064, 0.4478807133436203, 0.4490031725168228, 0.45148648619651793, 0.4452586144208908, 0.4457293999195099, 0.44588259398937224, 0.4426630514860153, 0.442693949341774, 0.4434016638994217, 0.44153207778930664, 0.43929111778736113, 0.441668211221695, 0.4405879783630371, 0.4387883621454239, 0.44091966807842253, 0.4372963410615921, 0.4347451388835907, 0.43567184209823606, 0.4347028970718384, 0.4376739877462387, 0.433856805562973, 0.4334226411581039, 0.4366511154174805, 0.43273273289203645, 0.43497517585754397, 0.42820161402225493, 0.4284686660766602, 0.4285351812839508, 0.4291999191045761, 0.425890172123909, 0.42773196756839754, 0.4292531549930573, 0.4303191781044006, 0.4291409885883331, 0.42468143403530123, 0.42476257264614103, 0.4239882814884186, 0.4244538927078247, 0.4220843923091888, 0.42358555376529694, 0.42359197795391085, 0.42046151876449583, 0.42233578622341156, 0.4204291820526123, 0.41949459195137023, 0.4198199242353439, 0.41717502653598787, 0.4158471530675888, 0.4156233900785446, 0.4193726444244385, 0.4153175389766693, 0.415941549539566, 0.4136813235282898, 0.4162468296289444, 0.4112393319606781, 0.4136591118574142, 0.41316175818443296, 0.4152153581380844, 0.41031151950359346, 0.40970734000205994, 0.40989197075366973, 0.40544686138629915, 0.41160990834236144, 0.4098963451385498, 0.4047154039144516, 0.40699214100837705, 0.4049158406257629, 0.40693544507026674, 0.40480445086956024, 0.4036010175943375, 0.40347522795200347, 0.404882093667984, 0.40429497718811036, 0.402379492521286, 0.40042209684848784, 0.40367318630218507, 0.40239938974380496, 0.39864256024360656, 0.39866367816925047, 0.40123071372509, 0.4003422737121582, 0.3966523790359497, 0.3971002596616745, 0.3948139977455139, 0.3938113570213318, 0.39731182396411896, 0.39527501940727233, 0.39546921849250793, 0.39453705728054045, 0.3971443742513657, 0.3950994789600372, 0.392016339302063, 0.3930709660053253, 0.3897190696001053, 0.3939187699556351, 0.39194204568862917, 0.3938422805070877, 0.388990198969841, 0.39292030692100527, 0.39216138422489166, 0.38871026277542114, 0.3883460706472397, 0.3903325408697128, 0.3876740509271622, 0.38871768295764925, 0.38875699520111084, 0.38917010724544526, 0.3848106050491333, 0.385253399014473, 0.38332014143466947, 0.38701073050498963, 0.3849982178211212, 0.38327511966228484, 0.3823398059606552, 0.3828372943401337, 0.3815231341123581, 0.38423934519290925, 0.3810755681991577, 0.38102566480636596, 0.3792379111051559, 0.38042505741119387, 0.3812743711471558, 0.37862988173961637, 0.37654561519622803, 0.3779493695497513, 0.3763706713914871, 0.3785934579372406, 0.37688681900501253, 0.3788466274738312, 0.37476297676563264, 0.374961324930191, 0.3741028434038162, 0.37714986741542816, 0.37407886564731596, 0.3731948661804199, 0.37098436295986176, 0.3712849152088165, 0.37356807708740236, 0.37078344345092773, 0.3712377732992172, 0.3725629150867462, 0.37293295085430145, 0.37183921873569487, 0.36797442138195036, 0.3683350956439972, 0.37109420776367186, 0.3704960119724274, 0.3672939622402191, 0.3664444690942764, 0.3702287185192108, 0.36812842726707456, 0.3667681431770325, 0.3652126425504684, 0.36610949754714966, 0.367242836356163, 0.36688312828540803, 0.3649445313215256, 0.3637597423791885, 0.3603215390443802, 0.3602579075098038, 0.36089788913726806, 0.3611185473203659, 0.36447781264781953, 0.363226278424263, 0.3636835640668869, 0.36109335362911227, 0.3630103105306625, 0.3605102753639221, 0.3595180106163025, 0.35876271009445193, 0.3576893436908722, 0.35950157821178436, 0.35667675018310546, 0.35920667469501494, 0.35562354147434233, 0.35749675452709195, 0.35653420090675353, 0.35633619129657745, 0.3532020950317383, 0.358982201218605, 0.35473915219306945, 0.3545700967311859, 0.35601161122322084, 0.35413719832897184, 0.3521301919221878, 0.35282747089862826, 0.3533337861299515, 0.35584523260593415, 0.3532186090946198, 0.3513187259435654, 0.35219784915447233, 0.35145845532417297, 0.34951787292957304, 0.35007821321487426, 0.34939275681972504, 0.3516979974508285, 