{"task": {"lambda": 1, "alpha": 3, "lr": 1e-06, "wd": 0.0001, "bits": 48}, "result": {"earlyStop": true, "loss": [2.8376783466339113, 2.337837243080139, 2.068880636692047, 1.9136875247955323, 1.8022075009346008, 1.7258363151550293, 1.6565749835968018, 1.6117959356307983, 1.5690091276168823, 1.5364810562133788, 1.5126469874382018, 1.4766339612007142, 1.4505233240127564, 1.4329128098487853, 1.409630744457245, 1.3884000611305236, 1.374403030872345, 1.3579692983627318, 1.338601896762848, 1.3283507132530212, 1.3223624801635743, 1.2971402931213378, 1.2912205147743225, 1.284873638153076, 1.266867094039917, 1.2589540100097656, 1.2459466874599456, 1.243061182498932, 1.227534408569336, 1.224990394115448, 1.2096644747257232, 1.2060395288467407, 1.2036260604858398, 1.1909916281700135, 1.1907348346710205, 1.1890003275871277, 1.1677857196331025, 1.1679340374469758, 1.159916229248047, 1.151393119096756, 1.149335961341858, 1.1426374518871307, 1.1274614119529724, 1.1382995343208313, 1.1252573037147522, 1.1162635838985444, 1.1090919077396393, 1.1110675764083862, 1.0985423886775971, 1.1077778017520905, 1.1077579712867738, 1.0852788853645325, 1.082448341846466, 1.078919974565506, 1.0816590368747712, 1.0770584666728973, 1.0762694299221038, 1.0693004083633424, 1.0553362154960633, 1.0628652501106262, 1.05838250041008, 1.0481596088409424, 1.046891335248947, 1.0496671974658967, 1.0432474434375762, 1.0333291757106782, 1.0264459776878356, 1.0348945128917695, 1.0278404760360718, 1.0239942705631255, 1.0180615651607514, 1.0204112923145294, 1.0190105354785919, 1.0134191310405731, 1.0094046092033386, 1.000555715560913, 1.0052773785591125, 0.9877267289161682, 0.9873802375793457, 0.9897702312469483, 0.9877132964134216, 0.991727010011673, 0.9866058421134949, 0.984130346775055, 0.9843132829666138, 0.9747623729705811, 0.9742871654033661, 0.9704979383945465, 0.9692821836471558, 0.9578873252868653, 0.9623174750804901, 0.963702323436737, 0.9596073698997497, 0.952354472875595, 0.9611507606506348, 0.9504121375083924, 0.9474586498737335, 0.9505995631217956, 0.9415600335597992, 0.9353981363773346, 0.9396977829933166, 0.9362216615676879, 0.9336028456687927, 0.9370976710319519, 0.9323068726062774, 0.9216441750526428, 0.9213426554203034, 0.9236775660514831, 0.9209755218029022, 0.9187654817104339, 0.923869423866272, 0.9202256155014038, 0.9144106078147888, 0.9103186845779419, 0.9105455756187439, 0.9089018332958222, 0.9010340285301208, 0.902189531326294, 0.8974630105495452, 0.8927197933197022, 0.9008352839946747, 0.8919568145275116, 0.8944515192508697, 0.8899649572372437, 0.884327986240387, 0.8902555108070374, 0.8904444634914398, 0.8816164708137513, 0.886183762550354, 0.8859207105636596, 0.8790619456768036, 0.8737972164154053, 0.8804650795459747, 0.8810308098793029, 0.8695887613296509, 0.8713043892383575, 0.8685105180740357, 0.8651503384113312, 0.8661601984500885, 0.8646580946445465, 0.8707419061660766, 0.857233065366745, 0.8645282161235809, 0.8642315340042114, 0.8605654156208038, 0.8579563212394714, 0.8552843344211578, 0.8506856107711792, 0.8520801997184754, 0.8474567270278931, 0.8496847081184388, 0.8468709790706634, 0.8461678266525269, 0.8409338235855103, 0.8453988766670227, 0.838855048418045, 0.8425522148609161, 0.8330737781524659, 0.833396886587143, 0.8324102663993835, 0.8311635088920594, 0.8271489334106445, 0.8281786179542542, 0.8300345647335052, 0.8276508152484894, 0.8267691421508789, 0.8208422267436981, 0.8212801766395569, 0.8157520711421966, 0.8192279887199402, 0.8128281366825104, 0.8069646561145782, 0.8139675009250641, 0.8155209481716156, 0.8111406409740448, 0.8116327631473541, 0.8116434776782989, 0.8099960350990295, 0.8051265418529511, 0.8099959683418274, 0.8033456003665924, 0.8049048554897308, 0.7985089492797851, 0.8009674894809723, 0.8002291476726532, 0.8037939548492432, 0.7991173768043518, 0.7971702229976654, 0.7931639981269837, 0.7897572839260101, 0.790688066482544, 0.7925052690505981, 0.7905746066570282, 0.7927844429016113, 0.7864528584480286, 0.7838547432422638, 0.778308653831482, 0.7832302713394165, 0.7804174888134002, 0.7871628415584564, 0.7742386317253113, 0.7768026816844941, 0.779217928647995, 0.7720846271514893, 0.7705976831912994, 0.7693203175067902, 0.7742008638381958, 0.7737491965293884, 0.7662742173671723, 0.7686781287193298, 0.7656886184215546, 0.7696027266979217, 0.7632363426685334, 0.7577581977844239, 0.7618912887573243, 0.7627609300613404, 0.7658105146884918, 0.754806866645813, 0.7525053238868713, 0.7557124471664429, 0.759446667432785, 0.7535955381393432, 0.7570280349254608, 0.7565188121795654, 0.7493227732181549, 0.7446959841251374, 0.7472337663173676, 0.7400613844394683, 0.7448039186000824, 0.742022340297699, 0.7494841349124909, 0.7396964073181153, 0.7449428939819336, 0.743936380147934, 0.7404692196846008, 0.7451025080680848, 0.7440771734714509, 0.7376233732700348, 0.7383139586448669, 0.7339587688446045, 0.7406389331817627, 0.7323696279525757, 0.7365399885177613, 0.728388078212738, 0.7301055181026459, 0.7258444273471832, 0.7303715837001801, 0.7299721717834473, 0.7253931111097336, 0.7275404000282287, 0.7219171035289764, 0.7234629368782044, 0.7214298367500305, 0.7235655283927918, 0.7176024413108826, 0.7176531839370728, 0.7232789945602417, 0.717841203212738, 0.715801305770874, 0.71844083070755, 0.7200022101402282, 0.715745120048523, 0.7163243591785431, 0.7141823148727418, 0.7104186093807221, 0.7135940074920655, 0.7151408004760742, 0.7084629106521606, 0.7089557456970215, 0.7040289497375488, 0.7052110159397125, 0.7055726850032806, 0.7028174042701721, 0.7061628496646881, 0.7004411816596985, 0.7032077717781067, 0.7046441674232483, 0.6962151610851288, 0.7021832317113876, 0.6985623967647553, 0.69688551902771, 0.6955747044086457, 0.6953976595401764, 0.6935560977458954, 0.6967753779888153, 0.6904795789718627, 0.6927839517593384, 0.693923556804657, 0.6914881157875061, 0.6846619325876236, 0.6878496587276459, 0.6930439996719361, 0.6889757943153382, 0.683188009262085, 0.6863014680147171, 0.685636465549469, 0.6835088646411895, 0.6855301570892334, 0.6794766652584076, 0.6808767199516297, 0.6788431614637375, 0.6792267882823944, 0.6756678235530853, 0.6773822563886642, 0.6717817956209182, 0.672901200056076, 0.6730893278121948, 0.6738756757974624, 0.6762943959236145, 0.6703638374805451, 0.6752888023853302, 0.6733084690570831, 0.6670597064495086, 0.6686601388454437, 0.670263512134552, 0.6665085327625274, 0.6673540449142457, 0.6688739454746246, 0.6665607166290283, 0.6638597226142884, 0.6584924244880677, 0.659521633386612, 0.666364642381668, 0.6620867145061493, 0.6657250499725342, 0.6603514277935028, 0.6548338115215302, 0.6552124238014221, 0.6548004055023193, 0.6577946966886521, 0.658503190279007, 0.6565454924106597, 0.6526528680324555, 0.6524035441875458, 0.6507988405227662, 0.6496509772539139, 0.6477415448427201, 0.6509191501140594, 0.6502382946014404, 0.6530666732788086, 0.6489835214614869, 0.6467862182855606, 0.6440795016288757, 0.6432467675209046, 0.6462512338161468, 0.6496328216791153, 0.6473640203475952, 0.6405290997028351, 0.6424438679218292, 0.6390855574607849, 0.644167366027832, 0.6411234414577485, 0.6380970907211304, 0.6377203834056854, 0.6340475654602051, 0.6414097166061401, 0.6334565711021424, 0.6334740746021271, 0.6396530103683472, 0.6334010004997254, 0.6366923475265502, 0.6357453566789627, 0.6330204600095749, 0.6320392656326294, 0.6323422789573669, 0.6311921012401581, 0.6274156439304351, 0.6271299731731415, 0.6303276932239532, 0.6267368549108505, 0.6284620505571366, 0.6276508158445359, 0.6296012014150619, 0.6224115437269211, 0.6279131054878235, 0.6254586017131806, 0.62415412068367, 0.623350390791893, 0.6184817034006119, 0.6195953166484833, 0.6233704215288163, 0.6235331153869629, 0.6238181376457215, 0.6211109870672226, 0.6233409005403518, 0.6175984263420105, 0.6182227683067322, 0.6187304282188415, 0.6153370767831803, 0.6137284976243973, 0.6139866960048675, 0.6139310896396637, 0.6091252279281616, 0.6110185313224793, 0.6077392667531967, 0.6094048476219177, 0.6125578224658966, 