{"task": {"lambda": 0.5, "alpha": 3, "lr": 1e-06, "wd": 0.0001, "bits": 12}, "result": {"earlyStop": true, "loss": [2.779562759399414, 2.2928094816207887, 2.0235314416885375, 1.871461236476898, 1.7472188210487365, 1.655885224342346, 1.5804875135421752, 1.5046360826492309, 1.4426596236228943, 1.3985682153701782, 1.3576389050483704, 1.3183405518531799, 1.2882422304153442, 1.2590195393562318, 1.2493375647068024, 1.223958134651184, 1.201827836036682, 1.1900114631652832, 1.1760581469535827, 1.1690144300460816, 1.1482697749137878, 1.1448458933830261, 1.13013445019722, 1.1073786771297456, 1.1086358404159546, 1.0969814991950988, 1.086258738040924, 1.0852395343780517, 1.0760196876525878, 1.0698386454582214, 1.0600654041767121, 1.0491910886764526, 1.0501344037055969, 1.0411620569229125, 1.0304124665260315, 1.0285941028594972, 1.028236162662506, 1.0204437363147736, 1.0182150757312776, 1.0035486471652986, 0.9975584697723389, 0.9916655600070954, 0.9861849892139435, 0.9883568918704987, 0.9800358605384827, 0.9786897039413452, 0.9810356080532074, 0.9693950009346008, 0.9607293355464935, 0.9594038724899292, 0.9561808598041535, 0.9522422993183136, 0.9425325679779053, 0.9463621246814727, 0.9442776143550873, 0.9383379900455475, 0.9396308195590973, 0.9302596914768219, 0.9280162751674652, 0.9203899359703064, 0.922026492357254, 0.9094212055206299, 0.919650810956955, 0.9136524987220764, 0.9060019481182099, 0.90619304895401, 0.9097533619403839, 0.8941095173358917, 0.9034346878528595, 0.896191554069519, 0.8897184002399444, 0.8921369981765747, 0.8865290439128876, 0.8889370322227478, 0.8863482880592346, 0.8790745306015014, 0.8825646650791168, 0.8625289380550385, 0.8795026051998138, 0.8697056412696839, 0.8636310255527496, 0.8574015617370605, 0.8642422163486481, 0.8608409261703491, 0.8557870757579803, 0.8528263688087463, 0.8504719281196594, 0.8504885041713715, 0.8507456696033477, 0.8524538147449493, 0.8449680352210999, 0.8389311277866364, 0.8415495681762696, 0.8326020097732544, 0.8346465492248535, 0.8382676827907563, 0.8296802985668182, 0.8306463396549225, 0.8293494951725006, 0.8214888739585876, 0.8328381562232972, 0.8275108873844147, 0.824946414232254, 0.8196548354625702, 0.8152799248695374, 0.8051928353309631, 0.8154947900772095, 0.8098076117038727, 0.8108172476291656, 0.8117029869556427, 0.8084503257274628, 0.80261922955513, 0.8012035036087036, 0.7960995650291443, 0.7984559834003448, 0.7929907822608948, 0.7925902044773102, 0.7949471235275268, 0.7899808192253113, 0.7960088193416596, 0.7835820496082306, 0.7833760762214661, 0.7838940823078155, 0.7818914020061493, 0.7874939215183258, 0.7766961765289306, 0.7777602314949036, 0.7782490837574005, 0.7749870479106903, 0.7728008651733398, 0.7730137002468109, 0.7714090371131896, 0.771430789232254, 0.7677075684070587, 0.7677651739120483, 0.7601709711551666, 0.7676836585998535, 0.7649350357055664, 0.7585138988494873, 0.7598873996734619, 0.7539793634414673, 0.7539277708530426, 0.7519786250591278, 0.7464872181415558, 0.7558941578865052, 0.7508842349052429, 0.7474142503738403, 0.747663471698761, 0.7460911357402802, 0.7459364402294159, 0.7412503552436829, 0.7422880506515503, 0.7464479422569275, 0.736433207988739, 0.7426536512374878, 0.7396358108520508, 0.7320815002918244, 0.7315103089809418, 0.7296968245506287, 0.7296899569034576, 0.7280341410636901, 0.7293957471847534, 0.7241953158378601, 0.7280587768554687, 0.7238871943950653, 0.7288015270233155, 0.725586701631546, 0.7253074026107789, 0.721738646030426, 0.7250041604042053, 0.718813556432724, 0.7145393455028534, 0.7117439544200898, 0.710154857635498, 0.7109459042549133, 0.7114258980751038, 0.7117073500156402, 0.7092869067192078, 0.710377253293991, 0.7062145519256592, 0.7062526357173919, 0.7039973032474518, 0.7041755712032318, 0.699353837966919, 0.7026261085271835, 0.6972260653972626, 0.7045588457584381, 0.7057671821117402, 0.6968202602863312, 0.6962834429740906, 0.6911413991451263, 0.6988990700244904, 0.6924087643623352, 0.6954585111141205, 0.6895568919181824, 0.6879850673675537, 0.6859916734695435, 0.6878537344932556, 0.6848332202434539, 0.6878973364830017, 0.6855769580602646, 0.6827224993705749, 0.6876163852214813, 0.6867481577396393, 0.6802346575260162, 0.6759470558166504, 0.6793353044986725, 0.6776337456703186, 0.6731266641616821, 0.6696843463182449, 0.6741792106628418, 0.6749005544185639, 0.669967976808548, 0.666529438495636, 0.6712252455949783, 0.6662697297334671, 0.6695954203605652, 0.6682943367958069, 0.6688159108161926, 0.6623658168315888, 0.6623411107063294, 0.662692459821701, 0.6622606861591339, 0.6507420217990876, 0.6625598704814911, 0.6617521226406098, 0.6574465334415436, 0.6524556314945221, 0.6547394931316376, 0.6558236211538315, 0.6563287949562073, 0.6554208618402481, 0.6512084370851516, 0.6538225448131562], "map": 0.5940992177021385}, "time": 474.430459022522}