{"task": {"lambda": 0.5, "alpha": 1, "lr": 1e-06, "wd": 1e-06, "bits": 12}, "result": {"earlyStop": true, "loss": [1.3376167869567872, 1.104666131734848, 0.9866683650016784, 0.91448361992836, 0.8619850313663483, 0.8144255030155182, 0.7822015964984894, 0.754493420124054, 0.7317007291316986, 0.7083391177654267, 0.6936297082901001, 0.6765224921703339, 0.6697151470184326, 0.6555218827724457, 0.6409830844402313, 0.6339401984214783, 0.6308166182041168, 0.6222768807411194, 0.6168433570861817, 0.6103507709503174, 0.6013083004951477, 0.5947372418642044, 0.5957012486457824, 0.5859955596923828, 0.5823853462934494, 0.5787161481380463, 0.5763057863712311, 0.5673097509145737, 0.5656282174587249, 0.5652019321918488, 0.5573871529102326, 0.5561378103494644, 0.5498717379570007, 0.5478866016864776, 0.5428521597385406, 0.5464315646886826, 0.5389774984121323, 0.5407598519325256, 0.5350985491275787, 0.5306404501199722, 0.5293191176652908, 0.5301560932397842, 0.524898048043251, 0.5249594277143479, 0.5197163981199264, 0.5212805092334747, 0.5128912734985351, 0.5151054912805557, 0.5120336234569549, 0.5075745385885239, 0.5061292618513107, 0.5067577242851258, 0.504429897069931, 0.5023064625263214, 0.5029025095701217, 0.5041623532772064, 0.49561925530433654, 0.4962147730588913, 0.49214848220348356, 0.4936459517478943, 0.48932406783103943, 0.491419135928154, 0.48641665816307067, 0.4866050958633423, 0.48531937062740327, 0.4839008468389511, 0.4800205510854721, 0.4807916992902756, 0.47912981927394865, 0.47919827699661255, 0.4775236582756042, 0.47190489292144777, 0.4769885891675949, 0.4724751698970795, 0.47063380300998686, 0.46922806799411776, 0.47132824480533597, 0.46348009288311004, 0.4651174372434616, 0.4662410169839859, 0.46406534075737, 0.46051558971405027, 0.4615683287382126, 0.4588756674528122, 0.45782967686653137, 0.45503598332405093, 0.4528133398294449, 0.45631684601306916, 0.4533065551519394, 0.4522009259462357, 0.4514241254329681, 0.44472680032253264, 0.44594510495662687, 0.4446240073442459, 0.44647240996360776, 0.44741995990276334, 0.44393211424350737, 0.4394401013851166, 0.44030713140964506, 0.43971520364284516, 0.43767408549785614, 0.43706143140792847, 0.43743263721466064, 0.4365534335374832, 0.43434343218803406, 0.4345800840854645, 0.4357692104578018, 0.4293148398399353, 0.4293799382448196, 0.4332593494653702, 0.42994864702224733, 0.4295009332895279, 0.42536096036434173, 0.426701552271843, 0.42567898213863375, 0.42504581570625305, 0.4217689514160156, 0.4225704526901245, 0.42283673405647276, 0.4232161408662796, 0.4202627146244049, 0.4171386629343033, 0.4153354227542877, 0.4149655538797379, 0.41736610054969786, 0.41471553683280943, 0.4111685341596603, 0.41399371266365054, 0.4123535603284836, 0.41003787696361543, 0.4096234744787216, 0.409438157081604, 0.40700815320014955, 0.4094545120000839, 0.40782364130020143, 0.40653289556503297, 0.406842936873436, 0.4047593879699707, 0.4077119654417038, 0.4014854496717453, 0.4018735432624817, 0.40037199020385744, 0.4033805191516876, 0.3994604605436325, 0.40034940004348757, 0.39510308086872103, 0.39982335686683657, 0.39929790019989014, 0.39568604171276095, 0.39520234167575835, 0.3944775378704071, 0.39314805328845975, 0.3923379534482956, 0.3955624794960022, 0.390673805475235, 0.3948672920465469, 0.39018762707710264, 0.3895773845911026, 0.3900463145971298, 0.3886716270446777, 0.38692345380783083, 0.38333880066871645, 0.3871389603614807, 0.3856754595041275, 0.38632974088191985, 0.38545248508453367, 0.3846020096540451, 0.38344514966011045, 0.3810906505584717, 0.3812347811460495, 0.3823354524374008, 0.3797564619779587, 0.3793055576086044, 0.3776382774114609, 0.37682477951049803, 0.37782168328762056, 0.37541987240314484, 0.37475590467453, 0.3736067283153534, 0.376001278758049, 0.37388486504554747, 0.3715030837059021, 0.373701286315918, 0.37548176288604734, 0.3695536082983017, 0.370891290307045, 0.3699027693271637, 0.3720767813920975, 0.3707690876722336, 0.36849158465862275, 0.3678057110309601, 0.36533703207969664, 0.3700417125225067, 0.3654140329360962, 0.36780997753143313, 0.3640843331813812, 0.36545685946941375, 0.36175150811672213, 0.36328221917152403, 0.36082310557365416, 0.36524151265621185, 0.3610252660512924, 0.35991439282894133, 0.3602127170562744, 0.3613600927591324, 0.35922045409679415, 0.3569944083690643, 0.35732065737247465, 0.3583852368593216, 0.355312864780426, 0.35431124866008756, 0.3558444684743881, 0.3539921283721924, 0.3553152358531952, 0.3553026974201202, 0.3538158994913101, 0.35238812267780306, 0.3519385027885437, 0.3511825340986252, 0.3499496531486511, 0.350124768614769, 0.34975693821907045, 0.35327465236186983, 0.3487304621934891, 0.3522468739748001, 0.34828220784664154, 0.34501324653625487, 0.347746302485466, 0.3464596962928772, 0.34649069130420684, 0.34601164400577544, 0.3442920142412186, 0.343928262591362, 0.34332166373729706, 0.34614340484142303, 0.34296930372714995, 0.3436057555675507, 0.3444405674934387, 0.3433379048109055, 0.3397427448630333, 0.3381980085372925, 0.33985104858875276, 0.33935787379741666, 0.338646285533905, 0.3405307173728943, 0.3384548181295395, 0.3389957797527313, 0.3388126891851425, 0.3397867119312286, 0.33686598658561706, 0.3348520660400391, 0.336491536796093, 0.33418576419353485, 0.3346075212955475, 0.3332441568374634, 0.3322852885723114, 0.33237490713596346, 0.33174350440502165, 0.3334202867746353, 0.33013278126716616, 0.32982967138290403, 0.3304732859134674, 0.33145798861980436, 0.32785567045211794, 0.3323226910829544, 0.33082647919654845, 0.3272864538431168, 0.3281837713718414, 0.3277311474084854, 0.33042051672935485, 0.32761366307735446, 0.3265996479988098, 0.32644623339176176, 0.32339414179325104, 0.3260882180929184, 0.32470293760299684, 0.32194355845451356, 0.3235536926984787, 0.32300431907176974, 0.3212154942750931, 0.32316648423671723, 0.3217654824256897, 0.32216341137886045, 0.32207239031791685, 0.32043398797512057, 0.32194562077522276, 0.3202298891544342, 0.3200659739971161, 0.316641064286232, 0.31842216551303865, 0.31888000965118407, 0.31715451925992966, 0.31812151432037356, 0.3183471444249153, 0.3169770285487175, 0.319041548371315, 0.31535096883773805, 0.31699303805828094, 0.3149060180783272, 0.31489543199539183, 0.3128276437520981, 0.31520671844482423, 0.3116587609052658, 0.31251876324415206, 0.3156044879555702, 0.3116972768306732, 0.3137822550535202, 0.31144635200500487, 0.31165519297122957, 0.31037807315587995, 0.309019603729248, 0.309965209364891, 0.3107487192749977, 0.30730959177017214, 0.30838429540395734, 0.31177315205335615, 0.30741829216480254, 0.30984565019607546, 0.30808838427066804, 0.30774558186531065, 0.30663258612155914, 0.3065236055850983, 0.30632504999637605, 0.3042962357401848, 0.3054012355208397, 0.3052361258864403, 0.30573839753866194, 0.30525903910398483, 0.3032063037157059, 0.3021157628297806, 0.3033721187710762, 0.3050557857751846, 0.3053391414880753, 0.30226279139518736, 0.30500132113695144, 0.29936091184616087, 0.30214343816041944, 0.3010623812675476, 0.3005067551136017, 0.300447034239769, 0.2982095330953598, 0.2987073794007301, 0.29941466480493545, 0.29996600955724717, 0.3004280024766922, 0.29575188100337985, 0.2967938730120659, 0.2985252052545547, 0.29600653171539304, 0.2966985034942627, 0.29630749762058256, 0.29754175901412966, 0.2973571383953095, 0.29531218379735946, 0.2949891647696495, 0.2953879794478416, 0.29483224838972094, 0.29367632120847703, 0.29525514781475065, 0.2909609958529472, 0.29252410262823103, 0.2931566298007965, 0.29346926510334015, 0.2917822962999344, 0.29273055523633956, 0.2932013779878616, 0.2927136465907097, 0.28966442942619325, 0.29254619002342225, 0.2902610558271408, 0.2917486357688904, 0.28926538228988646, 0.2894118794798851, 0.2919701284170151, 0.289734805226326, 0.2885137957334518, 0.2890032786130905, 0.2870315596461296, 0.2886405983567238, 0.28617457032203675, 0.2886109498143196, 0.2854601141810417, 0.28657136499881747, 0.2861033946275711, 0.2847338205575943, 0.28527757167816165, 0.28633757412433625, 0.28372185558080676, 