{"task": {"lambda": 0.5, "alpha": 3, "lr": 1e-05, "wd": 0.0001, "bits": 48}, "result": {"time stopage": true, "loss": [1.3727007341384887, 1.0880180978775025, 0.9951272022724151, 0.9483725345134735, 0.9076113140583039, 0.8800936698913574, 0.848299446105957, 0.8293731248378754, 0.8056847608089447, 0.7864617371559143, 0.7633849799633026, 0.7469767045974731, 0.7238731157779693, 0.7224259757995606, 0.7038962113857269, 0.6888024783134461, 0.6877077603340149, 0.6715367448329925, 0.6519478034973144, 0.6437680977582931, 0.6403633385896683, 0.6281211739778518, 0.6181544291973115, 0.6038409286737442, 0.5998916035890579, 0.5965842938423157, 0.5916003239154816, 0.5797327554225922, 0.5728965532779694, 0.5628889793157578, 0.5571215605735779, 0.5505513274669647, 0.5436832666397095, 0.5403175389766693, 0.5286912989616394, 0.5248151278495788, 0.5247109943628311, 0.5114922195672988, 0.5089884757995605, 0.5046521109342575, 0.5016050946712494, 0.4912294912338257, 0.48581607401371, 0.4855389469861984, 0.4801474553346634, 0.47562444329261777, 0.46770654439926146, 0.46504354655742647, 0.4629883873462677, 0.4622983479499817, 0.44693292438983917, 0.4509245175123215, 0.44234486103057863, 0.4391873300075531, 0.43782629430294034, 0.4299775022268295, 0.430154322385788, 0.4269938009977341, 0.4181534171104431, 0.4128766375780106, 0.4120195764303207, 0.4079861694574356, 0.4012214571237564, 0.4027474546432495, 0.40081926703453064, 0.39539250314235685, 0.3924474835395813, 0.3873156136274338, 0.38188699662685394, 0.3802386051416397, 0.37497174739837646, 0.3729280537366867, 0.3739588916301727, 0.36782469630241393, 0.36713187396526337, 0.3623199865221977, 0.3594354623556137, 0.3526355141401291, 0.35286422312259674, 0.3455405956506729, 0.34894341945648194, 0.3460138037800789, 0.3394791978597641, 0.3371554872393608, 0.3352663642168045, 0.33229207873344424, 0.3295700055360794, 0.3275430658459663, 0.32409609615802765, 0.32344632893800734, 0.320678628385067, 0.3169331830739975, 0.31470725625753404, 0.3134085461497307, 0.30883388429880143, 0.30465430200099947, 0.30587197571992875, 0.30169741868972777, 0.29952865839004517, 0.2986717450618744, 0.2969006869196892, 0.2945873290300369, 0.291913999915123, 0.2877688357234001, 0.2859471744298935, 0.28381534725427626, 0.28656323343515394, 0.28089818328619004, 0.2784820282459259, 0.2761369940638542, 0.2759994727373123, 0.2733175578713417, 0.271508521437645, 0.26798790872097017, 0.26318060606718063, 0.2643454948067665, 0.2618824902176857, 0.25981937140226363, 0.26035577684640887, 0.25855834007263184, 0.2550067648291588, 0.2521789076924324, 0.24990772396326066, 0.24672987848520278, 0.24859523624181748, 0.2470962917804718, 0.24494147330522537, 0.24556763350963592, 0.24022293210029602, 0.2427163627743721, 0.23850393414497376, 0.23428668081760406, 0.23377015620470046, 0.23211533039808274, 0.2306394663453102, 0.22867920815944673, 0.22907936781644822, 0.2267240032553673, 0.22641283720731736, 0.22455159038305283, 0.22253262668848037, 0.2182163918018341, 0.22108317852020265, 0.2162310665845871, 0.21511697739362717, 0.21448010504245757, 0.2127667161822319, 0.21149125933647156, 0.21120007574558258, 0.20795021772384645, 0.20698094099760056, 0.20603216886520387, 0.2049687945842743, 0.20502137988805771, 0.20210142612457274, 0.19938642770051956, 0.1980426451563835, 0.19788574308156967, 0.19592324554920196, 0.1979714035987854, 0.19499139249324798, 0.19479815393686295, 0.19369471222162246, 0.19140176385641097, 0.19134504467248917, 0.1862776392698288, 0.18668207705020903, 0.18770387023687363, 0.18438142567873, 0.1850768196582794, 0.18280794620513915, 0.18168274849653243, 0.18246395796537399, 0.18039741843938828, 0.17874631375074387, 0.17814405441284178, 0.17775147289037704, 0.17783170014619828, 0.17467441022396088, 0.17500695824623108, 0.17420954406261444, 0.1729956915974617, 0.17122069776058196, 0.1691811779141426, 0.1681443917751312, 0.16659705251455306, 0.1646869745850563, 0.16646788150072098, 0.16534942954778672, 0.16251909404993056, 0.1631640076637268, 0.16058149605989455, 0.16183654025197028, 0.15991910070180893, 0.15892276123166085, 0.15910124644637108, 0.15705670028924942, 0.15712409302592278, 0.15672653302550316, 0.1543302570283413, 0.15436823472380637, 0.15300614520907402, 0.15051802694797517, 0.1517065265774727, 0.15214503943920135, 0.15079996928572656, 0.14600372895598412, 0.14775067329406738, 0.1475484037399292, 0.14825324445962906, 0.14505309730768204, 0.14471078112721444, 0.14449764117598535, 0.14430547162890434, 0.142203938215971, 0.1413323800265789, 0.141036536693573, 0.1400821600854397, 0.13870857790112495, 0.13956355795264244, 0.1383339187502861, 0.1360654379427433, 0.13648539140820504, 0.13595670595765114, 0.1351691460609436, 0.1342835909128189, 0.1349038715660572, 0.13367239698767663, 0.13271787002682686, 0.1326533405482769, 0.13177996158599853, 0.13177434623241424, 0.1306764568388462, 0.12955227449536325, 0.12915038853883742, 0.1282147689163685, 0.12825098738074303, 0.1275615783035755, 0.12567044869065286, 0.12598201170563697, 0.12529154404997825, 0.12354709357023239, 0.12415563270449638, 0.12291017487645149, 0.12208771750330925, 0.12267833411693572, 0.12167701199650764, 0.12034877479076385, 0.12062109664082526, 0.11930382385849952, 0.11867227807641029, 0.1173502416908741, 0.11850838482379913, 0.11747208759188651, 0.11637891501188279, 0.11583704233169556, 0.11648682117462159, 0.11466401100158691, 0.11491522252559662, 0.1144691427052021, 0.11264984011650085, 0.11302030429244042, 0.11368383139371872, 0.11175733625888824, 0.112744552642107, 0.11096407145261765, 0.1110194006562233, 0.1099688009917736, 0.10998437359929085, 0.11045080587267876, 0.1090774042904377, 0.10780491217970849, 0.10703075349330902, 0.10832778960466385, 0.10627605378627777, 0.10637742191553116, 0.1057117000222206, 0.10604879155755043, 0.10428612679243088, 0.10463129937648773, 0.1036655205488205, 0.1041213408112526, 0.10255895465612412, 0.10313306242227555, 0.10264044925570488, 0.10204948142170905, 0.10099906101822853, 0.10133434027433395, 0.10047731280326844, 0.09998129725456238, 0.09957049056887626, 0.09930107623338699, 0.09916086137294769, 0.09904670491814613, 0.09780856356024742, 0.09753983587026596, 0.09682042762637139, 0.09743681326508521, 0.09690391600131988, 0.0971452048420906, 0.09492519333958625, 0.09617213681340217, 0.09521875068545342, 0.09413271099328994, 0.09430387020111083, 0.09532323867082595, 0.09283430099487305, 0.09396896690130234, 0.09372761070728303, 0.09286071658134461, 0.09167489364743232, 0.0922990919649601, 0.09126205623149872, 0.09194990858435631, 0.09087278068065643, 0.09022637665271759, 0.09073750600218773, 0.0894846585392952, 0.089579486399889, 0.08926381304860115, 0.0889661067724228, 0.08852398812770844, 0.0877452065050602, 0.08808462291955949, 0.08788601890206336, 0.0869510069489479, 0.08647390678524972, 0.08692834988236427, 0.0861235485970974, 0.0863749498128891, 0.08564007744193076, 0.08538446485996247, 0.08522463470697403, 0.08507229551672936, 0.08430683016777038, 0.08449579760432244, 0.08413138911128044, 0.08345319822430611, 0.08327033713459969, 0.0829942412674427, 0.082752785384655, 0.08265763849020004, 0.08208174914121628, 0.0816585411131382, 0.08107961997389794, 0.08168279975652695, 0.08074616819620133, 0.08056350514292716, 0.08106212556362152, 0.0798427101969719, 0.08066023468971252, 0.07928033858537674, 0.0791596856713295, 0.07926836714148522, 0.07912405371665955, 0.07860092356801034, 0.0786150997877121, 0.07831554993987083, 0.07806255131959915, 0.07738398268818855, 0.07712228804826736, 0.07662328138947487, 0.07681014865636826, 0.07605246022343636, 0.07597837343811989, 0.07596013769507408, 0.07630769670009613, 0.0757193474471569, 0.07536827817559243, 0.07501165926456452, 0.07553907513618469, 0.07439626082777977, 0.07411965876817703, 0.07410558447241783, 0.0738423801958561, 0.07343929618597031, 0.07368195652961732, 0.0733561334013939, 0.07323102623224259, 0.07308279387652875, 0.07238236606121064, 0.07212852105498314, 0.07236319787800312, 