{"task": {"lambda": 0.5, "alpha": 5, "lr": 1e-06, "wd": 1e-05, "bits": 32}, "result": {"earlyStop": true, "loss": [4.532172842025757, 3.845289845466614, 3.3568045568466185, 3.0365059852600096, 2.8146104049682616, 2.64168044090271, 2.484705572128296, 2.3636096715927124, 2.265064857006073, 2.1788903427124025, 2.107188138961792, 2.0443953394889833, 2.0097257256507874, 1.958536102771759, 1.9135911464691162, 1.8785852599143982, 1.8497027611732484, 1.8265688729286194, 1.8085903453826904, 1.7813415503501893, 1.768182725906372, 1.7440868401527405, 1.7299147701263429, 1.7069412994384765, 1.6887943315505982, 1.6763136577606201, 1.6646967887878419, 1.650284447669983, 1.6380008006095885, 1.6202411150932312, 1.6075468897819518, 1.593077449798584, 1.5822844290733338, 1.5828370690345763, 1.564699614048004, 1.5548642492294311, 1.5496659517288207, 1.535908453464508, 1.5349971652030945, 1.5299406743049622, 1.506472864151001, 1.5147371339797973, 1.5062393927574158, 1.492999746799469, 1.485371618270874, 1.4710923790931703, 1.4664016366004944, 1.455712354183197, 1.4571439957618713, 1.438612949848175, 1.4381752490997315, 1.4393959641456604, 1.4223394346237184, 1.4189913272857666, 1.4199263858795166, 1.4048927533626556, 1.3926472306251525, 1.391480610370636, 1.3888607716560364, 1.3725761556625367, 1.3719887900352479, 1.3716799795627594, 1.3665764582157136, 1.3542133784294128, 1.343932523727417, 1.3510830438137054, 1.33520174741745, 1.3405585765838623, 1.3290907645225525, 1.3418011820316316, 1.314205162525177, 1.3305648064613342, 1.3063367307186127, 1.3174736714363098, 1.3193086326122283, 1.3021611499786376, 1.2995560550689698, 1.2955578684806823, 1.286305184364319, 1.274326695203781, 1.2725187015533448, 1.274694126844406, 1.2626707744598389, 1.2729799437522888, 1.265898767709732, 1.2585114562511444, 1.2528106009960174, 1.2553122687339782, 1.2421627283096313, 1.2460127890110015, 1.2487731969356537, 1.2464330554008485, 1.237292640209198, 1.2388361370563508, 1.2209837782382964, 1.224734764099121, 1.2132349491119385, 1.2112024712562561, 1.2121724712848663, 1.211091468334198, 1.197490977048874, 1.2002951002120972, 1.197847933769226, 1.1936053121089936, 1.2078654301166534, 1.1907679617404938, 1.1810438573360442, 1.1836310303211213, 1.1862538814544679, 1.1783317232131958, 1.1755287647247314, 1.1852205681800843, 1.1706990230083465, 1.1649143707752228, 1.1625699245929717, 1.1629979956150054, 1.1591081511974335, 1.1544990229606629, 1.1487463164329528, 1.1548011195659638, 1.1439283454418183, 1.1554791498184205, 1.1401675474643707, 1.1274767220020294, 1.1407395136356353, 1.132394666671753, 1.126557490825653, 1.1494795870780945, 1.1213101434707642, 1.120575807094574, 1.1149901485443114, 1.1180210959911348, 1.1165547442436219, 1.1062508034706116, 1.1192350089550018, 1.116269600391388, 1.096256321668625, 1.1071068525314331, 1.1007999408245086, 1.1043863332271575, 1.098552757501602, 1.0957214307785035, 1.0881701147556304, 1.0938311064243316, 1.0793577992916108, 1.0805989634990691, 1.0895163750648498, 1.0791668176651001, 1.0842141222953796, 1.0757132792472839, 1.0775968039035797, 1.0740586078166963, 1.0637605440616609, 1.0601300036907195, 1.0707778692245484, 1.0556646299362182, 1.0683379459381104, 1.0604769015312194, 1.0546645939350128, 1.055504834651947, 1.0475786674022673, 1.043166035413742, 1.0563545417785645, 1.04724662899971, 1.0470558631420135, 1.0335684716701508, 1.0379801738262175, 1.0352581107616425, 1.0399161887168884, 1.0350392746925354, 1.0388756501674652, 1.033268895149231, 1.0448624575138092, 1.0317422676086425, 1.0285428035259248, 1.0303978943824768, 1.0275975561141968, 1.024182995557785, 1.0230002653598786, 1.0181992864608764, 1.0138119292259216, 1.0134490871429442, 1.0111263382434845, 1.0183159399032593, 1.0157258605957031, 1.0110773622989655, 1.0070646357536317, 1.010720957517624, 1.0142359983921052, 1.000661200284958, 0.9902484273910522, 0.9996860992908477, 0.9882675647735596, 0.9970753335952759, 0.9977017569541932, 0.9900652134418487, 0.9946961867809295, 0.9846763813495636, 0.9817287158966065, 0.9833650255203247, 0.9895463407039642, 0.9764720320701599, 0.979220861196518, 0.9821521377563477, 0.9729879951477051, 0.9748248469829559, 0.9764136719703674, 0.9701914417743683, 0.973230072259903, 0.9685372114181519, 0.9652731728553772, 0.9653633236885071, 0.9777489829063416, 0.9635763812065125, 0.9512744605541229, 0.9597117960453033, 0.9557219099998474, 0.9514198637008667, 0.9545705342292785, 0.954552788734436, 0.9448189389705658, 0.9547184908390045, 0.9560134589672089, 0.9422198855876922, 0.9493188774585724, 0.9456141579151154, 0.943647917509079, 0.9441175556182861, 0.9410097634792328, 0.9360571777820588, 0.9408053719997406, 0.9318949007987976, 0.9304793012142182, 0.9373474550247193, 0.937375454902649, 0.9380265855789185, 0.9213490331172943, 0.9284776282310486, 0.9323104524612427, 0.9231742668151856, 0.9219405746459961, 0.9238312268257141, 0.9222729134559632, 0.9167014050483704, 0.924851098060608, 0.9265105307102204, 0.9196750819683075, 0.9142312967777252, 0.9057847130298614, 0.9047206866741181, 0.9097423446178436, 0.9018683767318726, 0.9029042112827301, 0.9065004587173462, 0.9134708786010742, 0.9033711230754853, 0.9035629010200501, 0.9083057427406311, 0.9090971767902374, 0.8991997683048248, 0.899304404258728, 0.8944097375869751, 0.8972655606269836, 0.8900697779655456, 0.8913411521911621, 0.8949713373184204, 0.8895726299285889, 0.8916340374946594, 0.8913822281360626, 0.890826759338379, 0.8846969377994537, 0.8886979246139526, 0.8833967220783233, 0.8930455732345581, 0.886601744890213, 0.8902335453033448, 0.8812183141708374, 0.8793437612056733, 0.8824129354953766, 0.8817075896263122, 0.8821098577976226, 0.8805426084995269, 0.8684011352062225, 0.868897055387497, 0.8683910477161407, 0.8702439844608307, 0.8684348404407501, 0.863009614944458, 0.8762373316287995, 0.868985732793808, 0.8586852550506592, 0.8602621209621429, 0.8593399333953857, 0.851566835641861, 0.8658294284343719, 0.8549405026435852, 0.8479003047943116, 0.8536508417129517, 0.8573395681381225, 0.8609494197368622, 0.8504163444042205, 0.8450197172164917, 0.8574560976028442, 0.8581786108016968, 0.8462568521499634, 0.8413764750957489, 0.8428050637245178, 0.8381520783901215, 0.8464523041248322, 0.8458110821247101, 0.8461990034580231, 0.8385558307170868, 0.8363356614112853, 0.8411291456222534, 0.8349898028373718, 0.8365812909603119, 0.8384905803203583, 0.8345181512832641, 0.8310899567604065, 0.8316164898872376, 0.8333165717124938, 0.83302659034729, 0.8248628187179565, 0.8296449422836304, 0.8186873090267182, 0.8252294147014618, 0.816527247428894, 0.8183314704895019, 0.8216064262390137, 0.819224761724472, 0.8244876301288605, 0.8260298693180084, 0.8138318562507629, 0.8217617809772492, 0.8246067786216735, 0.8226456701755523, 0.8207547342777253, 0.8200861287117004, 0.815547639131546, 0.8197729754447937, 0.815628992319107, 0.8156750428676606, 0.8101142418384552, 0.8085291123390198, 0.8056696367263794, 0.809924886226654, 0.8152054321765899, 0.8020536971092224, 0.8044994747638703, 0.8105238258838654, 0.7957767248153687, 0.8064060866832733, 0.7963187921047211, 0.8050133168697358, 0.7985887861251831, 0.7998036992549896, 0.7984189701080322, 0.8009710085391998, 0.7917766404151917, 0.8040624725818634, 0.8035594606399536, 0.7966605186462402, 0.7945112276077271, 0.7962560439109803, 0.7922484755516053, 0.7899901580810547, 0.7817908096313476, 0.7847075593471527, 0.794113734960556, 0.7857198989391327, 0.788941754102707, 0.7906342327594758, 0.7881480515003204, 0.7846857869625091, 0.7771484541893006, 0.7857696115970612, 0.782320876121521, 0.7875549268722534, 0.7760964977741241, 0.77487468957901, 0.7840298557281494, 0.7811836206912994, 0.771753534078598, 0.781113532781601, 0.7762455701828003, 0.7699954080581665, 0.7736662948131561, 0.7699299585819245, 0.7717736834287643, 0.7713646697998047, 0.7663451516628266, 0.7675553691387177, 0.7706479001045227, 0.7616583728790283, 0.7678858298063278, 0.7693155097961426, 0.7544435977935791, 