{"task": {"lambda": 1, "alpha": 1, "lr": 1e-06, "wd": 1e-05, "bits": 48}, "result": {"earlyStop": true, "loss": [1.504784653186798, 1.3053054857254027, 1.2079279923439026, 1.1453394746780396, 1.1019943583011627, 1.0632002675533294, 1.0313796734809875, 1.0002886641025543, 0.9793392288684845, 0.957815592288971, 0.9427091264724732, 0.9259416711330414, 0.9099751913547516, 0.8978618228435516, 0.8886862599849701, 0.8765347170829773, 0.8647294580936432, 0.8549143254756928, 0.851649866104126, 0.8445743632316589, 0.8345220339298248, 0.8207760608196258, 0.8179015219211578, 0.8110106575489044, 0.8044008648395539, 0.7974522411823273, 0.7925246858596802, 0.7886411988735199, 0.7835352683067321, 0.7713242149353028, 0.7728567278385162, 0.7609289968013764, 0.7617576003074646, 0.7573595201969147, 0.7499231696128845, 0.7466471040248871, 0.7473518908023834, 0.7408228635787963, 0.732822312116623, 0.727620141506195, 0.7262034595012665, 0.7249497616291046, 0.7201775181293487, 0.7131329786777496, 0.7130673062801361, 0.7056873595714569, 0.7030819189548493, 0.7035052561759949, 0.7017360532283783, 0.6970364868640899, 0.6957164919376373, 0.6913925302028656, 0.6839670944213867, 0.6879692256450654, 0.6807207524776459, 0.6794463694095612, 0.6816520750522613, 0.6694087481498718, 0.6707735979557037, 0.6681228530406952, 0.6660761511325837, 0.6652747738361359, 0.6613063180446624, 0.6613866913318635, 0.661679253578186, 0.6550741100311279, 0.651876311302185, 0.650547844171524, 0.6482282829284668, 0.6441192030906677, 0.6442760944366455, 0.6429847419261933, 0.6380842185020447, 0.6343751537799835, 0.6388548016548157, 0.6331957066059113, 0.6340389275550842, 0.628933836221695, 0.6293967270851135, 0.6280538237094879, 0.6261247086524964, 0.6243731534481048, 0.6192609739303588, 0.6183534884452819, 0.6181785213947296, 0.6154679721593856, 0.6130472493171691, 0.6113742923736573, 0.6103036820888519, 0.6132130050659179, 0.6076950824260712, 0.6075528252124787, 0.6044391536712647, 0.6004295694828033, 0.6028754419088364, 0.5986706531047821, 0.5967750877141953, 0.5934505426883697, 0.594247385263443, 0.5947609531879425, 0.5894333225488663, 0.5898383784294129, 0.5898882466554641, 0.5924244713783264, 0.5871827685832978, 0.5850272089242935, 0.5814347702264786, 0.5843805837631225, 0.582016184926033, 0.5776499080657959, 0.577035214304924, 0.5746255457401276, 0.5748233664035797, 0.5711465740203857, 0.5750902360677719, 0.5732602190971374, 0.566566390991211, 0.5695598161220551, 0.5651178616285324, 0.5707489550113678, 0.5698028349876404, 0.5669283133745193, 0.5618716967105866, 0.558518562912941, 0.5617359548807144, 0.5610100001096725, 0.5554219496250152, 0.5569652956724167, 0.5548706012964248, 0.5570703989267349, 0.5568430852890015, 0.5511497539281845, 0.5493934226036071, 0.5557794463634491, 0.5499015188217163, 0.545239104628563, 0.5427265357971192, 0.5468998712301254, 0.5425796574354171, 0.5452659767866135, 0.5435640668869018, 0.5409865421056748, 0.5399766916036606, 0.5406265038251877, 0.5401004368066787, 0.5367910200357437, 0.5355455899238586, 0.53269571185112, 0.532008393406868, 0.5365597057342529, 0.5319673979282379, 0.5278856438398362, 0.5321400624513626, 0.528824337720871, 0.5263665807247162, 0.5289252632856369, 0.5270578807592392, 0.5260636812448501, 0.5232888329029083, 0.5198341655731201, 0.5215777361392975, 0.5205761760473251, 0.5208032435178757, 0.5196000701189041, 0.5168374228477478, 0.5155382418632507, 0.5176237213611603, 0.5168499767780304, 0.5113205534219741, 0.5113269054889679, 0.5147676289081573, 0.5102072083950042, 0.5090476495027542, 0.5109194016456604, 0.5074063217639924, 0.5088214361667633, 0.5040879011154175, 0.5041892701387405, 0.505897525548935, 0.5050942784547806, 0.5072568291425705, 0.5037600821256638, 0.5031110632419586, 0.49921250224113467, 0.4996597498655319, 0.49599667847156526, 0.49800539314746856, 0.49709482908248903, 0.4966962373256683, 0.501414287686348, 0.49490697264671324, 0.4947633171081543, 0.497667224407196, 0.4915651261806488, 0.48982672035694125, 0.4907304549217224, 0.48973905205726626, 0.49112078428268435, 0.487877739071846, 0.48616435527801516, 0.48771514534950255, 0.4868129527568817, 0.48364144563674927, 0.4862006598711014, 0.484488205909729, 0.4827613765001297, 0.4800042772293091, 0.4798238509893417, 0.4804695975780487, 0.479515420794487, 0.477122957110405, 0.48162219107151033, 0.4762024396657944, 0.47874543130397795, 0.4749917507171631, 0.47434875786304476, 0.4755865269899368, 0.47445628464221956, 0.47218493282794954, 0.4723957294225693, 0.4747509574890137, 0.4717010533809662, 0.47371696650981904, 0.47174687802791593, 0.46755942940711975, 0.4679340422153473, 0.4699817770719528, 0.46988182723522187, 0.4686327600479126, 0.46586493492126463, 0.46556696176528933, 0.46794581294059756, 0.46532997727394104, 0.46281446993350983, 0.4621350771188736, 0.4623766404390335, 0.46173505902290346, 0.46362124681472777, 0.46267753779888154, 0.45921865582466126, 0.46091667115688323, 0.4583038693666458, 0.45634601652622225, 0.4570187348127365, 0.4586981165409088, 0.4543529951572418, 0.4554395765066147, 0.4542839479446411, 0.45332915186882017, 0.4528466510772705, 0.4500619298219681, 0.45230590522289277, 0.44859838247299194, 0.44959003031253814, 0.45156747102737427, 0.45235572159290316, 0.45037756860256195, 0.44885740578174593, 0.4490488636493683, 0.4471079981327057, 0.44432734489440917, 0.44543314874172213, 0.440807489156723, 0.4447288602590561, 0.4466202396154404, 0.44340633749961855, 0.44202728033065797, 0.4421341621875763, 0.44206907093524933, 0.44313134491443634, 0.4384244251251221, 0.43869772911071775, 0.43890710949897765, 0.4401756328344345, 0.43736068487167357, 0.4389589536190033, 0.435091141462326, 0.4351626348495483, 0.4376006364822388, 0.4369076681137085, 0.4314147663116455, 0.4391078770160675, 0.43493686378002167, 0.43602450788021085, 0.4322754043340683, 0.431279673576355, 0.4282864397764206, 0.4316177934408188, 0.431234090924263, 0.430121922492981, 0.4300988376140594, 0.4300906497240067, 0.42538166165351865, 0.42849508762359617, 0.42866495668888094, 0.4272480034828186, 0.4293078851699829, 0.4264539414644241, 0.4264978563785553, 0.4224745315313339, 0.42919275283813474, 0.4235848778486252, 0.4249403440952301, 0.42356141686439513, 0.42203966200351717, 0.4191298812627792, 0.4228163927793503, 0.41974405825138095, 0.41601009249687193, 0.4178128707408905, 0.4174665606021881, 0.41800549924373626, 0.41876693069934845, 0.41725465953350066, 0.4178506374359131, 0.41591609179973604, 0.4163498049974442, 0.41871590197086334, 0.41571392059326173, 0.4143419086933136, 0.41079290747642516, 0.4118765902519226, 0.411028470993042, 0.41134397506713866, 0.41062878429889677, 0.41005937337875364, 0.41021515786647794, 0.4127521425485611, 0.40901073575019836, 0.4070194739103317, 0.41026205956935885, 0.40940090954303743, 0.40532744824886324, 0.40701471626758573, 0.409080263376236, 0.40582707941532137, 0.4095501208305359, 0.4055580949783325, 0.4058116811513901, 0.40190096855163576, 0.40319814324378966, 0.40245366930961607, 0.4032271182537079, 0.4031840699911118, 0.40327671587467195, 0.4019209980964661, 0.4022604602575302, 0.4017433822154999, 0.40220423936843874, 0.40014458060264585, 0.40285154461860656, 0.3989285522699356, 0.39735525488853457, 0.39842079699039457, 0.3981970602273941, 0.39813392877578735, 0.3985215526819229, 0.39468808948993683, 0.39517347812652587, 0.39560266971588137, 0.39429188668727877, 0.3934522193670273, 0.3957630556821823, 0.39358855426311495, 0.3920714920759201, 0.3907880491018295, 0.39091695845127106, 0.3947339481115341, 0.3919441109895706, 0.3894395697116852, 0.3885473781824112, 0.39070884466171263, 0.3913357698917389, 0.3890793663263321, 0.38857250452041625, 0.38746397793292997, 0.39125251114368437, 0.3902048200368881, 0.38595510840415953, 0.3864031887054443, 0.38609674990177156, 0.38690132558345797, 0.3883469694852829, 0.38792395472526553, 0.3841392397880554, 0.38391433000564573, 0.3848030161857605, 0.38597055435180666, 0.3842287677526474, 0.3851986026763916, 0.38414346575737, 