{"task": {"lambda": 1, "alpha": 3, "lr": 1e-05, "wd": 1e-06, "bits": 32}, "result": {"time stopage": true, "loss": [1.5912889647483826, 1.232700297832489, 1.1436636459827423, 1.0839606571197509, 1.0441204464435578, 1.01240216255188, 0.9863764917850495, 0.9499781024456024, 0.935257568359375, 0.9096995294094086, 0.8878484880924224, 0.8687426578998566, 0.8487266063690185, 0.844600772857666, 0.8268440222740173, 0.8047917199134826, 0.795184406042099, 0.7912604987621308, 0.7709510028362274, 0.7609406638145447, 0.7453890562057495, 0.7448596322536468, 0.7276797044277191, 0.7186496090888977, 0.7124728333950042, 0.7058057534694672, 0.6975591051578521, 0.6860760796070099, 0.6791584026813507, 0.6662641191482543, 0.6616649281978607, 0.6602407824993134, 0.6465629023313523, 0.6456982219219207, 0.6326175534725189, 0.6281803905963897, 0.6183188569545746, 0.6101209640502929, 0.6066816610097885, 0.6044087702035904, 0.5954353123903274, 0.589261719584465, 0.5887664043903351, 0.5854043263196945, 0.5750595873594284, 0.5705119627714157, 0.5677645945549011, 0.5597280901670456, 0.5528165537118912, 0.5530852097272873, 0.546900971531868, 0.541362144947052, 0.5376043528318405, 0.5363021820783616, 0.528874220252037, 0.5205028587579728, 0.5182099395990372, 0.5147971349954605, 0.5139023262262344, 0.5056159472465516, 0.5000887829065322, 0.5012487351894379, 0.4933482313156128, 0.4930706322193146, 0.48762817919254303, 0.48239664793014525, 0.4803974390029907, 0.4772467577457428, 0.4722510141134262, 0.4680024880170822, 0.4619008409976959, 0.4621924793720245, 0.46018819689750673, 0.4537373459339142, 0.4506950831413269, 0.4481216412782669, 0.44630818903446196, 0.4390478330850601, 0.4373674428462982, 0.43515855133533476, 0.4312454146146774, 0.43126076996326446, 0.427107253074646, 0.4239133840799332, 0.4197797977924347, 0.41968897700309754, 0.4147919464111328, 0.4127066308259964, 0.40747748911380766, 0.40882283508777617, 0.40582318007946017, 0.4043550181388855, 0.39963613033294676, 0.39875235795974734, 0.39540862560272216, 0.3902523803710938, 0.3904291409254074, 0.38855470657348634, 0.3825078189373016, 0.38438597857952117, 0.3788095408678055, 0.38067536652088163, 0.37842925369739533, 0.37335379898548127, 0.37410691618919373, 0.3682891660928726, 0.36579213619232176, 0.3647164195775986, 0.36164459824562073, 0.3632372981309891, 0.35931628465652465, 0.35733236372470856, 0.3531126517057419, 0.3494186916947365, 0.3547907918691635, 0.34899366497993467, 0.3450492811203003, 0.34458793222904205, 0.34192119717597963, 0.3386849057674408, 0.3401812294125557, 0.3348816525936127, 0.3338478645682335, 0.3333742973208427, 0.32930553078651426, 0.3294886255264282, 0.32670337170362473, 0.32232592582702635, 0.3201233950257301, 0.32318284451961515, 0.31877332121133806, 0.3187172102928162, 0.31557844519615175, 0.3133363080024719, 0.3118898564577103, 0.31189870595932007, 0.3077046477794647, 0.30563566416501997, 0.3052102905511856, 0.3066080445051193, 0.30156699419021604, 0.3001283583045006, 0.2991109031438828, 0.2973212504386902, 0.2978483912348747, 0.29405434519052503, 0.29250401437282564, 0.2933895948529244, 0.29068907380104064, 0.28982296168804167, 0.28664720118045806, 0.28616334617137906, 0.28458827346563337, 0.2841626653075218, 0.28162850975990295, 0.28179313510656356, 0.2775726056098938, 0.27727678954601287, 0.27818418860435484, 0.2755586630105972, 0.27440965950489044, 0.27203270882368086, 0.2700696560740471, 0.2712236359715462, 0.26935330033302307, 0.26844044029712677, 0.2655862084031105, 0.2623258340358734, 0.2631082281470299, 0.2620561593770981, 0.258040309548378, 0.25690858453512194, 0.2584244149923325, 0.2561577984690666, 0.25566126227378844, 0.25430069148540496, 0.2516580069065094, 0.2506717199087143, 0.25215012311935425, 0.24738931357860566, 0.2478158712387085, 0.24633938908576966, 0.24471404165029526, 0.24162619560956955, 0.24375512659549714, 0.24048572808504104, 0.24077014476060868, 0.24234771132469177, 0.23715777516365052, 0.23649753212928773, 0.2347554624080658, 0.23496639758348464, 0.23376363545656204, 0.2322717386484146, 0.2323784723877907, 0.23052975803613662, 0.2287573516368866, 0.2281896510720253, 0.22855642855167388, 0.22611226499080658, 0.22585518270730973, 0.22578161776065828, 0.2253918319940567, 0.22133365631103516, 0.22227619349956512, 0.21995166301727295, 0.21959703415632248, 0.2177458268404007, 0.216668481528759, 0.21718454957008362, 0.21434282451868059, 0.2142535200715065, 0.21186619192361833, 0.21386425524950028, 0.21246497243642806, 0.21090206742286682, 0.2111217522621155, 0.20874812722206115, 0.20745301008224487, 0.2060279580950737, 0.20465636014938354, 0.20528938204050065, 0.20443572372198104, 0.20478514730930328, 0.20189644753932953, 0.20112575829029083, 0.20131907016038894, 0.1990202084183693, 0.19896645843982697, 0.19659257173538208, 0.1970174142718315, 0.1959370556473732, 0.19710452646017074, 0.19580719590187073, 0.19472229808568955, 0.19328933328390122, 0.1924548080563545, 0.19169285774230957, 0.19142872214317322, 0.1895206406712532, 0.19151965141296387, 0.18856886088848113, 0.18703701347112656, 0.18725467771291732, 0.18770655661821364, 0.1856235671043396, 0.18356422066688538, 0.18326261788606643, 0.18441610455513, 0.18271632432937623, 0.181656214594841, 0.1813918337225914, 0.18027409702539443, 0.18015290528535843, 0.17697301298379897, 0.17735726177692412, 0.17675790280103684, 0.17526852279901506, 0.17617788285017014, 0.1752535480260849, 0.17530994445085527, 0.17373694539070128, 0.1729267218708992, 0.1713326907157898, 0.1710735961794853, 0.1706375026702881, 0.16984277546405793, 0.16985294640064239, 0.169624103307724, 0.16776391506195068, 0.16706748485565184, 0.16717261523008348, 0.16767488479614256, 0.16570827901363372, 0.165026193857193, 0.16332314670085907, 0.1648944279551506, 0.1633545985817909, 0.16160139560699463, 0.1615368442237377, 0.16006191059947014, 0.1606629303097725, 0.1611999051272869, 0.15890629053115846, 0.15933865666389466, 0.15762552946805955, 0.15768727347254752, 0.15662941664457322, 0.1559034749865532, 0.15561202615499498, 0.15568436965346336, 0.15339594662189485, 0.15493310064077379, 0.1529177214205265, 0.1528703737258911, 0.15263047188520432, 0.15193773716688155, 0.1501730614900589, 0.1498182888329029, 0.14901894956827164, 0.14940479516983032, 0.1491561336815357, 0.1484395395219326, 0.14778682142496108, 0.1473253321647644, 0.1454625630378723, 0.1455633084475994, 0.14599127918481827, 0.14608781307935714, 0.14419043093919753, 0.1439337109029293, 0.14363642975687982, 0.1430220940709114, 0.1438283109664917, 0.14230869144201277, 0.14066929310560228, 0.140701784491539, 0.14008281275629997, 0.14040473178029061, 0.13986939445137977, 0.13865162640810014, 0.13834777027368544, 0.1384187552332878, 0.13703853234648705, 0.13664702519774438, 0.1368394313752651, 0.13519918590784072, 0.13506132647395133, 0.13514412477612495, 0.13461154326796532, 0.13360213220119477, 0.13297016635537148, 0.13316562190651893, 0.1331796006858349, 0.13176505029201507, 0.1319125109910965, 0.1307155816257, 0.13128133088350297, 0.13020180255174638, 0.12926360443234444, 0.1288258482515812, 0.1293136730790138, 0.12784875437617302, 0.1271842122077942, 0.12824122190475465, 0.12646648168563843, 0.12608251303434373, 0.1263320964574814, 0.12600063264369965, 0.12553211987018587, 0.1252820859849453, 0.12385057970881462, 0.12399730250239373, 0.12339108347892762, 0.1231917630136013, 0.12200883820652962, 0.12197156205773353, 0.12215954393148422, 0.12163903996348381, 0.12165375158190728, 0.11998850584030152, 0.1201692433655262, 0.11894770815968514, 0.11898068010807038, 0.11913584664463997, 0.11811173632740975, 0.11793066427111626, 0.11819775328040123, 0.11707538321614265, 0.11646666824817657, 0.11680364549160004, 0.1165892443060875, 0.11578413277864456, 0.11537947371602059, 0.115408865660429, 0.11465046226978302, 0.11384608045220375, 0.11422396048903466, 0.11419241309165955, 0.11366534247994423, 0.11309858575463295, 0.11260822400450707, 0.11158560588955879, 0.11225819557905198, 0.1109748950600624, 