{"task": {"lambda": 0.5, "alpha": 5, "lr": 0.0001, "wd": 0.0001, "bits": 24}, "result": {"earlyStop": true, "loss": [2.7040768384933473, 1.39780620098114, 1.2500349116325378, 1.1618650007247924, 1.107871916294098, 1.0200318813323974, 0.9615414655208587, 0.9343654954433441, 0.9069164443016052, 0.8441117417812347, 0.8224996697902679, 0.7638487243652343, 0.7468353444337845, 0.7327156472206116, 0.6908535742759705, 0.6714199501276016, 0.6504996329545975, 0.6028653037548065, 0.6004804891347885, 0.5742673248052597, 0.5497936946153641, 0.5365253078937531, 0.5216939562559127, 0.4941684114933014, 0.47782797157764434, 0.4651341140270233, 0.43704131424427034, 0.4443437939882278, 0.41560905396938325, 0.41780763030052187, 0.39071322679519654, 0.38468904197216036, 0.3702218812704086, 0.3590207713842392, 0.3493371936678886, 0.33945878624916076, 0.32542507112026214, 0.3241853612661362, 0.306563960313797, 0.29201138883829114, 0.30680292278528215, 0.2840833342075348, 0.2638377144932747, 0.268781458735466, 0.25653826385736467, 0.2542756652832031, 0.260379441678524, 0.2338034924864769, 0.23880935698747635, 0.23159304708242417, 0.2298576793074608, 0.22028301537036896, 0.2020850646495819, 0.21310672730207444, 0.19830807238817216, 0.23567476660013198, 0.21522298991680144, 0.17105367049574852, 0.1927109280228615, 0.17562793761491777, 0.17042966350913047, 0.21168567955493928, 0.15183950006961822, 0.18335987716913224, 0.15134748250246047, 0.16878529459238054, 0.2670447425544262, 0.1406299477815628, 0.130803152769804, 0.13560236096382142, 0.1387842035293579, 0.1525418546795845, 0.14006264880299568, 0.14212886482477188, 0.14175055518746377, 0.1431595379114151, 0.1271595287322998, 0.13647515192627907, 0.1488603387773037, 0.11915081396698951, 0.16928864911198616, 0.10578495353460311, 0.11907798543572426, 0.11479125112295151, 0.1149514065682888, 0.21499935746192933, 0.10171931326389312, 0.09099110826849938, 0.16341503977775573, 0.09568559736013413, 0.09450505465269089, 0.10021009951829911, 0.10557609766721726, 0.11255728334188461, 0.10056731134653091, 0.26990135401487353, 0.08551033347845077, 0.07891446813941001, 0.08231672704219818, 0.0858189633488655, 0.1649399644136429, 0.07906361877918243, 0.07667074576020241, 0.1474113145470619, 0.07959842190146446, 0.07343080371618271, 0.1996234303712845, 0.07407721057534218, 0.08624120831489562, 0.07373804517090321, 0.10132796816527843, 0.1524820925295353, 0.08017853826284409, 0.06791976526379585, 0.0683552910387516, 0.13550014041364192, 0.06628537937998771, 0.14153392620384694, 0.07293350614607334, 0.06362861886620522, 0.10509932532906532, 0.06323394849896431, 0.11649744018912316, 0.06436442025005817, 0.17535735800862312, 0.06652940414845944, 0.05966244228184223, 0.08210909605026245, 0.0619224863499403, 0.0983669202029705, 0.05961523279547691, 0.1690403001010418, 0.06061637952923775, 0.055976801589131354, 0.11033736437559127, 0.05894686125218868, 0.05435878284275532, 0.12068095929920673, 0.06060146614909172, 0.061845643147826194, 0.058147632703185084, 0.17875950887799263, 0.05428387269377708, 0.05187653243541718, 0.056146091967821124, 0.07051677592098712, 0.08532158315181732, 0.05178827725350857, 0.21519544221460818, 0.05656407617032528, 0.05007450997829437, 0.05131972022354603, 0.049563822150230405, 0.1850344818085432, 0.058811996430158615, 0.04793666824698448, 0.046928163096308706, 0.08705063991248607, 0.046697667837142944, 0.06430931940674782, 0.13194534309208394, 0.04569298632442951, 0.045320318043231965, 0.11340376488864422, 0.048403586000204085, 0.046771123334765435, 0.09473460040986538, 0.048836091980338094, 0.05719090104103088, 0.08673115268349647, 0.05164020121097565, 0.05675837635993958, 0.0555637289583683], "map": 0.7050242127546053}, "time": 352.0416316986084}