{"task": {"lambda": 0.5, "alpha": 1, "lr": 0.0001, "wd": 1e-06, "bits": 12}, "result": {"earlyStop": true, "loss": [1.1869744712114334, 0.5328196412324906, 0.4889699006080627, 0.4536301666498184, 0.44272935926914214, 0.42042283475399017, 0.3984883201122284, 0.38182717084884643, 0.38022023797035215, 0.35302252531051637, 0.34286614418029787, 0.3329006654024124, 0.31541355460882187, 0.3116982424259186, 0.2908466365933418, 0.2944081446528435, 0.2799753379821777, 0.2753145948052406, 0.2694623735547066, 0.25632029980421067, 0.2529680612683296, 0.24442644894123078, 0.23893745213747025, 0.23141908049583435, 0.2252615362405777, 0.2244846472144127, 0.21697778552770614, 0.21191622346639633, 0.20331420749425888, 0.20448381960391998, 0.19677221328020095, 0.19478226840496063, 0.1830701258778572, 0.18157327860593797, 0.18179393589496612, 0.1803104656934738, 0.17135591730475425, 0.17152178168296814, 0.17063941568136215, 0.1588040453195572, 0.15922704488039016, 0.15435533225536346, 0.15711316615343093, 0.14768203288316728, 0.15330200150609016, 0.14624196350574492, 0.13876699775457382, 0.13967564538121224, 0.1373673565685749, 0.13748692840337753, 0.13142468318343162, 0.13811400443315505, 0.12827911242842674, 0.1250558851659298, 0.12884954810142518, 0.1242195388674736, 0.11973590612411499, 0.11791915208101272, 0.12029989466071128, 0.11502256408333779, 0.11863151654601096, 0.11400770574808121, 0.10958178207278252, 0.11261654555797578, 0.10637873739004135, 0.10521244466304779, 0.11173687323927879, 0.09775217771530151, 0.10538653507828713, 0.10153628349304199, 0.1067901723086834, 0.09262644916772843, 0.09573621913790703, 0.10914054289460182, 0.0911036927998066, 0.09639730244874954, 0.08778554707765579, 0.09091485843062401, 0.0927010004222393, 0.08814759284257889, 0.09369975507259369, 0.08658369660377502, 0.09249348118901253, 0.08083091735839844, 0.08874664008617401, 0.08403002172708511, 0.08276709467172623, 0.08486888609826565, 0.07595343850553035, 0.09035460755228997, 0.07918494604527951, 0.07717797227203846, 0.07626382000744343, 0.07677702464163304, 0.08012282967567444, 0.08239987194538116, 0.06967207044363022, 0.07769241519272327, 0.07138041511178017, 0.0756940970569849, 0.0727919265627861, 0.08891863942146301, 0.06034465588629246, 0.07246870465576649, 0.06652009829878808, 0.06963346101343632, 0.06863796018064022, 0.07464073844254017, 0.06428655780851841, 0.06814282983541489, 0.06654995515942573, 0.07252640277147293, 0.06117134563624859], "map": 0.8047772079532569}, "time": 229.21266508102417}