{"task": {"lambda": 0.5, "alpha": 1, "lr": 1e-06, "wd": 1e-05, "bits": 32}, "result": {"earlyStop": true, "loss": [1.2275301647186279, 1.0409355354309082, 0.9555984127521515, 0.8997959291934967, 0.8559708058834076, 0.8207034420967102, 0.7905246865749359, 0.7702172720432281, 0.7496739280223846, 0.7336521029472352, 0.7203730607032776, 0.7076450192928314, 0.703233460187912, 0.691547577381134, 0.6809277296066284, 0.6736742198467255, 0.6691841399669647, 0.6596262013912201, 0.6554664051532746, 0.6470384740829468, 0.6437613570690155, 0.6348159229755401, 0.6255441057682037, 0.6290467822551727, 0.6199623584747315, 0.615497350692749, 0.6096839010715485, 0.6036612629890442, 0.6003232061862945, 0.5998673927783966, 0.5954085302352905, 0.5903420895338058, 0.5817116391658783, 0.5839227831363678, 0.5789738351106644, 0.5770428782701492, 0.5740377116203308, 0.5705255669355392, 0.567040604352951, 0.5639145714044571, 0.5615869551897049, 0.5584956228733062, 0.5505578869581222, 0.5539124697446823, 0.5495530372858047, 0.5462103962898255, 0.5464561557769776, 0.5417294842004776, 0.5427104580402374, 0.5373038756847381, 0.5334651458263397, 0.5314754724502564, 0.5257541555166244, 0.5334332710504532, 0.5248569214344024, 0.5237016850709915, 0.5216961449384689, 0.5209618246555329, 0.5184446424245834, 0.5177940052747726, 0.5118816548585892, 0.5119721126556397, 0.5113507562875748, 0.5076761704683304, 0.5062443876266479, 0.5063779902458191, 0.5044172275066375, 0.5021207123994827, 0.5023842471837997, 0.5027120780944824, 0.4940703535079956, 0.4964668256044388, 0.49261400699615476, 0.4898420798778534, 0.4854112631082535, 0.4849343693256378, 0.4866361844539642, 0.48263594806194304, 0.4792500436306, 0.4823383796215057, 0.48247195065021514, 0.4802651065587997, 0.48117732226848603, 0.47870552897453306, 0.4774340450763702, 0.4732573413848877, 0.4758081650733948, 0.4744390797615051, 0.4714526695013046, 0.4663476759195328, 0.47217341005802155, 0.4692392063140869, 0.465540314912796, 0.4667866998910904, 0.4662525886297226, 0.4627224040031433, 0.4608694851398468, 0.46321650326251984, 0.4599191105365753, 0.45702059447765353, 0.4591811609268188, 0.4532651323080063, 0.4509971231222153, 0.45358571350574495, 0.45086319983005524, 0.451509045958519, 0.4508155107498169, 0.4467548710107803, 0.4478404998779297, 0.44664558947086336, 0.44761749744415286, 0.4415870678424835, 0.44462962746620177, 0.4454322773218155, 0.4416304165124893, 0.4431865853071213, 0.4382997250556946, 0.438968425989151, 0.4386565816402435, 0.4381712692975998, 0.43497120559215546, 0.4380223101377487, 0.43534570455551147, 0.4313063222169876, 0.4306791716814041, 0.436033319234848, 0.42927304744720457, 0.43038524031639097, 0.4319338834285736, 0.4297063267230988, 0.4281373941898346, 0.42521275877952575, 0.42663746535778047, 0.4236287271976471, 0.4230544030666351, 0.4259860855340958, 0.42463748216629027, 0.42029292285442355, 0.41747549951076507, 0.42019632160663606, 0.41362297654151914, 0.41755843698978423, 0.4160384792089462, 0.4139864182472229, 0.4101978200674057, 0.41383634209632875, 0.4151024669408798, 0.4127194982767105, 0.4097203493118286, 0.4127390909194946, 0.40779592633247375, 0.4078864240646362, 0.4105624979734421, 0.40734698474407194, 0.40513395130634305, 0.4042144411802292, 0.40595217764377595, 0.40533156096935274, 0.4050100690126419, 0.4008550977706909, 0.4014852327108383, 0.4046659594774246, 0.39935382306575773, 0.39919191896915435, 0.40068556427955626, 0.3987827694416046, 0.40067285656929014, 0.397848014831543, 0.39746917188167574, 0.3961286103725433, 0.3957107001543045, 0.39191959381103514, 0.3910347217321396, 0.39000993728637695, 0.39173937261104586, 0.3881874167919159, 0.38676458716392514, 0.3924444544315338, 0.38754645943641663, 0.3876272284984589, 0.3874649280309677, 0.38303489446640016, 0.3853837829828262, 0.382827473282814, 0.38380983531475066, 0.38511876165866854, 0.38068768799304964, 0.3825900316238403, 0.3823363959789276, 0.38281279504299165, 0.3803144770860672, 0.3808546143770218, 0.38213361859321593, 0.37695896804332735, 0.3782901853322983, 0.37519721388816835, 0.37455744683742526, 0.37491178572177886, 0.3725186359882355, 0.379998664855957, 0.3752230483293533, 0.37639259934425356, 0.37169210076332093, 0.373412584066391, 0.3749382698535919, 0.37127462089061736, 0.3682417941093445, 0.36896315336227414, 0.3698374402523041, 0.37115108489990234, 0.36787794411182406, 0.36863196790218355, 0.36764262199401854, 0.367412970662117, 0.3646968472003937, 0.3654997658729553, 0.3640669411420822, 0.3650426524877548, 0.3626162177324295, 0.36052054226398467, 0.36281836092472075, 0.36232965111732485, 0.36015045404434204, 0.35959174573421476, 0.3611961901187897, 0.36009409666061404, 0.35744964599609375, 0.35670470625162126, 0.35643213748931885, 0.3576467245817184, 0.35701737880706785, 0.356430242061615, 0.3556568264961243, 0.35533161997795104, 0.35269020855426786, 0.35417228639125825, 0.3550502747297287, 0.35360506296157834, 0.35233610212802885, 0.35213439345359804, 0.3503872013092041, 0.35094222605228426, 0.34910320818424223, 0.35005365550518036, 0.3485596930980682, 0.3503615444898605, 0.3509680092334747, 0.34938025414943696, 0.34680805802345277, 0.3439573734998703, 0.34694073438644407, 0.34578523099422454, 0.3463354641199112, 0.34419897973537444, 0.3433108252286911, 0.3429398584365845, 0.34548812687397, 0.34659020364284515, 0.34266667425632474, 0.34334051549434663, 0.34353329479694367, 0.339752995967865, 0.33989546954631805, 0.33894810527563096, 0.33877386152744293, 0.3364684909582138, 0.33817203104496, 0.33958460211753844, 0.33574791610240934, 0.3403438174724579, 0.3359779596328735, 0.33616961777210236, 0.3381038236618042, 0.3351476186513901, 0.3380237585306168, 0.33486710011959075, 0.3335683101415634, 0.3330785655975342, 0.3345795679092407, 0.33295858711004256, 0.3318758761882782, 0.33008072286844253, 0.3294189015030861, 0.32972037374973295, 0.33403813481330874, 0.3327008530497551, 0.32791915476322175, 0.3283700489997864, 0.33066505670547486, 0.32650889694690705, 0.32801761865615847, 0.3223087215423584, 0.32597787380218507, 0.3229611331224442, 0.32532523274421693, 0.32608751714229584, 0.32653060019016267, 0.32581876814365385, 0.3215159237384796, 0.3251417127251625, 0.3259274837374687, 0.3244442015886307, 0.3239319616556168, 0.3246560859680176, 0.32520169138908384, 0.3225410920381546, 0.3201670128107071, 0.3206716349720955, 0.31980435192584994, 0.32201036155223844, 0.3176668655872345, 0.3200628945231438, 0.32101169288158415, 0.31971285402774813, 0.3174320739507675, 0.3183804625272751, 0.31757316172122957, 0.31680890381336213, 0.31691973030567167, 0.3139918905496597, 0.31697453051805496, 0.31622041046619415, 0.3146151265501976, 0.3133358561992645, 0.3131705468893051, 0.31266621232032776, 0.31344438433647154, 0.3158607345819473, 0.3123538008332252, 0.3113879182934761, 0.30848167777061464, 0.30996034532785416, 0.3073962277173996, 0.30988337099552155, 0.3113668531179428, 0.31134347558021547, 0.3080518636107445, 0.30791176795959474, 0.3081181281805038, 0.30825156927108766, 0.3099769872426987, 0.30604147374629975, 0.30814465165138244, 0.307883523106575, 0.30801091849803924, 0.3059162226319313, 0.30434487879276273, 0.30685754865407944, 0.3049546834826469, 0.3058596259355545, 0.3021498662233353, 0.30429738134145734, 0.3040074414014816, 0.3030787581205368, 0.3007874619960785, 0.30139735639095305, 0.301632721722126, 0.30078288972377776, 0.30045545428991316, 0.30223297953605655, 0.2996560499072075, 0.30119949996471407, 0.29958655893802644, 0.29875928461551665, 0.29939539402723314, 0.2971115958690643, 0.2999000084400177, 0.2948169758915901, 0.29754147469997405, 0.2987432587146759, 0.2981603443622589, 0.29680509775877, 0.2980906116962433, 0.29579519808292387, 0.29430723637342454, 0.29148580253124234, 0.2950828015804291, 0.29583352208137514, 0.29475184887647626, 0.29439449071884155, 0.2945951551198959, 0.2936599877476692, 0.2925682345032692, 0.29405383855104444, 0.2913319981098175, 0.2916557085514069, 0.2928770518302917, 0.290829721391201, 