{"task": {"lambda": 0.5, "alpha": 3, "lr": 1e-05, "wd": 1e-06, "bits": 32}, "result": {"time stopage": true, "loss": [1.424970154762268, 1.0940058767795562, 1.0111848056316375, 0.9558538615703582, 0.913594036102295, 0.8723952567577362, 0.8465527546405792, 0.8243548405170441, 0.8109211707115174, 0.7859096074104309, 0.7754287385940551, 0.7519423222541809, 0.7373992943763733, 0.720912538766861, 0.71394690990448, 0.6918659377098083, 0.680082025527954, 0.6710563683509827, 0.6659633415937424, 0.6529295253753662, 0.6482875537872315, 0.636907719373703, 0.6228997737169266, 0.614901978969574, 0.6035787743330002, 0.5968141543865204, 0.5897924166917801, 0.5824957716464997, 0.5809827321767806, 0.5666718292236328, 0.5646680909395217, 0.5575870543718338, 0.5494423025846481, 0.5447150152921677, 0.5380858492851257, 0.5321482396125794, 0.5234211272001267, 0.522371638417244, 0.5123621964454651, 0.5073880136013031, 0.502278259396553, 0.4986241602897644, 0.49045608162879945, 0.48961771368980406, 0.4841215777397156, 0.48144113421440127, 0.47639939427375794, 0.4656002724170685, 0.4674133014678955, 0.45847064554691314, 0.46165664613246915, 0.45749898433685304, 0.4487955689430237, 0.4448380094766617, 0.4412428647279739, 0.4333028042316437, 0.43370832145214083, 0.4331498175859451, 0.42591430604457853, 0.42475549936294554, 0.421931112408638, 0.415880851149559, 0.41419150233268737, 0.4108706176280975, 0.40895560681819915, 0.40232187151908877, 0.4019975244998932, 0.3960312205553055, 0.39335268080234526, 0.3914844188094139, 0.38731137812137606, 0.38609755754470826, 0.38202054917812345, 0.37983918786048887, 0.3747331380844116, 0.37280826896429065, 0.3686449247598648, 0.36748948514461516, 0.36313380777835846, 0.3596557384729385, 0.35497397124767305, 0.35776956140995025, 0.3528976276516914, 0.34734277725219725, 0.3489116609096527, 0.34431122183799745, 0.34323922514915467, 0.33970501005649567, 0.33898483514785765, 0.3339916270971298, 0.32959771931171417, 0.334067565202713, 0.32980995535850527, 0.3284056627750397, 0.32091688483953473, 0.32075788408517836, 0.31765764981508254, 0.3164351817965507, 0.31197130858898164, 0.3135093712806702, 0.31213961750268937, 0.30694508492946626, 0.30823743999004366, 0.3090606725215912, 0.30445390731096267, 0.3007510083913803, 0.2991710698604584, 0.29644448339939117, 0.29375439643859863, 0.292165647149086, 0.2884657061100006, 0.2892373779416084, 0.2885338500142097, 0.28398676693439484, 0.282073917388916, 0.2794297471642494, 0.27941596776247024, 0.27683546662330627, 0.2746178418397903, 0.2732049623131752, 0.2715006935596466, 0.2721355471014977, 0.2683331522345543, 0.2673473697900772, 0.26590570896863935, 0.26320808500051496, 0.26331026017665865, 0.25621271044015886, 0.25926788330078127, 0.25970860362052917, 0.2549545094370842, 0.2552978986501694, 0.2541501623392105, 0.2466679957509041, 0.24742268800735473, 0.2516683998703957, 0.24719514429569245, 0.24633834898471832, 0.24392462968826295, 0.24109696865081787, 0.2391890424489975, 0.2416660812497139, 0.23965737104415893, 0.23753909140825272, 0.23454686284065246, 0.23411713659763336, 0.23215665131807328, 0.23023655354976655, 0.23051371723413466, 0.22806478917598724, 0.22476059466600418, 0.2250648906826973, 0.2256300327181816, 0.22118646830320357, 0.2206437200307846, 0.21944311439990996, 0.2168796318769455, 0.21885013997554778, 0.21661823332309724, 0.21514672726392747, 0.2138553664088249, 0.2171946170926094, 0.2097073596715927, 0.2085582783818245, 0.206868836581707, 0.2062327507138252, 0.20701366901397705, 0.20552062809467317, 0.20364638805389404, 0.2039577281475067, 0.20260890930891037, 0.20129328548908235, 0.20057265639305114, 0.19775636732578278, 0.19722469985485078, 0.19572197258472443, 0.19739875048398972, 0.19373241305351258, 0.19244172245264055, 0.19163479149341583, 0.19315315872430802, 0.19009603649377824, 0.18695787340402603, 0.18560728669166565, 0.18721106112003327, 0.1844087463617325, 0.18497280806303024, 0.18147822082042694, 0.1815524235367775, 0.17989021748304368, 0.18168751925230026, 0.17813120543956756, 0.17905723363161086, 0.1793002024292946, 0.1779026445746422, 0.17656423762440682, 0.17526797980070113, 0.17415037125349045, 0.1728138282895088, 0.17326144576072694, 0.16929907739162445, 0.17109280079603195, 0.16954521656036378, 0.16914673566818236, 0.1673911616206169, 0.16767855912446974, 0.1660570967197418, 0.1646287751197815, 0.16568869799375535, 0.1639651757478714, 0.16178024291992188, 0.16154150694608688, 0.16174391150474549, 0.16086110323667527, 0.16033368974924087, 0.15967849314212798, 0.15947987765073776, 0.15735292971134185, 0.15697030067443848, 0.1559135875105858, 0.1556459015607834, 0.15428885519504548, 0.15435950666666032, 0.15230340987443924, 0.15076932966709136, 0.15035177797079086, 0.14921954825520514, 0.14923613548278808, 0.14901354134082795, 0.15010494932532312, 0.14661150857806204, 0.14722004994750024, 0.14564697578549385, 0.1467604537308216, 0.14370663464069366, 0.1439899417757988, 0.14310281589627266, 0.14149855509400366, 0.14166465058922767, 0.14152653455734254, 0.13946040943264962, 0.1382051907479763, 0.13939297661185265, 0.13828471630811692, 0.13908470928668976, 0.1372006767988205, 0.13728015452623368, 0.1362663409113884, 0.13492893144488335, 0.13426272302865982, 0.13380806908011436, 0.13400765016674995, 0.13123419135808945, 0.13219619452953338, 0.13117064163088799, 0.13146115928888322, 0.12991174966096877, 0.1294612105190754, 0.1285197129845619, 0.12795406833291054, 0.1293333224952221, 0.12688551276922225, 0.125983447432518, 0.1256813132762909, 0.12403850570321083, 0.12581740453839302, 0.12575232103466988, 0.12401781231164932, 0.12333402752876282, 0.12164360031485558, 0.12147425964474678, 0.12102931082248687, 0.1214007194340229, 0.11988437294960022, 0.12020078957080842, 0.11896384745836258, 0.11929223209619522, 0.11798211216926574, 0.11691630765795707, 0.11763085290789604, 0.11698496624827386, 0.11530159711837769, 0.11509360283613206, 0.11417692095041275, 0.11493702694773673, 0.11418074756860733, 0.11359144553542137, 0.11290030255913734, 0.11174998521804809, 0.11215340062975883, 0.11068504706025123, 0.11007088288664818, 0.11153252124786377, 0.10994896844029427, 0.10998902291059494, 0.10895426571369171, 0.10954981371760368, 0.10931151300668716, 0.10723302185535431, 0.10777286186814308, 0.10699634999036789, 0.10729549899697303, 0.10579843372106552, 0.10638709962368012, 0.10589963272213936, 0.1055538310110569, 0.10409470543265342, 0.1043853335082531, 0.10395146504044533, 0.10383586153388023, 0.10335730046033859, 0.10195095837116241, 0.10189785048365593, 0.10176008284091949, 0.09956392228603363, 0.09947462052106858, 0.10013607814908028, 0.10076259925961495, 0.09994917020201682, 0.09941524669528007, 0.09810119464993478, 0.09754851266741753, 0.09801899194717408, 0.09785364642739296, 0.09689551010727883, 0.09626474976539612, 0.09613131791353226, 0.09616016134619713, 0.0952545240521431, 0.095344308167696, 0.09430153623223304, 0.09443218320608139, 0.09461987793445586, 0.09302064374089242, 0.09307103708386422, 0.09247756451368332, 0.09228109255433083, 0.09216660007834435, 0.09169278502464294, 0.09186933159828187, 0.0908139331638813, 0.09073584824800492, 0.09078601956367492, 0.09044814243912697, 0.08940677538514137, 0.08964468583464623, 0.0900186087191105, 0.08871518135070801, 0.08858773767948151, 0.0875092725455761, 0.08801436468958855, 0.0877650673687458, 0.08707202225923538, 0.08739902138710022, 0.0866890649497509, 0.0859452636539936, 0.08630222082138062, 0.08601033598184586, 0.08542861610651016, 0.08445839211344719, 0.08421911597251892, 0.0851519313454628, 0.08442275807261466, 0.08339201897382736, 0.08397705912590027, 0.08339262440800667, 0.08267760261893273, 0.08327131688594819, 0.08236414775252342, 0.08189744964241981, 0.0818740938603878, 0.08126098349690437, 0.08098130717873574, 0.0810716113448143, 0.08078572779893875, 0.08057655915617942, 0.08010795757174492, 0.0795094145834446, 0.07920409917831421, 0.07883763447403908, 0.07895473405718803, 0.0787284180521965, 