{"task": {"lambda": 0.5, "alpha": 5, "lr": 1e-06, "wd": 1e-05, "bits": 24}, "result": {"earlyStop": true, "loss": [4.516640973091126, 3.662017865180969, 3.1563595390319823, 2.8480566263198854, 2.6450065755844117, 2.4944176197052004, 2.391889100074768, 2.2876337575912475, 2.198401110172272, 2.1434482884407045, 2.0724575400352476, 2.0149943971633912, 1.9775049114227294, 1.9466776537895203, 1.8930366086959838, 1.868211944103241, 1.8479407525062561, 1.8183111834526062, 1.8105692648887635, 1.7710525298118591, 1.7563300561904907, 1.7404177975654602, 1.71929625749588, 1.7082535076141356, 1.688346071243286, 1.6757592678070068, 1.6586575078964234, 1.6511001539230348, 1.6175867414474487, 1.6258508801460265, 1.606781849861145, 1.5930241298675538, 1.5692101263999938, 1.5796675634384156, 1.5531900453567504, 1.5638330745697022, 1.5407331037521361, 1.541128318309784, 1.5271151471138, 1.52050705909729, 1.4983586812019347, 1.5006485962867737, 1.4783220744132997, 1.479758722782135, 1.4631520700454712, 1.4633952164649964, 1.4640465593338012, 1.4470502758026123, 1.4444613695144652, 1.4279098224639892, 1.4352925944328307, 1.4320275640487672, 1.4189022278785706, 1.410555648803711, 1.4033522772789002, 1.4081494855880736, 1.3997401595115662, 1.3996884250640869, 1.3914742255210877, 1.375557520389557, 1.3821175909042358, 1.3649964070320129, 1.3644400453567505, 1.3667761659622193, 1.349921133518219, 1.362436273097992, 1.3441379594802856, 1.3432980966567993, 1.342503068447113, 1.3257015359401703, 1.3163958764076233, 1.3229608702659608, 1.3246220827102662, 1.314823535680771, 1.3192869067192077, 1.3043605589866638, 1.309124732017517, 1.2894922184944153, 1.288743395805359, 1.2883486425876618, 1.2774247598648072, 1.2808795297145843, 1.2818086647987366, 1.269791533946991, 1.2724768400192261, 1.2670519304275514, 1.26010094165802, 1.25532217502594, 1.2505798518657685, 1.2633113145828248, 1.245011202096939, 1.2459668791294098, 1.2406572544574737, 1.2407012581825256, 1.2347235310077667, 1.2271836602687836, 1.233440673351288, 1.222926799058914, 1.2167784106731414, 1.2216500866413116, 1.2131756269931793, 1.2103410029411317, 1.2029378306865692, 1.2157851588726043, 1.218364200592041, 1.2065792191028595, 1.1909861528873444, 1.2030851137638092, 1.187528122663498, 1.1927648389339447, 1.1950360655784606, 1.1936952209472655, 1.182405216693878, 1.186159179210663, 1.1714069044589996, 1.1788696336746216, 1.163900943994522, 1.175005729198456, 1.1594294500350952, 1.1650117361545562, 1.1576777446269988, 1.1555927729606628, 1.1658139097690583, 1.1585352694988251, 1.160423971414566, 1.1526841366291045, 1.1531995666027068, 1.137572363615036, 1.1450478553771972, 1.144510979652405, 1.1348443531990051, 1.1318371021747589, 1.129784734249115, 1.130324729681015, 1.1343671309947967, 1.1354094660282135, 1.1334178388118743, 1.115460810661316, 1.1089227747917176, 1.1219697380065918, 1.1139553153514863, 1.1024226498603822, 1.1056002807617187, 1.1121818816661835, 1.1056288194656372, 1.1022356295585631, 1.0916028892993928, 1.1052478098869323, 1.0913168799877166, 1.0973273956775664, 1.0944189608097077, 1.0858103930950165, 1.081405324935913, 1.0874517524242402, 1.084139198064804, 1.086754198074341, 1.0782350862026215, 1.0849821496009826, 1.0798296892642976, 1.0786382031440735, 1.0556411588191985, 1.071046417951584, 1.0698851811885834, 1.0697909557819367, 1.0721259427070617, 1.0622079014778136, 1.0640023267269134, 1.0716357243061065, 1.0598104786872864, 1.0487194073200226, 1.0553897547721862, 1.0496380591392518, 1.0469069015979766, 1.0473511838912963, 1.0498331248760224, 1.0459795832633971, 1.0381596577167511, 1.0447010433673858, 1.0415763080120086, 1.0439854383468627, 1.0396355724334716, 1.0363522398471832, 1.041445313692093, 1.0237344086170197, 1.0295405888557434, 1.0200801217556, 1.0205711209774018, 1.0316923248767853, 1.0221287393569947, 1.0130038619041444, 1.0187492537498475, 1.0172254526615143, 1.0228556406497955, 1.0070492374897002, 1.010258845090866, 1.0114208221435548, 1.0129011821746827, 1.011318564414978, 1.0104313457012177, 1.0100155508518218, 1.0040520823001862, 0.9994052052497864, 0.9908857190608978, 1.0055271542072297, 0.9966377246379853, 1.0020083105564117, 0.9968318712711334, 0.9901392483711242, 0.9894419825077057, 0.9916902124881745, 0.989120979309082, 0.9831412386894226, 0.9798491084575653, 0.9851929843425751, 0.9787914907932281, 0.9724184596538543, 0.9767537546157837, 0.9802912056446076, 0.9824077677726746, 0.9606776070594788, 0.9734212446212769, 0.9758844888210296, 0.9735206556320191, 0.9649944484233857, 0.9584696340560913, 0.9586106443405151, 0.9663090193271637, 0.9707648527622222, 0.9702441418170928, 0.9623167383670806, 0.9642204213142395, 0.9600983154773712, 0.9481672775745392, 0.9522774970531463, 0.9498755955696105, 0.9555882751941681, 0.947685421705246, 0.9594622874259948, 0.9486859977245331, 0.9368969488143921, 0.9436019945144654, 0.9412774193286896, 0.9448816335201263, 0.9418407475948334, 0.9415872704982757, 0.9398422968387604, 0.9437932252883912, 0.935833271741867, 0.9407354259490966, 0.9333532452583313, 0.9383866488933563, 0.9332030582427978, 0.9340675973892212, 0.9308757877349854, 0.9345386695861816, 0.9268200731277466, 0.9180698502063751, 0.9187479889392853, 0.928109257221222, 0.9208449363708496, 0.9119377112388611, 0.92692746758461, 0.916859301328659, 0.9188183403015137, 0.9127389097213745, 0.9185996580123902, 0.9102261984348297, 0.91848797082901, 0.913070684671402, 0.9093690478801727, 0.9128969168663025, 0.910656189918518, 0.9037196493148804, 0.9115564882755279, 0.9075749051570893, 0.9022947704792023, 0.9051914989948273, 0.8956449782848358, 0.8926584088802337, 0.8930151581764221, 0.9012639892101287, 0.8941083264350891, 0.9041371870040894, 0.9021232068538666, 0.8924342656135559, 0.8959123075008393, 0.8955138838291168, 0.8895147585868836, 0.8953384006023407, 0.890341364145279, 0.878823961019516, 0.8924478685855866, 0.883088344335556, 0.8848991334438324, 0.878138016462326, 0.8832036554813385, 0.8897195196151734, 0.8769903886318207, 0.8886496245861053, 0.8782923340797424, 0.8706722831726075, 0.8771510434150696, 0.8785945224761963, 0.8715280246734619, 0.8708060312271119, 0.8774660694599151, 0.871730328798294, 0.8718911755084991, 0.8666773796081543, 0.8683740437030792, 0.8656717729568482, 0.8572072732448578, 0.8723672676086426, 0.8705084800720215, 0.8651120102405548, 0.8606300711631775, 0.8598784530162811, 0.8653932309150696, 0.8528145623207092, 0.8569924879074097, 0.8605336332321167, 0.851672123670578, 0.8548473548889161, 0.8454811334609985, 0.8504973304271698, 0.8553039383888245, 0.8532308995723724, 0.8444531762599945, 0.8579467391967773, 0.8444710612297058, 0.8439507186412811, 0.8420211243629455, 0.8530964553356171, 0.8489621913433075, 0.8386418986320495, 0.8433667922019958, 0.8467656326293945, 0.8469386804103851, 0.8437090861797333, 0.8300647580623627, 0.8412151432037354, 0.83602259516716, 0.839424192905426, 0.8252971041202545, 0.8353893840312958, 0.8331323456764221, 0.8320687472820282, 0.8296784067153931, 0.8402524614334106, 0.8302870607376098, 0.8245531868934631, 0.8236676812171936, 0.825057989358902, 0.8206620669364929, 0.8244451332092285, 0.8276804709434509, 0.8278738653659821, 0.8270039916038513, 0.819903175830841, 0.809461727142334, 0.8220968806743622, 0.8251020312309265, 0.8215279340744018, 0.8210942125320435, 0.8248531079292297, 0.8153730380535126, 0.8126955115795136, 0.8200198662281036, 0.8056391775608063, 0.8116311371326447, 0.8103123700618744, 0.8093753361701965, 0.8145475339889526, 0.7996749913692475, 0.8072125577926635, 0.806685767173767, 0.8041813194751739, 0.7978169345855712, 0.8011563837528228, 0.8138677883148193, 0.8083754253387451, 0.8001992988586426, 0.8028122770786286, 0.7962409543991089, 0.7894940543174743, 0.7967326891422272, 0.8029147481918335, 0.7916266810894013, 0.7929383051395417, 0.7913558280467987, 0.7884233236312866, 0.7932032704353332, 0.7887159049510956, 0.7952088439464569, 0.7860604834556579, 0.7920147800445556, 0.7829712617397309, 0.7823914992809295, 