{"task": {"lambda": 0.5, "alpha": 3, "lr": 0.0001, "wd": 0.0001, "bits": 24}, "result": {"earlyStop": true, "loss": [1.867029502391815, 0.9360235035419464, 0.8455336809158325, 0.7892934119701386, 0.7326468968391419, 0.6777101522684097, 0.6572683691978455, 0.606762773990631, 0.5893481409549713, 0.5672342491149902, 0.5303548544645309, 0.5076761358976364, 0.4902394866943359, 0.4727002888917923, 0.45580156683921813, 0.4277623653411865, 0.4126972246170044, 0.4038516873121262, 0.39571271955966947, 0.36932520389556883, 0.35591225147247313, 0.34837459683418276, 0.34026979029178617, 0.32057663053274155, 0.31414105236530304, 0.2970466423034668, 0.29065045893192293, 0.2942780527472496, 0.27992040425539017, 0.25974523842334746, 0.253285206258297, 0.2605763816833496, 0.250497909784317, 0.23433569371700286, 0.24185365438461304, 0.21691264510154723, 0.21593750655651092, 0.22102785408496856, 0.20999213606119155, 0.1937771335244179, 0.19885393589735031, 0.1969737035036087, 0.18602464467287064, 0.19035017907619475, 0.17516109332442284, 0.17111604124307633, 0.17176617801189423, 0.16144791528582572, 0.17391813606023787, 0.15418561428785324, 0.15501201435923576, 0.14281182065606118, 0.18919500201940537, 0.13397786349058152, 0.1352561654150486, 0.1339397808909416, 0.1326231749355793, 0.1471347591280937, 0.14756965413689613, 0.11597098663449287, 0.12172103360295296, 0.14665402993559837, 0.1239737543463707, 0.12023580893874168, 0.11622943624854087, 0.13151879027485847, 0.10357834830880165, 0.11449386194348335, 0.10441418886184692, 0.11624135181307793, 0.12613338574767113, 0.092569128125906, 0.10141176834702492, 0.12957027181982994, 0.09010671019554138, 0.08860290557146072, 0.11022441908717155, 0.09825729742646218, 0.08559074699878692, 0.15638274490833282, 0.07961312524974345, 0.07891198217868806, 0.12196442127227783, 0.07604129873216152, 0.07851908832788468, 0.08732860647141934, 0.10856620594859123, 0.07605494335293769, 0.08115015611052513, 0.12244760058820248, 0.07661905758082867, 0.07071682952344417, 0.12290180154144764, 0.06926323838531971, 0.06650695212185383, 0.08101868703961372, 0.07133953206241131, 0.087071812748909, 0.10095299810171127, 0.09740745559334756, 0.06126436688005924, 0.08623151399195195, 0.062071666866540906, 0.08727234147489071, 0.10071350768208504, 0.05830158457159996, 0.06216268740594387, 0.06559295535087585, 0.07885194458067417, 0.08652560129761695, 0.08295786201953888, 0.05885939478874207, 0.05509743601083755, 0.11614691749215127, 0.07408741652965546, 0.052670424580574034, 0.052600728049874305, 0.1281550984829664, 0.0699369128793478, 0.051112673580646514, 0.05046625182032585, 0.10176766291260719, 0.05539375223219395, 0.050313043370842934, 0.05547708489000797, 0.06671403855085373, 0.048434250131249426, 0.12989456988871098, 0.04754071764647961, 0.0477748304605484, 0.047981986030936244, 0.05876647084951401, 0.06480844043195248, 0.0492560788244009, 0.11745369352400303, 0.049784247130155564, 0.043348152637481686, 0.06079990938305855, 0.046343878284096716, 0.09886921592056751, 0.042975276932120325, 0.04372501999139786, 0.08634298883378505, 0.044307303577661515, 0.04093563228845596, 0.05727655008435249, 0.0674180468171835, 0.04331312797963619, 0.10198464833199977, 0.04345343358814716, 0.03912794753909111, 0.03960998736321926, 0.07625394552946091, 0.039438794031739235, 0.064623170979321, 0.03906033776700497, 0.04207000151276588, 0.1212379065901041, 0.040105347856879234, 0.03610955279320478, 0.03637875691056251, 0.03992079094052315, 0.07749569520354271, 0.03760614067316055, 0.03716637466102839, 0.07539721101522445, 0.03571852922439575, 0.03834336347877979, 0.09346977896988391, 0.03503902457654476, 0.035837450958788396, 0.08136441715061665, 0.03681413795799017, 0.03307327017188072, 0.03539847891777754, 0.1191063429415226, 0.034053618609905245, 0.032287377938628195, 0.033196096904575825, 0.04189522445201874, 0.08469966750591994, 0.03750499483197928, 0.03191325556486845, 0.06240547455847263, 0.035549265034496784, 0.030822104401886465, 0.037899775952100756, 0.1312209104001522, 0.03205299846827984, 0.02986996166408062, 0.030616402849555014, 0.1054311703518033, 0.037895352840423585, 0.02983655922114849, 0.029335726611316205, 0.03324619978666306, 0.033290170654654505, 0.0415711759775877, 0.08663504865020513, 0.031734952442348, 0.028122822158038616, 0.02935676123946905, 0.09171945791691542, 0.028510132804512978, 0.02790307465940714, 0.08050075311213732, 0.029045275673270227, 0.026902232095599176, 0.06342485535889864, 0.03297166470438242, 0.028099549785256386, 0.08461575895547867, 0.031215900368988515, 0.027126841247081757, 0.04963603507727385, 0.03546842597424984, 0.025835071578621863, 0.05986796241253614, 0.04104480389505625, 0.02564598970115185, 0.05781736422330141, 0.026021715626120566, 0.027110955268144606, 0.03439758308231831, 0.06587080892175436, 0.02736199602484703, 0.026514303274452686, 0.04023578353226185, 0.1093697164580226, 0.034583479203283786], "map": 0.8448883572345135}, "time": 434.73624062538147}