{"task": {"lambda": 0.5, "alpha": 1, "lr": 1e-05, "wd": 1e-06, "bits": 12}, "result": {"earlyStop": true, "loss": [0.7464752578735352, 0.5913857614994049, 0.549256722331047, 0.5201142674684525, 0.49975730836391447, 0.4827582663297653, 0.4713550114631653, 0.4597543931007385, 0.448161273598671, 0.4359863537549973, 0.43106577277183533, 0.42214406371116636, 0.4120584911108017, 0.40670267045497893, 0.40038041293621063, 0.39522493541240694, 0.3896471869945526, 0.3795816272497177, 0.3770628225803375, 0.3731350553035736, 0.36699324488639834, 0.3612874734401703, 0.3579302316904068, 0.35269038259983065, 0.3480340713262558, 0.3462599712610245, 0.3403766715526581, 0.3378997755050659, 0.3322171986103058, 0.32728163301944735, 0.327580897808075, 0.3197525680065155, 0.3196516704559326, 0.3152480500936508, 0.3122293949127197, 0.3101740777492523, 0.3063775134086609, 0.30347232162952426, 0.29824635326862337, 0.2981160408258438, 0.29378646284341814, 0.29257607281208037, 0.2909034153819084, 0.2860615247488022, 0.2849070358276367, 0.2807134053111076, 0.2805484721064568, 0.2791998067498207, 0.275612972676754, 0.27298460304737093, 0.27084323436021807, 0.26907656908035277, 0.26686799943447115, 0.26679151445627214, 0.26127888083457945, 0.2606338676810265, 0.258773697912693, 0.2571539127826691, 0.2549368143081665, 0.25330394953489305, 0.2503200814127922, 0.2478567761182785, 0.24700631946325302, 0.24682605236768723, 0.2447580724954605, 0.2403333929181099, 0.2402275663614273, 0.2393022036552429, 0.23754376351833342, 0.23596301555633545, 0.23294358402490617, 0.23230279982089996, 0.23106625854969023, 0.23046708971261978, 0.2287778627872467, 0.22716250896453857, 0.2257404562830925, 0.22426483422517776, 0.2245822647213936, 0.22251085102558135, 0.22048891544342042, 0.21927617907524108, 0.2171071222424507, 0.21754855453968047, 0.21364890843629836, 0.21316429048776628, 0.2111763134598732, 0.21194146126508712, 0.2102348741889, 0.207025905251503, 0.2074224779009819, 0.2048500034213066, 0.2048894175887108, 0.20363966554403304, 0.20268610894680023, 0.20147110104560853, 0.1991634836792946, 0.19944188386201858, 0.19664639204740525, 0.1959582483768463, 0.19611352026462556, 0.19368212938308715, 0.19369728863239288, 0.1919426891207695, 0.1920728063583374, 0.1902122676372528, 0.1896071606874466, 0.18686782598495483, 0.18726941347122192, 0.18435773342847825, 0.18465617626905442, 0.18390294373035432, 0.18260588467121125, 0.18147052347660064, 0.1801500403881073, 0.17957838580012322, 0.17815417557954788, 0.17703478366136552, 0.17818630009889602, 0.17576818645000458, 0.1749436303973198, 0.17407879292964934, 0.17210930466651916, 0.171490640938282, 0.17121337562799455, 0.17075160175561904, 0.16919060662388802, 0.16894500255584716, 0.16779422700405122, 0.1660119041800499, 0.16612987726926803, 0.16522123038768768, 0.164320607483387, 0.16403849303722381, 0.16304164618253708, 0.1607040372490883, 0.1604001498222351, 0.16121376186609268, 0.16007457911968231, 0.15779645532369613, 0.1568853637576103, 0.15752737134695052, 0.15672313064336776, 0.1562991861999035, 0.15538236141204834, 0.1543214339017868, 0.15304020896553994, 0.1538130174577236, 0.15269446462392808, 0.15067018434405327, 0.15181636363267897, 0.15040264159440994, 0.14902192071080209, 0.14879836216568948, 0.1471954980492592, 0.14678182423114777, 0.14682430103421212, 0.1448084969818592, 0.14481914669275284, 0.1451842401921749, 0.1435367113351822, 0.14409351319074631, 0.14254454001784325, 0.1412765248119831, 0.140747402459383, 0.14115936383605004, 0.13978443369269372, 0.13908319741487504, 0.13886200100183488, 0.13801641672849654, 0.1369883133471012, 0.1376875925064087, 0.13618038699030877, 0.13533180296421052, 0.13457544445991515, 0.1343832002580166, 0.13468298628926278, 0.13321090176701544, 0.13258084282279015, 0.1320749366283417, 0.13221573501825332, 0.13149766951799394, 0.13045648530125617, 0.12981977939605713, 0.12873049274086953, 0.1283697046339512, 0.12846749648451805, 0.12784711807966231, 0.12782382011413573, 0.12662866085767746, 0.12634297996759414, 0.12527233123779297, 0.1251551827788353, 0.12523133039474488, 0.1240824094414711, 0.12400475010275841, 0.12325458899140358, 0.12323339775204659, 0.12185297712683678, 0.1216418570280075, 0.12120029598474502, 0.12050919383764266, 0.12068125650286675, 0.11936392858624459, 0.11932460933923722, 0.11795436576008797, 0.11849581316113472, 0.1182135047018528, 0.1172211828827858, 0.11684594050049782, 0.11600822061300278, 0.11621100395917892, 0.11414982214570045, 0.11406750440597534, 0.1148809663951397, 0.11300721898674965, 0.11383065640926361, 0.11354492291808128, 0.11248868957161903, 0.1115341280400753, 0.11129281505942344, 0.11092148348689079, 0.1107953168451786, 0.11002760618925095, 0.11001790776848792, 0.10916342929005624, 0.10881385087966919, 0.10868021056056022, 0.107905762642622, 0.10770419403910637, 0.10694929659366607, 0.10586344137787819, 0.10669326186180114, 0.10584783732891083, 0.10545817360281945, 0.10505425751209259, 0.10510591104626656, 0.10497031211853028, 0.10388551205396652, 0.10315213665366173, 0.10331471860408784, 0.10331414461135864, 0.10264573812484741, 0.10213121026754379, 0.10139110267162323, 0.1014649946987629, 0.1009048207104206, 0.10095579981803894, 0.10056284889578819, 0.09992467328906059, 0.09888901263475418, 0.09969541490077972, 0.0984485313296318, 0.09815841943025588, 0.0972527402639389, 0.09704095184803009, 0.09780119553208351, 0.09714771434664726, 0.09693172842264175, 0.09579194992780686, 0.09593949481844902, 0.09530469879508019, 0.09448224514722824, 0.09529128655791283, 0.09471192702651024, 0.09422854393720627, 0.09320366188883782, 0.09361026093363761, 0.09366773888468742, 0.09277908369898796, 0.09301714345812798, 0.09249206021428108, 0.09201536402106285, 0.09161887034773826, 0.09153876915574073, 0.09111001849174499, 0.09093005776405334, 0.09098042964935303, 0.09006036207079887, 0.08972586497664452, 0.08868931427598, 0.08848950460553169, 0.08823796540498734, 0.0882646095752716, 0.08820928066968918, 0.08768287956714631, 0.08699270650744438, 0.08726813763380051, 0.0862758369743824, 0.08673574626445771, 0.08663947150111198, 0.08582472085952758, 0.08522658288478852, 0.08468102708458901, 0.08475880593061447, 0.08478949099779129, 0.08426920741796494, 0.0839394274353981, 0.08398783370852471, 0.08337279081344605, 0.08388404160737992, 0.0828663282096386, 0.08269466385245323, 0.0831157959997654, 0.08252016946673393, 0.0822742035984993, 0.08184058353304863, 0.08097378492355346, 0.0810939058661461, 0.08102326110005378, 0.08076874941587447, 0.08037746742367745, 0.0801885125041008, 0.07961280211806297, 0.0794463562965393, 0.07857000291347503, 0.07969713017344475, 0.07887886047363281, 0.07885940179228783, 0.07793778784573079, 0.0782331684231758, 0.07815590634942055, 0.07747153356671334, 0.07753184825181961, 0.0770209489762783, 0.07661244511604309, 0.07643795058131218, 0.07587461516261101, 0.07591097503900528, 0.07584035515785217, 0.07552968949079514, 0.07483363389968872, 0.07458135843276978, 0.07503188624978066, 0.07465255059301854, 0.07439844191074371, 0.07358956314623356, 0.07351432979106903, 0.07355646789073944, 0.07348059333860874, 0.07293353833258152, 0.07284640029072761, 0.07233334518969059, 0.0719505400210619, 0.0726352696865797, 0.07214402973651886, 0.07174428008496761, 0.07129469335079193, 0.071711732968688, 0.0715144582092762, 0.07112731024622918, 0.07043937809765338, 0.07020258903503418, 0.07010813131928444, 0.07034863799810409, 0.069344517365098, 0.06918910168111324, 0.06933722637593746, 0.06931360691785812, 0.06874879889190197, 0.0690532823652029, 0.06815582364797593, 0.06846520513296127, 0.06815191842615605, 0.06771004870533943, 0.06742492020130157, 0.06723388023674488, 0.0671141692250967, 0.06706420622766018, 0.06657729998230934, 0.06624767169356346, 0.06597498059272766, 0.06665383413434028, 0.06594885617494584, 0.06560190491378308, 0.06574382074177265, 0.06475886918604373, 0.06517130769789219, 0.06448627196252346, 0.06468140326440334, 0.06452899537980557, 