{"task": {"lambda": 1, "alpha": 1, "lr": 0.0001, "wd": 1e-05, "bits": 24}, "result": {"earlyStop": true, "loss": [1.4795639717578888, 0.6769168543815612, 0.6040091776847839, 0.5619853204488754, 0.5309730017185211, 0.4960842263698578, 0.47652071714401245, 0.45652975916862487, 0.42860508561134336, 0.4274978530406952, 0.3990922337770462, 0.4057691735029221, 0.3769440007209778, 0.3582922512292862, 0.3483165109157562, 0.3394712859392166, 0.33328510403633116, 0.3202206826210022, 0.31710320949554444, 0.29892050713300705, 0.2985087913274765, 0.28467481940984724, 0.2818326887488365, 0.2749591174721718, 0.2615415665507317, 0.2627052745223045, 0.2545213747024536, 0.23818030327558518, 0.23958200037479402, 0.2377548709511757, 0.2338433814048767, 0.22395055383443832, 0.22919461816549302, 0.21266544550657274, 0.21981470316648483, 0.20559677094221115, 0.20322484850883485, 0.190522520840168, 0.19419351905584337, 0.1921843957901001, 0.19510762840509416, 0.18044387817382812, 0.1765933132171631, 0.18484126895666123, 0.1710801613330841, 0.17691547960042953, 0.16477083504199982, 0.1666879488527775, 0.16012438923120498, 0.15218741744756697, 0.16913575023412705, 0.14745417445898057, 0.14990908831357955, 0.15105396047234534, 0.15075401619076728, 0.13426766619086267, 0.14589405342936515, 0.13686194121837617, 0.13508515447378158, 0.14042535409331322, 0.12679363176226616, 0.1340128295123577, 0.12858176574110985, 0.12627463474869727, 0.11970219120383263, 0.11758871778845786, 0.1236799617111683, 0.11728843197226524, 0.11240643039345741, 0.1247447557747364, 0.11557720676064491, 0.10784939527511597, 0.10818922564387322, 0.10812556192278862, 0.10223354071378708, 0.10968966662883758, 0.09582564070820808, 0.1023134595155716, 0.10705419436097145, 0.08902053207159043, 0.09588066473603249, 0.10075257062911987, 0.09559207707643509, 0.09919671386480332, 0.09012980237603188, 0.08330380901694298, 0.09514056608080863, 0.08142708495259285, 0.09235639065504074, 0.08537420257925987, 0.08268172696232795, 0.08133259981870651, 0.09034341275691986, 0.08367011532187461, 0.07581414848566055, 0.07723318465054035, 0.08120707206428052, 0.07710459865629674, 0.07266170345246792, 0.07586060307919978, 0.07569286644458771, 0.09301673643290996, 0.06642242066562176, 0.06883067011833191, 0.07418031319975853, 0.07162694357335568, 0.06793275609612465, 0.07118951588869095, 0.06843945324420929, 0.06265210174024105, 0.07347016051411628, 0.06893618457019329, 0.06096092224121094, 0.06825575940310954, 0.06257634609937668, 0.07651655197143555, 0.054760651811957356, 0.06150370463728905, 0.05958604909479618, 0.05957696221768856, 0.06014911867678165, 0.06174350827932358, 0.0582164041697979, 0.08507585011422635, 0.046954959630966187, 0.05985079072415829, 0.052201034501194954, 0.05000795118510723, 0.0613578699529171, 0.05315350487828255, 0.05462658174335957, 0.05515631444752216, 0.07204090394079685, 0.04754906591027975, 0.050120808854699134], "map": 0.8287754138108192}, "time": 273.3836555480957}