{"task": {"lambda": 1, "alpha": 1, "lr": 0.0001, "wd": 1e-05, "bits": 32}, "result": {"earlyStop": true, "loss": [1.2273265290260316, 0.6709713435173035, 0.6055174857378006, 0.5604941010475158, 0.5223158514499664, 0.5070524859428406, 0.47164353013038635, 0.4477111166715622, 0.4289496624469757, 0.40940104603767397, 0.39705878376960757, 0.3804674130678177, 0.3683775407075882, 0.35209352254867554, 0.3421396720409393, 0.32979208886623385, 0.31871529638767243, 0.3066094520688057, 0.3011768016219139, 0.2941791254281998, 0.2877392429113388, 0.2695352247357368, 0.2631950157880783, 0.259008027613163, 0.2529828462004662, 0.24284190207719802, 0.24951347529888154, 0.23025833547115326, 0.2267640721797943, 0.2218248477578163, 0.2232906574010849, 0.2131510916352272, 0.20792881160974502, 0.20119335860013962, 0.19740304172039033, 0.1948230755329132, 0.18754180431365966, 0.1835882329940796, 0.1931802412867546, 0.19083972066640853, 0.16722269624471664, 0.17141447275876998, 0.17290135517716407, 0.16526791155338288, 0.16868769884109497, 0.15472537338733672, 0.15595474243164062, 0.15532193928956986, 0.14864832907915115, 0.14527492269873618, 0.16497897535562514, 0.13792056009173392, 0.14034161612391471, 0.1324261425435543, 0.1352307353913784, 0.13192677959799767, 0.13765639185905457, 0.1240693610906601, 0.13179966449737548, 0.12580203518271446, 0.12679344028234482, 0.11806980654597282, 0.11982065588235855, 0.1299509371817112, 0.10768206998705863, 0.1136179356276989, 0.11212766662240028, 0.10554763361811638, 0.11998849719762802, 0.11226505473256111, 0.10559095099568366, 0.10255571007728577, 0.1028559596836567, 0.14511598721146585, 0.09374286025762558, 0.08663053840398788, 0.09409994944930077, 0.10331537216901779, 0.08735732495784759, 0.10448390185832977, 0.08878934815526009, 0.09029381915926933, 0.09810143947601319, 0.09172676801681519, 0.1028003017604351, 0.08064162820577621, 0.08259569093585015, 0.1229586885869503, 0.08410924285650254, 0.07425193704664707, 0.0735989537090063, 0.08556623071432114, 0.09449343860149384, 0.07137360505759716, 0.09582165844738483, 0.07850213535130024, 0.06929333001375199, 0.07704408675432205, 0.07815927289426326, 0.07324536949396133, 0.06993259653449059, 0.07700441271066666, 0.08720632910728454, 0.06335782773792743, 0.07109729856252671, 0.08036297284066678, 0.0637128185480833, 0.10629172004759312, 0.05819961369037628, 0.05803674131631851, 0.06346830233931541, 0.06494535438716412, 0.07733942404389381, 0.07138540506362916, 0.06001824535429478, 0.05899754874408245, 0.06077344305813313, 0.07439284682273865, 0.06367347598075866, 0.09915314689278602], "map": 0.8044107865397345}, "time": 242.6903841495514}