{"task": {"lambda": 2, "alpha": 5, "lr": 0.0001, "wd": 0.0001, "bits": 32}, "result": {"earlyStop": true, "loss": [3.141425783634186, 1.7312489342689514, 1.5455612444877624, 1.4531426692008973, 1.3581948161125184, 1.3090767526626588, 1.2313557541370392, 1.1945714163780212, 1.149798299074173, 1.1073584973812103, 1.066165099143982, 1.0359329247474671, 0.9995093584060669, 0.9717673015594482, 0.944511866569519, 0.9151741230487823, 0.8884788250923157, 0.8578760170936585, 0.8544093084335327, 0.8194774663448334, 0.8022258162498475, 0.7715251004695892, 0.7477611565589904, 0.7450422465801239, 0.7200590980052948, 0.6922842454910278, 0.6912464606761932, 0.6752581018209457, 0.6506813859939575, 0.6491258227825165, 0.6452910435199738, 0.6175944238901139, 0.6014273381233215, 0.5997092270851135, 0.5731300568580627, 0.5561440324783326, 0.5668470978736877, 0.554928308725357, 0.542408726811409, 0.5380487382411957, 0.5073949587345123, 0.5054628127813339, 0.5096012496948242, 0.4861298906803131, 0.4811136609315872, 0.5084413629770279, 0.44649137914180753, 0.4476230752468109, 0.43938293278217316, 0.4495226234197617, 0.4415831518173218, 0.42304291188716886, 0.42596537292003633, 0.41391358196735384, 0.40449038088321687, 0.4069628554582596, 0.38064848065376283, 0.37864202380180356, 0.3806267267465591, 0.38825130999088286, 0.3575428688526154, 0.3517341780662537, 0.3399980413913727, 0.3675958287715912, 0.349525505900383, 0.3283150327205658, 0.33097137391567233, 0.3393841016292572, 0.31414532512426374, 0.317572705745697, 0.3071966814994812, 0.30155875504016877, 0.3143809175491333, 0.31537761360406874, 0.27821178615093234, 0.2862553691864014, 0.3023246893286705, 0.27085362195968626, 0.2749678921699524, 0.2798212572932243, 0.26387876868247984, 0.2844410973787308, 0.27520060569047927, 0.25511480659246444, 0.2406361383199692, 0.32106359750032426, 0.22876732021570206, 0.22120114266872407, 0.24046089887619018, 0.2648063045740128, 0.2222169679403305, 0.22569581300020217, 0.2520027402043343, 0.2264447993040085, 0.23565220683813096, 0.20948171854019165, 0.22008780360221863, 0.24019136935472488, 0.21616367340087891, 0.2145280048251152, 0.20263820886611938, 0.2205596461892128, 0.19845456451177598, 0.2169656878709793, 0.20245365515351296, 0.2122933492064476, 0.19017998039722442, 0.2069176521897316, 0.19000752091407777, 0.21050953209400178, 0.18799563974142075, 0.16531896859407424, 0.21541458398103713, 0.18864789709448815, 0.16968048378825187, 0.20012169912457467, 0.1684602229297161, 0.18172271221876143, 0.16653562054038049, 0.19430226877331733, 0.15379325285553933, 0.18442458242177964, 0.1580030433833599, 0.19752813041210174, 0.15570287972688676, 0.1787042424082756, 0.14749433413147928, 0.17501830011606218, 0.16880074560642241, 0.16096940502524376, 0.15249518051743507, 0.15547269821166992, 0.16036296859383584, 0.1540709275007248, 0.15741703048348427, 0.14330960631370546, 0.1703183174133301, 0.13908224955201148, 0.15028894752264021, 0.14462835922837258, 0.16156417459249497, 0.1284107208251953, 0.21751345694065094, 0.11913178697228431, 0.1236300790309906, 0.15687444061040878, 0.1186856010556221, 0.1454508100450039, 0.14218950569629668, 0.12895209610462188, 0.20758204519748688, 0.10836090564727784, 0.13667556196451186, 0.1375490717589855, 0.12231851100921631, 0.1526579265296459, 0.11768146768212319, 0.13441991418600083, 0.11198442086577415, 0.15501306384801863, 0.12384877726435661, 0.1323366804420948], "map": 0.8385997270030677}, "time": 329.62237644195557}