{"task": {"lambda": 2, "alpha": 1, "lr": 0.0001, "wd": 1e-05, "bits": 12}, "result": {"earlyStop": true, "loss": [2.2809905910491945, 0.7632987105846405, 0.7132220888137817, 0.6856781864166259, 0.6523669183254241, 0.6370646488666535, 0.6185959368944168, 0.6079083919525147, 0.5864590120315551, 0.5661703950166702, 0.563270623087883, 0.5610458582639695, 0.5282258826494217, 0.5269599425792694, 0.5134263145923614, 0.5097884160280227, 0.49089309453964236, 0.48812142908573153, 0.4917959386110306, 0.460173162817955, 0.46776041567325594, 0.44849611520767213, 0.43884638607501986, 0.43530660212039946, 0.4305013293027878, 0.4245227670669556, 0.4259553295373917, 0.4028957909345627, 0.40473655223846433, 0.40044338345527647, 0.3952708727121353, 0.377664293050766, 0.38820390999317167, 0.3808456563949585, 0.36329692661762236, 0.36964063584804535, 0.3654679542779922, 0.35143672823905947, 0.35835904359817505, 0.35180986642837525, 0.334244185090065, 0.34543738782405853, 0.3309091985225677, 0.33847966849803923, 0.3305105948448181, 0.3189373570680618, 0.3210007321834564, 0.3200524282455444, 0.30987072706222535, 0.32055691570043565, 0.30036962807178497, 0.3019697797298431, 0.29719354152679445, 0.29408749848604204, 0.2915336462855339, 0.3003337413072586, 0.277486554980278, 0.28432600289583204, 0.29223976463079454, 0.26911482989788055, 0.2817426872253418, 0.2654646655917168, 0.27659585267305375, 0.2743974968791008, 0.26830473929643633, 0.2528132313489914, 0.2587341901659965, 0.2584223273396492, 0.25076789885759354, 0.25565592050552366, 0.25817780405282975, 0.24573886930942535, 0.24465056985616684, 0.24574607282876967, 0.2467594188451767, 0.23489069133996965, 0.23458519130945205, 0.24163400441408156, 0.22854421108961107, 0.22766563177108765, 0.2323155450820923, 0.22848150104284287, 0.22711724400520325, 0.21801823168992995, 0.2204340985417366, 0.21982279062271118, 0.22028748869895934, 0.21913717269897462, 0.21265509903430937, 0.21764893263578414, 0.21207311034202575, 0.2061038714647293, 0.21131529808044433, 0.2135201957821846, 0.20402999997138976, 0.19756702452898026, 0.21043195188045502, 0.19986869424581527, 0.20422351390123367, 0.20174373298883438, 0.19134275674819945, 0.19895344197750092, 0.1981925904750824, 0.1981843453645706, 0.18913928657770157, 0.199689904153347, 0.18498049080371856, 0.19564327865839004, 0.18386247843503953, 0.19231751531362534, 0.1887138569355011, 0.18253639638423919, 0.18162297666072846, 0.18919281125068665, 0.18122747391462327, 0.17780539721250535, 0.1835463237762451, 0.1761155393719673, 0.18416328310966493, 0.1840308478474617, 0.17759174525737761, 0.1758908686041832, 0.17573300302028655, 0.17386824160814285, 0.17642919421195985, 0.1755119776725769, 0.1684745307266712, 0.16916461020708085, 0.17187341600656508, 0.1628764748573303, 0.17375140905380249, 0.17246299043297766, 0.1694919113814831, 0.16306489884853362, 0.16554039508104323, 0.16924877762794494, 0.16091605335474013, 0.1699525348842144, 0.1619341117143631, 0.16522955656051636, 0.1645282369852066, 0.15632825180888177, 0.16472381711006165, 0.15930433809757233, 0.1583528807759285, 0.15741603448987007, 0.1575986248254776, 0.16049229860305786, 0.1630832728743553, 0.15265404030680657, 0.1606822529435158, 0.15349268421530723, 0.15812112420797347, 0.15121967151761054, 0.16247502729296684, 0.14923310667276382, 0.15042899787425995, 0.15552499666810035, 0.1530614034831524, 0.1559697961807251, 0.14907844841480256, 0.15538546875119208, 0.1429282918572426, 0.15305647134780884, 0.14700038611888885, 0.14849262163043023, 0.14792387142777444, 0.1493084789812565, 0.15059368625283243, 0.15045191571116448, 0.14231582537293433, 0.14724397361278535, 0.14376878514885902, 0.15253154411911965, 0.13623081535100937, 0.14774058744311333, 0.14639830604195594, 0.14428532332181931, 0.14391337275505067, 0.13908862546086312, 0.14106180056929588, 0.14371409133076668, 0.1491031163930893, 0.1370410767197609, 0.13789870873093604], "map": 0.6656171064309276}, "time": 383.95647740364075}