{"task": {"lambda": 0.5, "alpha": 5, "lr": 0.0001, "wd": 0.0001, "bits": 12}, "result": {"earlyStop": true, "loss": [2.3410697770118714, 1.4381213390827179, 1.3159266448020934, 1.2217166423797607, 1.156103641986847, 1.094653594493866, 1.0406758618354797, 1.0165030920505524, 0.9778545343875885, 0.9349714946746827, 0.890986317396164, 0.87958256483078, 0.8459710216522217, 0.8203648316860199, 0.7988883018493652, 0.7636452543735505, 0.739657633304596, 0.726265417933464, 0.6924237549304962, 0.6688706839084625, 0.6522499066591263, 0.6393684518337249, 0.6111432945728302, 0.610099983215332, 0.5815022909641265, 0.5600642383098602, 0.5545593959093094, 0.5426971381902694, 0.5162725484371186, 0.5127124220132828, 0.4948033046722412, 0.4855883431434631, 0.4756400501728058, 0.4675827670097351, 0.45101903557777406, 0.44782555758953096, 0.42701727747917173, 0.4282250553369522, 0.42617004454135893, 0.40148936450481415, 0.3834994888305664, 0.38150572836399077, 0.3918833649158478, 0.37388092160224917, 0.36839747428894043, 0.3629494720697403, 0.3440094923973083, 0.3339569056034088, 0.3316156595945358, 0.3303129962086678, 0.3053640833497047, 0.32023484200239183, 0.303565511405468, 0.3064604076743126, 0.2922565433382988, 0.2973498019576073, 0.2882800364494324, 0.2760599744319916, 0.2683981743454933, 0.28030992537736893, 0.25630695194005965, 0.25388905346393587, 0.26988498091697694, 0.2515349698066711, 0.24227796673774718, 0.2530133908987045, 0.2246850723028183, 0.2187226617336273, 0.2432040074467659, 0.2290273627638817, 0.21142934143543243, 0.20799968957901002, 0.21983419597148895, 0.21073060482740402, 0.21908024072647095, 0.204878810942173, 0.20412357091903688, 0.19156222492456437, 0.19255733668804167, 0.1956331518292427, 0.18990599274635314, 0.18357290267944337, 0.2162022364139557, 0.1606200522184372, 0.1966297820210457, 0.16793176904320717, 0.17438281178474427, 0.16016948029398917, 0.16450625002384187, 0.19087771594524383, 0.16419606208801268, 0.15834279373288154, 0.16519492819905282, 0.15747182831168174, 0.14604749247431756, 0.1790747331082821, 0.14470715641975404, 0.16384448930621148, 0.14501289397478104, 0.14660285577178, 0.15874896988272666, 0.1251237204670906, 0.15278559118509294, 0.15122002124786377, 0.18108698308467866, 0.11093623727560044, 0.13114748686552047, 0.15711463555693628, 0.11070096924901009, 0.1592530845105648, 0.12536249443888664, 0.13320702731609343, 0.11678872630000114, 0.14409611672163009, 0.15257359459996223, 0.11127858728170395, 0.13321691155433654, 0.09983400821685791, 0.14790041357278824, 0.1205921858549118, 0.1454216255247593, 0.09457958623766899, 0.11501490637660026, 0.13351816147565843, 0.10918883487582207, 0.13563406497240066, 0.10095091119408607, 0.13395021349191666, 0.10639798551797867, 0.10301724702119827, 0.12808436647057533, 0.12761327505111694], "map": 0.8471152728282564}, "time": 268.0116243362427}