{"task": {"lambda": 0.5, "alpha": 1, "lr": 1e-05, "wd": 0.0001, "bits": 48}, "result": {"time stopage": true, "loss": [0.7870201587677002, 0.6364806282520294, 0.5915936809778214, 0.565453280210495, 0.5439970982074738, 0.5257953715324402, 0.5110626810789108, 0.4988717710971832, 0.4834500652551651, 0.4735985779762268, 0.4627484959363937, 0.4537775868177414, 0.4455282485485077, 0.4352395874261856, 0.42769923686981204, 0.4195580726861954, 0.4154128038883209, 0.4080073869228363, 0.40461195826530455, 0.3942875456809998, 0.3901571267843246, 0.3827051109075546, 0.38186762034893035, 0.3758502942323685, 0.36850243449211123, 0.36370515048503876, 0.35706055641174317, 0.354540356695652, 0.3513072562217712, 0.34776190042495725, 0.34311752796173095, 0.3364895683526993, 0.3344730621576309, 0.3302877435088158, 0.32906039953231814, 0.32278158485889435, 0.3185463020205498, 0.31637467503547667, 0.3138943058252335, 0.3075098431110382, 0.3061249423027039, 0.30275564879179, 0.29822396963834763, 0.2969398590922356, 0.29207301944494246, 0.29248833686113357, 0.28691199839115145, 0.28487111508846286, 0.28172119230031967, 0.28105749130249025, 0.2775131624937057, 0.2745275682210922, 0.26953412652015685, 0.2690282118320465, 0.26540514528751374, 0.2627945360541344, 0.2620031613111496, 0.2607785376906395, 0.256880399286747, 0.2546275687217712, 0.25238315522670746, 0.2512264847755432, 0.2507734590768814, 0.2460737234354019, 0.2434426662325859, 0.2424273544549942, 0.23657498478889466, 0.2380850511789322, 0.23701316505670547, 0.23341187775135042, 0.23237854063510896, 0.2294401153922081, 0.22883909702301025, 0.22742959439754487, 0.2283080491423607, 0.22252511650323867, 0.2216963416337967, 0.22104474723339082, 0.21767255544662475, 0.2156059804558754, 0.21424143493175507, 0.2131962588429451, 0.2107940399646759, 0.20944214671850203, 0.20703682720661162, 0.2036114051938057, 0.20608512938022613, 0.2045647171139717, 0.2022409760951996, 0.20121390968561173, 0.19783321917057037, 0.19724804311990737, 0.19676250576972962, 0.19311279088258743, 0.19162987291812897, 0.19284926623106002, 0.19049825608730317, 0.188268763422966, 0.18834616601467133, 0.18589097142219543, 0.18425761848688127, 0.18419396251440048, 0.17981359004974365, 0.1824381047487259, 0.18043909966945648, 0.17865678697824477, 0.17584661573171614, 0.1761917045712471, 0.1739216113090515, 0.17338178426027298, 0.17273469567298888, 0.1714419037103653, 0.17057126015424728, 0.16902130365371704, 0.1681124548614025, 0.16736045241355896, 0.16467549830675124, 0.16441810101270676, 0.1653803691267967, 0.16269783854484557, 0.16159386068582535, 0.16064140796661378, 0.15913872599601744, 0.15841493681073188, 0.15650987327098848, 0.15519417360424995, 0.15527327254414558, 0.15469324588775635, 0.15268689543008804, 0.1524443520605564, 0.15302929893136025, 0.15109775334596634, 0.14851531460881234, 0.14888354420661926, 0.1466001546382904, 0.1468721140921116, 0.14578889057040215, 0.1453484719991684, 0.14463278606534005, 0.14375238731503487, 0.14270766139030455, 0.1406035180389881, 0.14102460607886314, 0.13931165620684624, 0.1384985153377056, 0.13899197190999985, 0.13721372038125992, 0.1358657655119896, 0.1364106360077858, 0.13467803731560707, 0.1341056452691555, 0.13106457218527795, 0.1323763619363308, 0.13042421534657478, 0.13185730427503586, 0.13088458746671677, 0.12959425076842307, 0.12871008962392808, 0.12858321651816368, 0.12730780735611916, 0.12613163784146308, 0.12608431413769722, 0.12395215928554534, 0.1241791632771492, 0.12331461533904076, 0.12249830320477485, 0.12187110722064971, 0.1217065018415451, 0.12017714887857438, 0.12125323548913002, 0.11947630122303962, 0.11991011470556259, 0.11821641117334365, 0.11726639911532402, 0.11538379698991776, 0.11592301040887833, 0.11617525458335877, 0.1155910374224186, 0.11592556625604629, 0.11463620826601982, 0.11384930297732353, 0.11225345641374589, 0.11345183819532395, 0.1123920899629593, 0.11071414053440094, 0.11167148724198342, 0.10944651171565056, 0.11012027844786644, 0.10842081144452095, 0.10946512073278428, 0.10767704963684083, 0.10746326416730881, 0.10668097764253616, 0.10524954691529274, 0.10571495622396469, 0.10412989482283593, 0.1052790205180645, 0.10401067823171616, 0.10361032158136368, 0.10333697512745857, 0.10260831996798515, 0.10151698425412178, 0.10082434892654418, 0.10128781765699386, 0.10072898298501969, 0.10035121247172356, 0.09913490995764733, 0.09843356356024742, 0.09919927686452866, 0.09765445664525033, 0.09887858614325523, 0.09828886061906815, 0.09770361810922623, 0.09661976620554924, 0.09499685108661651, 0.09530230194330215, 0.09497290670871734, 0.09472275674343109, 0.09472149938344955, 0.09374011754989624, 0.09290716737508774, 0.09337482035160065, 0.09297462940216064, 0.09219108939170838, 0.09139869272708893, 0.09160064816474915, 0.09084644362330437, 0.09136694297194481, 0.09013214692473412, 0.09027027532458305, 0.08867027565836906, 0.08999294519424439, 0.08814000889658928, 0.0887094908952713, 0.08829628333449363, 0.08771534338593483, 0.08716015338897705, 0.08649373441934585, 0.08753353551030159, 0.0865375505387783, 0.08489624992012977, 0.08535131633281708, 0.08515737935900689, 0.08488610029220581, 0.08399581089615822, 0.08374320581555367, 0.08418095305562019, 0.08284648463129997, 0.08358075141906739, 0.08186233580112458, 0.08185729563236237, 0.08232958331704139, 0.08181387394666671, 0.08100321248173714, 0.08077381186187267, 0.08032134354114533, 0.08049831837415695, 0.07977803066372871, 0.079630658775568, 0.07943332299590111, 0.0790443018078804, 0.0790338459610939, 0.07856210708618164, 0.07795121267437935, 0.07772173836827279, 0.07749928653240204, 0.07692371189594269, 0.076316799223423, 0.07649830490350723, 0.07716535657644272, 0.0756200198829174, 0.07621032923460007, 0.07532436907291412, 0.07515876799821854, 0.07472161814570427, 0.07507971942424774, 0.074034768268466, 0.07417813517153263, 0.07323053821921349, 0.07346902914345264, 0.07295578137040139, 0.07278505690395833, 0.07307039424777031, 0.07282330751419068, 0.07239518076181412, 0.07215205803513527, 0.0717820730060339, 0.07138167440891266, 0.07147556766867638, 0.0711800403892994, 0.07063773490488529, 0.07015115983784198, 0.07010932371020318, 0.07018495500087737, 0.06991030991077424, 0.06984930261969566, 0.06921580858528614, 0.06852184869349003, 0.06892368286848068, 0.06837267056107521, 0.06822287440299987, 0.06828659363090991, 0.0679047705233097, 0.06721724167466164, 0.06698647700250149, 0.06739702150225639, 0.06648432306945323, 0.06652322389185429, 0.06683967128396034, 0.06623072654008866, 0.06579760983586311, 0.06548518605530262, 0.06536362059414387, 0.06508818939328194, 0.06504624158143997, 0.06488556154072285, 0.0645250754803419, 0.06391000784933568, 0.06413049973547459, 0.06388619832694531, 0.06369676202535629, 0.06395265236496925, 0.06297951862215996, 0.06336521245539188, 0.06323423825204372, 0.06259277015924454, 0.062302877232432365, 0.06226110696792603, 0.06225152738392353, 0.062126919999718665, 0.061796926409006116, 0.06156288824975491, 0.061164187639951705, 0.061605596020817756, 0.06076432690024376, 0.06082102581858635, 0.06040413223206997, 0.06078661672770977, 0.06045211240649223, 0.06001145765185356, 0.06005213998258114, 0.060134997442364696, 0.059799401089549065, 0.059660257995128634, 0.05890296846628189, 0.05920079834759236, 0.05869531705975532, 0.058557428643107416, 0.05863046273589134, 0.05830845288932324, 0.05797974713146686, 0.057925343438982965, 0.05787240244448185, 0.05782512597739697, 0.057376919761300084, 0.05711324818432331, 0.056793482452630994, 0.056879895329475405, 0.05708030492067337, 0.05630274258553982, 0.056679406687617305, 0.056141848191618916, 0.05605047449469566, 0.05599562101066113, 0.05584564223885536, 0.0552607898414135, 0.05520671673119068, 0.05542208857834339, 0.05487105846405029, 0.05480186015367508, 0.05465400002896786, 0.05473985083401203, 0.05430838823318482, 0.05417006298899651, 0.05426154151558876, 0.05424634583294392, 0.053884440883994106, 0.0538936235755682, 0.053477627709507945, 