{"task": {"lambda": 0.5, "alpha": 1, "lr": 1e-06, "wd": 0.0001, "bits": 12}, "result": {"earlyStop": true, "loss": [1.3030371427536012, 1.079324289560318, 0.9722159886360169, 0.9059200942516327, 0.8605997478961944, 0.8225749325752258, 0.7885743284225464, 0.7646156644821167, 0.7467143869400025, 0.7286552631855011, 0.7140625631809234, 0.7064124643802643, 0.6885364818572998, 0.6777676689624786, 0.6717692708969116, 0.6663882732391357, 0.6513399279117584, 0.6430412721633911, 0.6409880983829498, 0.6345133036375046, 0.629386220574379, 0.6213288009166718, 0.6130231213569641, 0.6054811668395996, 0.6030635142326355, 0.6043684208393096, 0.5950300407409668, 0.5893523383140564, 0.5872147315740586, 0.5811058098077774, 0.5769908237457275, 0.5729608577489853, 0.5691216844320297, 0.5629663062095642, 0.5616879969835281, 0.5565298402309418, 0.5543736040592193, 0.5519189614057541, 0.546078752875328, 0.5449220043420792, 0.5414244258403778, 0.5368590712547302, 0.5388079184293747, 0.5336986547708511, 0.5296049296855927, 0.5299470341205597, 0.5287483233213425, 0.5269028753042221, 0.5222852200269699, 0.5199477076530457, 0.5164707499742508, 0.5153990018367768, 0.5103890377283097, 0.5125891065597534, 0.5033957993984223, 0.504590340256691, 0.5006747317314147, 0.5017045754194259, 0.497819596529007, 0.4973240751028061, 0.4970013576745987, 0.4935858029127121, 0.49142453789711, 0.4887853568792343, 0.48530472099781036, 0.48521781802177427, 0.4837554669380188, 0.48257010817527773, 0.4811120581626892, 0.4789490813016892, 0.4775938230752945, 0.47542299032211305, 0.47076259076595306, 0.4735701793432236, 0.4738581138849258, 0.4699717777967453, 0.469136164188385, 0.4650048726797104, 0.4628395277261734, 0.4629791361093521, 0.4645391470193863, 0.46142489969730377, 0.4626408290863037, 0.4591096466779709, 0.4564074945449829, 0.45690652847290036, 0.4558529657125473, 0.45445204615592955, 0.4522016531229019, 0.44892147481441497, 0.4499273616075516, 0.44609529435634615, 0.44662987768650053, 0.4460962134599686, 0.44363354265689847, 0.4414553135633469, 0.44197065114974976, 0.43904332876205443, 0.4364408075809479, 0.4328124523162842, 0.4368485862016678, 0.4365589386224747, 0.43225263595581054, 0.4310431009531021, 0.4308759480714798, 0.43078997790813445, 0.4320557290315628, 0.4303128546476364, 0.4275586867332459, 0.42362749874591826, 0.4224512666463852, 0.4264885950088501, 0.42357854783535004, 0.4231197726726532, 0.4198574370145798, 0.4214050894975662, 0.41696485817432405, 0.41713702857494356, 0.41992714285850524, 0.41673517763614654, 0.41370723128318787, 0.41491260409355163, 0.41005612790584567, 0.41109526216983794, 0.409793301820755, 0.41140243351459505, 0.41285902380943296, 0.4090154337882996, 0.4067460399866104, 0.40695101737976075, 0.40399442851543427, 0.4030726045370102, 0.40205337822437287, 0.40299600243568423, 0.40096665382385255, 0.4040835976600647, 0.40211259841918945, 0.39900528013706205, 0.40091584622859955, 0.39825569570064545, 0.398253533244133, 0.39742414116859437, 0.39411696434021, 0.39650472581386564, 0.39306615591049193, 0.39318190336227415, 0.39089322328567505, 0.3935483294725418, 0.39342227280139924, 0.3895287036895752, 0.3897784620523453, 0.38881546139717105, 0.3845324850082397, 0.385546972155571, 0.3860111904144287, 0.387779284119606, 0.38333547711372373, 0.38551255941390994, 0.3838192230463028, 0.3826904833316803, 0.3803780120611191, 0.38453621327877047, 0.3785648673772812, 0.37892422437667844, 0.3757652896642685, 0.3773963928222656, 0.38099472999572753, 0.37250563979148865, 0.37488366723060607, 0.3717483592033386, 0.3768760275840759, 0.3747290813922882, 0.3751182669401169, 0.3742689961194992, 0.37322214305400847, 0.37080243945121766, 0.3711503440141678, 0.36876497566699984, 0.36973322570323947, 0.3694264769554138, 0.36854787945747375, 0.3652747988700867, 0.3639275521039963, 0.3648564457893372, 0.36612736761569975, 0.3659486949443817, 0.36404501914978027, 0.36325834393501283, 0.3628869301080704, 0.3605414992570877, 0.3626952588558197, 0.36225894212722776, 0.3593165212869644, 0.3580879807472229, 0.36036814510822296, 0.35809126019477844, 0.35875417828559875, 0.35592535257339475, 0.35593620121479036, 0.35860094845294954, 0.3564097821712494, 0.35755203902721405, 0.3558501023054123, 0.3536849594116211, 0.3525007984042168, 0.3517195963859558, 0.35197200655937194, 0.3532282269001007, 0.35256275415420535, 0.3520022124052048, 0.3501407051086426, 0.34822107672691344, 0.34695644319057467, 0.34686543583869933, 0.34777319312095645, 0.34539406418800356, 0.34548100173473356, 0.3456166487932205, 0.34408788740634916, 0.3466276726126671, 0.34590508103370665, 0.346671062707901, 0.3416568127274513, 0.34454957515001294, 0.34128001630306243, 0.34135681748390195, 0.34240203380584716, 0.34127593964338304, 0.3408535397052765, 0.34035778522491456, 0.34003619343042374, 0.33902727723121645, 0.337026110291481, 0.3373522973060608, 0.3397317570447922, 0.33850583612918855, 0.3377800101041794, 0.33590742588043215, 0.33185859978199006, 0.3350087386369705, 0.3352888721227646, 0.33618592739105224, 0.33414108395576475, 0.33463540852069856, 0.33239043682813646, 0.33208408534526823, 0.3307707417011261, 0.3337743306159973, 0.3309594351053238, 0.3312461417913437, 0.3315182363986969, 0.330598891377449, 0.32843248784542084, 0.32937601536512373, 0.33259063750505446, 0.3305632096529007, 0.330049632191658, 0.32602635860443113, 0.3267603403329849, 0.327817274928093, 0.32716297030448915, 0.32552150785923006, 0.3280304035544395, 0.3257294988632202, 0.3278709080815315, 0.3247291398048401, 0.3235830301046371, 0.32515730530023573, 0.32431156039237974, 0.3235444325208664, 0.3255221152305603, 0.32230202972888944, 0.3213847708702087, 0.32149992167949676, 0.320776144862175, 0.31876945614814756, 0.31940286219120023, 0.3187978851795197, 0.31828910738229754, 0.3194088417291641, 0.3168703830242157, 0.31734412759542463, 0.3150972744822502, 0.31737695455551146, 0.31679690778255465, 0.3137180459499359, 0.3157921987771988, 0.3151897150278091, 0.3133665347099304, 0.31242397010326384, 0.31530506134033204, 0.312751761674881, 0.3141984650492668, 0.3115781998634338, 0.3109328556060791, 0.31265892207622525, 0.31108025074005125, 0.31426128417253496, 0.30880014300346376, 0.3108557963371277, 0.31038230657577515, 0.30987545728683474, 0.3112191742658615, 0.31081333965063096, 0.30952734231948853, 0.3081254357099533, 0.3098802006244659, 0.3083467507362366, 0.30852090805768967, 0.3079247120022774, 0.30850877583026887, 0.30590782284736634, 0.3063909164071083, 0.30699054926633834, 0.30377935111522675, 0.30724434822797775, 0.306227380335331, 0.3028619933128357, 0.3036351400613785, 0.30126702666282656, 0.3032430899143219, 0.30134281516075134, 0.30275155782699587, 0.30312814950942996, 0.3010861039161682, 0.29967432379722597, 0.2997217720746994, 0.30144405096769333, 0.30068334341049197, 0.3011836194992065, 0.30126427561044694, 0.29899820923805237, 0.3013410744071007, 0.2996611526608467, 0.29905172646045686, 0.2955860579013824, 0.29924596935510633, 0.29801009953022, 0.2964128005504608, 0.2990558409690857, 0.29684102177619937, 0.2957295045256615, 0.2964488637447357, 0.2965480718016624, 0.29394839346408846, 0.2943273696303368, 0.2960692825913429, 0.2937600517272949, 0.29299827814102175, 0.2959819447994232, 0.293311006128788, 0.2931204828619957, 0.2930682170391083, 0.2938420131802559, 0.29291505485773084, 0.29297042280435565, 0.29201055884361266, 0.2910722219944, 0.29110684037208556, 0.2902730059623718, 0.293140227496624, 0.28983788400888444, 0.29164009988307954, 0.28807268977165224, 0.2877283239364624, 0.2872393175959587, 0.2881517925858498, 0.28811906665563586, 0.2882152941823006, 0.2882951349020004, 0.2873696503043175, 0.2890143743157387, 0.2859113472700119, 0.2860759910941124, 0.28716324716806413, 0.2845639419555664, 0.2861247470974922, 0.28349525898694994, 0.2848580202460289, 0.2839152365922928, 0.28372842848300933, 0.28283489137887957, 0.2841691911220551, 0.28346515744924544, 0.28387475609779356, 0.2830565220117569, 0.28547226458787917, 