{"task": {"lambda": 0.5, "alpha": 3, "lr": 1e-06, "wd": 1e-05, "bits": 48}, "result": {"earlyStop": true, "loss": [2.33802348613739, 1.9462365293502808, 1.7593818521499633, 1.6562609767913818, 1.5688736748695373, 1.5060654020309447, 1.4499355173110962, 1.4078990292549134, 1.3822778010368346, 1.3510171532630921, 1.3195389819145202, 1.2946015644073485, 1.2602325522899627, 1.2586517214775086, 1.2317206478118896, 1.2174278473854065, 1.1914319205284118, 1.188234360218048, 1.1689899456501007, 1.1681078267097473, 1.1542843449115754, 1.1339181637763978, 1.124716922044754, 1.1168194818496704, 1.1048313105106353, 1.0965531182289123, 1.0871085226535797, 1.0751114475727082, 1.082522531747818, 1.0583679294586181, 1.0528932738304138, 1.0449414360523224, 1.046325788497925, 1.0389124417304993, 1.0302800583839415, 1.0209786343574523, 1.01599738240242, 1.0139944887161254, 1.0092615902423858, 1.0005083751678467, 1.0026412975788117, 0.9970004439353943, 0.9858741796016693, 0.9813700258731842, 0.9768643629550934, 0.9722759687900543, 0.9710608637332916, 0.9588850200176239, 0.9512460505962372, 0.9538513576984405, 0.9514146149158478, 0.9465223026275634, 0.9411144840717316, 0.9353606712818145, 0.9341375577449799, 0.9321663451194763, 0.9297723853588105, 0.917984334230423, 0.9313743412494659, 0.9118758475780487, 0.9145259273052215, 0.9098131775856018, 0.8996970617771148, 0.8902930045127868, 0.8978882002830505, 0.8921336126327515, 0.8906304013729095, 0.8903125059604645, 0.8834147477149963, 0.8836799728870391, 0.872103933095932, 0.8767769181728363, 0.8733525896072387, 0.8652972257137299, 0.8634448003768921, 0.8632750654220581, 0.8625942623615265, 0.8522592866420746, 0.8553627204895019, 0.8503467881679535, 0.8457642912864685, 0.8463617658615112, 0.8402076613903046, 0.8347473800182342, 0.8291070282459259, 0.8386399054527283, 0.8403863632678985, 0.8276498639583587, 0.8332537543773652, 0.8240986597537995, 0.8189625942707062, 0.8204407465457916, 0.8160187077522277, 0.8230391716957093, 0.8165202844142914, 0.8061374545097351, 0.8075349104404449, 0.8105789184570312, 0.8107078063488007, 0.8002158451080322, 0.8004034900665283, 0.8048396635055542, 0.79595858335495, 0.7933812069892884, 0.7891964221000671, 0.7883080399036407, 0.7893234610557556, 0.7925636649131775, 0.7806345570087433, 0.7783041024208068, 0.7785120916366577, 0.7818409144878388, 0.7776984584331512, 0.7722754943370819, 0.771726461648941, 0.7646025812625885, 0.7718748366832733, 0.7658983898162842, 0.7768745934963226, 0.757834882736206, 0.7606608510017395, 0.7571030342578888, 0.757310016155243, 0.7519686365127564, 0.7544743609428406, 0.7521210849285126, 0.7511744558811188, 0.7487226438522339, 0.7484605705738068, 0.7412966358661651, 0.7480918633937835, 0.7455256640911102, 0.7437913882732391, 0.7433438062667846, 0.740162124633789, 0.7306749486923217, 0.7395214092731476, 0.7355889523029328, 0.7341009938716888, 0.7322000527381897, 0.7280097329616546, 0.7409757375717163, 0.724911996126175, 0.7271157360076904, 0.7209869444370269, 0.7195485162734986, 0.7213618648052216, 0.7143305492401123, 0.7281281793117523, 0.7161384665966034, 0.7170009654760361, 0.711452133655548, 0.7094122886657714, 0.7039124029874801, 0.7048550653457641, 0.7062247419357299, 0.709046733379364, 0.7065440046787262, 0.6999745833873748, 0.6998712265491486, 0.700691728591919, 0.7003943783044815, 0.7014115059375763, 0.6949949014186859, 0.6935391342639923, 0.6956776452064514, 0.6916704219579697, 0.6932145857810974, 0.687965989112854, 0.6917287957668304, 0.6850574278831482, 0.6819327116012573, 0.6894805872440338, 0.6820464026927948, 0.6806525528430939, 0.6791067385673523, 0.6754031491279602, 0.6754776048660278, 0.6712340432405471, 0.6827850425243378, 0.675857150554657, 0.6724098157882691, 0.669379802942276, 0.6743554902076722, 0.666382554769516, 0.6643265604972839, 0.6620320844650268, 0.6676588010787964, 0.6657120966911316, 0.658729943037033, 0.6609966230392456, 0.658595050573349, 0.6609458637237549, 0.6598523807525635, 0.6658323615789413, 0.6592140901088714, 0.660921294093132, 0.6525455754995346, 0.6527394783496857, 0.6513737893104553, 0.6564870357513428, 0.6589841449260712, 0.6486575019359588, 0.6525556033849716, 0.6430014145374298, 0.6502280324697495, 0.644641917347908, 0.6403303754329681, 0.6380389213562012, 0.6370592749118805, 0.647704735994339, 0.6373695802688598, 0.6410246062278747, 0.6332126975059509, 0.6376389110088349, 0.6302011847496033, 0.6335299491882325, 0.6379753220081329, 0.6366239267587662, 0.6326732867956162, 0.6348220485448838, 0.6357977223396302, 0.6283899438381195, 0.6303731554746628, 0.6269222205877304, 0.6220843690633774, 0.629172220826149, 0.6262486696243286, 0.6282440084218979, 0.6194651228189468, 0.6223776066303253, 0.6244921123981476, 0.6124058216810226, 0.6165964901447296, 0.6206354677677155, 0.6169797831773758, 0.6129481709003448, 0.6179417979717254, 0.6136417871713639, 0.6133621299266815, 0.6176026391983033, 0.6191391438245774, 0.6117739391326904, 0.6110851657390595, 0.6122361290454864, 0.6084927219152451, 0.6079242962598801, 0.6090001678466797, 0.6019742709398269, 0.6078025788068772, 0.6055635118484497, 0.602527740597725, 0.603915114402771, 0.5991232395172119, 0.5934912168979645, 0.6016694623231887, 0.6010511404275894, 0.5949092942476273, 0.5908264511823654, 0.5980301219224929, 0.5927743369340897, 0.5965179836750031, 0.5970881921052933, 0.5945839214324952, 0.5928089022636414, 0.5871595054864883, 0.5884770220518112, 0.5914004349708557, 0.5897406768798829, 0.5858293938636779, 0.5854444295167923, 0.5914571589231491, 0.5854578042030334, 0.5864726495742798, 0.5804575407505035, 0.580420970916748, 0.5840535622835159, 0.5811089819669724, 0.5827573031187058, 0.577821279168129, 0.5807913899421692, 0.5850135672092438, 0.5734952014684677, 0.5767191314697265, 0.5738679045438766, 0.5717871260643005, 0.5761318922042846, 0.5736484104394912, 0.5780401885509491, 0.5747165155410766, 0.577226647734642, 0.570707983970642, 0.568253539800644, 0.5728322923183441, 0.5651172828674317, 0.5706832909584045, 0.5582236516475677, 0.566628497838974, 0.5639082932472229, 0.5699874711036682, 0.5702673047780991, 0.5678942918777465, 0.5614699304103852, 0.5644215774536133, 0.5650108867883682, 0.5572345584630967, 0.5600665211677551, 0.5657721924781799, 0.5599341833591461, 0.5608503097295761, 0.5596001023054122, 0.5564943784475327, 0.5587073647975922, 0.5559847968816757, 0.5530839449167252, 0.553950058221817, 0.5525704878568649, 0.5474785798788071, 0.5534352725744247, 0.555520641207695, 0.5534146511554718, 0.5487720704078675, 0.5549090391397477, 0.5452813166379928, 0.548853667974472, 0.5474176222085952, 0.5454247069358825, 0.5419447457790375, 0.5461619436740875, 0.5470483881235123, 0.544579411149025, 0.5430537140369416, 0.5439121413230896, 0.5460159224271774, 0.5352090662717819, 0.543081961274147, 0.5346458238363266, 0.5350051039457321, 0.539933432340622, 0.5440069878101349, 0.537494174838066, 0.5345341783761978, 0.5340847700834275, 0.5371547335386276, 0.5370319908857346, 0.5347806811332703, 0.5314738571643829, 0.5321446365118027, 0.5324204379320144, 0.5293148118257522, 0.5275118482112885, 0.5319858205318451, 0.5282468956708908, 0.5312173455953598, 0.5235745269060135, 0.5226158684492112, 0.5287244617938995, 0.526296638250351, 0.5263064664602279, 0.5266130650043488, 0.5225777417421341, 0.5264187604188919, 0.5207898277044296, 0.5223666471242905, 0.5215892285108567, 0.5225821506977081, 0.5214084559679031, 0.5275822681188583, 0.5221938556432724, 0.5188937640190124, 0.5187935614585877, 0.5171456336975098, 0.5202067530155182, 0.5177492344379425, 0.5176239383220672, 0.517484439611435, 0.5179700314998626, 0.5174524384737015, 0.5198761320114136, 0.5159367716312409, 0.5108220380544662, 0.5129229784011841, 0.5116058951616287, 0.5116047954559326, 0.5077321267127991, 0.5091787374019623, 0.5053720003366471, 0.5094052225351333, 0.5074117815494538, 0.510026867389679, 0.5076060795783996, 0.5129884111881257, 0.5088588047027588, 0.5074492526054383, 0.5039417469501495, 0.5051050752401351, 