{"task": {"lambda": 2, "alpha": 3, "lr": 1e-06, "wd": 0.0001, "bits": 24}, "result": {"earlyStop": true, "loss": [3.3527858018875123, 2.824074149131775, 2.5407533836364746, 2.3709491205215456, 2.242984161376953, 2.1435562705993654, 2.06108811378479, 1.9851394748687745, 1.9124212813377381, 1.851926829814911, 1.7977092123031617, 1.7436900854110717, 1.7129778861999512, 1.6737083101272583, 1.639967017173767, 1.6130343651771546, 1.5835911464691161, 1.5674920654296876, 1.5380622887611388, 1.5186940360069274, 1.4982913827896118, 1.4842494535446167, 1.4585648584365845, 1.4558530497550963, 1.4379153108596803, 1.4198426604270935, 1.4159905457496642, 1.4000751328468324, 1.3870793795585632, 1.3780941987037658, 1.364327881336212, 1.348610589504242, 1.3370099067687988, 1.3339590620994568, 1.3292770266532898, 1.313571252822876, 1.305421407222748, 1.300665099620819, 1.2935287022590638, 1.285131196975708, 1.2744910836219787, 1.2627131700515748, 1.258244822025299, 1.255054407119751, 1.24760582447052, 1.2347420382499694, 1.2289161086082458, 1.2370596718788147, 1.2272885012626649, 1.221872617006302, 1.2162616896629332, 1.208647313117981, 1.2012509107589722, 1.1974719440937043, 1.197444658279419, 1.194431164264679, 1.1887486159801484, 1.1728872013092042, 1.1746864378452302, 1.1684239459037782, 1.1636521995067597, 1.159265159368515, 1.1610642337799073, 1.1538863372802735, 1.151027754545212, 1.141617194414139, 1.1430106723308564, 1.147612498998642, 1.1331772363185884, 1.1343963718414307, 1.1294312572479248, 1.128221137523651, 1.1235182464122773, 1.1195762252807617, 1.1088209307193757, 1.1142588329315186, 1.1018965005874635, 1.10437473654747, 1.1016608774662018, 1.0972429811954498, 1.0936457014083862, 1.0934765470027923, 1.0899605071544647, 1.0825043082237245, 1.0853094923496247, 1.0742471837997436, 1.0811994564533234, 1.0749027371406554, 1.0675436854362488, 1.0692043554782868, 1.0723861861228943, 1.0605351340770721, 1.0643852400779723, 1.0594221818447114, 1.0627477848529816, 1.053122078180313, 1.0578732931613921, 1.043828134536743, 1.0524154341220855, 1.0426883697509766, 1.0422831892967224, 1.0397868704795838, 1.035686628818512, 1.037318856716156, 1.0345327591896056, 1.0246134734153747, 1.0283427345752716, 1.0259641087055207, 1.0249609494209289, 1.0288404285907746, 1.0216903746128083, 1.0224169981479645, 1.0104423093795776, 1.0145707678794862, 1.0124918627738952, 1.0044612741470338, 1.0070617485046387, 0.9995517635345459, 1.004450716972351, 1.0001579320430756, 1.004968705177307, 0.9990982389450074, 0.9902962684631348, 0.9859687054157257, 0.993955191373825, 0.9890993440151215, 0.9844708979129791, 0.9857983803749084, 0.9840164756774903, 0.9788485610485077, 0.9837157618999481, 0.9802099895477295, 0.9722803497314453, 0.9742582285404205, 0.9677620112895966, 0.9730839109420777, 0.9683126556873322, 0.9680840396881103, 0.9682131898403168, 0.9699764096736908, 0.9584028434753418, 0.962671982049942, 0.9588762152194977, 0.9599672222137451, 0.9599420285224914, 0.9577901136875152, 0.9519505763053894, 0.9514053905010224, 0.9436457288265229, 0.9472862219810486, 0.947403107881546, 0.9453047919273376, 0.9438078737258911, 0.939026426076889, 0.9391006207466126, 0.9368007338047027, 0.9421280217170716, 0.9347586417198182, 0.9360031199455261, 0.9404752230644227, 0.9301823222637177, 0.9280781257152557, 0.9344185626506806, 0.9220967006683349, 0.9188270401954651, 0.9184428596496582, 0.9199044597148895, 0.9209772717952728, 0.9219652450084687, 0.9188524067401886, 0.9115380537509918, 0.9154936325550079, 0.9109365570545197, 0.9195348620414734, 0.9151643550395966, 0.9005025649070739, 0.9107270550727844, 0.9102773499488831, 0.9032709801197052, 0.9009747874736785, 0.9117955040931701, 0.9107651996612549, 0.9044118547439575, 0.9004942488670349, 0.9020900845527648, 0.8949813508987426, 0.8903227353096008, 0.8901541042327881, 0.8986423122882843, 0.895928989648819, 0.889815878868103, 0.8899784374237061, 0.8873507726192474, 0.8904617214202881, 0.8856530237197876, 0.8817263162136078, 0.8883410739898682, 0.88564621925354, 0.8786567103862762, 0.8768653225898743, 0.8768319630622864, 0.8742447543144226, 0.8775829994678497, 0.8809824848175049, 0.872096449136734, 0.8790066480636597, 0.8672437560558319, 0.8680329585075378, 0.872044038772583, 0.8673726141452789, 0.8687482178211212, 0.8633928847312927, 0.867004646062851, 0.8596402871608734, 0.8556026458740235, 0.8598116147518158, 0.8544841992855072, 0.8575680994987488, 0.8544034564495087, 0.8548545360565185, 0.8505379378795623, 0.8496457457542419, 0.8490012764930726, 0.8502870786190033, 0.8483726763725281, 0.8498392295837403, 0.846503140926361, 0.850600688457489, 0.8428930616378785, 0.8433379578590393, 0.8458228611946106, 0.8396586918830872, 0.8425097572803497, 0.8372705864906311, 0.8321139597892762, 0.8414726567268371, 0.8317935729026794, 0.8353158271312714, 0.8359103035926819, 0.8319342994689941, 0.8355869376659393, 0.8326351654529571, 0.8353727543354035, 0.8300701010227204, 0.828609071969986, 0.83325075507164, 0.8284925436973571, 0.8299511206150055, 0.8240378594398499, 0.8282063436508179, 0.8212599778175353, 0.82743776679039, 0.8146991276741028, 0.8239003026485443, 0.82271488904953, 0.8218125438690186, 0.8169498550891876, 0.8168622958660126, 0.8132459962368012, 0.8148233830928803, 0.8158112740516663, 0.8141542518138886, 0.8122120070457458, 0.8115394985675812, 0.816445791721344, 0.8095495474338531, 0.8075559282302857, 0.8093471026420593, 0.8059880256652832, 0.8056490707397461, 0.8043348097801208, 0.8024532890319824, 0.7975983965396881, 0.8015191793441773, 0.8044141674041748, 0.798587417602539, 0.8044994854927063, 0.7999181628227234, 0.79571692943573, 0.8007211375236511, 0.7925456321239471, 0.7920908391475677, 0.7953091895580292, 0.7931124269962311, 0.7943383944034577, 0.7947055768966674, 0.7924073517322541, 0.7903079557418823, 0.7861385464668273, 0.7881925225257873, 0.7835654985904693, 0.7834927499294281, 0.7824075508117676, 0.7825209522247314, 0.7821613585948944, 0.7845350921154022, 0.7838355767726898, 0.785147010087967, 0.7823653507232666, 0.7822124683856964, 0.7787466263771057, 0.7789729726314545, 0.772550699710846, 0.7740998518466949, 0.7772968769073486, 0.7753878569602967, 0.7751341545581818, 0.7790370213985444, 0.772374895811081, 0.775258401632309, 0.770264927148819, 0.7701477968692779, 0.7692764317989349, 0.7687141215801239, 0.7681786668300629, 0.7651916420459748, 0.7658792674541474, 0.7685188603401184, 0.7663733112812042, 0.7693517160415649, 0.7628930509090424, 0.7626272559165954, 0.7632631480693817, 0.7642317569255829, 0.7611559963226319, 0.7627441704273223, 0.7556980180740357, 0.7497988796234131, 0.7551797425746918, 0.7571413516998291, 0.7567822575569153, 0.7550271022319793, 0.7496229422092437, 0.7517885494232178, 0.7527040159702301, 0.7578938829898835, 0.7512660145759582, 0.7524199497699737, 0.7506932270526886, 0.7519736731052399, 0.7505102968215942, 0.7461341965198517, 0.7452891027927399, 0.7409839475154877, 0.747925877571106, 0.7397669649124146, 0.7479339671134949, 0.7431876111030579, 0.7408081483840943, 0.7420812821388245, 0.7422467315196991, 0.7448741841316223, 0.7426970422267913, 0.7441868877410889, 0.7405784118175507, 0.73865513920784, 0.7384405374526978, 0.7366153013706207, 0.7312499725818634, 0.7371350061893464, 0.7373158299922943, 0.7337044143676758, 0.7373212337493896, 0.7275930225849152, 0.7345674431324005, 0.7293483316898346, 0.7316886103153228, 0.7296361863613129, 0.7313025939464569, 0.7303287899494171, 0.7256670951843261, 0.7293011581897736, 0.7251456022262573, 0.7261445891857147, 0.7250402927398681, 0.7209399163722991, 0.7236352026462555, 0.7237266397476196, 0.720690131187439, 0.7200229728221893, 0.72112419962883, 0.7224257135391235, 0.7203481197357178, 0.7141694009304047, 0.718986427783966, 0.7170632553100585, 0.7159717106819152, 0.7162497651576996, 0.7211028563976288, 0.7121976411342621, 0.7167898631095886, 0.7125579714775085, 0.7133206689357757, 0.7149519383907318, 0.7127610671520234, 0.7077921688556671, 0.7082034432888031, 