{"task": {"lambda": 1, "alpha": 1, "lr": 0.0001, "wd": 1e-05, "bits": 48}, "result": {"earlyStop": true, "loss": [1.64148574590683, 0.7713550007343293, 0.6927939546108246, 0.6364301812648773, 0.6035991019010544, 0.5719448029994965, 0.5442664307355881, 0.5108961290121079, 0.5006862717866898, 0.4878560358285904, 0.4538344573974609, 0.44615565180778505, 0.4231706553697586, 0.4176736479997635, 0.3940331667661667, 0.38732443034648895, 0.36469760835170745, 0.3583012855052948, 0.3546033802628517, 0.33543438851833346, 0.32570067048072815, 0.3185060289502144, 0.3000980699062347, 0.2954947358369827, 0.2885938957333565, 0.27875212967395785, 0.2769582733511925, 0.26569231957197187, 0.2566251167654991, 0.26036079913377763, 0.2407196992635727, 0.23435145795345305, 0.23546053290367128, 0.2341781124472618, 0.22378934264183045, 0.2170193859934807, 0.2192235177755356, 0.20584902971982955, 0.20071810513734817, 0.20718924582004547, 0.1945125263929367, 0.1919350665807724, 0.18298708409070968, 0.18450597703456878, 0.19298755675554274, 0.17789447844028472, 0.1743763330578804, 0.17495841830968856, 0.16297708362340926, 0.16167035788297654, 0.16492687940597534, 0.15812209278345107, 0.15949115872383118, 0.15127574890851975, 0.15878956913948059, 0.14741426914930345, 0.13840791389346122, 0.1411187842488289, 0.14524903982877732, 0.14369886308908464, 0.1781436647474766, 0.12415982976555824, 0.12111318573355674, 0.1450342996418476, 0.12120672598481179, 0.12602326169610023, 0.12168596982955933, 0.12957088857889176, 0.11730600968003273, 0.11991527110338211, 0.12990021377801894, 0.11150215685367584, 0.10603659734129905, 0.11459070578217506, 0.1113037884235382, 0.11859733507037162, 0.10878510668873786, 0.09752740025520325, 0.11558202996850014, 0.0975428993999958, 0.11348677799105644, 0.09255147442221641, 0.1360240513086319, 0.08722301721572875, 0.0942400684952736, 0.09078652530908585, 0.0948275549709797, 0.09155469208955765, 0.10859974846243858, 0.08564179301261902, 0.08657137036323548, 0.08798823922872544, 0.08334346234798432, 0.11921263128519058, 0.07502713367342949, 0.07699632219970226, 0.11737798728048801, 0.07351238586008549, 0.07199045985937119, 0.085176220536232, 0.07546310432255268, 0.08039066024124622, 0.15275378599762918, 0.06764768049120903, 0.06593194991350174, 0.06823143146932126, 0.07316709116101265, 0.06953176088631154, 0.09650029204785823, 0.06548645786941051, 0.0784877796471119, 0.06727838292717933, 0.066804309040308, 0.08763691626489162, 0.06091134399175644, 0.06503321796655655, 0.0822372305393219, 0.05917291343212128, 0.11925560392439366, 0.0576739002764225, 0.057093371152877805, 0.061910687237977984, 0.06019538678228855, 0.08916625544428826, 0.05532308310270309, 0.058119000717997554, 0.0600922553986311, 0.06485777430236339, 0.09874430604279041, 0.051732110753655434, 0.06479310654103757, 0.05309470057487488, 0.06512452594935894, 0.05298636332154274, 0.14004937127232553, 0.05053934626281262, 0.048513095751404764, 0.049355488270521164, 0.04973522737622261, 0.05895781457424164, 0.05048618197441101, 0.06664971955120563, 0.051176029369235036, 0.12071933425962925, 0.05304952725768089, 0.045427160263061525, 0.04504244312644005, 0.04929832622408867, 0.05017375968396664, 0.052992524728178975, 0.11406541302800179, 0.04994028702378273, 0.04299287267029286, 0.042843402698636054, 0.04997946985065937, 0.047780258283019066, 0.047122478932142255, 0.1135250224173069, 0.04933510407805443, 0.03988353341817856, 0.039695211946964265, 0.04101044557988644, 0.0764382229745388, 0.061332840323448184, 0.03893873386085033, 0.041084906309843065, 0.04278450921177864, 0.14661127276718616, 0.04136491507291794, 0.0376236817240715, 0.036863122209906576, 0.03819072961807251, 0.06073500536382198, 0.04113653253763914, 0.040264553129673, 0.041291692927479744, 0.0560194319486618, 0.10035326719284057, 0.035614831894636156, 0.034778498746454715, 0.03763386696577072, 0.037686111107468605, 0.07747003339231014, 0.034571829997003076, 0.03689594227820635, 0.038351848386228085, 0.04186854735016823, 0.04808521330356598, 0.04277408931404352, 0.06462594032287598, 0.03513278674334288, 0.03493940494954586, 0.07082225296646356, 0.035420203059911726], "map": 0.8471366370484663}, "time": 403.7758278846741}