{"task": {"alpha": 3, "lr": 1e-06, "wd": 1e-05, "bits": 48}, "result": {"earlyStop": true, "loss": [9.639183472156525, 6.764431604862213, 6.703355120897293, 5.761505327939987, 6.097433156728744, 6.145592960357666, 6.334902371406555, 5.969796099901199, 5.767926479578018, 5.943041008472442, 5.968008371591568, 5.934689732551575, 6.062404888153076, 6.08404341340065], "map": 0.042261865475931006}, "time": 1829.1002662181854}