{"task": {"alpha": 5, "lr": 0.0001, "wd": 0.0001, "bits": 48}, "result": {"time stopage": true, "loss": [8.254041343688964, 6.393690951347351, 6.067139781951904, 5.593198629379272, 5.098762561798096, 4.804363998413086, 4.4639711112976075, 4.7910759754180905, 3.933095962524414, 3.907102005004883, 3.9077674293518068, 3.75024995803833, 3.909942825317383, 3.4775214805603025, 3.770866237640381, 3.3905602989196777, 3.4198425102233885, 3.2274161949157714, 3.177695022583008, 3.129302955627441, 3.265403823852539, 3.090708808898926, 2.780606689453125, 3.1293947257995605, 2.8299598007202147, 2.9785785942077636, 2.5869679069519043, 2.8115758323669433, 2.732643051147461, 2.755088138580322, 2.817555221557617, 2.731996322631836, 2.842099937438965, 2.4491632232666016, 2.4523158836364747, 2.6803716583251953, 2.6950992469787596, 2.364505870819092, 2.4325675163269045, 2.5181275520324706, 2.326040012359619, 2.493290180206299, 2.358010929107666, 2.3131880722045897, 2.3014417114257815, 2.370178386688232, 2.3030342864990234, 2.274550926208496, 2.4278816528320313, 2.2745405349731445, 2.1175366287231445, 2.1958349685668948, 2.125657653808594, 2.1345398025512696, 1.991948600769043, 1.9795261383056642, 2.2321071701049804, 2.025060516357422, 2.146634391784668, 2.0273907470703123, 2.170243942260742, 1.9973787155151368, 2.046378910064697, 1.8211979179382325, 2.0082196578979494, 1.8926577301025391, 2.00470915222168, 2.0228204498291014, 1.922583221435547, 1.7902126998901366, 2.073466407775879, 1.769240852355957, 1.8804526557922363, 1.812726692199707, 1.670141242980957, 1.7870145645141602, 1.8604335098266602, 1.7685022583007812, 1.827625228881836, 1.6693015441894532, 1.8523437347412108], "map": 0.07187141977817514}, "time": 3057.4349303245544}