{"task": {"alpha": 5, "lr": 0.0001, "wd": 0.0001, "bits": 12}, "result": {"earlyStop": true, "loss": [9.414963921546937, 7.063383597373963, 6.8566787147521975, 5.840337439537048, 5.171706289291381, 5.274065706253052, 5.098847663879394, 4.851329418182373, 4.81927290725708, 4.441600074768067, 4.2862600860595705, 4.252812145233154, 4.186431234359741, 3.935292570114136, 3.7773031005859377, 3.9469715938568117, 3.620663251876831, 3.670956792831421, 3.7599207401275634, 3.5744734649658203, 3.461815475463867, 3.3271508712768556, 3.040140117645264, 3.2316319656372072, 3.0831325340270994, 3.156164737701416, 2.9697486610412596, 3.0531763076782226, 3.219285400390625, 2.8444651832580568, 3.145297847747803, 2.976395767211914, 2.8796672172546387, 2.8085526123046876, 2.9331348152160643, 2.600250217437744, 2.601523685455322, 2.667600646972656, 2.8172987060546877, 2.836361038208008, 2.836335678100586, 2.6311362342834475, 2.3494923095703126, 2.682915573120117, 2.57582230758667, 2.5232041397094727, 2.4672756118774415, 2.5177893676757814, 2.238139705657959, 2.452348163604736, 2.4708779640197753, 2.3468994674682615, 2.280396968841553, 2.549609951019287, 2.198616790771484, 2.252162284851074, 2.3740314979553223, 2.267395462036133, 2.335608982086182, 2.2850945739746096, 2.3838270835876463, 2.326912139892578, 2.298445068359375, 2.2529730224609374, 2.444685359954834], "map": 0.022662450095987788}, "time": 2655.6715829372406}