{"task": {"alpha": 3, "lr": 1e-05, "wd": 1e-06, "bits": 12}, "result": {"time stopage": true, "loss": [7.399082581996918, 5.67246856379509, 5.456687506914139, 5.226905547142029, 4.939890858650208, 5.210511161565781, 4.74877233839035, 4.857605287790299, 4.885478405714035, 4.443766120672226, 4.311598492622376, 4.379818297386169, 4.258890076160431, 4.173972780704498, 4.244522808551788, 4.1037954049110414, 4.218819420337677, 3.920525177001953, 4.078605503559112, 3.887004952430725, 3.994969113826752, 3.9171527857780455, 4.019488483905792, 3.981435492515564, 3.7063462209701536, 3.68632541179657, 3.835788199424744, 3.6773506441116335, 3.4547226853370665, 3.4924743690490723, 3.5678878951072694, 3.487751168251038, 3.5879802007675172, 3.5271566615104675, 3.4251177077293398, 3.358156207084656, 3.3733244647979737, 3.6212516593933106, 3.524114750862122, 3.3270186109542847, 3.3858003540039063, 3.4333326015472414, 3.2057209215164186, 3.4852134103775025, 3.431808175086975, 3.206247498512268, 3.362359655380249, 3.1801205539703368, 3.3438218002319338, 3.1737514772415163, 3.18196954536438, 3.2672703399658203, 3.368751120567322, 3.2634004096984865, 3.0836169691085815, 3.0850399284362795, 3.055763155937195, 3.175615714073181, 3.0861141986846925, 3.206270309448242, 3.1355868043899537, 3.1138860464096068, 3.003247632980347, 3.0960901880264284, 3.1339170360565185, 3.1511359958648684, 2.946961562156677, 3.034789277076721, 2.817913230895996, 2.8465993556976317, 2.954468324661255, 3.1919857368469238, 2.8473845348358156, 2.867152843475342, 2.7738131456375124, 2.8669200897216798, 2.885549613952637, 2.9113805122375487, 2.9360084342956543, 2.819654896736145, 2.885327540397644, 2.834255453109741, 2.6812542743682863, 2.7411217384338378, 2.7206647510528565, 2.68708763217926, 2.7955228576660156, 2.743158109664917, 2.7261201515197753, 2.8488054513931274, 2.69250617980957, 2.693057267189026], "map": 0.020596909331503332}, "time": 3326.8928365707397}