{"task": {"alpha": 3, "lr": 0.0001, "wd": 1e-06, "bits": 32}, "result": {"earlyStop": true, "loss": [4.561222077846527, 3.4892457036972044, 3.160017286300659, 2.9604346675872804, 2.5333835525512693, 2.58532684135437, 2.3959575710296632, 2.2694129123687743, 2.246523624420166, 2.0907324810028074, 2.046929479598999, 1.8778957614898681, 1.9576276473999024, 1.7894159851074218, 1.7879249057769775, 1.7574785118103027, 1.7804078407287598, 1.688345947265625, 1.757037977218628, 1.5751628227233887, 1.484976806640625, 1.5570084114074707, 1.3735323219299316, 1.4841042022705078, 1.4341026992797852, 1.5726939086914062, 1.5441002922058105, 1.325255558013916, 1.301390308380127, 1.403272346496582, 1.453458839416504, 1.3476219329833985, 1.2719164161682128, 1.3038646965026854, 1.3561395530700684, 1.216893310546875, 1.3185310916900634, 1.296081325531006, 1.2777865982055665, 1.2338511619567871, 1.2100935859680175, 1.17433500289917, 1.278268096923828, 1.2582604827880859, 1.2195006217956543, 1.2264154624938965, 1.07983451461792, 1.0083449630737304, 1.1105423088073731, 1.2550500183105469, 1.1929768028259278, 1.0310886840820312, 1.0609456748962403, 1.0382929725646972, 1.0319116744995118, 1.1365014152526856, 1.1966255683898925, 1.0110144844055176], "map": 0.054610926633250595}, "time": 2677.725890636444}