{"task": {"alpha": 3, "lr": 1e-06, "wd": 1e-06, "bits": 32}, "result": {"earlyStop": true, "loss": [13.543981132984161, 7.7289192280769345, 7.092590705037117, 6.6031283662319185, 6.3761940658092495, 6.234377063512802, 6.004531285524369, 5.99975578379631, 5.999194770812989, 5.832810877084732, 6.203812694787979, 5.442479040384293, 5.94321101307869, 5.945615256071091, 5.568847052335739, 5.630454048395157, 5.803317131519318, 5.653545943021775, 5.70247607755661, 5.800873782873154, 5.791834059000015, 5.593101944208145], "map": 0.03609156872794387}, "time": 2059.123799562454}