{"task": {"alpha": 5, "lr": 1e-05, "wd": 1e-06, "bits": 12}, "result": {"earlyStop": true, "loss": [15.534445694446564, 9.591990711688995, 9.445781160831451, 9.499902565002442, 9.023125658273697, 8.865733505249024, 8.703230363607407, 8.6013459982872, 7.93686833190918, 7.7640122814178465, 8.098718320846558, 8.03926322221756, 7.939836094379425, 7.642837100982666, 7.640278081417084, 7.48718115901947, 7.597675995826721, 7.224679398059845, 7.262864404201507, 7.35913916015625, 6.898057801246643, 6.866739937782287, 7.019381088733673, 7.601395757675171, 7.228152974128723, 6.907683856964112, 7.044773670196533, 6.97286062335968, 7.072555236816406, 6.884727090835571, 6.6286284456253055, 6.826406229972839, 6.383477526664734, 6.372471127510071, 6.521890880584717, 6.359028491973877, 6.353367515563965, 6.0828395900726315, 6.0168109703063966, 6.388562247276306, 6.579279627799988, 6.368537359237671, 6.489984188079834, 6.187442402839661, 6.387782084465027, 6.1632937936782834, 5.954436549186706, 5.86185857963562, 5.645100966453552, 5.926611949920654, 6.256481896400452, 5.702957068443299, 5.376472578048706, 5.859712126731872, 5.682468608856201, 5.787763427734375, 5.910371257781982, 5.7651628408432005, 5.892950501441955, 6.107587102890014, 5.643370622634888, 5.774941555023194, 5.862702872276306], "map": 0.02036255929549699}, "time": 2883.2893142700195}