{"task": {"alpha": 3, "lr": 1e-06, "wd": 1e-06, "bits": 24}, "result": {"earlyStop": true, "loss": [16.739973010778428, 8.222932711839675, 6.957398148536682, 6.698932806968689, 6.194009373903275, 6.148638266563416, 6.387317319393158, 6.146161275863648, 5.927031746387482, 5.992259608864784, 5.916432209849358, 5.875567195415496, 5.952905595302582, 5.566881410956383, 5.608788584113121, 5.9437109043598175, 5.682983665943146, 5.87315293264389, 5.769323083162308, 5.350096804618835, 5.80093284201622, 5.698906991004944, 5.728961305379867, 5.299748790025711, 5.781446591615677, 5.642596928477287, 5.693085667848587, 5.463731580734253, 5.780059640169144, 5.543466718673706, 5.653343617677689, 5.6677443034648896, 5.695648543596268, 5.418051782846451], "map": 0.03212289041382046}, "time": 2340.168318271637}