{"task": {"alpha": 3, "lr": 1e-05, "wd": 0.0001, "bits": 48}, "result": {"time stopage": true, "loss": [6.7475781037807465, 5.637974815607071, 5.7644187364578245, 5.363302502393722, 5.122826730728149, 4.944220087528229, 4.5853721308708195, 4.613575919628143, 4.3986230301857, 4.480735601425171, 4.496984348773957, 4.252262686252594, 4.189743399143219, 4.065139117240906, 4.2941150727272035, 4.074500064373017, 4.073018301010132, 3.779353588581085, 4.067817912578583, 3.9889401149749757, 3.936137752532959, 3.79491748046875, 4.098774490356445, 3.6990174140930177, 3.52157448387146, 3.624173206329346, 3.7544872360229493, 3.627384694099426, 3.6030209169387817, 3.6855882234573363, 3.440371605873108, 3.5591839847564697, 3.207811161994934, 3.474980936050415, 3.3492601470947267, 3.37348126411438, 3.2656576385498046, 3.461054991722107, 3.3021577091217043, 3.2677803506851197, 3.128972575187683, 3.2965765705108643, 3.240450867652893, 3.158794851303101, 3.224106632232666, 3.27991926574707, 3.1417430362701415, 3.0744169397354124, 3.1883305320739748, 3.1917373266220093, 2.961298316001892, 3.1045524940490723, 3.036003338813782, 3.1846858234405517, 3.0734629402160643, 3.0083904600143434, 3.0141729526519776, 2.8632038230895995, 2.8488060007095335, 2.931366179466248, 2.845353724479675, 2.999981162071228, 2.889325656890869, 3.0090242624282837, 2.9607871799468994, 3.029148895263672, 2.7922041358947753, 2.9451297359466553, 2.5386405820846556, 2.929109489440918, 2.8425688343048097, 2.7394402723312377], "map": 0.0719883873177516}, "time": 3376.7961621284485}