{"task": {"alpha": 3, "lr": 0.0001, "wd": 0.0001, "bits": 32}, "result": {"earlyStop": true, "loss": [4.589221824169159, 3.6231591339111326, 3.0758657665252684, 2.7724849510192873, 2.653276346206665, 2.4329640216827393, 2.208933193206787, 2.286989543914795, 2.2651002712249757, 2.0876243858337404, 2.0845563926696777, 2.0480782413482665, 1.8826834812164306, 1.7649215297698975, 1.7700730323791505, 1.7503622493743896, 1.5989037342071533, 1.7565962238311768, 1.592927568435669, 1.6035158271789551, 1.4807015419006349, 1.4809711322784425, 1.5207353744506835, 1.4905356616973877, 1.3439951400756835, 1.4926912307739257, 1.4702063598632813, 1.423645107269287, 1.4439910888671874, 1.368325351715088, 1.5520922927856444, 1.3348941421508789, 1.357718547821045, 1.3763020477294923, 1.2711426658630371, 1.295550868988037, 1.2429872817993164, 1.2062084045410155, 1.2917428092956542, 1.3356114082336425, 1.3144852485656737, 1.3361563529968261, 1.1661370124816894, 1.2351473922729492, 1.1879631729125977, 1.1878748512268067, 1.1118171501159668, 1.0996731605529786, 1.117641746520996, 1.0787079887390136, 1.1755493659973144, 1.128781047821045, 1.0693650093078613, 1.2047400321960449, 1.2267004814147948, 1.0162529945373535, 1.0586543273925781, 1.052983943939209, 1.1211059494018554, 1.091807445526123, 1.0714525032043456, 1.018064266204834, 1.129215461730957, 0.9554324989318848, 0.9057771835327149, 0.9841013412475585, 1.1053144721984862, 0.9259590263366699, 0.9493522796630859, 0.9723588333129883, 1.0052250785827637, 0.9188409156799316, 0.9960200653076172, 0.972170539855957, 0.9277036781311035], "map": 0.056207105001676055}, "time": 3064.50452542305}