{"task": {"alpha": 3, "lr": 1e-05, "wd": 0.0001, "bits": 24}, "result": {"earlyStop": true, "loss": [6.975256549954414, 5.687545768976212, 5.548176307439804, 5.4745220685005185, 4.916189062595367, 5.021985420703888, 4.7048198490142825, 4.80925091457367, 4.72413378572464, 4.4260616536140445, 4.239740472793579, 4.264862543582916, 4.278376367092132, 4.247858546733856, 4.129068894863129, 4.087044117927551, 4.139710315227509, 4.076657206535339, 3.908956934452057, 4.101114052295685, 3.88509583902359, 3.9069831047058106, 3.8897692155838013, 3.8095211277008056, 3.649202621459961, 3.674592869758606, 3.55335338973999, 3.6093380432128908, 3.572049065589905, 3.591394938468933, 3.6954621906280516, 3.540991427898407, 3.6913865671157837, 3.4275932493209837, 3.4764046049118043, 3.5130401935577393, 3.416547210693359, 3.3410118112564087, 3.510304542541504, 3.113555199623108, 3.3477869176864625, 3.1715490264892576, 3.165371560096741, 3.1707805423736573, 3.421126857757568, 3.310476799964905, 3.30878627204895, 3.027906132698059, 3.189288992881775, 3.071986545562744, 3.252629424095154, 3.1516312952041625, 3.1539763193130494, 3.1752140827178956, 3.0691700468063354, 3.248696033477783, 3.225505383491516, 2.9522459735870363, 2.9217082920074464, 3.2559290800094605, 3.0322231731414795, 3.3699298038482666, 2.807050468444824, 2.899824454307556, 3.00314421081543, 3.1907196340560913, 2.8531599464416506, 3.1912021417617797, 2.962725227355957, 2.8658384132385253, 2.8978587675094603, 2.9919510049819946, 3.0143249349594115], "map": 0.04256655976596002}, "time": 3114.147520303726}