{"task": {"alpha": 3, "lr": 1e-05, "wd": 1e-06, "bits": 32}, "result": {"earlyStop": true, "loss": [6.018969780087471, 5.608829713582993, 5.320435641050339, 5.206712787628174, 4.869230843067169, 5.106723998069763, 4.54394409942627, 4.628147090435028, 4.878494060993194, 4.394352132797241, 4.417419736385345, 4.388423532962799, 4.199560115814209, 4.311796713352203, 4.102173794269562, 4.04568699502945, 4.033865279197693, 4.0800306792259216, 3.8485244846343996, 3.8467453422546387, 3.8452192959785463, 3.9082512140274046, 3.7975199184417723, 3.695787084102631, 3.824078572273254, 3.561856606960297, 3.684089396476746, 3.7203986806869507, 3.770260795593262, 3.5918505687713624, 3.544115273475647, 3.618198392868042, 3.53890145111084, 3.509288164138794, 3.8149705362319946, 3.2537098207473756, 3.479131827354431, 3.2713126640319823, 3.5943898763656614, 3.1881012468338015, 3.330949611663818, 3.4461542625427244, 3.1552065982818602, 3.361140392303467, 3.427575065612793, 3.3581583795547485, 3.318388422012329, 3.2350879878997802, 3.2245808992385863, 3.2113449230194093, 3.1911480016708373, 3.1630018672943114, 3.163928545951843], "map": 0.05242971194774191}, "time": 2492.388477563858}