{"task": {"alpha": 3, "lr": 0.0001, "wd": 1e-05, "bits": 12}, "result": {"earlyStop": true, "loss": [4.880668463945389, 3.8079520182609556, 3.0077672901153565, 3.0103644342422484, 2.8275038480758665, 2.608502561569214, 2.64672284412384, 2.3544382724761963, 2.3130307788848876, 2.1353590812683105, 2.1522519607543944, 2.12203706741333, 1.974528959274292, 1.9016411190032958, 1.9734663715362548, 1.7738868942260742, 1.8569166488647462, 1.7337517204284667, 1.9011547985076904, 1.629776201248169, 1.7407722129821777, 1.561968759536743, 1.5791611862182617, 1.7072580261230468, 1.5685605030059815, 1.5778244190216064, 1.638065601348877, 1.5150511131286621, 1.4788687496185302, 1.396536029815674, 1.4284973831176757, 1.3154586353302002, 1.3298061904907226, 1.417931869506836, 1.392112144470215, 1.3164035682678223, 1.4657500114440918, 1.3352027549743652, 1.2686716995239258, 1.389518440246582, 1.4068840522766113, 1.3210541172027588, 1.2764729290008545, 1.2841415634155273, 1.3087624397277833, 1.2032562370300293, 1.1720511722564697, 1.3892640800476075, 1.1447628440856934, 1.201283157348633, 1.1434211311340332, 1.1905013847351074, 1.1588338088989258, 1.1210451278686524, 1.116548313140869, 1.0236282539367676, 1.1186525573730468, 1.186701072692871, 1.1405358238220216, 1.2010493278503418, 1.1391958427429199, 1.094734733581543, 1.0665716743469238, 1.0748215007781983, 1.0538352203369141, 1.0720160217285157], "map": 0.02342473912512623}, "time": 2702.345362663269}