{"task": {"alpha": 5, "lr": 1e-06, "wd": 1e-06, "bits": 32}, "result": {"earlyStop": true, "loss": [42.29122966194153, 19.158094227552414, 12.670783697605133, 11.672204201936722, 10.736334777116776, 10.72451713013649, 10.600798829555512, 10.665156685352326, 10.368343411922455, 9.958795980215072, 10.35796355509758, 10.386599036693573, 10.091450268268586, 9.91202658700943, 9.427514484643936, 10.101926548480987, 9.263972901582719, 10.396919917106628, 9.60727378153801, 9.24244461774826, 9.4702818069458, 9.698020243167877, 9.732720098733902, 9.63093972826004, 9.968945534706116, 9.188408627986908, 9.640598061561585, 9.721122845411301, 9.432827870607376, 9.730856924533844, 8.968668863296509, 9.190315966606141, 9.162763688087463, 9.722140229463577, 9.01875997185707, 9.451382403850555, 9.250099832057954, 8.704775894403458, 9.294368219852448, 9.573014347076416, 9.092711662530899, 9.120862324714661, 9.154768261432647, 8.969479613304138, 9.372244501590728, 9.189079051494598, 8.897543524742126, 9.269808750629425], "map": 0.04477810634928654}, "time": 2614.2067682743073}