{"task": {"alpha": 1, "lr": 1e-05, "wd": 0.0001, "bits": 32}, "result": {"earlyStop": true, "loss": [1.8655631469488143, 1.7472863380908965, 1.7044974980354308, 1.579808350801468, 1.411137672662735, 1.3153355402946472, 1.3768294961452485, 1.2132743861675261, 1.1849662733078004, 1.2277204983234407, 1.233920795440674, 1.1345148379802703, 1.1665781252384186, 1.074157266139984, 1.0037211949825287, 1.1159399499893188, 1.062313824892044, 1.0616808218955993, 1.0031778264045714, 1.0184845142364503, 0.9989485912322998, 0.9977525424957275, 0.9665657858848572, 0.9348062920570374, 0.9275395312309265, 0.8929140138626098, 0.8939533834457397, 0.9301417489051819, 0.8803885974884034, 0.8861032042503357, 0.8337112803459168, 0.9366147007942199, 0.8776259036064148, 0.8966702547073364, 0.8658964514732361, 0.8575312495231628, 0.8263077325820923, 0.8242869033813477, 0.9214513158798218, 0.7991915960311889, 0.8453441762924194, 0.8422951340675354, 0.8619954142570495, 0.8558282885551453, 0.754467625617981, 0.8171126146316529, 0.7824062376022339, 0.7951026039123535, 0.7710736265182495, 0.7577691297531128, 0.7619878692626953, 0.7687487797737121, 0.7448228936195374, 0.7562569179534913, 0.7547486963272094, 0.7781017413139343, 0.7883005766868592, 0.7195835103988647, 0.7622825217247009, 0.7307110605239868, 0.7324428758621215, 0.7794170866012573, 0.7109013757705689, 0.6804129161834717, 0.728994439125061, 0.7204088001251221, 0.681621120929718, 0.732888267993927, 0.6860690116882324, 0.7267913546562195, 0.7440120015144348, 0.743309612751007, 0.7509597868919372, 0.718579255104065], "map": 0.05649322077601542}, "time": 3031.1811821460724}