{"task": {"alpha": 3, "lr": 1e-05, "wd": 1e-06, "bits": 48}, "result": {"time stopage": true, "loss": [5.9254574880599975, 5.9544307820796964, 5.610967577219009, 5.088677030324936, 5.009293716430664, 4.98514141702652, 5.0497445440292354, 4.8503627943992615, 4.425947775363922, 4.494314958572388, 4.24019467496872, 4.219822144985199, 4.336664663314819, 4.220399920940399, 3.799744653701782, 4.113488417625427, 3.895999725341797, 4.130686233520508, 3.612849727630615, 3.9199052934646605, 3.892198621749878, 3.770689696788788, 3.632380509376526, 3.5552048568725585, 3.703247004508972, 3.872479465484619, 3.7877042579650877, 3.515408092498779, 3.5725839529037478, 3.5600870094299317, 3.555801465034485, 3.626470929145813, 3.7268253622055054, 3.3014654188156127, 3.308758066177368, 3.447812539100647, 3.388256113052368, 3.2139226789474487, 3.4012628631591797, 3.2486974210739135, 3.1818673458099367, 3.2492127647399904, 3.308729924201965, 3.108248966217041, 3.1041467838287353, 3.356363286972046, 3.0516919116973877, 3.2251212348937988, 3.2699578847885133, 3.178701852798462, 3.1348988552093506, 3.1006749057769776, 2.949117637634277, 3.0492762498855592, 2.9910810089111326, 2.8884923830032347, 2.9306983547210694, 2.997141526222229, 3.0846914710998536, 2.712109555244446, 2.9963643531799318, 2.9523205060958864, 3.083912215232849, 2.9797672996520994, 3.0281273927688597, 2.9507817668914793, 2.6905926008224488, 2.6877621936798097, 2.8349653825759886, 2.796956760406494, 2.739935884475708, 2.9218873510360717, 2.8832444925308227, 2.547504437446594, 2.8150472831726074, 2.6027529678344727, 2.8912582406997682, 2.6047610235214234], "map": 0.07148506682277507}, "time": 3338.3119175434113}