{"task": {"alpha": 1, "lr": 1e-05, "wd": 1e-06, "bits": 32}, "result": {"earlyStop": true, "loss": [1.9687037473917008, 1.6575590124130248, 1.5614336326122285, 1.499404598236084, 1.3871866297721862, 1.3347293462753296, 1.2985424702167512, 1.281988073348999, 1.266725513458252, 1.211257910490036, 1.0943934192657472, 1.10017906665802, 1.149300446510315, 1.1651060926914214, 1.0768865823745728, 1.0327106051445007, 1.0654193410873414, 1.0273937067985535, 0.9583004069328308, 0.9493507199287414, 0.9873346662521363, 0.9649920349121094, 1.0108492150306703, 0.9754840393066406, 0.9297160284519196, 0.9844257102012635, 0.9444410748481751, 0.931661895275116, 0.8234662480354309, 0.9114319643974305, 0.859394250869751, 0.8551961417198182, 0.8985650343894959, 0.8474615097045899, 0.8702328238487244, 0.8551528887748718, 0.8504714374542236, 0.836196994304657, 0.829445761680603], "map": 0.05035452409871942}, "time": 2308.3980157375336}