{"task": {"alpha": 5, "lr": 1e-05, "wd": 1e-05, "bits": 32}, "result": {"time stopage": true, "loss": [12.868159039258957, 9.686677089929582, 9.055338433742524, 9.655493171215058, 8.677022871017456, 8.85032084274292, 9.030838832855224, 8.092181680202485, 8.199657816886901, 8.709871583938599, 8.285553278923034, 8.254244085311889, 8.139378685951232, 7.742792501449585, 7.892571044921875, 7.426809661865234, 7.821938247680664, 7.450334224700928, 7.457291471481323, 7.094649814605713, 6.980513965606689, 7.288506102561951, 7.137225762367248, 6.738186779022217, 6.702835294723511, 7.072424276351929, 7.107519238471985, 6.339504113197327, 6.617472437858582, 6.208663308143616, 6.278883511543274, 6.805483274459839, 6.446932747840881, 6.5390363779067995, 6.426293478965759, 6.585412760734558, 5.902102402687072, 6.419830699920654, 6.031057149887085, 6.39652224445343, 6.136114796638489, 5.867965434074402, 6.016187281608581, 6.304456398010254, 5.98716037940979, 6.038284406661988, 6.100857350349426, 5.792847660064697, 5.899659623146057, 5.851945657730102, 5.886562919616699, 5.941070096969605, 5.69318860912323, 5.83359580039978, 6.1327536563873295, 5.875911267280578, 6.014002700805664, 5.834596592903138, 6.015642250061036, 5.597634327888489, 5.720445928573608, 5.408344955444336, 5.6398692779541015, 5.529844083786011, 5.582689428329468, 5.908090003967285, 5.460321037292481, 5.237536332130432, 5.692193323135376, 5.719694948196411, 5.610442001342774, 5.651130306243896, 5.312636791229248, 5.319863529205322, 5.461794923782349], "map": 0.052836952537617526}, "time": 3030.406818628311}