{"task": {"alpha": 5, "lr": 1e-06, "wd": 0.0001, "bits": 24}, "result": {"earlyStop": true, "loss": [47.13866110038757, 22.8360670132637, 14.109037473201752, 11.690456343889236, 11.142758050680161, 10.972244722127915, 10.711522845506668, 10.591316839933395, 9.954950132131577, 9.749403264284133, 10.307453891038895, 9.962714104175568, 9.987164396762848, 9.850610702991485, 9.660879497289658, 9.929085701227189, 10.281865924596786, 9.965409784793854, 9.817460836410522, 9.954816946268082, 9.625955944299697, 9.395100754499435, 9.67303609585762, 9.3581140563488, 9.085827848434448, 9.019736932039262, 9.207392177343369, 9.278580726623535, 9.419965260744094, 9.66285314798355, 9.502902864933015, 9.580633444786072, 9.045998272895813, 9.351944051742553, 9.292941863536834, 9.888370520114899], "map": 0.03200245102987336}, "time": 2382.7686660289764}