{"task": {"alpha": 3, "lr": 0.0001, "wd": 0.0001, "bits": 12}, "result": {"earlyStop": true, "loss": [4.573487553596497, 3.7295238513946534, 3.0882255725860595, 2.8840413427352907, 2.82908895778656, 2.7512369956970213, 2.502437175750732, 2.213676092147827, 2.299035680770874, 2.259980728149414, 2.1115257148742677, 2.127182514190674, 1.9363543338775635, 1.961866539001465, 1.9280073776245117, 2.0222963886260987, 1.8331208381652833, 1.7639149608612061, 1.685418020248413, 1.5297385807037354, 1.630458122253418, 1.7277158870697022, 1.5512674961090087, 1.7782712745666505, 1.6861302337646484, 1.5856804695129394, 1.6833463859558107, 1.5490084190368651, 1.6112964134216308, 1.5778804931640624], "map": 0.01970107726153212}, "time": 1859.610157251358}