{"task": {"alpha": 5, "lr": 1e-05, "wd": 0.0001, "bits": 32}, "result": {"earlyStop": true, "loss": [12.537368577957153, 10.133142158985137, 9.993408338546754, 8.61075764131546, 8.607593420505523, 8.61427243566513, 8.302188627243043, 8.444588841438293, 7.950821655750275, 8.274725116252899, 7.68735284614563, 8.246293026924134, 7.9755714359283445, 7.711502743721009, 7.350940165519714, 7.39262606716156, 7.5890263147354124, 7.419929511070252, 7.5601304874420165, 7.206760518074035, 7.308801190376282, 7.1542158727645875, 7.22742140674591, 6.852174263000489, 6.896068943977356, 6.965043230056763, 6.86588019657135, 6.515345307350159, 6.675862159729004, 6.922058957099915, 6.321753452301025, 6.509692011833191, 6.606235237121582, 6.606700088500976, 6.351795734405518, 6.36612117767334, 6.1324736604690555, 6.374078925132752, 6.578940097808838, 5.978026704788208, 6.488195722579956, 5.893437255859375, 5.934110694885254, 6.216590509414673, 5.792831168174744, 6.186278059959411, 5.773274180412293, 5.960088730812073, 6.009686376571655, 6.1595905513763425, 5.660336022377014, 5.970005349159241, 5.757808317184448, 5.994745783805847, 5.414512398719787, 5.720746605873108, 5.3628741569519045, 5.574253870010376, 5.942191268920898, 5.7276501989364625, 5.349430814743042, 5.447032053947448, 5.823589908599853, 5.129604657173156, 5.4764353446960445, 5.62160689163208, 5.478610702514649, 5.537003007888794, 5.632584268569946, 5.373475540161133, 5.587666296005249, 5.164224405288696, 5.227538906097412, 5.277258876800537], "map": 0.05022460408598399}, "time": 2991.83371925354}