{"task": {"alpha": 3, "lr": 0.0001, "wd": 1e-06, "bits": 48}, "result": {"earlyStop": true, "loss": [4.411923513412476, 3.331574941635132, 3.0300807065963746, 2.462147041320801, 2.4957151279449463, 2.4483505783081054, 2.0496254081726075, 2.308576337814331, 1.8895862636566163, 2.084739990234375, 2.0013018741607667, 2.043650806427002, 1.8676826000213622, 1.7563056354522706, 1.703642017364502, 1.6258855743408203, 1.6464416542053222, 1.5473542804718017, 1.5261036224365234, 1.5448797817230224, 1.4311939620971679, 1.4325140914916992, 1.502050895690918, 1.3112968444824218, 1.4915325088500977, 1.356916534423828, 1.4146357231140136, 1.2886593933105468, 1.336062026977539, 1.3038232154846192, 1.3241817626953125, 1.1983331527709962, 1.2740085372924805, 1.1775813331604004, 1.2454142189025879, 1.3029304962158204, 1.1947585067749023, 1.1610212478637696, 1.1939585838317872, 1.1420327644348145, 1.2065640983581543, 1.1108579521179198, 1.2143922500610351, 1.0546729278564453, 1.115540756225586, 1.0797377471923828, 1.170756187438965, 1.1489916763305663, 1.0998373794555665, 1.119779327392578, 1.1235998077392577, 1.0488101463317872, 0.9941480445861817, 1.026191234588623, 1.0183090133666992, 1.0111027183532715, 1.0005768661499024, 0.9905420303344726, 0.9864202919006347, 1.0634957427978515, 0.8269185218811035, 0.9426201171875, 1.0256549911499024, 0.9532899131774902, 0.9501869812011718, 1.0062007369995116, 1.0068850746154785, 0.9398451499938965, 0.922654541015625, 0.9823937187194824, 0.976670509338379], "map": 0.06986144322174163}, "time": 2931.02699136734}