{"task": {"alpha": 1, "lr": 1e-05, "wd": 0.0001, "bits": 24}, "result": {"earlyStop": true, "loss": [1.9386038453578949, 1.7521281960010529, 1.572796935915947, 1.4376168761253356, 1.3654366962909699, 1.302453542470932, 1.313183260679245, 1.3112995247840882, 1.1862326476573943, 1.1729235219955445, 1.2123823249340058, 1.1070173587799073, 1.1308119668960572, 1.0586364176273346, 1.0491339011192322, 1.0709915328025819, 1.084618643760681, 1.0115461401939392, 0.9798084001541137, 1.0452921872138976, 1.0023545112609864, 1.0357837071418763, 0.9501437306404114, 0.932122522354126, 0.9417336030006409, 0.9301972064971924, 0.9267138462066651, 0.9520975031852722, 0.8917029361724853, 0.9187077655792236, 0.936392915725708, 0.9187449359893799, 0.8795198593139648, 0.8917741918563843, 0.9030648622512817, 0.8045140547752381, 0.8906845288276672, 0.8654410247802734, 0.8239223680496216, 0.840731867313385, 0.774138159751892, 0.820134976863861, 0.8138517060279846, 0.8334709162712097, 0.7634555144309998, 0.8082895259857178, 0.7860343270301818, 0.826907543182373, 0.7933835949897766, 0.7892798776626587, 0.7980553317070007, 0.7360300025939941, 0.752720917224884, 0.7397631788253785, 0.7748237781524658, 0.7667372245788574, 0.8216024518013001, 0.7443849835395813, 0.7130859241485595, 0.7498966031074524, 0.7230748081207276, 0.7683462452888489, 0.7518345961570739, 0.7468175396919251, 0.7189982290267944, 0.7384442229270936, 0.7132477526664733, 0.7148417782783508, 0.7454782047271729], "map": 0.04710117924875068}, "time": 2912.528433561325}