{"task": {"alpha": 3, "lr": 1e-06, "wd": 1e-05, "bits": 32}, "result": {"earlyStop": true, "loss": [13.159583375930787, 7.429969827532768, 6.481951374530793, 6.363920914411545, 6.439573181629181, 6.068045560121536, 6.068574184894562, 6.021707731723786, 5.978898847103119, 5.734366125226021, 6.28373337650299, 6.141106984138489, 5.48461813211441, 5.768410255908966, 6.129909560918808, 5.935684718370438, 5.689910047769547, 5.638015279531479, 5.704637229442596, 5.566611858844757, 5.4922589752674105, 5.819143414020538, 5.3362475457191465, 5.514851104497909, 5.562240279197693, 5.572009150743485, 5.2898547649383545, 5.580593495607376, 5.702098794460297, 5.27794328713417, 5.139612334728241, 5.685965425014496, 5.467732682228088, 5.420137822628021, 5.29834707570076, 5.529319942474365, 5.666892847776413, 5.3245933985710145, 5.094854598522186, 5.165940426588058, 5.408731182813645, 5.176356474161148, 5.344204849481582, 5.210070301771164, 5.200537729024887, 5.039707680940628, 5.130096384048462, 5.12732277226448, 4.930155657529831, 5.017720747470856, 4.948487803697586, 4.859306940078735, 5.106652877807617, 5.097351665019989, 5.546536710739136, 5.014827657699585, 5.263099188327789, 5.143142542123795, 4.930647071838379, 4.953268751144409, 5.146939992427826, 4.662683287143707, 5.129873342990876, 5.026651136159897, 4.6761124277114865, 4.856339193820953, 5.071805885791779, 5.077994456291199, 4.802878005027771, 4.722559889316559, 5.071063316822052, 4.872444972038269], "map": 0.044230403389884244}, "time": 3207.890370130539}