{"task": {"alpha": 3, "lr": 1e-05, "wd": 1e-05, "bits": 24}, "result": {"earlyStop": true, "loss": [6.729205640912056, 6.050862280368805, 5.414562324285507, 4.976472590684891, 5.341756756782532, 4.8956786997318265, 4.7131049132347105, 4.884621401786804, 4.6202937903404235, 4.503276268005371, 4.454045619010925, 4.766788676261902, 4.406761210918426, 4.247109372138977, 4.097033298015594, 4.16300075674057, 4.200838966846466, 3.951384874820709, 4.289350556373596, 3.7989171657562255, 3.960974084854126, 3.6326683778762816, 3.670669038772583, 4.033974578857422, 3.867375177383423, 3.87342715549469, 3.814494119167328, 3.816401819229126, 3.7688503222465517, 3.6028698263168333, 3.428565760612488, 3.5871261081695556, 3.4769594650268556, 3.6089974937438964, 3.6141486864089964, 3.35747544670105, 3.3403631429672243, 3.575265413284302, 3.5952548217773437, 3.447718846321106, 3.315343670845032, 3.3106477575302122, 3.332610500335693, 3.401208930015564, 3.3449591608047484, 3.258467197418213, 3.1757191820144652, 3.078858136177063, 3.3824724378585818, 3.212469609260559, 3.098670838356018, 3.2509586782455444, 3.058808271408081, 3.0621226482391357, 3.1778135938644407, 3.059628670692444, 3.0780669412612913, 3.167276453971863, 3.2741646862030027, 3.0237394762039185, 2.8673659477233886, 3.0556890830993653, 2.901632438659668, 2.7789205799102783, 2.881635754585266, 2.91238760471344, 2.9435863933563233, 2.991745924949646, 2.9730782861709595, 2.932864607810974, 2.8940032863616945, 2.9270974931716918, 3.117546446800232, 2.899541871070862], "map": 0.04273637139776083}, "time": 2359.157089948654}