{"task": {"alpha": 1, "lr": 1e-06, "wd": 1e-06, "bits": 32}, "result": {"earlyStop": true, "loss": [2.078084234714508, 2.0520132060050966, 2.0401996383666994, 1.9999865605831146, 2.0300557518005373, 1.9743132126331329, 1.9507397069334984, 1.924384866476059, 1.8105927386283875, 1.880084599852562, 1.8942620552778244, 1.932795417189598, 1.7854957871437074, 1.8282801246643066, 1.7208741830587386, 1.8825934958457946, 1.8795813229084015, 1.7518214350938797, 1.7486136268377304, 1.601770416021347, 1.7418523181676864, 1.6891983491182327, 1.6726178053617478, 1.5878178817033768, 1.5937841366529464, 1.683700400710106, 1.600898658633232, 1.5585818195343017, 1.4961012654304504, 1.5543085331916808, 1.5761706156730653, 1.6024690226316451, 1.6179839775562286, 1.5846637034416198, 1.4672929598093032, 1.4599850528240204, 1.5349716527462005, 1.506607667326927, 1.4622742141485214, 1.513558319091797, 1.4324803686141967, 1.3796471350193025, 1.4658345093727112, 1.433277713060379, 1.452632915019989, 1.4462790942192079, 1.3958127551078796, 1.4565395121574403, 1.4172679617404937, 1.4181017842292785, 1.377624585390091, 1.373357858657837, 1.4026952130794526, 1.4264675352573395, 1.4201125385761262, 1.3243409397602082, 1.2938240108489991, 1.3125632808208465, 1.4448676736354829, 1.3696407945156097, 1.3786622672080993, 1.3551350922584533, 1.3470852327346803, 1.3605247557163238, 1.3453186082839965, 1.4393547866344452, 1.3572146406173706], "map": 0.03867892457666325}, "time": 2915.601875066757}