{"task": {"alpha": 1, "lr": 0.0001, "wd": 1e-05, "bits": 24}, "result": {"earlyStop": true, "loss": [1.092602993607521, 0.8406636037826538, 0.6900040273666381, 0.6079879245758056, 0.5648496646881104, 0.4884915609359741, 0.5034420824050904, 0.4837037553787231, 0.46895224952697756, 0.48017279052734374, 0.4538695755004883, 0.4384325942993164, 0.41495073890686035, 0.4003792667388916, 0.3853086051940918, 0.39177861785888674, 0.3556390953063965, 0.38609928703308105, 0.35874391174316406, 0.3437104377746582, 0.32043306159973145, 0.3266489219665527, 0.2927271957397461, 0.2926192455291748, 0.319123498916626, 0.32660621452331545, 0.28421046257019045, 0.3253724250793457, 0.28867329025268557, 0.29202842903137205, 0.31835160255432127, 0.2702217845916748, 0.26477067184448244, 0.2839809494018555, 0.2767688941955566, 0.27527187919616697, 0.2557685375213623, 0.2636749744415283, 0.27837190628051756, 0.28752713775634764, 0.25568595504760744, 0.22162418365478515, 0.22680837059020997, 0.27297567558288577, 0.24620611763000488, 0.2652555751800537, 0.22197581100463867, 0.23916118812561035, 0.23652996063232423, 0.218805721282959, 0.23930680084228514, 0.22458030509948732, 0.22534510040283204, 0.2166008071899414, 0.21506833267211914, 0.19470564651489258, 0.23613440322875975, 0.2309543037414551, 0.21432152938842775, 0.20946715545654296, 0.21660791397094725, 0.23130018615722656, 0.21935983848571777, 0.2209995880126953, 0.19262226104736327, 0.19093617248535155, 0.21210334777832032, 0.19842103958129884, 0.19015002059936523, 0.1788154525756836, 0.19317428970336914, 0.21651548385620117, 0.20064985275268554, 0.20674134826660157, 0.19869940567016603, 0.18979396057128906, 0.19624093627929687, 0.1885418357849121, 0.19320945739746093, 0.1947701530456543], "map": 0.04344450859768811}, "time": 2834.635500431061}