{"task": {"alpha": 5, "lr": 1e-05, "wd": 0.0001, "bits": 24}, "result": {"earlyStop": true, "loss": [13.349952444791795, 10.308777772903442, 9.301653359651565, 8.994501736640931, 9.31462759923935, 8.88863785457611, 8.747006064891815, 8.727367079257965, 8.707968095302581, 8.397090344429015, 8.16270014858246, 8.303870974063873, 7.68927414226532, 8.093875703811646, 7.639432766914368, 7.828465404987335, 7.477701978683472, 7.328370461463928, 7.450701344490051, 7.370941931724548, 7.423631976127624, 6.970649312019348, 7.156526505470276, 6.990917860984802, 6.964774483680725, 6.920061023712158, 6.861303506851196, 7.360011614799499, 6.7605776662826536, 6.8571811304092405, 6.640811862945557, 6.740707793235779, 6.129590371131897, 6.79366610622406, 6.697188718795776, 6.452017373085022, 6.306085052490235, 6.398296332359314, 6.423238131523132, 6.376471261024475, 6.329977541923523, 6.421430698394776, 6.119745803833008, 5.779251920700073, 6.12175617313385, 5.805334850311279, 6.030598079681396, 5.825139521598816, 6.239276812553406, 6.00199494934082, 6.042695679664612, 6.1565390625, 5.345213257789612, 5.586391518592834, 5.8141552305221555, 5.9374250793457035, 5.360503238677978, 5.657817236900329, 5.902489982604981, 5.515974723815918, 5.660833108901977, 5.720942602157593, 5.610854893684388], "map": 0.03911042470861239}, "time": 2861.4053592681885}