{"task": {"alpha": 1, "lr": 0.0001, "wd": 1e-06, "bits": 48}, "result": {"earlyStop": true, "loss": [1.024649567604065, 0.7088235893249512, 0.6266785268783569, 0.5567041215896606, 0.5179911098480224, 0.46553031730651856, 0.44564114570617674, 0.4142047920227051, 0.4165466747283936, 0.39075082969665526, 0.3876052379608154, 0.4005191516876221, 0.37991537475585935, 0.3841749744415283, 0.39615476417541506, 0.32357803535461427, 0.31266987419128417, 0.31491598320007325, 0.30560299682617187, 0.29823410415649415, 0.302064172744751, 0.30978428840637207, 0.2754620838165283, 0.3249666652679443, 0.27431807899475097, 0.3123629131317139, 0.2710655536651611, 0.2784525833129883, 0.26698090171813965, 0.26675699043273926, 0.23981607055664061, 0.24959495544433594, 0.23722359466552734, 0.2641437511444092, 0.2593714599609375, 0.24800598526000978, 0.24094029808044434, 0.2512150707244873, 0.2385130615234375, 0.24222434234619142, 0.22747716903686524, 0.22066065979003907, 0.24740255737304687, 0.2444295082092285, 0.23759375381469727, 0.22362719535827635, 0.22663330078125, 0.20276166534423828, 0.21892368698120118, 0.1888525161743164, 0.21517627716064452, 0.21986079406738282, 0.18744694900512696, 0.2146029052734375, 0.20020571517944336, 0.203177001953125, 0.20368807220458984, 0.1985018730163574, 0.20300510787963869, 0.21251325225830078, 0.21148402786254883, 0.2036230125427246, 0.19973699951171875], "map": 0.06488752267468861}, "time": 2820.2477428913116}