{"task": {"alpha": 3, "lr": 1e-06, "wd": 1e-05, "bits": 12}, "result": {"earlyStop": true, "loss": [25.54512381362915, 12.071333714842796, 7.649875685691834, 7.104232286334038, 6.616535823941231, 6.229538656830788, 5.961631112217903, 6.252085110902787, 6.320165632128716, 6.377154555916786, 5.532740203499794, 6.321341857552528, 6.023883283615112, 5.825347013711929, 5.847720170736313, 5.616997004628182, 5.746186974644661, 5.511597335100174, 5.720264264702797, 5.689738472819328, 5.76224666082859, 5.720344579935074, 5.5215175139904025, 5.85081386756897, 5.483412183761597, 5.409162771463394, 5.68508940410614, 5.432194977283478, 5.49942530465126, 5.304672862887383, 5.594801829576492, 5.334791050672531, 5.193373878955841, 5.311316983938217, 5.539328045606613, 5.37075378036499, 4.99663962328434, 5.154516517877579, 5.333508853673935, 5.291171884775162, 5.069242904186249, 5.027322267055512, 5.27333547449112, 5.206174938440323, 5.345745511054993, 5.015369189500809, 5.373174546003342], "map": 0.016390373825062504}, "time": 2608.5448100566864}