{"task": {"alpha": 1, "lr": 0.0001, "wd": 1e-05, "bits": 32}, "result": {"earlyStop": true, "loss": [1.0868791983127595, 0.7575120358467102, 0.6939883470535279, 0.6072685594558715, 0.5958239059448243, 0.5327026700973511, 0.4654213352203369, 0.4582203826904297, 0.4534146270751953, 0.4341524477005005, 0.4139304676055908, 0.4259721965789795, 0.4037978687286377, 0.34472007942199706, 0.3866149940490723, 0.36755278205871583, 0.37943133354187014, 0.36589583206176757, 0.35383775901794434, 0.3038190975189209, 0.28398195838928225, 0.2971700782775879, 0.3139102325439453, 0.2731839389801025, 0.3046873645782471, 0.30573013877868654, 0.3083435802459717, 0.3229186305999756, 0.2787406826019287, 0.3065536632537842, 0.2856119270324707, 0.3080320453643799, 0.26950461769104006, 0.277816162109375, 0.28014599990844724, 0.26568175315856934, 0.25634463691711423, 0.23854449272155762, 0.262201343536377, 0.2548234577178955, 0.24255213165283204, 0.26055759048461913, 0.2386599884033203, 0.24759124183654785, 0.23286994552612306, 0.24859703826904297, 0.2328092918395996, 0.23762663650512694, 0.2291525001525879, 0.22490985107421874, 0.23609916305541992, 0.20602342224121092, 0.20501055908203125, 0.22704074859619142, 0.2178570022583008, 0.2278564453125, 0.24174155807495118, 0.23119675827026367, 0.21980971145629882, 0.21066946601867675, 0.21063002586364746, 0.20913283538818359, 0.23680839920043945], "map": 0.052891169690968035}, "time": 2779.1198122501373}