{"task": {"alpha": 1, "lr": 1e-05, "wd": 0.0001, "bits": 12}, "result": {"earlyStop": true, "loss": [2.0202108306884767, 1.7323889129757881, 1.6107494444847108, 1.5296396399140357, 1.4431514548063278, 1.3208623459339142, 1.3559547595977783, 1.2690429005622863, 1.2935120863914489, 1.1616375739574432, 1.1968028829097748, 1.171351922750473, 1.145668137550354, 1.1226926167011262, 1.0774374012947083, 1.1030730957984924, 1.0952026336193084, 1.0052293856143952, 1.0822621972560882, 0.9823910417556763, 0.9517974283695221, 1.0061368119716645, 0.9046784162521362, 1.0327298271656036, 0.9133072774410248, 0.9374290461540222, 0.9999135184288025, 0.996000973701477, 0.8930758368968964, 0.9073284692764282, 0.9014548501968384, 0.8954234752655029, 0.8899974780082702, 0.7841005802154541, 0.9273082733154296, 0.8553413863182068, 0.8499587459564208, 0.7718500022888184, 0.8711343455314636, 0.8473023962974549, 0.8516261553764344, 0.8586340608596802, 0.7631011800765991, 0.8037445645332336, 0.7820274133682251, 0.8425287523269653, 0.8116734414100647, 0.7923942937850952, 0.8205910849571229, 0.7541991066932678, 0.7532144684791565, 0.8589611263275146, 0.7839010155200958, 0.7767733197212219, 0.7931249685287476, 0.7316770467758179, 0.7766640095710754, 0.7510510492324829, 0.7501325392723084, 0.7468544187545776, 0.759461639881134, 0.7424917588233948, 0.7550351576805114, 0.7548872380256653, 0.769270655632019, 0.7355512127876281], "map": 0.020932975083922684}, "time": 2909.6632311344147}