{"task": {"alpha": 3, "lr": 0.0001, "wd": 1e-06, "bits": 12}, "result": {"earlyStop": true, "loss": [4.723318628311157, 3.895229093551636, 3.3204159603118897, 2.919401238441467, 2.81992121219635, 2.6347543640136717, 2.398316918373108, 2.4846500797271727, 2.138269718170166, 2.3703995971679688, 2.09210054397583, 2.3401535263061524, 2.2037710762023925, 1.978802942276001, 1.8902300128936766, 1.9793625297546387, 1.8864696445465088, 1.8678767604827882, 1.7225208053588867, 1.761708522796631, 1.737592321395874, 1.68875315284729, 1.5891973819732665, 1.6444908237457276, 1.6063452548980712, 1.6478618125915527, 1.5168227577209472, 1.4929779281616211, 1.5428889083862305, 1.4642489280700683, 1.5135083618164062, 1.4193164024353027, 1.4342646026611328, 1.4034551315307617, 1.345411605834961, 1.3984869537353515, 1.4891987018585204, 1.3582724838256837, 1.3069909133911133, 1.3928461685180664, 1.2693034934997558, 1.2695475578308106, 1.331170820236206, 1.1073122100830077, 1.3200345726013183, 1.2631134681701661, 1.2415676765441894, 1.176319923400879, 1.2999461936950683, 1.1376998443603517, 1.1068567199707031, 1.0956718368530274, 1.2038352737426758, 1.1313976020812988, 1.1444551010131836, 1.127305374145508, 1.1405816268920899, 1.1928203201293945, 1.216658962249756, 1.0829051094055175, 1.1012428245544434, 1.0865162353515625, 1.1571175231933595, 1.2799090538024902, 1.1532866172790528, 1.0750384483337403, 1.0770357551574707, 1.1114180335998536, 0.9835432243347167, 1.077028652191162, 1.0226960105895997, 1.0537275657653808, 1.0015995407104492, 1.0799713172912597, 1.0368753776550292, 1.154001739501953, 0.9099364852905274, 1.0928938446044922, 1.0704660110473634, 1.1288413162231445, 1.0686773567199708, 0.9489505233764648, 0.9741469039916992, 0.9771973266601562, 0.9934287796020508, 0.9357080497741699, 0.9147051315307617], "map": 0.023983746502520772}, "time": 3016.7303981781006}