{"task": {"alpha": 1, "lr": 0.0001, "wd": 1e-05, "bits": 12}, "result": {"earlyStop": true, "loss": [1.149862530708313, 0.8453112559318543, 0.66644016122818, 0.6127958126068115, 0.5456109228134155, 0.5600555963516235, 0.5306446981430054, 0.48036373043060304, 0.49106277275085447, 0.4534606456756592, 0.4425615768432617, 0.43052086544036866, 0.4481301136016846, 0.392697998046875, 0.4276493196487427, 0.4170948009490967, 0.4061821117401123, 0.40430224418640137, 0.38429476165771487, 0.3266019439697266, 0.3781026477813721, 0.29929351615905764, 0.3217893104553223, 0.34301009368896485, 0.3308438034057617, 0.30511581230163576, 0.31001485443115234, 0.3157208194732666, 0.296265661239624, 0.2870316886901855, 0.34243016624450684, 0.319916784286499, 0.29955846977233885, 0.2888941802978516, 0.28727250480651856, 0.29074381065368654, 0.2827809371948242, 0.2795222053527832, 0.25420189476013183, 0.2657044105529785, 0.26473830795288084, 0.2670418682098389, 0.2817725734710693, 0.29011165046691895, 0.2528397045135498, 0.22856952285766602, 0.255661003112793, 0.2562438259124756, 0.26008368873596194, 0.25029323387145996, 0.24599165534973144, 0.2554291763305664, 0.2699001426696777, 0.22046347427368165, 0.21310882568359374, 0.24280101776123048, 0.21206355667114257, 0.23826726150512695, 0.21309851455688478, 0.21854093551635742, 0.23573983764648437, 0.24762284278869628, 0.21868641662597657, 0.22344302940368652, 0.23127362442016602, 0.20688351440429686, 0.21389605712890625, 0.20719133186340333, 0.21928874969482423, 0.2091261215209961, 0.2109582061767578, 0.21860963439941405, 0.20739555931091308, 0.23636244010925292, 0.22659078025817872, 0.2214297103881836], "map": 0.021962551196527458}, "time": 2853.0758566856384}