{"task": {"alpha": 5, "lr": 0.0001, "wd": 1e-05, "bits": 24}, "result": {"time stopage": true, "loss": [8.802125539779663, 6.645236833572388, 6.662642262458801, 6.00815054321289, 5.375941132545472, 5.125690896987915, 4.711677993774414, 4.519234823226928, 4.32732896232605, 4.525126001358032, 4.091593013763427, 3.8639048767089843, 4.246449697494507, 3.9575006942749025, 4.064517038345337, 3.7279427299499512, 3.7072218017578127, 3.654743865966797, 3.286081672668457, 3.503202392578125, 3.4508189735412595, 3.1853105583190917, 3.2898911361694334, 3.110801643371582, 3.2389833946228026, 3.2303561935424803, 3.0241882781982423, 3.011763111114502, 2.7467330436706545, 3.0848902549743653, 2.856190677642822, 2.8261451148986816, 2.7397079429626463, 2.941304988861084, 2.8578477325439455, 2.812268913269043, 2.742135093688965, 2.7662356719970704, 2.769797821044922, 2.554945960998535, 2.4960747718811036, 2.58777864074707, 2.5442758293151857, 2.587842544555664, 2.4567919311523436, 2.4823017158508303, 2.5093098373413087, 2.5901645812988283, 2.441006587982178, 2.487455955505371, 2.3827998962402344, 2.5115739517211915, 2.4229022331237795, 2.271768913269043, 2.155213218688965, 2.41393265914917, 2.229221336364746, 2.2889781341552733, 2.178029415130615, 2.1972515258789063, 2.153649715423584, 2.2500888748168943, 2.2099315719604493, 2.0252863388061524, 2.177751209259033, 2.0319483566284178, 2.0834521865844726, 2.0675414123535156, 2.194334140777588, 1.9175609436035157, 1.8716255722045898, 2.013249198913574, 2.0312422485351562, 2.0481998596191406, 2.14733837890625, 2.037276252746582, 2.094699131011963, 2.034789779663086, 2.065257942199707, 2.0576081466674805, 1.8600323486328125, 1.915332618713379, 1.986731315612793, 2.031041893005371, 2.02981233215332, 1.8273266677856446, 1.9326244430541992, 1.874456932067871, 1.9902620697021485, 1.7727956085205079, 1.8695571784973144, 1.803426239013672, 1.7673447494506835, 1.886234359741211, 1.8326878509521485, 1.9104568710327148, 1.8462547988891602, 1.9034669342041015], "map": 0.04720127406705262}, "time": 3386.073002576828}