{"task": {"alpha": 5, "lr": 1e-06, "wd": 1e-05, "bits": 48}, "result": {"earlyStop": true, "loss": [32.092079787254335, 14.990378178834915, 11.794248806476594, 11.810703554153442, 10.933257608175278, 10.618821885108948, 10.568613900423049, 10.90191468024254, 10.462721435308456, 10.070076183080673, 10.26181424498558, 10.305754113435745, 10.060448007822037, 10.351665377140046, 10.371089118957519, 9.981011039495469, 10.009422805786134, 9.949835035324096, 9.535520721673965, 9.976477767944337, 9.475283774375916, 9.57094692659378, 9.578518295764923, 9.967774873256683, 9.910180523395539, 9.415585190057755, 9.829885551929474, 9.601152589321137, 9.724908554553986, 9.678220157861709, 9.478751770019532, 9.049705496311187, 9.591676094055176, 9.395927228689194, 9.446101340532303, 9.918470343589783, 9.245540868759155, 9.066903036594391, 9.21672272348404, 9.11649463224411, 9.236923676490784, 9.027636448383332, 8.866016269683838, 8.951025442600251, 8.985686248779297, 9.686969511032105, 9.513494493484497, 9.179822447776795, 8.89460561323166, 8.59965011382103, 8.89498429441452, 9.35255025100708, 8.700559994220734, 8.773796237945557, 8.550999628543854, 8.577374690532684, 8.641540463924407, 8.735096015930175, 8.760862552165985, 8.668698493480683, 8.933177590370178, 8.820676882266998, 8.640477862834931, 8.531407005310058, 9.26693291568756, 8.231703899860381, 8.437556810855865, 9.041640306949615, 8.904874633312225, 8.588887302398682, 8.64439935016632, 8.627650325775146, 8.705092084407806, 8.870317776203155, 8.447512877941131, 8.613737961769104], "map": 0.061446169036520226}, "time": 3290.746243953705}