{"task": {"lambda": 0.5, "alpha": 5, "lr": 1e-05, "wd": 0.0001, "bits": 12}, "result": {"earlyStop": true, "loss": [2.4807399780142543, 1.9616994036763322, 1.8574469089508057, 1.8021007641857745, 1.7284527472129054, 1.6960738485350328, 1.6845516831267113, 1.6387687454036637, 1.596351965969684, 1.590737015301106, 1.55491237050178, 1.5540689779262917, 1.5264307025308703, 1.51259293217285, 1.4817409188139672, 1.4911738225058013, 1.448853704567049, 1.4497585080417932, 1.4635129944950926, 1.46822517525916, 1.3987095050659835, 1.3992643227764205, 1.3784115349545198, 1.4295245642755545, 1.4149032457202089, 1.3684366865485322, 1.352695385615031, 1.3464717549436234, 1.328613738511123, 1.3166607379475062, 1.3205826691552704, 1.3052016788837957, 1.2947541875582116, 1.285148891455987, 1.2787493023217893, 1.2658410306070365, 1.2607240875562031, 1.2478183671539904, 1.2399398141047533, 1.2340110588599653, 1.2377969727796667, 1.2220248147553088, 1.211667345142832, 1.1991101769255657, 1.1921909042433196, 1.177587911194446, 1.1853673507769902, 1.172280992801283, 1.1903624803412194, 1.1666926504934536, 1.1417113301508568, 1.1422450507388395, 1.182805851394055, 1.1356480634387802, 1.11677512643384, 1.1216938597898858, 1.118418909463228, 1.099013924452604, 1.1119644478255628, 1.0921102098974527, 1.0791740151597005, 1.0845139444458718, 1.0751698768022013, 1.07497132145891, 1.0651507479887383, 1.0547994950822754, 1.0517350522910847, 1.0729999600672255, 1.0534468383765687, 1.0413648196879555, 1.038024167804157, 1.018576850493749, 1.0183642176436443, 1.055697683025809, 1.0131146332212524, 0.9973940820086236, 1.0025070952434165, 0.9944154877288669, 1.0296926989274866, 0.9879621603325301, 0.9902122780388477, 0.9641676764277851, 0.9868564383656371, 0.9691069520571652, 0.9654372194234062, 0.9620906035689747, 0.9656231263104607, 0.9448935322317422, 0.9462489155577678, 0.9430920287382369, 0.9985620426196679, 0.9447198291035259, 0.9301230496927804, 0.9339388901112127, 0.9254223442837304, 0.9137440604322097, 0.9208691085086149, 0.9085094031749987, 0.9116203688523349, 0.8959245751885807, 0.8959327085929758, 0.8911274680319954, 0.8835500940388324, 0.8789600297516468, 0.8801134056320378, 0.8749622905663416, 0.8717968037315443, 0.8699262872630474, 0.8652772406737009, 0.8882258242251826, 0.8708768416853512, 0.8493422433441761, 0.8584623360166362, 0.8495355759765587, 0.8505172787928114, 0.8452434706337312, 0.842880493431699, 0.8418909987690402, 0.8259949803936715, 0.8411717613538107, 0.8367632615799997, 0.8206697255373001, 0.8197794547852348, 0.8108260149464888, 0.8140628752755183, 0.8160887527115205, 0.803420686546494, 0.8012993706792009, 0.8008775177831743, 0.8487946905341803, 0.7928357866464877, 0.787021562164905, 0.7826895513663105, 0.7834017580630732, 0.7825155459782657, 0.7694345487683427, 0.7699617793162664, 0.796634289563871, 0.7793209305873104, 0.7575255576886383, 0.7544890151304358, 0.7578404069531197, 0.7549999706885394, 0.7634088061749935, 0.7433951294013098, 0.7462544140278125, 0.7503840715861788, 0.7460960219888126, 0.7430662457265106, 0.7365006924259896, 0.7377861072035397, 0.7342277024598682, 0.7329049963577121, 0.7267324031860221, 0.7308132414724312, 0.7213351391986305, 0.7183494335588287, 0.7210019181172053, 0.7094016361470316, 0.7090369069985315, 0.713943458070942, 0.7061502410500657, 0.7044478616878098, 0.7042907536321995, 0.6990998749639473, 0.6976611503199035, 0.6966789566418704, 0.6842580881773257, 0.6823974909151301, 0.6832465957484993, 0.7020591035777447, 0.6910276833702537, 0.6798476182362613, 0.672951801004363, 0.6815066328820061, 0.6756825271774741, 0.6730714741290784, 0.6691550811131796, 0.6699964076864953, 0.6717053885553398, 0.6623502464271059, 0.6601003957729713, 0.6633904642041992, 0.6640391571849, 0.6531115314539742, 0.6560922913691577, 0.6548849195241928, 0.6534233034825793, 0.6472171645830659, 0.6416746991522172, 0.6423219240763608, 0.6454417463026795, 0.639270522723011, 0.6349888508226357, 0.6339977351473827, 0.6290800174077352, 0.6278156040638101, 0.6279443686499315, 0.6240479750376121, 0.6262039270471124, 0.6270025366661596, 0.6455430774127736, 0.6282343218723933, 0.6198964048834408, 0.6119730247586381, 0.6129048218329748, 0.6078852832901711, 0.6065868603832582, 0.6209720928294986, 0.6280861835853726, 0.6094767822354448, 0.6103992083785581, 0.5991736577422011, 0.6067439671240601, 0.5943964673754047, 0.5989290635083236, 0.5964620972380918, 0.5905267181349736, 0.5924976424259298, 0.5987648718497333, 0.5958956953357247, 0.5835135780713138, 0.5839255051869973, 0.5854838566452849, 0.5840241565716033, 0.5819776242270189, 0.5865687038384232, 0.5846547200983646, 0.5737778826379308, 0.577926037942662, 0.5754757339463514, 0.577040342723622, 0.5725037750660205, 0.6239299306682512, 0.5879446995608947, 0.5682178227340474, 0.5625219800892998, 0.5766539404205248, 0.5652992427349091, 0.5567377377666679, 0.5647190227812412, 0.6257984755085964, 0.5631153742764511, 0.5493234959887523, 0.5561309158802032, 0.5493565379988914, 0.5905648867289225, 0.5626035361897712, 0.6142482909501767, 0.5549145583428589, 0.5522003641315535, 0.5493711811654708, 0.545222227772077, 0.544399113631716, 0.5405774123820604, 0.5398466969821968, 0.5409636699101504, 0.5479103063835817, 0.5433202704378203, 0.5375168507590014, 0.5384068931726849, 0.5307156439213192, 0.531458756356847, 0.5391529424517763, 0.5335583314299583, 0.5346100689733729, 0.5324891902068082, 0.5300110581458783, 0.5297395170611494, 0.5208971533997386, 0.5264345319832072, 0.5292673045221497, 0.5158911576750231, 0.5135529914907381, 0.5250604003667831, 0.518613093623928, 0.515857629331888, 0.5214668307818618, 0.5158124598217946, 0.5171392568770576, 0.5129183790847367, 0.5111078634565952, 0.5134764947727615, 0.5096094783614663, 0.5083689914614546, 0.5048285851291582, 0.5030478865784758, 0.5134317284705592, 0.5096897950359419, 0.510525692911709, 0.5057930470097298, 0.5048008502698412, 0.49972409506638843, 0.501903677980105, 0.5007361921609617, 0.5003661805508184, 0.5001038713198082, 0.499239923322902, 0.48701924772239197, 0.498345560595101, 0.49760553825135323, 0.5046397996883766, 0.4958388802467608, 0.48668546185773964, 0.48917977365792964, 0.49375754477931005, 0.48325951864906386, 0.50362627120579, 0.49901685235547083, 0.47871128791103174, 0.48818354513130935, 0.48215052660773783, 0.481689509369579, 0.4804684813408291, 0.48445339705429824, 0.47955990801839266, 0.47534579213927775, 0.47841325752875385, 0.5056271097239327, 0.5122341040302726, 0.48150239994420724, 0.4672304494123833, 0.46991121418335857, 0.4720566163168234, 0.4710378287469639, 0.4675271359144473, 0.47282110534462274, 0.47340943781184214, 0.4648074556653406, 0.47150299741941337, 0.4778860807418823, 0.46769677628489104, 0.4658047843213175, 0.4686362066981839, 0.462703091841118, 0.47190641480333667, 0.4739275894620839, 0.4595503742788352, 0.4589354696811414, 0.4900739572796167, 0.4693579291011773, 0.46212620419614453, 0.46300529527897927, 0.4566708212974025, 0.4570231031553418, 0.45887130089834627, 0.45737286437960234, 0.4561576177092159, 0.4482143670320511, 0.4523121118545532, 0.4529627690128252, 0.44796691776490677, 0.4536572792658619, 0.44963857414675695, 0.4495525517884423, 0.450385282144827, 0.44717517407501445, 0.44741681437282, 0.44637368151954576, 0.44704702145913067, 0.4485814241217632, 0.44262103824054494, 0.44586625666010615, 0.44433410670243056, 0.43924436674398537, 0.4382373377972958, 0.4377768225237435, 0.4445004241139281, 0.4431537489096324, 0.4457368862395193, 0.4445757559117149, 0.4450143059971286, 0.43940652322535423, 0.43382150168512384, 0.4355124544863607, 0.4379799839328317, 0.44069653135888714, 0.429963685864327, 0.4329351585577516, 0.433636615673701, 0.43083694051293764, 0.42927920774501915, 0.4283910043099347, 0.4309767334192407, 0.43746910492579144, 0.43690840929162267, 0.42755575361205084, 0.42849574734767276, 0.427918699149992, 0.423667982805009, 0.43006715090835795, 0.4224033041619787, 0.4225568343319145, 0.4246566795250949, 