{"task": {"lambda": 2, "alpha": 1, "lr": 1e-06, "wd": 1e-05, "bits": 48}, "result": {"earlyStop": true, "loss": [2.309286035743414, 2.0525127064947988, 1.9100130702935012, 1.8120636449140661, 1.7421049931470085, 1.6937550563438266, 1.6554283978892308, 1.6146266542228997, 1.5894052947268766, 1.5623587171236675, 1.5712219453325458, 1.527214876576966, 1.5044761568892235, 1.485363434342777, 1.5015803388520783, 1.4634078916381388, 1.4534013271331787, 1.4337994690034903, 1.4255115366449542, 1.4150415647263621, 1.4087083257880866, 1.3927270512954861, 1.3863465341867185, 1.382020752803952, 1.370047690821629, 1.3667481378013013, 1.3641112633779937, 1.3467851398037929, 1.3357037936939913, 1.3311407671255224, 1.3302061943446888, 1.319007773025363, 1.3145969767196506, 1.3121434274841757, 1.302857702853633, 1.2970536129147399, 1.2851930821643156, 1.2841881092856913, 1.2903056986191694, 1.2714261576241137, 1.2706460929384418, 1.2703178805463455, 1.2732362373202455, 1.2572179109442467, 1.2522126354423224, 1.256403288420509, 1.2425115926592958, 1.2449496762425292, 1.2425142807119034, 1.2328698681850059, 1.2374151302318948, 1.2290004386621363, 1.2265379534048193, 1.215936403648526, 1.2168019752876431, 1.2066990791582595, 1.2080647641537237, 1.208412744250952, 1.2009079842006458, 1.1930985403995888, 1.1885836124420166, 1.1883387927915536, 1.1870428873043435, 1.1853833373855143, 1.175036366079368, 1.1672789127218957, 1.169515075636845, 1.1669012962603103, 1.2041199920224208, 1.1626733693422056, 1.155657417049595, 1.1584738352719475, 1.155221279929666, 1.152673762218625, 1.1427663646492303, 1.1409975991529577, 1.1399768742860532, 1.1401538650194805, 1.1400354972072677, 1.1383208538971694, 1.1350522333500432, 1.1209413526104945, 1.1278887905326545, 1.1196356076820224, 1.1170048047514523, 1.1220085013146495, 1.108952069983763, 1.1037399739611382, 1.1062795952254652, 1.104055182606566, 1.0957531175192665, 1.0941874151136362, 1.0950153768062592, 1.0892777851983613, 1.0892492000963174, 1.0912256346029394, 1.0783208503442652, 1.0842653150651969, 1.0821262270796532, 1.0822470667315465, 1.0747114910798914, 1.070903497583726, 1.0669683025163763, 1.0691815088776981, 1.0637987045680775, 1.0642355470096363, 1.054102089475183, 1.0636625453537585, 1.051836162221198, 1.056453826380711, 1.0552048309176576, 1.0479949525758332, 1.0470722083951913, 1.0356164545405144, 1.0381272557903738, 1.048373702694388, 1.0365083655890297, 1.02758381004427, 1.0332417382913477, 1.0328335598403333, 1.028919720766591, 1.0285149520518733, 1.0330123913054372, 1.0210804693839128, 1.0251242495050616, 1.0258181901539074, 1.0234854945949479, 1.0230847299098969, 1.0225365337203531, 1.0097116792903227, 1.0110600701734132, 1.0095547636349995, 1.0087570197442, 1.026251423592661, 1.014889822286718, 1.0019501926852208, 0.9979596517834008, 1.0053254108802945, 1.0020168417809057, 1.000034838330512, 1.0004594507170659, 0.9973553863226199, 0.9908776055364048, 0.9894014690436569, 0.9933927982461219, 0.988149086634318, 0.9843608848020142, 0.9819879654575797, 0.9819994072119395, 0.9873466842314776, 0.9824497839983772, 0.9786084995550268, 0.9781192400876213, 0.9885354345920039, 0.9734831937387878, 0.9691290855407715, 0.976413701094833, 0.9668500569521212, 0.9667160762291328, 0.9638275813822653, 0.9667185644308726, 0.9677308692651636, 0.9644299821526396, 0.9555813775343054, 0.9586649431901819, 0.9587250725895751, 0.9588445670464459, 0.955966137787875, 0.9593570466135063, 0.9510245773137784, 0.9476045673968745, 0.9494516364499634, 0.946273642427781, 0.9462850497049444, 0.9444837733811023, 0.9390102245059668, 0.9373729030291239, 0.9348139295391008, 0.9399816884714014, 0.9332239668743283, 0.9285297639229718, 0.9373942882406945, 0.9330624774390576, 0.9288730194755629, 0.9326960485355527, 0.9235746872191336, 0.9308348227949703, 0.9243680454936682, 0.9228487155016731, 0.922958631141513, 0.920015960931778, 0.9193332610177058, 0.9207301449541953, 0.9160321845727808, 0.9173381036403132, 0.9085585843114292, 0.9257151180622625, 0.910602491275937, 0.9072911160833695, 0.9084467584011602, 0.9088611006736755, 0.9128582851559508, 0.9071690995319217, 0.9042941904535481, 0.9064984496902017, 0.9046662543334213, 0.9058244152396333, 0.8954089932581958, 0.8931120271776237, 0.8918032827330571, 0.8948803649229162, 0.8953469766705644, 0.8926136552118787, 0.8894603334221185, 0.887508854562161, 0.8898328834888982, 0.8878634513593188, 0.8941753588470758, 0.8842284469043508, 0.8832099928575403, 0.8917168203522178, 0.8836344410391415, 0.8820805310034284, 0.8822158762052947, 0.8794961583380606, 0.8755281766255697, 0.8752122486338896, 0.8768517748982299, 0.8776082151076373, 0.8707365475448907, 0.8721464106849596, 0.8676141693311579, 0.8706543854638642, 0.8637453206613952, 0.8650413126337761, 0.8643068829003502, 0.8655981888958052, 0.8646998200930801, 0.8588094442498451, 0.8680731455485026, 0.8566328889014674, 0.863766786514544, 0.8545751168447382, 0.858366179115632, 0.8595021367073059, 0.8546816724188188, 0.8518255323755974, 0.8576808145233229, 0.8507127615751005, 0.8482663543785319, 0.8542403625506981, 0.8540626682487189, 0.8483908772468567, 0.8471045108402476, 0.8436803578161726, 0.8487248502525628, 0.8690376632353839, 0.8439169561161715, 0.8437759882094813, 0.8427490936774834, 0.8421804045929628, 0.8335816451147491, 0.8392099036889917, 0.837449347855998, 0.8342396272163765, 0.83161687967824, 0.8343197154063805, 0.834287994632534, 0.8372847507981693, 0.8333565744699216, 0.8334908041299558, 0.8308190685861251, 0.8305164265866373, 0.8321819772907332, 0.8241328713940639, 0.8208426768873253, 0.8238233251898897, 0.8212641556473339, 0.8217397542560801, 0.8163249860791599, 0.8188798941817939, 0.8212774372568318, 0.8152172419370389, 0.8210399673849929, 0.8167431301930371, 0.8106664822382086, 0.8170972840458739, 0.810889451527128, 0.8074640000567717, 0.8107681508157768, 0.8152386651319616, 0.8108219136210049, 0.8097285879593269, 0.8018649950915692, 0.8080084773839689, 0.8127633333206177, 0.8051620295234755, 0.8073729685708588, 0.8007827605686936, 0.7983012737012377, 0.8025845797622905, 0.803834118679458, 0.7970534300102907, 0.7959296256303787, 0.8038653602787093, 0.8018068121928795, 0.7963619506826588, 0.7976737881408018, 0.7959147574854832, 0.7998023471411537, 0.7922607975847581, 0.7963232322066438, 0.7948747820713941, 0.7899899716470756, 0.7863792242372737, 0.7920607696561253, 0.7921368678410848, 0.7843353476594476, 0.7900990534062479, 0.7836626715519849, 0.8018848428539201, 0.7814168550220191, 0.7818062901496887, 0.7877011275758931, 0.7794477267592561, 0.7829768406409844, 0.7794983018847073, 0.7823789926136241, 0.7783320113724354, 0.7719004826218474, 0.7777851305755914, 0.7694957151132471, 0.7747995508652107, 0.77372818367154, 0.7730003729754803, 0.7736208821628608, 0.7737134040570727, 0.7666404936827865, 0.7693084758870742, 0.7680937793909335, 0.7710951023242053, 0.7667087883341546, 0.7703849159035028, 0.7701438969256831, 0.7629420047297197, 0.7732199851204368, 0.759657645926756, 0.7571514839050817, 0.7645644808516783, 0.7611186106999716, 0.761129590810514, 0.7620193946595285, 0.7624814440222347, 0.7634226913545646, 0.7581447064876556, 0.7557641109999489, 0.7548171170786315, 0.7609492154682383, 0.7551187972227732, 0.7567136942171583, 0.7513695920214933, 0.7610610653372372, 0.7493331525840011, 0.749144998251223, 0.7467467895909852, 0.7505838713225197, 0.7527687976173326, 0.7491860620531381, 0.7484861407794204, 0.7458489262590221, 0.750914218379002, 0.7512807068871517, 0.7415192594715193, 0.7394449076816147, 0.7426508729364357, 0.7364120781421661, 0.742561573491377, 0.7503548918985853, 0.7427230272807327, 0.7414060755103242, 0.7407721871254491, 0.7340060752980849, 0.7445689433929967, 0.7395904847219879, 0.7339871484859317, 0.7361397667258394, 0.7504256753360524, 0.7373231234503728, 0.7378045121828715, 0.7385168309305229, 0.7266073142196617, 0.7281011050822688, 0.7325463213172614, 0.7302836840059242, 0.7303365124206916, 0.7309344218057745, 0.7287456621141994, 