{"task": {"lambda": 1, "alpha": 1, "lr": 1e-06, "wd": 0.0001, "bits": 12}, "result": {"earlyStop": true, "loss": [1.6809278294151904, 1.3952612175660974, 1.248844763811897, 1.1490238016726924, 1.085845433029474, 1.046320568112766, 1.0163008132401634, 1.0077682008930282, 0.9733231514692307, 0.9517269683819191, 0.9525561215830785, 0.9218271424372991, 0.9102674851230547, 0.8973443560740527, 0.8881004452705383, 0.8708952571831498, 0.8652483078778959, 0.8528678569139219, 0.8516620572875527, 0.8392240066154331, 0.8255321433146795, 0.8263037736509361, 0.8205309743974724, 0.8291221190901363, 0.8102957083314073, 0.8054916461308798, 0.8236538919748044, 0.7897109918150247, 0.7842410209716535, 0.7837100887999815, 0.7750711078737297, 0.7684477497549618, 0.7728710875791662, 0.7643671509097604, 0.7591086243297539, 0.7578755666812261, 0.7531797079478993, 0.7497656397959765, 0.7432184222282148, 0.7350629658675661, 0.7343258587460891, 0.7344550797167946, 0.7382189573026171, 0.7406212488810221, 0.724538645323585, 0.7221271375230714, 0.7225887544599234, 0.719716894129912, 0.7197817409155416, 0.7133560651073269, 0.7124675196759841, 0.71500892440478, 0.7243654657812679, 0.7039475695175283, 0.7007176022903592, 0.7143636836725122, 0.6948358977542204, 0.6961125312190429, 0.6956040482310688, 0.694245880725337, 0.695723800682554, 0.6912807985848072, 0.6929596294375027, 0.6804335180158708, 0.6828768899043401, 0.6783727480500352, 0.6742115023673749, 0.6857305180792715, 0.6770506892718521, 0.676616480829669, 0.6702659956964792, 0.6658780230026619, 0.6686281211235944, 0.6671393975323322, 0.6602184635167029, 0.6582994373405681, 0.6581680320349395, 0.6532355371643516, 0.6579686745124704, 0.6507052034139633, 0.6503275545204387, 0.6594376447154027, 0.6599080024981031, 0.6768114052566827, 0.6617040458847495, 0.6475493136574241, 0.6510297807992673, 0.6656222612250084, 0.6432916288282357, 0.6434255141545745, 0.6422285501863442, 0.6374600044652527, 0.6460099997473698, 0.6361914177735647, 0.6358696771603004, 0.6323850397385803, 0.6304405422187319, 0.6312309003928128, 0.6284865795397291, 0.6310657642635644, 0.6251064918789209, 0.6303084066101149, 0.622629290117937, 0.6232229056311589, 0.6270575955802319, 0.623523464974235, 0.6422394701078826, 0.6140824963941294, 0.6149585583046371, 0.6124316579570958, 0.6290577825377969, 0.6222201585769653, 0.6118586381860808, 0.6088448463409555, 0.6064127037922541, 0.6076919272834179, 0.6112207359835213, 0.6063357959775364, 0.6015100870646682, 0.6036792041039934, 0.6034727485156527, 0.6168091893196106, 0.5974274537726945, 0.6118857486575258, 0.5992740376615057, 0.6090732316176096, 0.5955237902554811, 0.5944505515051823, 0.5933462016138376, 0.5932887748760336, 0.6004822172370612, 0.5898043218196607, 0.5926219981675055, 0.5865378895518827, 0.585875625703849, 0.5849281393137633, 0.5839323050835553, 0.5855514030246174, 0.5881113170408735, 0.5788148345023978, 0.5797083025761679, 0.5841413093548194, 0.5789400350813773, 0.5968040613567128, 0.6023139012794868, 0.5734564268998071, 0.5764634124204224, 0.5777082717886158, 0.5739708960640664, 0.5790358764283797, 0.5727563287113228, 0.5720280081618065, 0.5691258901474523, 0.5749719262707467, 0.5708048112836539, 0.5703278449820537, 0.5687031237518086, 0.5660995103272737, 0.5662943691599602, 0.5625773158435728, 0.5635866876326355, 0.5620061410408393, 0.5613189545624396, 0.5722499606656093, 0.55830972218046, 0.5586725685234163, 0.5612222867853501, 0.5549253290336505, 0.5570659408090162, 0.5554288367138189, 0.5513314584306642, 0.5511076631499272, 0.5546261198526504, 0.5546221082993582, 0.5515998298046636, 0.5715492659924077, 0.557212756544936, 0.5530010181314805, 0.5495312552826077, 0.5574212915757123, 0.5492074390252432, 0.5475046741319638, 0.5568227399798, 0.5471443878669365, 0.5472244260942235, 0.5539569001571805, 0.5453499993857216, 0.5467477607376435, 0.5481409646716773, 0.5392702531580832, 0.5435593817748275, 0.5394170623199612, 0.5424060254704719, 0.5554916905421837, 0.5349158504429985, 0.5527869124038547, 0.532556966093241, 0.5326638205670843, 0.5432812799425686, 0.5375449803530001, 0.5388883746722165, 0.5317636634789261, 0.5346415086704142, 0.5358037408076081, 0.5336093449709463, 0.5311075393475738, 0.5314523970671728, 0.5298244322047514, 0.5304282174683085, 0.531230611836209, 0.531738924629548, 0.5456332131928089, 0.5298195843603096, 0.5392238182180068, 0.5391441414169237, 0.5254425077753908, 0.5244777991491205, 0.5294522000294105, 0.5216695125780854, 0.5195303036301744, 0.5242030737446803, 0.5224903152853835, 0.5209960202668228, 0.534244170960258, 0.522365493517296, 0.5212467365405139, 0.5247309944208931, 0.518089675435833, 0.5364925049099267, 0.5199210760640163, 0.5149936718391437, 0.518141147552752, 0.514514540486476, 0.524130136943331, 0.5141618557128251, 0.5115796074855561, 0.5309543253159991, 0.5107433017270238, 0.5077237356819359, 0.5134073750061148, 0.5077352675737119, 0.5079899471180112, 0.512312306785116, 0.5111984572574204, 0.5079742962238836, 0.5153346032488579, 0.5140555167899412, 0.5072159264601913, 0.5091911051787582, 0.5057339513418722, 0.5037507575516608, 0.5053606603075477, 0.5056203437202117, 0.503048214404022, 0.5001527675810982, 0.5043812458421669, 0.5039465865668129, 0.503110270143724, 0.5070437759745354, 0.505911260843277, 0.5004493465610579, 0.4965538452653324, 0.5051570359398337, 0.5040935453246621, 0.4966884538823483, 0.49565402294198674, 0.4964710751584932, 0.49694478833207895, 0.49171362590848233, 0.5007830040127623, 0.4954059384032792, 0.5025841920983558, 0.4966117830253115, 0.48926420188417624, 0.49016813758541555, 0.4941112217949886, 0.49331024259913203, 0.49117930145824656, 0.4888646672753727, 0.4918296649759891, 0.492148528788604, 0.491473997194393, 0.48660294565499995, 0.49029603892681645, 0.48915718320538015, 0.48924172041462916, 0.49094046886060755, 0.48790740236347796, 0.4871499482907501, 0.4864518747610204, 0.48407649760152777, 0.4859426134065086, 0.48453326815483616, 0.4826180720153977, 0.4891639252503713, 0.4819510815774693, 0.4867447307881187, 0.4840296276059805, 0.47749130376705934, 0.4815988644373183, 0.5099223384670183, 0.4766881668976709, 0.4832099737489925, 0.47923551120010077, 0.4814352387306737, 0.47696893150899927, 0.4774860032633239, 0.4791136722938687, 0.4788395335861281, 0.477936260840472, 0.4761250450038442, 0.47551777958869934, 0.474613744838565, 0.47824617022392796, 0.47081433762522307, 0.475927404767158, 0.4728919264732623, 0.4724489318973878, 0.4733799422780673, 0.4741488636708727, 0.47204141289580104, 0.4754539243146485, 0.47411129813568265, 0.4712326446292447, 0.4699985685886121, 0.4640890844896728, 0.4705572397101159, 0.4748482090585372, 0.47042107903489877, 0.4667188682976891, 0.4683537401405035, 0.46996018115211935, 0.46830110047377793, 0.47071730272442686, 0.465451040688683, 0.4659549556672573], "map": 0.7340290778205673}, "time": 709.1055433750153}