{"task": {"lambda": 2, "alpha": 1, "lr": 1e-06, "wd": 1e-05, "bits": 32}, "result": {"earlyStop": true, "loss": [2.2318324785606536, 1.9665638605753581, 1.8099132355521708, 1.7109148619221706, 1.6269488241158279, 1.5781672281377457, 1.538057853193844, 1.4985971450805664, 1.489405774602703, 1.4352111687847213, 1.4209087678030425, 1.3873067685202056, 1.3755596969641892, 1.3628460332459094, 1.3437253260145001, 1.328088752194947, 1.3125673602609074, 1.299357533454895, 1.2849579500217063, 1.2635673272843455, 1.2651243408521016, 1.2538597233155195, 1.2438553758696014, 1.2267135615442313, 1.217163322018642, 1.221925782222374, 1.2188658106560801, 1.209857978072821, 1.1827424302989362, 1.1859128895927877, 1.1813453541082495, 1.1696418482883304, 1.1627484507420485, 1.1542380271004695, 1.1515219930340261, 1.1780043069054098, 1.1359218610268014, 1.1503984893069548, 1.1272569205246719, 1.1281658434400372, 1.124398267736622, 1.1205443926886016, 1.1079566315108655, 1.1098738978890812, 1.11366475797167, 1.1020825668877245, 1.0985131859779358, 1.0779728351854811, 1.0725988885935616, 1.0756383292815264, 1.0744449963756637, 1.0669222287103242, 1.0676292122579087, 1.0622077969943775, 1.0590480495901669, 1.0497114950535344, 1.0541133787117751, 1.0432446055552538, 1.0388842043923396, 1.0374588498882218, 1.0328186446545171, 1.0392762270628237, 1.029891919855978, 1.0167617377112894, 1.0128317250340593, 1.0126846882642484, 1.00438474556979, 1.0055885198069554, 1.0026446008214764, 1.0031304932108112, 0.997816850157345, 0.9983788191103468, 0.9914065272200341, 0.9916206913835862, 0.9837013821975857, 0.9805858217033685, 0.9823272485359043, 0.9785370481949226, 0.9737446658751544, 0.970807237368004, 0.9858753716244417, 0.9672380732555016, 0.9786891423019708, 0.9601972611511455, 0.9750451305333305, 0.9588731515641306, 0.9565221410171658, 0.9928624162486955, 0.9531658858645196, 0.9530844676728342, 0.9460408751871071, 0.9389535545134077, 0.9395779622536079, 0.9505669988837897, 1.003322353550032, 0.9394815774524913, 0.9329407738119948, 0.9344211249959236, 0.9396718892396665, 0.9281791483654696, 0.9256180466390124, 0.9314923473432952, 0.9236568948801827, 0.9359892595048044, 0.9184947884550282, 0.9197428430996689, 0.9127469682225994, 0.9171502081786885, 0.908517519048616, 0.9078472256660461, 0.9110057505906797, 0.9095432045412999, 0.9002196590105692, 0.9131214992672789, 0.9006016406358457, 0.9007651244892794, 0.9040460130747627, 0.8897015353043874, 0.8948382676816454, 0.8858991718175364, 0.8929759076997346, 0.8835688139878067, 0.8851659309630301, 0.8822093915705588, 0.8811244847727757, 0.8773423818980947, 0.8797387363863927, 0.8742278171520607, 0.873433833028756, 0.8708418800550348, 0.8662353879680821, 0.8685097250283933, 0.8707902156839183, 0.8677321251700906, 0.8637027874881146, 0.8667148743190017, 0.8594502520327475, 0.8632851336516586, 0.8566832653447694, 0.8512592023494197, 0.8538191254232445, 0.8527367261110568, 0.8647516778871125, 0.8492650115022472, 0.847690736546236, 0.8431599975800982, 0.8733072584750605, 0.8452373059356914, 0.8414478085789026, 0.8406110142960268, 0.83317111695514, 0.8427474861051522, 0.8375709220474842, 0.8324834721929887, 0.8338599719253241, 0.8324242894556008, 0.828231136880669, 0.8278695686775095, 0.8242734001547682, 0.8296256743225396, 0.8200598511041379, 0.8156308955421635, 0.8151709598069098, 0.8237020975234461, 0.8179650259952919, 0.8137452088150323, 0.8249478129779592, 0.813567091436947, 0.8296445374395333, 0.8170521756013235, 0.810591819823957, 0.8099466831076378, 0.8131350232105629, 0.8257893709575429, 0.8085933508826237, 0.8040900569336087, 0.8074093601282906, 0.8075521705197353, 0.8016583317635106, 0.7978071985291499, 0.8063072375222748, 0.7988127440798516, 0.7935444414615631, 0.7936294219073128, 0.8026450171190149, 0.7912254155266518, 0.7939928521712621, 0.7881330497124616, 0.7929022329695085, 0.7854323699778202, 0.7875718608790753, 0.7840506796743355, 0.7841625318807715, 0.7837795013306188, 0.7817481502014048, 0.7822327742389604, 0.7804159627241247, 0.7834533686731376, 0.7787129560522005, 0.778608044572905, 0.7742307244562635, 0.7730622542839424, 0.7732523498581905, 0.7844171956473706, 0.7755633113430995, 0.7704860740432552, 0.8071465176694533, 0.7648490451130212, 0.7635823067496804, 0.766969201319358, 0.7630098152394388, 0.7636374632517496, 0.7590179723851821, 0.7711978998838687, 0.765630825477488, 0.7584824649726644, 0.7587178127438414, 0.7573652393093296, 0.7632473718886282, 0.7580848867986717, 0.7587109658063627, 0.7531699584979638, 0.7529334460987764, 0.7425404369246726, 0.7535101151933857, 0.7498505822583741, 0.7462553443277583, 0.7483443874938815, 0.7472904867985669, 0.7456103569152308, 0.7450533503410863, 0.7438100710803387, 0.7392662126643985, 0.7424706512806463, 0.7407682561406902, 0.7368659003108156, 0.7542343385079328, 0.7358404175907958, 0.7388765659986758, 0.7343880259523204, 0.7611892398665933, 0.7317932084494946, 0.7350455703688603, 0.730482324665668, 0.7337839696921554, 0.7285841954689399, 0.7286861299299726, 0.7252188529454026, 0.7263804218348335, 0.7282564195932126, 0.7244615470077477, 0.7251415089064953, 0.7147720602213168, 0.7216628976896697, 0.7230265841764563, 0.7202712402624243, 0.7220299623760522, 0.7202845548882204, 0.7197568124415827, 0.7166696225895601, 0.7177838691893745, 0.7171495732139138, 0.7166370562478608], "map": 0.7325057779171991}, "time": 559.3236401081085}