{"task": {"lambda": 0.5, "alpha": 1, "lr": 1e-05, "wd": 1e-05, "bits": 24}, "result": {"earlyStop": true, "loss": [0.9022259268106199, 0.7203182522572723, 0.6852666943096647, 0.6581986087794397, 0.6354311257600784, 0.6291058560212454, 0.6140664319197336, 0.593903993566831, 0.5788928325854096, 0.5702552091257245, 0.590771743479897, 0.5576089142876512, 0.5411514664689699, 0.5381726543692982, 0.5345513139869652, 0.5254283407155205, 0.518679617374551, 0.5062295625022813, 0.497016730261784, 0.49351468623853195, 0.4884278163606045, 0.48228423794110614, 0.47557393110850277, 0.4751155437792049, 0.46671968201796216, 0.4574210144141141, 0.451741286352569, 0.4494863945041217, 0.44369705371996937, 0.44247738082034915, 0.437922842946707, 0.4304828824950199, 0.42578698051910774, 0.4236450169016333, 0.4191560689725128, 0.40973593966633665, 0.40840842516398895, 0.40324292982033655, 0.39953472611366536, 0.4019242653659746, 0.39796651023275714, 0.39081277216182037, 0.3866676249924828, 0.3828197916348775, 0.3785828687981063, 0.39705155819070104, 0.3824247155411571, 0.37520244571508143, 0.36763963322429094, 0.3650435704518767, 0.364123177002458, 0.3608732832705273, 0.3599710891059801, 0.3575146952096154, 0.35477177316651626, 0.35260697556476966, 0.34810977414542554, 0.34764566915292366, 0.3447485389370544, 0.33922510433430764, 0.33892666460836635, 0.3374141238483728, 0.33521421107591365, 0.33077167398204993, 0.32418189709093054, 0.3254126059074028, 0.3231184491339852, 0.31914058473764684, 0.3169591851970729, 0.3134677788498355, 0.3161387951935039, 0.3082731453811421, 0.3072296728690465, 0.30540136671533774, 0.30187947858198017, 0.30185779680808383, 0.29701134065787, 0.2985038871274275, 0.2941604470651524, 0.2945656292870933, 0.29023779271280065, 0.28919313102960587, 0.2852182283120997, 0.2837304389652084, 0.2838316514503722, 0.2802728996703438, 0.27898532152175903, 0.27783093732946057, 0.27822691172945735, 0.27304117293918834, 0.2739161250053668, 0.27084120362997055, 0.269040595667035, 0.26773703799528237, 0.2645604606060421, 0.26848457344606813, 0.26653799823686186, 0.26073195799893023, 0.25785792794297724, 0.25749025859084784, 0.2541705578857777, 0.2554189662138621, 0.2551712633347979, 0.27825402629141716, 0.25682442627993285, 0.2514723425402361, 0.2488417942442146, 0.24854910651258394, 0.24840614287292256, 0.24561193936011372, 0.2445682364643789, 0.24229546256509482, 0.239170281764339, 0.24015899104814903, 0.2400926909610337, 0.23692555915491254, 0.23736588861428054, 0.23622077477036738, 0.2369867789686895, 0.23216690188821623, 0.24082145299397262, 0.23643405414095112, 0.22974225805670606, 0.22870515389185325, 0.22806225132708455, 0.22723479547044811, 0.22787480845170863, 0.2262939934929212, 0.2257504241139281, 0.22526184688596165, 0.22367649700711756, 0.22072687226475454, 0.2201961519963601, 0.21826375012888627, 0.21700966431229723, 0.2172403576619485, 0.2152195271177619, 0.21405908472689927, 0.2148698745112793, 0.21296709176956438, 0.21498188566343457, 0.2117045603546442, 0.21067813579358308, 0.20871367042555528, 0.21024775943335364, 0.20836547762155533, 0.20688308015757917, 0.20725816532092936, 0.20735803363369962, 0.20441892933027417, 0.20450088798123248, 0.20174178429970555, 0.20360085930602223, 0.20006725725297833, 0.2009479361129742, 0.2010391576617372, 0.20543443280107834, 0.19981375979442223, 0.19848965166830548, 0.2013417533507534, 0.19625159060838177, 0.19346779300009503, 0.1944945855614017, 0.19331917568456894, 0.19283275773712233, 0.19404238900717566, 0.19444655349441603, 0.1909527178926795, 0.19014832801094242, 0.1897279383505092, 0.18954463785185532, 0.189035227924001, 0.21072089525998808, 0.19387519228107788, 0.1875058107224165, 0.18540439579416723, 0.1863957690257652, 0.1865780534697514, 0.1855914452496697, 0.18378503649842506, 0.1815599752407448, 0.18459744868325254, 0.18200943239179312, 0.18121087375809164, 0.18073520845934457, 0.1804216410599503, 0.1811559946805823, 0.18056460177781536, 0.1790926485669379, 0.17674959246434419, 0.1767965778708458, 0.1774402864131273, 0.1783142491590743, 0.17416460541825668, 0.17641688065201627, 0.17576556667393328, 0.1760390620021259, 0.17317338740708782, 0.1739970207506535, 0.1727947250885122, 0.17349429837628907, 0.1712379266380095, 0.17211959613304512, 0.17032129120300799, 0.17208928001277587, 0.169360954533605, 0.16782509031541207, 0.1717138772501665, 0.17323888889422603, 0.1664306198557218, 0.16849580728540234, 0.1674171113500408, 0.16738208953072042, 0.1663535202250761, 0.1666987627452495, 0.1656668847974609, 0.1651190053306374, 0.16463231587526844, 0.16637576386040331, 0.16306771995390162, 0.16323187384827464, 0.1605846208392405, 0.16153994860018, 0.16180035457307218, 0.1610493430612134, 0.1598591463384675, 0.1601082279401667, 0.16026448465737642, 0.15830480511866363, 0.16053807370218576, 0.1588449206422357, 0.15834803236465828, 0.1736980200398202, 0.16708145948017344, 0.16853910567713717, 0.16101826595909455, 0.15683752809669457, 0.15552463842665448, 0.15486660000740313, 0.15478155162988924, 0.1556183884249014, 0.15354748417203332, 0.154347684015246, 0.15530172896151448, 0.1539649774192595, 0.1539135560685513, 0.15222040885219387, 0.1528728355964025, 0.15176611890395483, 0.15235650846186807, 0.15082129434335464, 0.15162856394753738, 0.14908332662547336, 0.151601595621483, 0.1517205359596832, 0.15093939583383353, 0.14929280729562627, 0.1489923556937891, 0.14910844655013553, 0.14789247191419788, 0.14624559163462883, 0.148876002314044, 0.14765198382676817, 0.1484126444248592, 0.17474236704555213, 0.15589953330801984, 0.14538363170097857, 0.14664716624161778, 0.1461730435782788, 0.1432922346627011, 0.14460376628181515, 0.14465615986024632, 0.14249392189815932, 0.1436053917688482, 0.14337091410861297, 0.14115972320238748, 0.1452223934671458, 0.14462807277838388, 0.14548213005650276, 0.14412289814037435, 0.14248351299879597, 0.14334259503612332, 0.14244630713673198, 0.14147668039681865, 0.13952266271500027, 0.1401726672170209, 0.1385295823508618, 0.14043301154001087, 0.13823653976706898, 0.1395211821677638, 0.13877557013549058, 0.14024738149315702, 0.1404430975808817, 0.1394460866702538, 0.13770057962221258, 0.13766493925861284, 0.13624607446585216, 0.138293764462658, 0.13486006227778455, 0.13588051928901204, 0.13608869910240173, 0.1496251023867551, 0.1410836207808233, 0.13513031207463322, 0.137011693388808, 0.1422420323771589, 0.13615780374875255, 0.13506469276605867, 0.135035481523065], "map": 0.7844548849172606}, "time": 651.8019921779633}