{"task": {"lambda": 2, "alpha": 3, "lr": 0.0001, "wd": 1e-06, "bits": 48}, "result": {"earlyStop": true, "loss": [2.994123303422741, 1.7228627836003023, 1.5680884438402511, 1.4653428646863675, 1.4135333930744844, 1.3446105712769079, 1.2907599292549432, 1.2361493396992778, 1.1988651436917923, 1.145991679500131, 1.099627927237866, 1.0487645326876174, 1.0235614057849436, 0.9653061517313415, 0.9314481353058535, 0.9183645967174979, 0.8696781192340103, 0.8519461943822748, 0.8294591225829779, 0.7887438909680236, 0.8150761115784738, 0.7357480531814051, 0.7131925409331041, 0.7302357273943284, 0.6981237039846533, 0.6757596368883171, 0.6525819395102707, 0.6599427689524258, 0.6718848709966622, 0.6241351138142979, 0.5975997959281883, 0.582292875530673, 0.5889202607612983, 0.5860419325968799, 0.5718896073453567, 0.5521140028448666, 0.5503423795396206, 0.5517166880708114, 0.5624389183871886, 0.5133999451702717, 0.5009984099397472, 0.5003135239376741, 0.5006628013124653, 0.5116701055975521, 0.48437076310316723, 0.48705442921788084, 0.5507300805811789, 0.47122634918081996, 0.456463775214027, 0.4893744909295849, 0.44985072373175156, 0.4434973398844401, 0.46541761592322706, 0.43281761863652396, 0.480095457796957, 0.5062308948413998, 0.4157424721063352, 0.4012838870871301, 0.4117310958750108, 0.411085137257389, 0.3981224149465561, 0.40758100531849206, 0.40508590171150133, 0.3830968737602234, 0.3971123552205516, 0.37842194005554797, 0.4300457262525372, 0.3704353971224205, 0.37939225692375034, 0.3802961818143433, 0.35914933360090445, 0.42884404372935203, 0.3459242155738905, 0.3480018150864863, 0.3510887701721752, 0.3874676868903871, 0.42408571786740246, 0.40485312307582183, 0.3316151441312304, 0.33082851913629796, 0.3293377312959409, 0.4108173806293338, 0.3390478883303848, 0.3638430849886408, 0.31979483833499983, 0.31951505062626856, 0.32424163935231226, 0.33128102269827153, 0.41309498308920395, 0.38905956975969613, 0.3146592407834296, 0.320747031008496, 0.39179346199129145, 0.3128866453965505, 0.30400989175427195, 0.3015307789924098, 0.30369994920842786, 0.34352802529054527, 0.29594551202128916, 0.3010778780661377, 0.3362692717243643, 0.29375704567806393, 0.39072654177160826, 0.2912316944669275, 0.2799640424987849, 0.29435715166961446, 0.29352252565178216, 0.32779279935593697, 0.2797544236276664, 0.28886256264705285, 0.2853367349096373, 0.2949146572865692, 0.286668026564168, 0.3030960177089654, 0.27873677219830306, 0.3107762675659329, 0.273836623804242, 0.2919995378629834, 0.2979189730158039, 0.2776378055705744, 0.2732547124226888, 0.27255866252908517, 0.2832323907344949, 0.28500453105159834, 0.2948186721871881, 0.2674592660338271, 0.2917853450658275, 0.2543519072088541, 0.27260271240683165, 0.268361329740169, 0.2570497308876, 0.3382418485833149, 0.2528492926674731, 0.25352396918278114, 0.2523493086006127, 0.2814215142645088, 0.2488902089204274, 0.2501855472139284, 0.26279454985085654, 0.2538417257806834, 0.2705703330974953, 0.3577524891086653, 0.25415081545418383, 0.24663496572597354, 0.25304073299847396, 0.2415554649105259, 0.24544673602955014, 0.2522346193299574, 0.24782775576208152, 0.24734996522174163, 0.2497413456439972, 0.240937516969793, 0.2697300852513781, 0.24187186521057988, 0.24129722194344388, 0.24967778956188874, 0.254348046128072, 0.23050876107870363, 0.23309022071314792, 0.2908150207470445, 0.2295858036799758, 0.22979534081384248, 0.23727155579071418, 0.24265522312592058, 0.23851787167436936, 0.23550391343294405, 0.23741047069722532, 0.23383610158720436, 0.22820798541400947, 0.2926924903603161, 0.23290738288094015, 0.22438952677390156, 0.22424331628808788, 0.22611301903631173, 0.22507132122329637, 0.23214853905579624, 0.2220493081737967, 0.2229824939779207, 0.2337527701667711, 0.22767581133281484, 0.2208941903184442, 0.2351680858170285, 0.22521112114191055, 0.22376428500694387, 0.23260279788690455, 0.21491189498235197, 0.23851822316646576, 0.21292519700877807, 0.21688444284247418, 0.23057971310381795, 0.2384832615361494, 0.219202874045746, 0.2213415874570024, 0.22428329946363673, 0.21345635722665227, 0.23462161509429708, 0.23517645939308054, 0.20902887717181562, 0.21178846032011742, 0.2162070849946901, 0.22399177752873478, 0.20803165318919162, 0.2244572488992822, 0.21296066133414998, 0.2086868458518795, 0.20759380258181515, 0.20755085787352393, 0.21520962230130739, 0.21262493495847665, 0.21666875160207935, 0.22865142220375584, 0.2188088668912065, 0.19719774495152867, 0.1986331223857169, 0.20980028428283393, 0.2455988000420963, 0.20666100844448687, 0.21088498860013252, 0.21079404023932477, 0.20354327062765756, 0.1971571305218865, 0.20660073222482905, 0.20087922788133808, 0.20630195882974886, 0.21470552478350846, 0.19878729841872758, 0.19898633246182226, 0.22175036224664427, 0.19620440228312624, 0.20224999621802686, 0.20106972929309397, 0.218207262529462, 0.21430182807585774, 0.1904588541855999, 0.19347421328226724, 0.19581589467969596, 0.2051034536139638, 0.20263423200915842, 0.19674426667830525, 0.19905717422564825, 0.19674422343571982, 0.18907752749966641, 0.20531965353909662, 0.19364487628142038, 0.19476958466511146, 0.18550891071265818, 0.24003950594102635, 0.184908354399251, 0.18023226081448443, 0.19608836723308937, 0.18671199226496266, 0.1937776375196728, 0.18501793666213168, 0.19563157301323086, 0.19026329616705576, 0.18934759424597608, 0.19452459058340857, 0.20158390189502753, 0.1857977883488524], "map": 0.7919242882211291}, "time": 559.3101060390472}