{"task": {"lambda": 0.5, "alpha": 1, "lr": 1e-05, "wd": 1e-06, "bits": 24}, "result": {"earlyStop": true, "loss": [0.897283233556093, 0.7395817427074208, 0.6865340555999794, 0.6601282215001536, 0.6534828695596433, 0.6354006978811002, 0.6159188992836896, 0.5972016035926109, 0.5909422508933965, 0.5844949291032904, 0.5779045884515724, 0.5591559851286458, 0.5532901976622787, 0.5419574791894239, 0.5360009586986374, 0.5253989778312982, 0.5300012961322186, 0.5209018561769935, 0.5106587902295823, 0.500156454595865, 0.4965188754539864, 0.49045304515782523, 0.4834024128230179, 0.4766940328420377, 0.47581084832256915, 0.4687482209182253, 0.4639449451191753, 0.4565790714878662, 0.45684535728365766, 0.44741467810144614, 0.44170622746734056, 0.4391716639785206, 0.43749773619221705, 0.43173715326131556, 0.425612912458532, 0.4233890640385011, 0.42038753424205033, 0.4109567869819847, 0.4080473622855018, 0.4025526011691374, 0.3964942956671995, 0.3991485883792241, 0.39535917034920526, 0.3898691342157476, 0.38464227735119705, 0.39176740132126153, 0.380730938093335, 0.37338286126945536, 0.37329089144865674, 0.36770552163030584, 0.3694016502476206, 0.3607967199355948, 0.3622540587595865, 0.35586824779417, 0.3534765192398838, 0.3513706583602756, 0.34600944729412303, 0.3444398625516424, 0.34072447100690767, 0.3369899693073011, 0.33329859916485993, 0.33261149318194855, 0.3287525453111705, 0.32617510080921885, 0.32612859457731247, 0.32352639427956414, 0.31598397724184335, 0.3169816841973978, 0.31545263163599313, 0.31034769044787275, 0.3110981139482236, 0.30738941375531403, 0.30282174080025914, 0.30183932272826924, 0.30453334748744965, 0.30499620706427333, 0.29712540510238383, 0.2934712298652705, 0.2945449217861774, 0.2922235525706235, 0.28802966253430234, 0.2886189824225856, 0.28644558991871627, 0.28385133544603985, 0.2827322919871293, 0.28048035407475397, 0.2788306923181403, 0.27698249399077657, 0.2823726742290983, 0.2801092483249365, 0.2732740903601927, 0.26716279012023236, 0.2706213951403019, 0.26354316987243354, 0.2636072266043401, 0.2701278258772457, 0.2656787533093901, 0.26083559177669824, 0.2586691397077897, 0.25625844036831574, 0.254992049844826, 0.2552362319593336, 0.253974833909203, 0.252657320788678, 0.25054436907464384, 0.2483120391181871, 0.24780217309792837, 0.25483115309593724, 0.25122593533174664, 0.2530931374605964, 0.24600187148533614, 0.24303368303705664, 0.2422361940729852, 0.24336024592904484, 0.23909966063265706, 0.24636412660280863, 0.23902267203027128, 0.23428767466661976, 0.23942923794190088, 0.23154731869113213, 0.23178987146592608, 0.23158222948219262, 0.238209437213692, 0.23551639169454575, 0.22781836738189062, 0.22423899210259027, 0.22726463468051425, 0.22594861467094982, 0.22475961478901843, 0.22213632306631872, 0.22245837616569855, 0.22269696114110013, 0.22080574418399848, 0.21936234495803422, 0.2175826656759954, 0.2166118285819596, 0.2163010818847254, 0.21586320782993354, 0.21351191474526537, 0.21131089315110563, 0.21301242102887116, 0.21069496446380429, 0.21067628527388854, 0.21114875763362528, 0.20841656435354083, 0.20916836080597898, 0.20687771354820214, 0.20633034568791295, 0.2053767300996126, 0.21284457135434245, 0.20709502667773003, 0.202386108537515, 0.19900361463135363, 0.19987562371819628, 0.19977166094616347, 0.19989006674172832, 0.2000209315150392, 0.19617794322616913, 0.1970257355155898, 0.19571115660901164, 0.1952802135663874, 0.1957558670318594, 0.19328481024679015, 0.19410192696195022, 0.19085081936974152, 0.19123255885114857, 0.18957298782234097, 0.18884218980868658, 0.1886363930854143, 0.19769269958430646, 0.1959433023470874, 0.18793678488217147, 0.18576994209605105, 0.1866484107632263, 0.18651618180321713, 0.1867378374525145, 0.18400000189157092, 0.18261094077252873, 0.18166274445898392, 0.18155521826416837, 0.1820109860569823, 0.1812511738024506, 0.18172694611198761, 0.1794053661618747, 0.17927910898830376, 0.1798553409821847, 0.17887472711941776, 0.17522870088178738, 0.17542530055723937, 0.17909528694900811, 0.17772720388922036, 0.1747529809819717, 0.17271467079134548, 0.17389893181183758, 0.17576980298640682, 0.17283689771212785, 0.18802721418586432, 0.1824515238404274, 0.1725909571145095, 0.17050900456367754, 0.1704290601260522, 0.1695285018752603, 0.1752888832022162, 0.1731240144547294, 0.17058799591134577, 0.1687958735753508, 0.16871609611838473, 0.16732347508271536, 0.16700980768484228, 0.16632069559658275, 0.16652079993018917, 0.1682811339988428, 0.1675412954360831, 0.16275303146126224, 0.16672823957952798, 0.1654737159317615, 0.16455314965809092, 0.16223848859469095, 0.16274414518300226, 0.1621609766255407, 0.16155371464350643, 0.1630943939089775, 0.15958280539980121, 0.16106651913301617, 0.1572840572426132, 0.15869291754914264, 0.15969549199821903, 0.15862631417957007, 0.15711742610323662, 0.1566467200424157, 0.16168801077440673, 0.1581528733904455, 0.15705448213745565, 0.15621559175790525, 0.1542409529872969, 0.15503673854411817, 0.15433485367718866, 0.15448390422206298, 0.15364201133157693, 0.15390571440551795, 0.15421932482836292, 0.15379851421012597, 0.15279533436485365, 0.15044654869273597, 0.1532950445133097, 0.15305210927537843, 0.15173020023925632, 0.1505702506093418, 0.15068950270320855, 0.1495385400804819, 0.14847717865132817, 0.14906973720473402, 0.1480401833998222, 0.14864782149008676, 0.1479161955124023, 0.14930224652383842, 0.14683675714859776, 0.14754089143346338, 0.14669773610783557, 0.14710201542167103, 0.14676370296408148, 0.1465556812198723, 0.1442740035845953, 0.1432237893196882, 0.1438235349807085, 0.1426618140117795, 0.14392460678137986, 0.1437563044475574, 0.14132053989405727, 0.14336459294838064, 0.14275074618704178, 0.14317293202175813, 0.1414623945659282, 0.1432974757809265, 0.1418596866960619, 0.1411526805776007, 0.1398810906445279, 0.13988668610360108, 0.1393448660771052, 0.1398384411472316, 0.1396890270943735, 0.1380006424790504, 0.13893692301330612, 0.13817448621871425, 0.138234554114295, 0.13745497868341558, 0.13569137183766738, 0.1374690437725946, 0.13712705613351336, 0.137139709556804, 0.13699755028766744, 0.13875191454209534, 0.1326658321069736, 0.13552207244085332, 0.13503529284806812, 0.1344324771826174, 0.13399670221934132, 0.13347577383997394, 0.13309505413852485, 0.13496053467194238, 0.13205600369210338, 0.13228310023744902, 0.13552057144104265, 0.13451454613138647, 0.1317963128288587, 0.1304684327367474, 0.13546577928697362, 0.1341913548462531, 0.13105485296132519, 0.13066190572492048, 0.12815979473731098, 0.12971353706191568, 0.13090886248677386, 0.12843749672174454, 0.13004928286753448, 0.12996589363205666, 0.15199453617427863, 0.14447623315979452, 0.12978188215079262, 0.12720011211201257, 0.12889217556107277, 0.12791470715812608, 0.12840156081844778, 0.12785494780423595, 0.1256005110620868, 0.12870875556094974, 0.12633499798967557, 0.12576093166774394, 0.12919567101726345, 0.1383261097704663, 0.13128075566069752, 0.12717963280338868, 0.12594286713968306, 0.12528889239126562, 0.12597498107774585, 0.12414291391477865, 0.125696708028223, 0.12521141606803035, 0.12599381176280042, 0.12485064887533001, 0.12489381724712896, 0.12414858826235228, 0.12552045943105922, 0.12403898189465205, 0.12236181274056435, 0.12124835948149364, 0.12438180728578101, 0.12236614985501065, 0.12297344850558861, 0.12286941225037855, 0.12153377204987348, 0.12253345534497616, 0.12426660093022328, 0.12131259239771787, 0.12092118776019882, 0.12130929062179491, 0.1207126832621939, 0.11933271630721934, 0.11970909049405772, 0.12077076280233907, 0.12070658503502023, 0.12206884327472425, 0.12037064222728505, 0.11898466265376877, 0.11864020737508933, 0.11920112780496186, 0.11817389149584022, 0.11848471481718269, 0.11770340982897609, 0.11848690229303696, 0.1177569854201055, 0.11779306040090673, 0.11838646298822235, 0.1176937775430726, 0.11761155322778459, 0.11600689692240135, 0.11696536985098147, 0.11712488532066345, 0.11724789696289044, 0.12211341206349578, 0.12423934071671729, 0.11525999418660707, 