{"task": {"lambda": 2, "alpha": 1, "lr": 0.0001, "wd": 1e-06, "bits": 48}, "result": {"earlyStop": true, "loss": [2.7758285286379794, 1.3349979917208354, 1.2308923082024443, 1.158446161185994, 1.0890157316245286, 1.0639694508384256, 1.0019736734091067, 0.9562572194080726, 0.9250422920666489, 0.8832588067241743, 0.8637015252721076, 0.8185344636440277, 0.7943246265252432, 0.7673363019438351, 0.7249289388750114, 0.703549185219933, 0.6768376134774264, 0.654160330692927, 0.6418212342496011, 0.6202414012422749, 0.6138025837786057, 0.585725221563788, 0.5849646461360595, 0.5491971367714452, 0.5365913872625313, 0.5248890443175447, 0.5348288796696008, 0.5060031250411389, 0.5007811615280077, 0.485529808437123, 0.48782630469284805, 0.4731869335268058, 0.4484656710250705, 0.44337618701598225, 0.4473467904563044, 0.5068737414537692, 0.41262714331056555, 0.41374889834254397, 0.40969237042408363, 0.42618757018855974, 0.40019601159820367, 0.39870211306740255, 0.3994565068506727, 0.39080605056940343, 0.37978683061459484, 0.368411679186073, 0.3840969298400131, 0.38552571161120547, 0.45064212411057714, 0.3534221485549328, 0.346697590806905, 0.3360363256697561, 0.3615604463745566, 0.3375512126321886, 0.3268207597966288, 0.34114278531542014, 0.3306206739416309, 0.3561253857378866, 0.32891729707811396, 0.3201523943274629, 0.363792565815589, 0.3440074532055387, 0.30258934550425587, 0.30472074595152165, 0.327130660999055, 0.29743995561319236, 0.2957780632902594, 0.31505730477910415, 0.2898523912710302, 0.29329536942874684, 0.2970234620220521, 0.3171021280919804, 0.28504350810658696, 0.2787107278903325, 0.2864768078514174, 0.2947275924916361, 0.2806694341056487, 0.3145584703660479, 0.27020247339033615, 0.26302728144561544, 0.26184426686343026, 0.2858453644256966, 0.25914984094161614, 0.2820508006741019, 0.2523440435236576, 0.2614733512495078, 0.26224326167036505, 0.2620500305704042, 0.2639452636826272, 0.24856650011212217, 0.2682398586880927, 0.2676841889818509, 0.23559445449534586, 0.24979093787716886, 0.24532682258708804, 0.24472949522383072, 0.2442017879848387, 0.2391562431174166, 0.2428281000431846, 0.24060023093924804, 0.2317264020150783, 0.28530743688929316, 0.29934051238438664, 0.22794410264959522, 0.22471892074042676, 0.23274695902478462, 0.21818951458907596, 0.2263237201407844, 0.22106033198389352, 0.22178157842626758, 0.23443055766470292, 0.2145060195642359, 0.21956942639514512, 0.26003862975859177, 0.2047011495805254, 0.21604353379385144, 0.2135873965772928, 0.25883471615174236, 0.20190930497996948, 0.2101313273111979, 0.20528054661026188, 0.20689018085306765, 0.20731953210106083, 0.2131628215897317, 0.20852665164891412, 0.2555373237997878, 0.20140535252935746, 0.19853008845273187, 0.19993842765688896, 0.2128763638582884, 0.21019428793121786, 0.19637971225322462, 0.20890208435993568, 0.20671730254795037, 0.20010609954011208, 0.19222421067602494, 0.19289509659888698, 0.21836844904750002, 0.19288044817307415, 0.1950919491549333, 0.1931931325325779, 0.194125719222368, 0.1958123695324449, 0.19904310343896642, 0.19340919454892477, 0.20204680500661626], "map": 0.7732329140740086}, "time": 312.73836517333984}