{"task": {"lambda": 1, "alpha": 3, "lr": 0.0001, "wd": 1e-05, "bits": 24}, "result": {"earlyStop": true, "loss": [2.6486939156756684, 1.3513731226032855, 1.219866253289522, 1.1577664152079938, 1.101923650094107, 1.0710031226569532, 1.1116692996492572, 1.0417753583660312, 0.9281778835198459, 0.9057546094352124, 0.8591427043372509, 0.8541855151746788, 0.8046406397924704, 0.7866385894663194, 0.7683563913200416, 0.7237013796088743, 0.7082559364099129, 0.67994988855778, 0.666608147761401, 0.6565718460901111, 0.6178981737763274, 0.5855467731461805, 0.5953802986472261, 0.5639314381223098, 0.5380787741319806, 0.5428860383290871, 0.5164989157050264, 0.5205043872781828, 0.5002335289529726, 0.48862333040611416, 0.46136454741160077, 0.5249136329865923, 0.45533833258292256, 0.46191371392969993, 0.42513440242585016, 0.4237983422536476, 0.4393459088077732, 0.4136795083097383, 0.4519467587564506, 0.39413580079289046, 0.39037102139463614, 0.4058338473824894, 0.38847947763461693, 0.39300337842866484, 0.3761448693626067, 0.36635969637655746, 0.37407232762551773, 0.4488922895169726, 0.3622443883442411, 0.3405418585912854, 0.34688864502252315, 0.3446839425493689, 0.34755977710672453, 0.33114339206732957, 0.34052352168980765, 0.32977952501353097, 0.32920394655244023, 0.31465399922693477, 0.3193011465025883, 0.37686248912530784, 0.3042881246290955, 0.298671919195091, 0.30204205214977264, 0.30740611342822804, 0.3104451576284334, 0.290510186085514, 0.3023156545618001, 0.30118673630789217, 0.34847372653437597, 0.27531315999872547, 0.2756451438455021, 0.2801905972700493, 0.31467075521747273, 0.2720773287263571, 0.2820566907232883, 0.28504518404895185, 0.27656786640485126, 0.2657916619643277, 0.3614024173687486, 0.25662387586107444, 0.25650764154452904, 0.26857786435706943, 0.25245243252492416, 0.2519683249148668, 0.25593873244874615, 0.2677466045407688, 0.24819089852127374, 0.2723270704348882, 0.2517082188643661, 0.2709718358282949, 0.24301167533678167, 0.2399791631044126, 0.2479309423589239, 0.24167855785173528, 0.3019574660004354, 0.23174476068393857, 0.23481308478935092, 0.23326209216725594, 0.23321266150942035, 0.28555287040916144, 0.328865278877464, 0.2423826030948583, 0.22675522168477377, 0.22696475976822422, 0.22789867368398928, 0.22061372212335176, 0.2309983451576794, 0.2292874303518557, 0.2226470185845506, 0.22456248761976466, 0.22120460794836866, 0.2838174957855075, 0.21164463577317258, 0.21688175128371107, 0.2161291206584257, 0.21455797348536698, 0.2292491733735683, 0.20816455292058925, 0.2200248665085026, 0.2435802896233166, 0.26010144195135904, 0.2047154966960935, 0.2067820355296135, 0.20983478193189584, 0.20854407066808028, 0.20727775501562098, 0.21836604557785333, 0.21452527164536364, 0.2036141162993861, 0.2061016343387903, 0.2060941811285767, 0.20375348218515807, 0.20478938052467272, 0.212571755709017, 0.20665355618385708, 0.22564724701292374, 0.2715076090512322, 0.20159980537844638, 0.19503112867766736, 0.20110144100937188, 0.1967163189661269, 0.19424696814487963, 0.19461979936150944, 0.19383237810403692, 0.19613362439707213, 0.19998536390416763, 0.1974640024058959, 0.1945865002332949, 0.1933602630799892, 0.1939216347813022, 0.22631950077472948, 0.200524801717085, 0.18437057324484282, 0.18752218885164634, 0.18341896982461797, 0.1951312148103527, 0.18982141099724115, 0.24388152068736507, 0.2793826175963177, 0.1874425921808271, 0.1792586837694341, 0.17943752147987777, 0.18908065060774484, 0.1838092755745439, 0.1992299137454407, 0.17731099992113955, 0.18966668099164963, 0.1838294296872382, 0.18197603772083917, 0.18584408508796318, 0.18482332691258074, 0.1867118618798022, 0.17720034849994323, 0.18922862951077668, 0.19376009162150176, 0.17619568606217703, 0.1813746813465567, 0.17463586260290706, 0.17645758215118856, 0.1884627761501892, 0.17183032178995655, 0.1898258775472641, 0.23304635373985066, 0.1717141949955155, 0.17150524653056087, 0.16825178835321875, 0.18074472467688954, 0.17016868716945835, 0.1796617347235773, 0.18001403002177968, 0.17209452098491146, 0.17321236606906443, 0.17540462081338845, 0.170120610472034, 0.175278944858149, 0.17387964357348049], "map": 0.7679349875762673}, "time": 415.0053563117981}