{"task": {"lambda": 1, "alpha": 3, "lr": 0.0001, "wd": 1e-06, "bits": 24}, "result": {"earlyStop": true, "loss": [2.5480939518002903, 1.3378695930336035, 1.2255185731485778, 1.2038836794741012, 1.1526731238061307, 1.052384287703271, 1.0111587880288853, 1.0001064994755913, 0.9579207219329535, 0.9022512874182533, 0.8724891838489794, 0.840746626550076, 0.7965167608915591, 0.795899265537075, 0.7570953807410072, 0.7234922980560976, 0.738291372271145, 0.6797775298941369, 0.6635379989941915, 0.6356264693187732, 0.6187732079449821, 0.5962364470549658, 0.5752049418641072, 0.5852772575967452, 0.5533104045133964, 0.5377892434012657, 0.5290447981918559, 0.5579656929362053, 0.529610636771894, 0.48402075761673496, 0.48526646226060155, 0.47556430568882063, 0.4881699489904385, 0.45322034215810253, 0.48270874631171135, 0.44585519678452434, 0.5404468830309662, 0.4172062596269682, 0.4140920095583972, 0.41243192290558534, 0.4060906490274504, 0.40356123951428075, 0.4299761594510546, 0.4760629426614911, 0.38376473299428526, 0.38136233564685373, 0.3863501452347812, 0.36540331618458616, 0.378028151159193, 0.3707380952203975, 0.36938999125770494, 0.41598009464203145, 0.3452325375641094, 0.36511317362972334, 0.3380463118938839, 0.346459525911247, 0.35366488963949916, 0.40286025784763635, 0.33061674091161464, 0.3156569725742527, 0.3231651663195853, 0.336359762970139, 0.3206482878794857, 0.313418399615615, 0.33977822375063804, 0.37863460738284915, 0.3196457775638384, 0.30520187902684304, 0.304206311118369, 0.30228952793221847, 0.3056789031800102, 0.28755475814436, 0.2945294786317676, 0.29800734070001866, 0.31818543038531844, 0.28227442123141944, 0.2813788531165497, 0.33725850240272637, 0.27339281755335193, 0.2853815358351259, 0.26522912348017974, 0.2712513880402434, 0.3117995418462099, 0.2683461520309542, 0.26564275648664026, 0.25604529036026374, 0.29183291570813047, 0.2561371817308314, 0.2650164172929876, 0.27058760967909123, 0.2549975184248943, 0.24858401029133328, 0.255476221150043, 0.2587854090858908, 0.25346169313963723, 0.3302665615052569, 0.23650097510978288, 0.23821225148790023, 0.24774383183787851, 0.24754036349408767, 0.24044235810345294, 0.24056796232859293, 0.3146345917792881, 0.23984536031881967, 0.22693885000897387, 0.2258249575308725, 0.24190322908700682, 0.236947455534748, 0.22740335587192984, 0.23532505523340375, 0.24673229163768245, 0.22480947319783418, 0.23321111894705715, 0.22320515355643103, 0.23055431159103618, 0.2387642179634057, 0.21789111606046266, 0.23677019921003603, 0.21698137781783647, 0.21620418262832306, 0.2650558003315739, 0.21560709850460874, 0.20494609705957711, 0.21183295803619365, 0.24620656055562637, 0.22684689129100127, 0.20695864270422973, 0.22860541859386013, 0.20525865315222272, 0.2088095238980125, 0.21846150387735927, 0.21918975978213198, 0.20606373623013496], "map": 0.7973339548663763}, "time": 283.5769770145416}