{"task": {"lambda": 0.5, "alpha": 5, "lr": 1e-05, "wd": 1e-06, "bits": 24}, "result": {"earlyStop": true, "loss": [2.46552740241967, 1.9065737452577143, 1.875033226667666, 1.7722967746211034, 1.707408820881563, 1.6515613458320206, 1.5982370025971357, 1.587666362231853, 1.56765558103136, 1.5486209266910367, 1.5154239947305006, 1.4843416078125728, 1.4898587360101587, 1.465401170592682, 1.4990076621373494, 1.4303820007571988, 1.4072715070317774, 1.3828825167581147, 1.3698103953810299, 1.3675302307979733, 1.350451588046317, 1.3428578682097734, 1.3250693169002439, 1.3664329916823144, 1.314546305174921, 1.2926405542621426, 1.3082017992057053, 1.2633878293575025, 1.2512723482122607, 1.2375193061489684, 1.2188696490198958, 1.2201901963528465, 1.2110713078987365, 1.1967769953257896, 1.1877036253903426, 1.176803326343789, 1.175709983005243, 1.1616016898085089, 1.169284167389075, 1.1454539683227445, 1.1248282194137573, 1.142025747719933, 1.127914496496612, 1.1010434802840738, 1.1040286979838914, 1.0916060258944829, 1.0747527094448315, 1.0695631039493225, 1.0797856748104095, 1.0858793691092847, 1.0663629732295579, 1.0406758104469263, 1.0538536765996147, 1.0369587984739566, 1.0254489794081332, 1.0182316461030174, 1.000995955484755, 1.0069290230087204, 1.007500360993778, 0.9761877585859859, 0.9843314950372658, 0.9816297742665983, 0.9710229952253547, 0.9582856645186743, 0.9595017995612294, 0.9487946172263108, 0.9479871652289933, 0.9380340073622909, 0.9385940385799781, 0.9240209694002189, 0.9098116048410827, 0.9139259194626528, 0.9063361352857422, 0.8964887744947976, 0.891848485113359, 0.8964287030930612, 0.8876710034468595, 0.8765068533373814, 0.8709321422319786, 0.8758670220188066, 0.8568823150559968, 0.8594467020502278, 0.8494385532012173, 0.8548560732719945, 0.8393700192956364, 0.8352929363940277, 0.8359758988314984, 0.8241854137649723, 0.8165604977631101, 0.8078102463600683, 0.8129254109134861, 0.8113275290119881, 0.7998729801061106, 0.7925211373789638, 0.7869904802418223, 0.794493665443916, 0.7849693532083549, 0.7851580515796063, 0.7766079072858773, 0.7735889343654409, 0.7644129361884267, 0.7555807871269244, 0.7515808861045277, 0.750717178498413, 0.7438344425138306, 0.7454310598618844, 0.7480420451246056, 0.7266959321557307, 0.7309616957517231, 0.7332406840195843, 0.723022438731848, 0.7164707566593208, 0.718783455590407, 0.705549583715551, 0.7068502048359198, 0.6945932178812868, 0.6988955923155242, 0.7098522945946338, 0.7071163560829911, 0.6868867723672998, 0.6799310416567559, 0.6828198193335066, 0.6788412487389994, 0.6801345281156839, 0.6827887168117598, 0.6797009928553712, 0.6742066518933165, 0.6588760313450122, 0.6503789760902816, 0.6541333711322617, 0.6521644431586359, 0.6502514472779106, 0.649347691559324, 0.6515237845334352, 0.638363582100354, 0.6498365472344791, 0.6354693020967876, 0.633517701251834, 0.6297379115632936, 0.6229514955889945, 0.6267049476212146, 0.6227894593395439, 0.6237828451044419, 0.6186813671214908, 0.6283177242559546, 0.6085195971616343, 0.6100365012591961, 0.6015223020724222, 0.5994356670508197, 0.5971284423973046, 0.5992431991240558, 0.5944913894522423, 0.589628265768874, 0.5866021790048656, 0.5790557130879047, 0.5902514558504609, 0.5760607847980425, 0.5784773020183339, 0.5711172899486971, 0.573272116336168, 0.5710730429957894, 0.5664091400948226, 0.5681071956368053, 0.5608042554528105, 0.5690031039948557, 0.562186634423686, 0.5510732925990048, 0.5471757261776456, 0.5511253736182755, 0.5436840481033512, 0.5443063417778295, 0.543742853782925, 0.5348093369427849, 0.5382619035594604, 0.5644286561246011, 0.5458273113358254, 0.5246196866912001, 0.5308415978854778, 0.5220537729123059, 0.5280140458660967, 0.6191508746614643, 0.5417046209468561, 0.5466771155011421, 0.5332220360344532, 0.5137816277496955, 0.5179250482835022, 0.5203446463919154, 0.5095413489376798, 0.5022421479225159, 0.5049402253592715, 0.5039371627510763, 0.5056946414942834, 0.5070461040618373, 0.5071816799395225, 0.4966888267035578, 0.4944218172162187, 0.4988744380135162, 0.5005067250892228, 0.49498580016341864, 0.4891228544361451, 0.48880096276601154, 0.4910137805284238, 0.488293633741491, 0.4850284146035419, 0.4846479851825565, 0.4797119258665571, 0.5008206630454344, 0.481731131818949, 0.47288067551220164, 0.4864520751962475, 0.5084708759597704, 0.4783998307059793, 0.47652821140546425, 0.4702843611731249, 0.4677398226716939, 0.46679402201199066, 0.46823855314184637, 0.475029435227899, 0.4658912297557382, 0.4640567317312839, 0.4617722046141531, 0.4618117929089303, 0.4594527367575496, 0.45709455480762556, 0.45391011121226293, 0.4506092293589723, 0.454059676212423, 0.4503646165716882, 0.45913446826093335, 0.45828353920403647, 0.44753921762400983, 0.4535250456309786, 0.4423137774654463, 0.4389950351095667, 0.44412535209866133, 0.44196407555365097, 0.4465179678563978, 0.43920305385893466, 0.43845662138625685, 0.4420507823427518, 0.43652549853511885, 0.4342498303044076, 0.4292347754041354, 0.43185030128441604, 0.4314258250535703, 0.42424386856602686, 0.4233599318300976, 0.42021694647915225, 0.42346708272017686, 0.4263032639727873, 0.4172234947190565, 0.4166544624695591, 0.41856951894713385, 0.41101013985919016, 0.41567157632579993, 0.41044311415331036, 0.41203880499975354, 0.4110104644707605, 0.4210476790573083, 0.4121605309785581, 0.4067929335961155, 0.4204850681856567, 0.4149198146427379, 0.4098406209080827, 0.4003205953859815, 0.40176549480826246, 0.39890076059336754, 0.39226850516655865, 0.3992735926134914, 0.3941195396816029, 0.39726437306871604, 0.4016611860955463, 0.3948203741627581, 0.3920969073386753, 0.39130402663174796, 0.3925804991055937, 0.3856244640899639, 0.3876364324607101, 0.39119360318370894, 0.3839680935237922, 0.3897453363911778, 0.3826741821625653, 0.3845495279220974, 0.39871612950867297, 0.3931620711205052, 0.38065823079908595, 0.3783263235407717, 0.3767133736435105, 0.3780057222819796, 0.3732048207346131, 0.3816278554937419, 0.37901708469087003, 0.37126673626549106, 0.372321721385507, 0.37578022962107377, 0.3679916293305509, 0.37439434873122795, 0.3722700761521564, 0.36935046475891975, 0.364440611326227, 0.36832791508412827, 0.366246514241485, 0.3697710925457524, 0.366630444631857, 0.3689240824942495, 0.36307186063598185, 0.367598501198432, 0.3584289917466687, 0.35813618436747907, 0.3596946623395471, 0.35596248712025436, 0.35355811726813224, 0.3578607925013, 0.354950957438525, 0.35882794550236535, 0.3603962693436473, 0.3547981115532856, 0.3563183677547118, 0.3505113478384766, 0.34652618099661436, 0.35000840537980493, 0.34898003731288163, 0.35156722571335586, 0.34526073362897425, 0.3444477625045122, 0.3456614521496436, 0.34352096360103757, 0.34669965330292196, 0.345952097399562, 0.352154686024376, 0.3373203813737514, 0.33954034059071075, 0.34535546264812056, 0.3394918072165227, 0.338075153529644, 0.33783800067270503, 0.3377579649289449, 0.33696090137841656, 0.3370360840185016, 0.33865386700513317, 0.33373834075880987, 0.3368819985611766, 0.33761053152528464, 0.33465823312016096, 0.3323277647004408, 0.3359144113811792, 0.3358993001428305, 0.33515647491988015, 0.32929835819146214, 0.3246564063079217, 0.32732532429052336, 0.3246837405889642, 0.32927292293193294, 0.3306335529275969, 0.3307190195602529, 0.32344068893614936, 0.3248340249353764, 0.32239890916674746, 0.3253990131265977, 0.3251468026462723, 0.32447320967912674, 0.31820880972287235, 0.3198116522501497, 0.3203766736037591, 0.32553384117051665, 0.31984128306309384, 0.31892158982216146, 0.3173962948369045, 0.3152635091660069, 0.31344417102780997, 0.31281886045254914, 0.31899357280310464, 0.3170600286593624, 0.3149348861154388, 0.311230799146727, 0.31434401796728956, 0.31462747735135693, 0.31028101753954795, 0.3122483246466693, 0.3102672570476345, 0.3112727188888718, 0.30801689493305545, 0.31016188231753367, 0.3127000586074941, 0.30875135417662414, 0.307550073400432, 0.305820240547844, 0.30396147247622995, 0.30660735392103006, 0.30359722600848066, 0.30460506224749134, 0.3055213841737485, 