{"task": {"lambda": 2, "alpha": 3, "lr": 1e-05, "wd": 1e-06, "bits": 48}, "result": {"earlyStop": true, "loss": [2.2755745661024953, 1.8695161219905405, 1.7700175642967224, 1.6853116090391196, 1.638957632522957, 1.6003083890559626, 1.555498231859768, 1.5259738079473084, 1.4911685930747611, 1.4671534498532612, 1.4430793780906528, 1.4105272667080748, 1.3950510609383677, 1.3724162952572692, 1.3563197021390878, 1.3438290965323354, 1.323406798582451, 1.3021198511123657, 1.2902444303035736, 1.2800536669936835, 1.2569343967764985, 1.2466735419105082, 1.2354500176859837, 1.2119835024955226, 1.2006282970017077, 1.194600952606575, 1.1759509263085384, 1.1639827711909425, 1.1549759203312444, 1.1423909693372016, 1.1335599206241906, 1.1372571131762337, 1.1131498503918742, 1.1083938350864486, 1.0823935661830155, 1.093040477995779, 1.0740983193995906, 1.063710169464934, 1.0643059541197384, 1.0553633617419822, 1.072151174732283, 1.0495332567130817, 1.0210566222667694, 1.0140571196873982, 1.016362913683349, 1.0050827854988622, 0.9979296542850196, 0.9985836399536506, 0.9886576147640452, 0.9705866546023125, 0.980982593461579, 0.9650328197315627, 0.9583004350755729, 0.9554765878939161, 0.9361156201830098, 0.9395679352330226, 0.9319180758560405, 0.931463712570714, 0.9190957958207411, 0.9082719040851966, 0.8996378218426424, 0.8968718317793865, 0.8938172740094802, 0.8831628274683859, 0.8719478901110443, 0.8757715456041635, 0.876523959870432, 0.8644713157532262, 0.8686492957320868, 0.8554615878006991, 0.844539068201009, 0.8510821093531216, 0.8501477533695745, 0.8349863577122781, 0.831116866831686, 0.8175351643094829, 0.8220957687088087, 0.8128521617721108, 0.8201071666736229, 0.8049211171912212, 0.7956643957717746, 0.7936745981375376, 0.7930327998656853, 0.7851517276436675, 0.7877664022585925, 0.7824584099591947, 0.7721885279113171, 0.7672259597217336, 0.7590102953653709, 0.7631327983211068, 0.7929407907467262, 0.7700023858570585, 0.7427945329862482, 0.7432813521693734, 0.7344425244658601, 0.7376118127037498, 0.7324469901767432, 0.7349014022186691, 0.7323882346059761, 0.7287850011797512, 0.7284338369089014, 0.7271814156396716, 0.7101016991278705, 0.718304297503303, 0.7165407591006335, 0.7075389413272634, 0.7046875830958871, 0.7018307079287136, 0.6930027741427515, 0.6931249370761946, 0.6952314546295241, 0.6874243915081024, 0.681608482318766, 0.6841159048033696, 0.6832002559128929, 0.6743571886829302, 0.6701927357444576, 0.6676930092713412, 0.6701244735250286, 0.6619134329113305, 0.6597646521586998, 0.6568415176634695, 0.6561585103764254, 0.6478820124677583, 0.6457181397606345, 0.6373332011349061, 0.641311272686603, 0.6423473217908073, 0.6345894006537456, 0.628799690043225, 0.6297840107889736, 0.628664342211742, 0.6289499068961424, 0.6227168005471136, 0.6150131339535994, 0.612791805582888, 0.6175556393230662, 0.6161462007200017, 0.6107835600189134, 0.6091409909958933, 0.6331225294692844, 0.623227241284707, 0.600233710864011, 0.5976928992598665, 0.5940250421271605, 0.5930028911314759, 0.5928367726943072, 0.5973538014234281, 0.5907899719827315, 0.6042444676745171, 0.5926714580433041, 0.5820004963407329, 0.5830197135607401, 0.5796946006662705, 0.5795939564704895, 0.581012977104561, 0.5694334882439351, 0.576603559886708, 0.5752390541282355, 0.5626571865058413, 0.5655591937841153, 0.5679171173011556, 0.5613173059388703, 0.561800517872268, 0.5585098517876045, 0.5582640913187289, 0.5580175621252433, 0.5507416178782781, 0.5500962897843006, 0.5495937285470027, 0.548383380560314, 0.5452928361939449, 0.5441393935505081, 0.5389834037598442, 0.5384421661203983, 0.533447738663823, 0.5383280562419518, 0.534767898274403, 0.5298585237241259, 0.5276202278978684, 0.5313647325132408, 0.5281955272543664, 0.5234307415929496, 0.5227579427700416, 0.5301605375374064, 0.5180359780788422, 0.5217773324134303, 0.5214065552926531, 0.5156189474989387, 0.5107329297883838, 0.5126108608993829, 0.5078424989592796, 0.511017668188787, 0.5070704040574092, 0.5109831275893193, 0.5088819838037678, 0.5090763305916506, 0.508736607782981, 0.5016604758360806, 0.5034544140684838, 0.497206619849392, 0.4990444881658928, 0.5131523089081633, 0.5293475783923093, 0.5010330703328637, 0.4959239749347462, 0.4904750898188236, 0.49290381459628835, 0.49271877256094243, 0.48693081152205375, 0.4867236167192459, 0.516820919864318, 0.5050535359803368, 0.4851927137842365, 0.4794112411784191, 0.48283714932553906, 0.48077267174627264, 0.48131053500315724, 0.48227882998831134, 0.4794546523514916, 0.4773925276947956, 0.476770713633182, 0.47687217125705644, 0.4721461446846233, 0.4802321294943492, 0.4715852567962572, 0.47323696607468174, 0.47372594592618006, 0.46800169173408956, 0.47546659965141147, 0.4741862755195767, 0.45981716700628694, 0.46170176653301015, 0.4642329291970122, 0.4658767534237282, 0.4604404787806904, 0.4575861664671524, 0.46448292451746326, 0.45790982699277355, 0.45934246071413454, 0.45812053949225184, 0.4558532173727073, 0.452412675408756, 0.4586818966211057, 0.45226508875687915, 0.45196908537079306, 0.45074563254328337, 0.4525277661342247, 0.4557052254676819, 0.44615376200161727, 0.445698808221256, 0.4481113880288367, 0.44364382355820897, 0.44508011960515786, 0.4437081526015319, 0.4468020124762666, 0.44177765296954735, 0.43947384126630484, 0.4367769562146243, 0.43761704540720175, 0.43816546102364856, 0.4337271636023241, 0.4315301559719385, 0.43789157212949265, 0.4355526286012986, 0.43451100178793367, 0.43123075687417795, 0.4285940224049138, 0.43444061805220213, 0.4307148658177432, 0.42542898187450334, 0.4284118086683984, 0.427116988920698, 0.4251149016268113, 0.42225610011932896, 0.4250188481573965, 0.42237728483536663, 0.42251600325107574, 0.41870671276952703, 0.4220916324970769, 0.41655124519385545, 0.42105068529353423, 0.4271722643398771, 0.41491074363390607, 0.4141065092647777, 0.4148085012155421, 0.41358621155514436, 0.4156438378142376, 0.41366633831285965, 0.41080769049186333, 0.41114113202282027, 0.4080972393938139, 0.40716033209772673, 0.4096900353244707, 0.4088088087007111, 0.4051755647741112, 0.4042297934784609, 0.40208106444162484, 0.41043336835562017, 0.40080395896060794, 0.40207737947211547, 0.4052644190835018, 0.4041922597908506, 0.4075593626966663, 0.39765873317625006, 0.39786634345849353, 0.3993707646926244, 0.40083807064037696, 0.3929890893837985, 0.3996301345965442, 0.39694446617481755, 0.39351076939526725, 0.3945871942183551, 0.3948385370712654, 0.3901895702469583, 0.38930387794971466, 0.3955133937153162, 0.39097658530169843, 0.3864106150234447, 0.3884090648270121, 0.3913539776615068, 0.3937210461088255, 0.3871965282687954, 0.3848801898021324, 0.386889727676616, 0.3941585062181248, 0.3815077844203687, 0.38091273196772035, 0.38660071059769274, 0.38450107562775704, 0.3819846689116721, 0.3799947354139066, 0.3801623375392428, 0.38185341685426, 0.3836176415868834, 0.3822198910456078, 0.3751519009763119, 0.38148314900258007, 0.3770185443116169, 0.37925160807721753, 0.37601084890318853, 0.3765707267265694, 0.3737076553059559, 0.3792021438187244, 0.38275211348253135, 0.37853137476771487, 0.37630585683327095, 0.3720196392021927, 0.37097208421019945, 0.37229258201870263, 0.36578798016496733, 0.3705492697510065, 0.3667943828246173, 0.3683195678042431, 0.37054074131974984, 0.37015576076273826, 0.36037390927473706, 0.3626541223596124, 0.36644281739113377, 0.3695768415927887, 0.3719189654962689, 0.36464596612780703, 0.3664270107652627, 0.3640866028327568, 0.3616309440603443, 0.3638861743258495, 0.3591683714413175, 0.36705831277604195, 0.36007451514403027, 0.36033714343519774, 0.3689231866715001, 0.3768600961741279, 0.3594031485856748, 0.35712529894183664, 0.3576640431203094, 0.35383085439018175, 0.35799412896820143, 0.35498513982576485, 0.3576993930573557, 0.35498260370656554, 0.35833630900756985, 0.3556625539181279, 0.3582482741159551, 0.35351159204454985, 0.3542415213351156, 0.35519083107219024, 0.36896297335624695, 0.3492723831943437, 0.3464049273261837, 0.35034752096615585, 0.34953685309372695, 