{"task": {"lambda": 2, "alpha": 1, "lr": 1e-06, "wd": 0.0001, "bits": 32}, "result": {"earlyStop": true, "loss": [2.2504231111676085, 1.9773960686197467, 1.8132289414312326, 1.6892597429892595, 1.6305332721448411, 1.589245686344072, 1.5314282809986788, 1.482401258805219, 1.4580419846609527, 1.4278703752685995, 1.4135207557210736, 1.3907564317478853, 1.3722284132359075, 1.3545548226319106, 1.3341696238985248, 1.3197600467532289, 1.314047452281503, 1.2970502715484769, 1.2856592594408522, 1.2676421906433852, 1.2579167578734605, 1.26106545270658, 1.2383064756206437, 1.2274637327474707, 1.2234608717993194, 1.2152077543969249, 1.2128017030510247, 1.1922477209100537, 1.1858659713876014, 1.1828303208538131, 1.1815603013132132, 1.1737362333372527, 1.169106328604268, 1.1592496598468107, 1.151868556060043, 1.181833124628254, 1.1378280719121296, 1.157959966098561, 1.1295738155935324, 1.1330012737535964, 1.1227898936645657, 1.1152127198144501, 1.1197392087356717, 1.1105585577441197, 1.125362894114326, 1.107759180022221, 1.0974773887325735, 1.0960971327388989, 1.093873047945546, 1.0924221370734422, 1.0898922085762024, 1.1004135293119095, 1.071621803676381, 1.0679621357543796, 1.0734348367242252, 1.0627808196871888, 1.0565673206366746, 1.1058968504269917, 1.0561537380312003, 1.0482668935083876, 1.0429425192814248, 1.0406209405730753, 1.0448685124808668, 1.0396165608191024, 1.033878015536888, 1.032845411230536, 1.024322138113134, 1.027033525354722, 1.0241741099778343, 1.0217022580258988, 1.0185838645579768, 1.0159973174917931, 1.0060824559015387, 1.0126276553845872, 0.9985184038386625, 1.0062199036280315, 0.9979992579011356, 0.9967536616559122, 0.9928546244022893, 0.9953636118009979, 1.000077808604521, 1.0128307178908704, 0.9832998812198639, 0.9779283614719615, 0.9761515925912296, 0.9768088255442825, 0.9777629597514284, 0.9718265136082967, 0.9611813525358835, 0.9688268111032599, 0.9585847077416438, 0.9593811520174438, 0.9550303711610681, 0.9519830264297187, 0.9490487137261558, 0.9476880325990564, 0.9557545816197115, 0.9434277602270538, 0.9452230001197142, 0.9345491849908641, 0.9406063054122177, 0.9444989047798455, 0.9317450464940539, 0.9328135082534715, 0.9371276357594658, 0.9297186825789657, 0.922030321523255, 0.9252819652650871, 0.9261810621794533, 0.9301299663151011, 0.9184760007203794, 0.9145201000512815, 0.9135687678467994, 0.9084643908575469, 0.9091957117996964, 0.9013681689313814, 0.905539287071602, 0.904689140179578, 0.8994287912752114, 0.9072795007743087, 0.8957632522956998, 0.8967629589286505, 0.9061560759357378, 0.8897668766040429, 0.888708863772598, 0.8929868305430693, 0.8905047055552987, 0.8881776064049964, 0.8795812614992553, 0.8832336535640791, 0.8847413144859613, 0.8740529137499192, 0.8931300359613755, 0.8729239661319583, 0.8804106069546119, 0.8776613789446214, 0.8653327407790166, 0.8733366587582756, 0.8742686013380686, 0.8670146178965475, 0.8633889918233834, 0.8642387939434425, 0.8673870493383968, 0.8645056848432503, 0.8674136505407446, 0.8559535005513359, 0.8551836878645653, 0.8590623502637825, 0.8551462333576352, 0.852717143647811, 0.8495613289814369, 0.8476623647353229, 0.8530240415358076, 0.8431247911032509, 0.8427241777672487, 0.8593316580735001, 0.8413518106236177, 0.8390782218353421, 0.8372718899273405, 0.8352687504946017, 0.856070548880334, 0.8296000752963272, 0.8584268315165651, 0.8374984498117485, 0.8324541157367182, 0.8484542077662898, 0.8270555337270101, 0.8294626211418825, 0.8223627104478723, 0.8305129724390367, 0.8242308585082784, 0.8474738107008093, 0.8258503722209557, 0.8232510826166939, 0.8194864783801284, 0.8252613427592259, 0.8164067244997212, 0.8199926638135723, 0.8137060947277966, 0.8170754301781747, 0.8229854889944488, 0.8148981110722411, 0.8106116354465485, 0.8104541412755555, 0.8086870756803775, 0.814819291526196, 0.8122561597356609, 0.80446544231153, 0.8079670480653351, 0.8036314944426218, 0.8018430857097402, 0.7999093012482512, 0.8007788763326757, 0.7929965316080579, 0.8020406587451112, 0.7955982965581557, 0.7964863163583419, 0.7894389825124367, 0.7883993095042658, 0.7932256910146451, 0.8303275377142663, 0.7859078768421622, 0.7855989950544694, 0.787702436540641, 0.7883338571763506, 0.7843502981989992, 0.781421293814977, 0.7825508211173263, 0.7791985600602394, 0.7784448458867914, 0.7811186775272968, 0.7756053074902179, 0.7999449091799119, 0.7822413830196157, 0.7739910541796217, 0.7768375785911784, 0.7717324144699994, 0.7749970753987631, 0.7724928037793029, 0.77505050628793, 0.7696811463318619, 0.7782053024161095, 0.7672436862599616, 0.7721169398111456, 0.7966667004660064, 0.7608028878183926, 0.7734691220171311, 0.7617698113123575, 0.7645188564178991, 0.7596946481396171, 0.7637559292363185, 0.7571260531743368, 0.7599146295996273, 0.7553335989222807, 0.7554938851618299, 0.7538417121943306, 0.7523920267236, 0.751652828618592, 0.7535765685287177, 0.7470558688921087, 0.7488879456239588, 0.7444306565266029, 0.7579216220799614, 0.75029938361224, 0.7645152994230682, 0.7475054997439478, 0.7451215602603614, 0.7542797151733848, 0.7376425435730055, 0.7406284920140809, 0.743691609770644, 0.743768102982465, 0.7465916953834832, 0.7422823017718745, 0.7393389122158873, 0.7340457673166313, 0.7381261505332648, 0.7364651888024574, 0.7360573031154334, 0.7359807830230862, 0.7283472275617076, 0.7331216557353151, 0.7308852397928051, 0.7295234413707957, 0.736677404127869, 0.737827858504127, 0.7263438783439935, 0.7297524622842377, 0.7282224168964461, 0.7408333362317553, 0.7238573455343059, 0.728807669059903, 0.7247494540962518, 0.7262957727207857, 0.7229098484796637, 0.7186214567399493, 0.7219785200614556, 0.7263269541310329, 0.7148630475881053, 0.7182233865354576, 0.7171463440446293, 0.7118914507183374, 0.7101000255229426, 0.7102636028738583, 0.7203902882688186, 0.7127359836709266, 0.7149527014470568, 0.7142566290556216, 0.7103598363259259, 0.7282833456993103, 0.7095779776573181, 0.7114791776619706, 0.7093619634123409, 0.7121054413271886, 0.7023293177286783, 0.7043969388685974, 0.7045306417287565, 0.7118741834864897, 0.7016100112129661, 0.70281196400231, 0.7051020697051403, 0.6975079187575508, 0.6962693958890205, 0.7127704760607552, 0.6983639834558263, 0.6910269213657753, 0.689353377795687, 0.701489136499517, 0.6969928215531742, 0.6940894921620687, 0.6905237220081628, 0.6935832909509247, 0.6906748004988128, 0.6998314950980392, 0.6898533024039923, 0.688901872027154, 0.6869360991552764, 0.6872546731256971, 0.6845476995496189, 0.6961440584238838, 0.6941626153740228, 0.686773548523585, 0.6882141957096025, 0.679814525679046, 0.6843119614264545, 0.6851134452165342, 0.685117151222977, 0.6835146154843125, 0.6810910222577113, 0.6782952076664158, 0.6805154085159302, 0.6775669280220481, 0.6800230016895369, 0.6750199093538172, 0.677064951728372, 0.6762291526093203, 0.6746462080992904, 0.6735550644350987, 0.6786978846671534, 0.6761210210183087, 0.6713410428926057, 0.671215204631581, 0.6710235020693611, 0.6702534591450411, 0.6707106302766239, 0.6731947894189872, 0.6711714063204971, 0.6707490033963147, 0.6706632843204573, 0.6613455365101496, 0.6675208339504167, 0.7002524160871318, 0.6696878379466487, 0.6615471042254392, 0.6654049426901574, 0.6617768114688349, 0.6671623669418634, 0.66092014429616, 0.6628448776170319, 0.6607721757655051, 0.6568077440355339, 0.658413346491608, 0.6692091904434503, 0.6817470566899169, 0.6546454365346946, 0.6581369299514621, 0.6586427425636965, 0.6566476161573448, 0.6572440599693972, 0.660438570321775, 0.651986886473263, 0.6556069289936739, 0.6512183444757088, 0.6514552819962595, 0.652106401382708, 0.6563865098298765, 0.6461334374605441, 0.652721271795385, 0.6509743461421892, 0.6469408191886603, 0.6424893263508292, 0.6880545773926903, 0.6462929225435444, 0.64273547103592, 0.6458125015099844, 0.6421429278219447, 0.6473406705201841, 0.6482901877047968, 0.6402276152489232, 0.6435551491438174, 0.6415291852226445, 0.6409563685164732, 0.6432101422665166, 0.636840390808442, 0.6448534037552628, 0.6368337723554349, 0.6372339690432829, 