{"task": {"lambda": 1, "alpha": 3, "lr": 1e-05, "wd": 0.0001, "bits": 32}, "result": {"earlyStop": true, "loss": [1.8423021085122053, 1.4598235055512072, 1.3965188206410875, 1.3293650471696667, 1.2968412167301364, 1.2656497511209226, 1.2531281136998944, 1.2050230675468259, 1.1840590974863838, 1.1649608600373362, 1.1954644486015917, 1.135812365541271, 1.1349496420691996, 1.1047752680731755, 1.1288207909640144, 1.085848469360202, 1.0886469658683329, 1.0630118876111274, 1.0446134352800893, 1.0355014462097019, 1.0303703867921643, 1.0169632908175974, 1.0105383331869162, 0.9935409087760776, 0.9878124752465416, 0.9783418137653201, 0.9604943797868841, 0.9560335973898569, 0.94079930554418, 0.9364697179373573, 0.9193569678886264, 0.9157136123554379, 0.8994567382569406, 0.8986395644206627, 0.8894586720887352, 0.9053449548927008, 0.8684032725937226, 0.8554447699411243, 0.8559630688499001, 0.8434323788273568, 0.8457778020232332, 0.830096627275149, 0.8274067979232937, 0.8241621302623375, 0.8186907023191452, 0.806850354461109, 0.790562079817641, 0.8000993100451488, 0.8262213503613192, 0.7946949449239993, 0.7736860840928321, 0.7703005753311456, 0.7592832872680589, 0.7501299521502327, 0.7661121911277958, 0.7474530695700178, 0.7451855759410297, 0.7417936807169634, 0.7381521627014759, 0.7310570022639107, 0.7243282830013948, 0.7199710630903057, 0.7104883299154394, 0.7038711221779094, 0.7000388581963146, 0.6978065248797921, 0.7004669852116528, 0.6894785568994635, 0.6787479356223461, 0.6778858736449597, 0.7070938360457327, 0.6779692628804375, 0.6739537289329603, 0.664586697138992, 0.6609997515584908, 0.6565728199248221, 0.6567868415047141, 0.6522103717514113, 0.6470446136652255, 0.6458088478036955, 0.6403405978983524, 0.6327948517659131, 0.6521324737399232, 0.6301661560348436, 0.6177476153654211, 0.6162697998624221, 0.6133687703632841, 0.6080245910321965, 0.6075876150645462, 0.6039896595711801, 0.6032405773214266, 0.5994059379194298, 0.5958067605308458, 0.5847980765735402, 0.5872768905817294, 0.5899171355892631, 0.5812811810596317, 0.571466021678027, 0.5757870922485987, 0.5665080564863542, 0.5782693320629644, 0.5667671578771928, 0.5624711271010193, 0.5558696184672561, 0.5525261628277162, 0.5532699951938554, 0.5548601612156513, 0.5510034157949335, 0.5429671546992134, 0.542238687767702, 0.5423775449687359, 0.5434961327735115, 0.5466440232361064, 0.5374601623591255, 0.5305984540312898, 0.5331022102458804, 0.5330156046970218, 0.5172811395981732, 0.5208772283558752, 0.5196336630512687, 0.5180813518224978, 0.5113503208347395, 0.5096624242324456, 0.5131165239156461, 0.5036939703950695, 0.5046214715522879, 0.5003953120287727, 0.505241719531078, 0.4963052556210873, 0.49435122983128416, 0.4921320273595698, 0.48798028102108076, 0.48793017601265626, 0.48307445550373956, 0.48427657052582385, 0.4772820040291431, 0.48263298734730364, 0.47781310099012714, 0.468929623856264, 0.468620441123551, 0.46729674321763653, 0.47002816843051537, 0.466771018855712, 0.4662521367563921, 0.45889615837265463, 0.4573054746085522, 0.48494479936711926, 0.4585890772880292, 0.4556744414217332, 0.44683178631114023, 0.4488859746386023, 0.4477595456090628, 0.4505470091221379, 0.4473882132008964, 0.4447105401286892, 0.4436145009947758, 0.44471396914884154, 0.43976060374110354, 0.4371197813866185, 0.4386504637260063, 0.43856265819540213, 0.4339907727405137, 0.43162667824357165, 0.42964889751929863, 0.4245722288010167, 0.4259599733586405, 0.4234781919741163, 0.42111144580093085, 0.4161947018959943, 0.4187399444042468, 0.41892746821338056, 0.4249074032493666, 0.41761195221368, 0.41276266761854585, 0.4171896036349091, 0.4104553113381068, 0.4151421744449466, 0.4080492786917032, 0.40596648787750916, 0.4101469746115161, 0.4022795417729546, 0.4031486189832874, 0.40257367667029886, 0.39909958722544653, 0.4012472477613711, 0.4005949558580623, 0.4114920251509723, 0.4106945857113483, 0.3975738281128453, 0.39351116822046395, 0.39048100043745604, 0.38941653511103463, 0.3890296299667919, 0.3878699376010427, 0.3888552761545368, 0.38721489438823625, 0.3813989317300273, 0.3854309554193534, 0.38102206806926164, 0.3815983349786085, 0.37991900274566576, 0.38927825817874834, 0.38918980196410535, 0.3751377854861465, 0.3750880860230502, 0.37732726160217733, 0.3721916684333016, 0.37331322040043624, 0.37361404036774354, 0.37142406433236363, 0.3727036863565445, 0.36911960209117217, 0.36820320113032473, 0.36576558824847727, 0.36663174658429387, 0.3631974257090512, 0.36412140668607224, 0.36275248171067703, 0.36118585543305265, 0.35829002132602766, 0.3587932101651734, 0.35936180399913414, 0.35248209477639664, 0.35912301143010456, 0.35568397243817645, 0.3523438511525883, 0.3515523531857659, 0.35294506508930057, 0.354499205362563, 0.3494654718567343, 0.3525364363894743, 0.34491006650176703, 0.34947965747001125, 0.34461502993808074, 0.3443116544216287, 0.3476119625802134, 0.34607790644262354, 0.34632860971432106, 0.3471996541701111, 0.33707452784566316, 0.341480968337433, 0.3405127101669125, 0.3407851965988384, 0.34269724932371404, 0.3357672606613122, 0.3372012698182873, 0.3335784889903723, 0.334113554335108, 0.3315921650797713, 0.33216093714330713, 0.33367511308660697, 0.331304050543729, 0.3299272247389251, 0.3275710017073388, 0.3272121545730853, 0.3272852918096617, 0.329197894708783, 0.3299095826406105, 0.32413487136363983, 0.3262806451495956, 0.32189976789203345, 0.3228810289326836, 0.3255979693403431, 0.3250873930314008, 0.32175971918246327, 0.32021509052491653, 0.31808649938480527, 0.322318660570126, 0.31673714474720116, 0.3159890261058714, 0.31450357171250326, 0.31315305799830195, 0.3149501301494299, 0.31471355522380157, 0.31062830400233177, 0.3132883509000142, 0.3105419582011653, 0.31109392555320964, 0.30951791651108684, 0.30466514738167033, 0.30778299272060394, 0.3117394844690959, 0.3062468581632072, 0.3054724408715379, 0.3052070535281125, 0.30717660252954443, 0.3031007535025185, 0.305053331396159, 0.369324706640898, 0.3120449220432955, 0.30286197685727884, 0.29994669936451257, 0.29996365454851415, 0.29734764145869835, 0.29978861090014963, 0.2987787276506424, 0.3040003665522033, 0.3071030100771025, 0.29562293752735735, 0.29778936008612317, 0.29245073976469976, 0.2943124348918597, 0.2944313828267303, 0.2946125999385235, 0.29492513981519963, 0.2912694651122187, 0.29462380385866355, 0.29311590743999855, 0.2929617546352686, 0.29339906602513555, 0.29050493503318114, 0.2929474705574559, 0.2907124599989723, 0.29042218187276053, 0.29178861893859565, 0.2854648539248635, 0.2873331539186777, 0.29044367314553726, 0.2876741909513287, 0.28545405817966835, 0.2832889381576987, 0.2869481252981167, 0.28678762386826906, 0.28374391355935263, 0.28102408787783456, 0.28470999499162036, 0.28517288758474235, 0.28125927757983116, 0.2822944393344954, 0.28039397328507665, 0.2872364848267798, 0.29393459593548493, 0.2770635108737385, 0.2780376821756363, 0.2764830136416005, 0.2733193101251827, 0.27569735020983455, 0.27545568463849085, 0.2772832095038657, 0.2740636348140006, 0.2748781664698732, 0.27550677429227266, 0.2736247739955491, 0.2726099420996273, 0.27942339696136176, 0.2713392943728204, 0.2728621892484964, 0.2735602750497706, 0.2727272674149158, 0.26874515998597237, 0.2704124547102872, 0.27076497615552414, 0.27072278892292695, 0.27015456966325346, 0.26729851318340675, 0.2675757744148666, 0.26991818377784654, 0.26775412553665684, 0.2689260323258007, 0.2643578135791947, 0.2643646080704296, 0.2635253007505454, 0.2643470585930581, 0.2646831706458447, 0.2665298762274723, 0.2612921769420306, 0.26334653093534355, 0.26047659972134757, 0.25745633967659054, 0.2645784709967819, 0.26568068417848323, 0.2663245116378747, 0.26216636831853907, 0.2624698561780593, 0.2635677366280088, 0.2597326610018225, 0.2619021920596852, 0.25954337388861415, 0.2600659774798973], "map": 0.798417541689356}, "time": 800.0700359344482}