{"task": {"lambda": 0.5, "alpha": 1, "lr": 1e-06, "wd": 0.0001, "bits": 48}, "result": {"earlyStop": true, "loss": [1.5457184782215194, 1.2542012585144418, 1.1317439780515783, 1.0541726353706098, 1.0039788747535032, 0.9682701381982541, 0.9406470270717845, 0.9183221436014363, 0.9020075383139592, 0.8831229437800014, 0.8642949125930375, 0.854841152826945, 0.8424560889309528, 0.8356242212010365, 0.823528395856128, 0.8179475863774618, 0.8130378588741901, 0.8041791813630684, 0.7926309120421317, 0.7878847601366978, 0.78337495525678, 0.7788068991081387, 0.7738260261568368, 0.766429778991961, 0.7640137190327925, 0.7560489998728621, 0.755788108881782, 0.7468447109647826, 0.7467169755814123, 0.7414368078404782, 0.7401934908885582, 0.7449419288074269, 0.7317938977012447, 0.7287493964620665, 0.729908904024199, 0.7202105051746556, 0.722982687108657, 0.7189414287899055, 0.716542383035024, 0.7144080160879621, 0.7092330461623622, 0.7046442370788724, 0.7082333366076151, 0.7029398294056163, 0.6989792044840607, 0.6946930175318438, 0.6954150293387619, 0.6909841342883951, 0.6928321602297765, 0.68491757821803, 0.6862228004371419, 0.684456423217175, 0.6854151370478612, 0.6771081528242897, 0.6805268195914287, 0.6771531040761986, 0.6724389008447236, 0.6698594645542257, 0.6689765768892625, 0.6683701045957267, 0.6675353552780899, 0.6669438609889909, 0.6615130550721112, 0.660668855788661, 0.6573537474169451, 0.6613361949429792, 0.6590763964489394, 0.6568755393519121, 0.6543058726717444, 0.6526212671808168, 0.6477937035116494, 0.6521179427703222, 0.6437305600619784, 0.6484124426748238, 0.6507954001426697, 0.6401903661442738, 0.6415966138535855, 0.6405792212953755, 0.6408829151415357, 0.6368638703636095, 0.6387163964556712, 0.6349526398322162, 0.6355293486632553, 0.6290891050708061, 0.633604010238367, 0.633234383428798, 0.628278385774762, 0.626759756137343, 0.6260418059194789, 0.6229913693432715, 0.634008177355224, 0.6176462515312082, 0.619151473921888, 0.6162985618792328, 0.6182208499487709, 0.6130975905586692, 0.6171100525295034, 0.6166655245949241, 0.6104441735089994, 0.6110705885232663, 0.6198334109549429, 0.6078747820620444, 0.6089262413043602, 0.6122838457425436, 0.6079253355662028, 0.6050603135543711, 0.6056782194212371, 0.6037578097745484, 0.6025709194295547, 0.6016841589235792, 0.5952760872303271, 0.5982882853816537, 0.5984686288763496, 0.5935141055607328, 0.5990624115163204, 0.5992532395849041, 0.5921898381967171, 0.5907794844870474, 0.5925043859318191, 0.5871023448074565, 0.592502216498057, 0.5869015031585506, 0.5874787440486983, 0.5819750881078196, 0.5871361114230811, 0.5845088865242752, 0.5884720402605393, 0.5823765814888711, 0.5831440456357657, 0.5810226190323923, 0.5886352097286898, 0.5771340163899403, 0.5753410835476482, 0.5766183996901793, 0.5731491659786186, 0.5766459808630102, 0.5760220265855976, 0.5782225003429488, 0.5680734976833942, 0.5750896623905968, 0.5699075469199348, 0.5713579721894919, 0.5681948498183605, 0.5704306802328896, 0.5647275018341401, 0.5666711052843169, 0.5637998107601615, 0.5643580199456683, 0.5656995866812912, 0.563710535566012, 0.552741071172789, 0.5652045230655109, 0.5546318345210132, 0.5741875744333454, 0.5572758539050233, 0.5546506009265488, 0.5570062597592672, 0.556527101818253, 0.5548766459904465, 0.5545502357623157, 0.5539259492766624], "map": 0.7457785921067425}, "time": 339.4492197036743}