{"task": {"lambda": 0.5, "alpha": 1, "lr": 1e-05, "wd": 1e-06, "bits": 12}, "result": {"earlyStop": true, "loss": [0.8522944830211938, 0.6971607962075401, 0.6674203615562588, 0.647701854799308, 0.6239688412523737, 0.6002863778495321, 0.6087362818858203, 0.5820729064152521, 0.5712358061881626, 0.5669381538150358, 0.5759342938077217, 0.5487849595499974, 0.5360764083909053, 0.5278234885019415, 0.5242505581939921, 0.5178908406227243, 0.5110989567988059, 0.499117196190591, 0.49443904266637917, 0.4857187171777089, 0.4802797304868114, 0.47501660949167085, 0.47039684448756425, 0.4664268059765591, 0.46099182495883867, 0.4516697699824969, 0.44777892062477037, 0.44517477966991126, 0.4381123635114408, 0.4359007685207853, 0.4306250055338822, 0.4253923028123145, 0.4210381906698732, 0.41656022986360625, 0.41180454720469084, 0.4098616511214013, 0.40761008025968776, 0.3999359408283935, 0.4020064157598159, 0.39435213402498004, 0.39345688153715697, 0.38977767322577683, 0.3867182351794897, 0.3872418935392417, 0.40691755682814357, 0.3809910029465077, 0.37344066375026513, 0.37258884588293, 0.3720143866889617, 0.36599378536144894, 0.368464821693944, 0.36767270313758477, 0.3650224807800031, 0.359975950244595, 0.3533261992475566, 0.3514341440270929, 0.3498079968141575, 0.34684023063849, 0.3444299431992512, 0.34393338165154647, 0.34217555280409606, 0.3376714242439644, 0.33749525015260656, 0.33494411467337143, 0.33239030662704916, 0.3311823106863919, 0.3285815774225721, 0.3226844275406763, 0.32154735177755356, 0.32354506674934835, 0.31866976472676967, 0.31835680338097555, 0.3151147372874559, 0.3126744722910956, 0.3182714572724174, 0.3145305520179225, 0.3060761176268844, 0.30612801497473435, 0.3053509143053317, 0.30302924443693724, 0.3059009173337151, 0.30364424370083154, 0.2978526385975819, 0.294091151114188, 0.29928698755946814, 0.29324384727606584, 0.29156689579580347, 0.29001756260792416, 0.2868073920116705, 0.28532398959585265, 0.2858128636052795, 0.2850544787212914, 0.28298784850859177, 0.28373435943150055, 0.2799747349584804, 0.28106388011399436, 0.27876701731892195, 0.27562964283952524, 0.2770940689187424, 0.27188602440497456, 0.27113939456495584, 0.274182189913357, 0.26859575071755576, 0.2689085541402592, 0.2671726026079234, 0.2625824958086014, 0.26269927036528495, 0.26100725636762734, 0.26189248629060446, 0.25600079969302114, 0.2570125481077269, 0.2555236956652473, 0.2550958842039108, 0.2583481012021794, 0.2544000480397075, 0.2539076815341033, 0.25007447658800613, 0.24845806874480902, 0.24826631724250084, 0.24430168953304196, 0.24750211104458453, 0.2483621046823614, 0.24628873958307154, 0.24428636536878698, 0.24241741447179926, 0.23890923474933587, 0.2423390313690784, 0.24011003795792074, 0.23787867226729206, 0.23689604010067733, 0.2365341301934392, 0.23808938235628838, 0.23512666760122075, 0.23265795679945572, 0.23466233076418147, 0.23258815501250474, 0.2316512542904592, 0.23051147630401686, 0.22689257196935952, 0.23058831691741943, 0.23125157169267244, 0.23102248357791527, 0.22679496001379162, 0.22434254743012727, 0.22475905102841995, 0.2239301115566609, 0.22187909717653312, 0.22584333957410327, 0.2192462675419508, 0.2223275582872185, 0.21917566489063056, 0.21909673701898724, 0.2155295717803871, 0.21882426819088413, 0.21679569371775084, 0.2135589143224791, 0.2187197348650764, 0.2147875569906889, 0.21469084012742137, 0.2144541287539052, 0.21273194282662636, 0.21252968454477833, 0.2105733617848041, 0.21121183812033897, 0.21088912469499252, 0.21021654339982013, 0.20757233132334316, 0.20666112779986626, 0.20622813073443433, 0.2048023402252618, 0.206720728208037, 0.2035909536130288, 0.20398562839802573, 0.2049473131112024, 0.20144709966638508, 0.2028928412234082, 0.20183875798886897, 0.20358575968181386, 0.20391203010199116, 0.1982163631302469, 0.198614773724009, 0.19709138309254365, 0.2012815081021365, 0.20131671092673845, 0.19623551839122585, 0.1975344492524278, 0.19563416143258414, 0.1951853932411063, 0.19523741611663034, 0.19431952876495381, 0.19518336522228577, 0.1960384860342624, 0.19298243880564092, 0.19158679904306636, 0.19082707615897937, 0.2058403427694358, 0.1945092572154952, 0.18882887762989484, 0.18871532818850348, 0.19222132949268117, 0.18930686951852313, 0.1879626467239623, 0.18690005806731244, 0.1892263148637379, 0.1868153197654322, 0.18683357346875995, 0.1874253318882456, 0.18504274169019624, 0.18521459539439164, 0.1857175498324282, 0.18686974428448022, 0.18341436814151557, 0.18394607349353678, 0.1850250497752545, 0.1830496626595656, 0.18362530656889373, 0.18706939413267024, 0.18744052471775635, 0.17937403318344378, 0.17875431916292975, 0.17999886735981585, 0.1794997666250257, 0.178970109890489, 0.179409724678479, 0.17873983494206971, 0.18034453003429898, 0.18501013400507907, 0.1779713120822813, 0.1771580302247814, 0.17574213635103375, 0.175932767417501, 0.1765687752003763, 0.17683612350739686, 0.1759034230136404, 0.17281480199273894, 0.17487496042660639, 0.17436781306477153, 0.1722789837010935, 0.17571372378106212, 0.17138233284155527, 0.17388557087556988, 0.17410056219965803, 0.1718950007183879, 0.17392483061435177, 0.17088876781510373, 0.1698270061729001, 0.17079938641365836, 0.17063401683288462, 0.1692784301498357, 0.17082222741024167, 0.16898939057308085, 0.16948606526734783, 0.16692199214708572, 0.16999181170089572, 0.16848091350174418, 0.16707022685338468, 0.16647888464378377, 0.16701382931833172, 0.1669690466540701, 0.16551723835222862, 0.16621776129685195, 0.16534793829801037, 0.16521569414466036, 0.16488265027018154, 0.16391745815966643, 0.1636244987009787, 0.16558454989218244, 0.16400769572047627, 0.16316782931486765, 0.16376076419563854, 0.16381208350261053, 0.16336281130126878, 0.16288501557474042, 0.1592269197252451, 0.15983363847229995, 0.1619652902670935, 0.15859750190786287, 0.15990635022228838, 0.15891989335125567, 0.15812931648072073, 0.15976673612991968, 0.15808557346463203, 0.15696423661475087, 0.15994888164249121, 0.15959052887617373, 0.15826129197489983, 0.1551048951406105, 0.15665285523031272, 0.15680910814918725, 0.1561065823497141, 0.15745850944635914, 0.15779307455408806, 0.15671124075557671, 0.15510658130926244, 0.15599887869229503, 0.157523871782948, 0.1546493640863428, 0.15445265239652464, 0.1558426348309891, 0.15917548113593868, 0.15320119334786547, 0.15425667882549995, 0.1523231370922397, 0.15171275090645342, 0.15160703461836367, 0.15165645972478622, 0.15307975604253657, 0.15303631053835737, 0.15293556071963965, 0.15132874695985926, 0.15213848109923156, 0.15125524778576457, 0.15117428539430394, 0.15336405295951694, 0.15262427590056962, 0.14962675166772862, 0.14973361673308352, 0.15038770853596575, 0.15088976181897462, 0.1508084060806854, 0.14853429041948973, 0.14868795995910963, 0.14907510973074856, 0.1494751284812011, 0.14923859015107155, 0.15058553160405627, 0.14892358552007115, 0.15179174831684897, 0.14825825889905295, 0.14704056427467102, 0.14802694912342465, 0.14432952516511374, 0.14761080753569508, 0.14540346682656044, 0.1444187827189179, 0.14520776622435627, 0.14473147054805474, 0.14435245381558642, 0.14495068364867977, 0.14427370775271864, 0.1445681869107134, 0.14459249150811457, 0.14435789500381432, 0.14411797498663267, 0.14422341691804866, 0.1438020001731667, 0.14332161106023134, 0.14290116610480288, 0.14285663672375912, 0.15947682352042666, 0.14929875205544865, 0.14111880811990477, 0.1402285025984633, 0.14074984353547002, 0.14155890639213956, 0.14103090061860926, 0.139074282318938, 0.140993742527915, 0.14147763487462903, 0.14100632831162097, 0.14060579722418504, 0.140950517911537, 0.14032387543542713, 0.14023079810773625, 0.13823404922789218, 0.13932517594566532, 0.14131423100536944, 0.1394878112364049, 0.13852992244795256, 0.13932028631953633, 0.13851086612717778, 0.13817091987413518, 0.13923180665747792, 0.13873803177300623, 0.1382006894724042, 0.13864579438871028, 0.13861766362599298, 0.13716910669908805, 0.13772214116419063, 0.1390987799740305, 0.13569931101565266, 0.13692953605570046, 0.13812732871840983,