{"task": {"lambda": 1, "alpha": 5, "lr": 1e-05, "wd": 1e-05, "bits": 12}, "result": {"earlyStop": true, "loss": [2.6733091602138446, 2.169834023597194, 2.062868328071108, 1.989913476448433, 1.9234581712414236, 1.911901226230696, 1.8442476806687373, 1.820876712016031, 1.7783560221101724, 1.7523379717387406, 1.723402651501637, 1.6942117526835085, 1.6755471171117295, 1.701176783617805, 1.656302246392942, 1.6313387623020248, 1.6071241261327969, 1.5985150988779815, 1.5823172786656547, 1.556646497810588, 1.5455150101699082, 1.5357346149051891, 1.5226553500282998, 1.5127254677753823, 1.5120103102104336, 1.4840172970411825, 1.4813867900885789, 1.446789141086971, 1.4959750981891857, 1.4356816828835244, 1.4331167357809402, 1.4167722212333305, 1.4126595927804124, 1.4042715494539224, 1.4097798828985177, 1.3930087545338798, 1.3777013532086915, 1.3699913807943755, 1.3616129452107, 1.3670553600086885, 1.3480675723038467, 1.3344794634510488, 1.374226388978023, 1.3239293881491119, 1.3086788005688612, 1.3004311615345525, 1.2860727316024256, 1.282759664105434, 1.2729230286443936, 1.2726513544718425, 1.3300800300111957, 1.2712970025399153, 1.256793979044054, 1.2431256887959499, 1.2429490136165244, 1.2254167316006679, 1.288529841338887, 1.2530308097016578, 1.2100324481725693, 1.2136503084033143, 1.205137853528939, 1.1900632862074703, 1.1842885473195244, 1.1860279271415635, 1.1778228919880063, 1.2340873047417285, 1.1724236327059128, 1.1635453949371974, 1.1540943544869329, 1.1541558819658615, 1.153577618154825, 1.1446161416231417, 1.144560890454872, 1.1340925626310647, 1.1458917248482798, 1.1364790399869282, 1.1522705730269938, 1.127031485824024, 1.1090460518995922, 1.0971279544573205, 1.1069083307303635, 1.1037371085554946, 1.0897553422871757, 1.0926147103309631, 1.093446633979386, 1.0695540637654417, 1.0819347161872714, 1.0670545811162275, 1.06615563584309, 1.0644633682335125, 1.0618595624086904, 1.0540221459140964, 1.0377942363128942, 1.0370917787738876, 1.0336622867514105, 1.0411120512906242, 1.0350785752137501, 1.0212208093965756, 1.015684378351651, 1.0602998441340876, 1.0193955325612836, 1.0119956714265488, 1.0114347677604825, 0.9986273057612718, 0.9881046747460085, 1.0007556302874696, 0.9822617471218109, 0.9828912858285156, 0.9788345963347191, 0.968084517939418, 1.005674980434717, 0.9795580886158288, 0.9683182508337731, 0.9603627879245609, 0.9543514351050059, 0.96486322610986, 0.948962152734691, 0.9531071326311897, 0.9384228727396797, 0.9441614840544906, 0.9571659705218147, 0.946908601358825, 0.9320286597106971, 0.9221256071445989, 0.9214081974590526, 0.9290498226296668, 0.922638006070081, 0.9414808586531994, 0.9346050532425151, 0.9093542145017315, 0.8977306388756808, 0.9543427883409986, 0.9120382164038864, 0.9027102911004833, 0.8929609710387155, 0.8938247467957291, 0.891298312912969, 0.8886126587349995, 0.8864450396275988, 0.8885112492477193, 0.8715555048456379, 0.8758131312389, 0.87535412755667, 0.8727647478089613, 0.8678917978324142, 0.8645481461403417, 0.8615153507859099, 0.8580007222937602, 0.8644271697483811, 0.8578820211045882, 0.8795088471150866, 0.86468232496112, 0.8531723863938275, 0.8457404503635332, 0.8409683318699107, 0.8395029808960709, 0.8305872918344012, 0.8333324744713073, 0.8474956937864715, 0.8382618393675954, 0.8291003902753195, 0.8158501109071806, 0.832401123993537, 0.820508333836116, 0.821509907058641, 0.8217891536506952, 0.8114212424147362, 0.8121209337430841, 0.8163394878307978, 0.806801873387075, 0.8026979588994793, 0.8041302322172651, 0.7976000547116878, 0.7969378659538194, 0.7985062260253757, 0.7910916615350574, 0.7879274820580202, 0.8269603006979999, 0.7937710437120176, 0.7862145044639999, 0.7798531961207297, 0.7772535003867804, 0.7838601981307945, 0.7718174101090899, 0.7712911871426246, 0.7762532359829136, 0.7734486200645858, 0.7742277066789421, 0.7748679512856054, 0.7950679905274335, 0.7714006231695998, 0.7610515887830772, 0.7635653994831384, 0.7545366336901983, 0.755008293133156, 0.7451298813901696, 0.7504310315730525, 0.7462749685726914, 0.7567642884803754, 0.7452239075712129, 0.7408275370504341, 0.743234747765111, 0.7478833817968181, 0.7341172224750706, 0.737048454728781, 0.7356239060560862, 0.7297075401042022, 0.7338659932800368, 0.7565490521636664, 0.7415995257450085, 0.7282300045092901, 0.7263343147203034, 0.7237334530435356, 0.7186814537819695, 0.7235250262653127, 0.7162124298366845, 0.7178904554423164, 0.721242346015631, 0.7184758218480092, 0.7043502265039612, 0.7134768431093178, 0.7234201746828416, 0.7091741024279127, 0.7038596722425199, 0.7001120508009312, 0.701000308581427, 0.7041053497323803, 0.7115280242527232, 0.6995757105303746, 0.7015535153594672, 0.6959414823966867, 0.6875826473913941, 0.6886620106650334, 0.6911987092565087, 0.694973740215395, 0.694406856508816, 0.6937765514149385, 0.6898029233310737, 0.6861893693898239, 0.6820542543542152, 0.678961301258966, 0.6795673110321456, 0.6808881590179369, 0.7490426126648398, 0.6782702645834755, 0.6733791665995822, 0.6721606608114991, 0.67530101114044, 0.6741487892965475, 0.6638818409513024, 0.6640434507645813, 0.6703331774356318, 0.6610755327285505, 0.681613030386906, 0.6673905230035969, 0.666928239605006, 0.6538355406008515, 0.6589898811835869, 0.6556607370867449, 0.6580631507962358, 0.6554577289258733, 0.6584324567925697, 0.6642037536583695, 0.6605953778706345, 0.6476023004335516, 0.6489485790039978, 0.6397672535157671, 0.6506152322479323, 0.6422546427039539, 0.6623362834547081, 0.6515525585296107, 0.6388500704630917, 0.6409164970996333, 0.6391990582148234, 0.6420585039783927, 0.6359709641512703, 0.6458207789589377, 0.6339260161507363, 0.6307045503282079, 0.6318248299991384, 0.6378258273882025, 0.6349782937881994, 0.6324879639581138, 0.6284907559553782, 0.6261988670802584, 0.633192261060079, 0.6257384691168281, 0.6314458622067582, 0.6181886070499233, 0.6278035740057627, 0.6217864000914144, 0.6256349215320512, 0.6122439413094053, 0.6185000734586342, 0.6476018522299972, 0.6319359584766275, 0.6040434407837251, 0.6348452877764609, 0.6297590989692539, 0.6163980861504873, 0.6063307859733993, 0.6046766723487892, 0.6030951098484152, 0.5998896345788357, 0.6016470421763027, 0.6055790273582234, 0.609523588828012, 0.6035185999730054, 0.6009380647949144, 0.6017050965159547, 0.5969443876369327, 0.5994504995498002, 0.6005677423056435, 0.5995577529949301, 0.5944303190883469, 0.5988106347766577, 0.5935965227145775, 0.5924317141373953, 0.5958791021622863, 0.5870047007121292, 0.5945365618841321, 0.5873548160581028, 0.5976170926701789, 0.5830074552373559, 0.5857269717197792, 0.5970249351333169, 0.5961265081868452, 0.5803751247186287, 0.5828822044765248, 0.6176647070576163, 0.5871870396476165, 0.5801103208579269, 0.5776700240139868, 0.581053793722508, 0.5721452950554735, 0.5734676831201011, 0.5823106418053309, 0.5766142665171156, 0.5829682507935692, 0.5840460731118333, 0.5717769718053294, 0.5739206405831319, 0.5676718009453193, 0.5676710915331747, 0.5696834080359515, 0.5646864596535178, 0.5706005108122733, 0.5741655236365748, 0.5678557037722831, 0.569515634985531, 0.5699133130849576, 0.5706237878869561, 0.5624064680408029, 0.5638061469676448, 0.5556108568813286, 0.5590343411062279, 0.5555022196734652, 0.5584808617245918, 0.561872762500071, 0.5567904956200543, 0.5551003723167905, 0.554656187693278, 0.5571413314809986, 0.5565055763604594, 0.5592804837460611, 0.5565556016038445, 0.5543819619160072, 0.5551880668191349, 0.5541976468235839, 0.551218666720624, 0.5535553606117473, 0.5516894164622999, 0.5579685995391771, 0.544310514833413, 0.5446065880504309, 0.5511792898178101, 0.5508705658071181, 0.5460950854946586, 0.5465739328487247, 0.5408322413762411, 0.5399188466516196, 0.5372559518790713, 0.5427187225397896, 0.5443940016568876, 0.5456046342265373, 0.6113677334551718, 0.5426379832274774, 0.5356888918607843, 0.5274128284232289, 0.5387692793327219, 0.5352501699737474, 0.5338415931545052, 0.5356041742306129, 0.5387997095491371, 0.5364891563852628, 0.5311618917712978, 0.5313121489450043, 