{"task": {"lambda": 2, "alpha": 1, "lr": 1e-06, "wd": 0.0001, "bits": 12}, "result": {"earlyStop": true, "loss": [2.103479116570716, 1.799844449641658, 1.6377343839290095, 1.5218677327913397, 1.4498047758551205, 1.3728210259886349, 1.3162270410388124, 1.2775624371042438, 1.243617175840864, 1.2074587105535994, 1.1833141837634293, 1.1656541052986593, 1.14678940819759, 1.1308124544573765, 1.110075953544355, 1.0933969359771878, 1.0924558838208516, 1.0680413436071545, 1.086930862828797, 1.0585124784824895, 1.0437070078709547, 1.0257092480565988, 1.0396402069166595, 1.0165623489256, 1.0101892211857963, 0.9982519891916537, 1.0106993434475917, 0.9882314538254457, 0.9879037568382188, 0.9782503223886677, 0.9884988361713933, 0.9664307803499932, 0.9590939581394196, 0.9491609318875799, 0.9475459760310603, 0.9568048014360315, 0.9383162464581284, 0.9306375863505345, 0.9286694544203141, 0.9186913433904741, 0.9152212481872708, 0.9078924775707955, 0.9089571240485883, 0.9238106514893326, 0.8984381632477629, 0.898166312306535, 0.9080564134261188, 0.8902489475759805, 0.8800532002659405, 0.8769674304069257, 0.8851018033775628, 0.8776765728698057, 0.8718767569345587, 0.8618042045364193, 0.8570474247429886, 0.8613982551238116, 0.8594409186466068, 0.850462965521158, 0.8454707729465821, 0.8484082175236122, 0.8422970140681547, 0.8422392735294267, 0.8454847961079841, 0.8292983489878037, 0.8379500344687817, 0.8465050517344007, 0.8335811145165387, 0.8263888031828637, 0.8336709410536522, 0.8344233293159335, 0.839516867609585, 0.8159732885804831, 0.8273963974971398, 0.8133845381877002, 0.8099384962343702, 0.8148622769935459, 0.8084175376331105, 0.8089457271145839, 0.8070229011423448, 0.7994166133450527, 0.7968100806077322, 0.7932771426789901, 0.7893290011321797, 0.7901909865585028, 0.7821025748317149, 0.7830120352845565, 0.7824544331022337, 0.7809139706340491, 0.7790814381019742, 0.7792733343792897, 0.7717295616280799, 0.773528983779982, 0.7745616015265969, 0.7679732959060108, 0.7731912229575363, 0.790362694684197, 0.7680118329384747, 0.7831066426108865, 0.7605658395617616, 0.7585852038042218, 0.7508084673215362, 0.754024444841871, 0.75434937488799, 0.7485185097537789, 0.7500475837903864, 0.7575599720665053, 0.7490412674698175, 0.7535288427390304, 0.7472112517730862, 0.7452444925027735, 0.7441389841191909, 0.7382233458406785, 0.7397263023783179, 0.7364023958935457, 0.7401843737153446, 0.7308937030680039, 0.7340278567052355, 0.733905284428129, 0.7357564030909071, 0.7336430409375359, 0.7261784728251252, 0.7260664198912826, 0.7249625377795276, 0.7516786362610611, 0.7171999107973248, 0.7169078097623938, 0.7173320253690084, 0.7168048351418739, 0.7336060743705899, 0.7128529554488612, 0.7139965868463704, 0.7116771530286938, 0.7107377023089165, 0.7082657732215583, 0.7175750650611579, 0.7072712060283212, 0.7177286007825066, 0.7100141252957138, 0.7043396640642017, 0.7008398926141215, 0.7048527493196375, 0.7074420311871696, 0.7042557667283451, 0.6950014775582388, 0.7117976593036278, 0.7014473659150741, 0.7063524465934903, 0.6975022513492435, 0.7155196549845677, 0.6914151746268365, 0.6920539368601406, 0.7022858519180148, 0.6843539083413049, 0.6865987681290683, 0.6897540969007155, 0.7027204060087017, 0.6920991738637289, 0.6777802143318981, 0.6811680820058373, 0.7051453695577734, 0.6818654350205964, 0.681973133893574, 0.6793345584004533, 0.6968952522558325, 0.681781797432432, 0.6836295595356062, 0.6795785926720675, 0.6735825339953104, 0.6754378460201562, 0.6773808242059222, 0.6727275614644966, 0.6719131925526787, 0.6710806154445106, 0.6681275207038019, 0.6715455446757522, 0.6793279203714109, 0.6901396606482711, 0.6670715388129739, 0.665611228814312, 0.6616267778125464, 0.6626618102777238, 0.6670851076350492, 0.6924305020594129, 0.658652099908567, 0.6568294928646555, 0.6608942121851678, 0.6607674932947346, 0.6556190098909771, 0.6570280945184184, 0.6653235952059428, 0.6532348452829847, 0.6506436841160643, 0.6566135336955389, 0.65035379634184, 0.6522284673125136, 0.6535932842422935, 0.6553896297426784, 0.6505542587415845, 0.6459898130566466, 0.6465114159326927, 0.6472799684487137, 0.6586681528418672, 0.6472702368217356, 0.6466208585337097, 0.6433319928599339, 0.6451662553876054, 0.6415352166867724, 0.6433788295470032, 0.6434802711009979, 0.6607858386694216, 0.6382286535466418, 0.6451113738265692, 0.6334225135837116, 0.6369861703292996, 0.640703962129705, 0.636873626241497, 0.6558238115965151, 0.6385026048211491, 0.6366952406425103, 0.6313967494403615, 0.6319145044567538, 0.6296904694800284, 0.6292514825860659, 0.6386700167375452, 0.63716721534729, 0.6286610344461366, 0.6270131400110674, 0.62723930004765, 0.6283981916951198, 0.6317021233194015, 0.6244263052940369, 0.6246514542430055, 0.6265345502133463, 0.6338204373331631, 0.6242835027914421, 0.6237235904908648, 0.6219455380650127, 0.6205850842536664, 0.6203524515617127, 0.6241536128754709, 0.6179825055832956, 0.6180038671283161, 0.6183507556424421, 0.6261326390154222, 0.6233097408332077, 0.6169078728439761, 0.6092657273744836, 0.6339810549044141, 0.615795794655295, 0.6136673440535864, 0.6367679787617103, 0.6156809496528962, 0.6135678828931322, 0.628060472946541, 0.6062139453841191, 0.6109225998322169, 0.6092943417675355, 0.6082586666532591, 0.6077254689207264, 0.6120699705446467, 0.6061860673567828, 0.6115200163102618, 0.6032754212033515, 0.6047307095106911, 0.6030998034220115, 0.6018005895848367, 0.608904737760039, 0.6031730474502432, 0.6162483931756487, 0.609618568537282, 0.6021492387734207, 0.603491920174337, 0.6054857045996422, 0.5994465722172868, 0.5986530795401218, 0.5964343074490043, 0.604052967300602, 0.5998736500155692, 0.6031618743550544, 0.5982167542565102, 0.5965381977604884, 0.5981351747816684, 0.5974090747973498, 0.592275451503548, 0.5918756048468983, 0.5964002679376041, 0.5904188502360793, 0.5912257614088994, 0.5930188175509957, 0.5929885883541668, 0.5899200851426405, 0.5869588124401429, 0.5877050976542866, 0.5940277021305234, 0.5863591549443263, 0.5878146170985465, 0.5864097893822426, 0.5900300028277379, 0.5989933685929167, 0.5833745341674954, 0.5903864987924987, 0.597238596163544, 0.586874363176963, 0.584071967531653, 0.586739523153679, 0.5874461747852027, 0.5998693529297324, 0.5831162532170614, 0.5777334997466966, 0.5865117603657293, 0.580181241327641, 0.5959443683717766, 0.5750585239307553, 0.5774541912125606, 0.5801519710643619, 0.5802455833729576, 0.583987667280085, 0.5770902204162934, 0.5744322586585494, 0.5761630841914345, 0.5755167547978607, 0.5782745977242788, 0.5782167742065355, 0.5754154800784355, 0.5731864330523154, 0.5738895640653723, 0.5746461383852304, 0.5733219081280279, 0.5856444952534694, 0.5707944237134036, 0.5743345460470985, 0.5679517445318839, 0.5709908294911478, 0.5696555393583634, 0.578129792914671, 0.5665177811010211, 0.5682399351807201, 0.5777650013858197, 0.5643784189048935, 0.5677485357896954, 0.567335275166175, 0.5677971728876525, 0.5651018572788612, 0.5688193878706764, 0.5650415220389179, 0.5637824029899111, 0.56745591525938, 0.5825884873960533, 0.5660372329693214, 0.5835613678483402, 0.564961641442542, 0.570615756745432, 0.5760319127756006, 0.5596410839581022, 0.5632521232553557, 0.558722250309645, 0.5616143766571494, 0.5645484076995476, 0.5572410202493855, 0.5595711904997919, 0.557800827073116, 0.5601729598699832, 0.5605891446272532, 0.5575847012155196, 0.5575595144547668, 0.5511372960811737, 0.5533963828256317, 0.5530357892606773, 0.5587026760274288, 0.5600703037252613, 0.5536139925905302, 0.5550625303796693, 0.5501517202047741, 0.5540840032638288, 0.5544804533322653, 0.568461686372757, 0.5477147602713576, 0.5541399565397525, 0.5499961430243417, 0.5513081077267142, 0.5505344436010894, 0.5698623119616041, 0.5470985913393545, 0.551689896513434, 0.5527141088364171, 0.5478632654629502, 0.5469586752793368, 0.5507188719861648, 0.5495447159982195, 0.546793740754034, 0.5538021682524213, 0.5791735614047331, 0.5443652386174482, 0.5609637755973667, 0.5500062692399118, 0.5469316775892296, 0.5410299194501895, 