{"task": {"lambda": 2, "alpha": 5, "lr": 1e-06, "wd": 1e-05, "bits": 24}, "result": {"earlyStop": true, "loss": [5.466309902714748, 4.770489019506118, 4.188508678885067, 3.810504963584975, 3.5669640933766082, 3.379971486680648, 3.2423369393629184, 3.1042620399419, 3.024931921678431, 2.929442372976565, 2.894986035777073, 2.818344901589786, 2.7610642676259958, 2.7344653448637795, 2.6733377166822847, 2.7093222375009574, 2.628005185547997, 2.668962656282911, 2.5731338683296654, 2.5497143175087724, 2.535037223030539, 2.5095435439371596, 2.5443964658998977, 2.459160569251752, 2.440339908880346, 2.442228389721291, 2.4920860201704738, 2.4166588666392306, 2.3835458282162163, 2.3678694367408752, 2.362434973903731, 2.333305601980172, 2.3241091487454435, 2.3288642203106598, 2.3073510013374627, 2.29383770274181, 2.2877160766545463, 2.3075465571646596, 2.3017779004340078, 2.2540983060995736, 2.2546159975668965, 2.242860296193291, 2.231593116241343, 2.219659002972584, 2.2206336715642143, 2.209060337029251, 2.19369439868366, 2.184755991486942, 2.1813736815078584, 2.181587980074041, 2.16400266920819, 2.171183451717975, 2.1588176909615013, 2.1419655914400137, 2.115546538549311, 2.1200903315170136, 2.1139686540061353, 2.1261256816340426, 2.106691656743779, 2.1014251551207375, 2.1168795870799646, 2.1135020817027375, 2.084061632553736, 2.0845107482928857, 2.076888556573905, 2.0588855877810834, 2.0621968092871645, 2.0621755654905356, 2.0486009132628347, 2.0527845726293674, 2.0443329974716784, 2.0477202932039895, 2.0320426774959937, 2.03370228526639, 2.0468099631515204, 2.010580882137897, 2.012198990466548, 2.0208216134239647, 2.000010012995963, 2.0367851491067923, 1.9964998802717995, 2.0593374149472106, 1.9920155330031526, 1.9861012580347996, 1.9792151328395395, 1.9751301220819062, 1.9810944298903148, 1.9779840246135114, 1.9645079257441502, 1.9530586138659833, 1.957811430388806, 1.9447989557303635, 1.9452331592054928, 1.9392502167645622, 1.9392597844787673, 1.9372222148904614, 1.9179707350684148, 1.9319569170475006, 1.931098414402382, 1.9246101636512607, 1.9079819575828665, 1.9019976573831894, 1.9024290173661476, 1.9143781510053897, 1.9030489074248893, 1.9083140305444306, 1.8963404876344345, 1.8780315500848435, 1.915951553513022, 1.8803057804995893, 1.887417958647597, 1.8828070689650143, 1.8683576087156932, 1.9199995714075424, 1.8749465638515996, 1.8653869056234174, 1.86807573075388, 1.8846176044613707, 1.8837561817730175, 1.859930787600723, 1.8467050013588924, 1.8534700128377652, 1.8406379433239208, 1.8408537957013822, 1.843756665201748, 1.823092842803282, 1.8475159874149398, 1.8188452954385794, 1.8322059225802327, 1.8233535161205368, 1.8233260407167322, 1.8247327617570466, 1.8098452973599528, 1.8530407863504745, 1.8131731865452785, 1.8182950510698206, 1.8621856278064204, 1.7923828380949356, 1.8023888573927038, 1.8044139585074257, 1.7836083313998055, 1.7899259986246334, 1.7927550340400022, 1.7869570997415805, 1.7893174185472376, 1.782617010030092, 1.7784755814309214, 1.774604071004718, 1.7782637254864562, 1.8163129091262817, 1.7634829417163251, 1.7614174859196532, 1.7615430658938838, 1.7628552630251528, 1.749818913492502, 1.7482017629286821, 1.765301371906318, 1.7528188748686921, 1.7446589353037816, 1.7603228764206755, 1.7321778065433688, 1.7346819557395636, 1.7458437207867117, 1.7363040111228532, 1.735317398520077, 1.7396570391514723, 1.7759086594862097, 1.758795513826258, 1.7405244474317514, 1.8087711708218444, 1.7362197099947463], "map": 0.7354914410787914}, "time": 360.1697223186493}