{"task": {"lambda": 1, "alpha": 1, "lr": 1e-05, "wd": 0.0001, "bits": 24}, "result": {"earlyStop": true, "loss": [1.0858496719715642, 0.8915382606141707, 0.8404585391867394, 0.8044020960143968, 0.7813826372810438, 0.7807220372499204, 0.7426088297483968, 0.7232174213026085, 0.709729532400767, 0.6917910067474141, 0.6870756453158808, 0.6741123409832225, 0.659734611417733, 0.6511557704093409, 0.6712910194022983, 0.6408582239174375, 0.6306269092887056, 0.620875779320212, 0.6134007152389077, 0.6029049710315817, 0.5995541325971192, 0.5903264488659653, 0.5887000268580866, 0.5782680222216774, 0.5724430186491386, 0.5628513299367007, 0.5538228460971046, 0.547868475317955, 0.5463421271712172, 0.5430650395505568, 0.5310827937780642, 0.5237263593749673, 0.5251616023334802, 0.5117447224317813, 0.5114157240764767, 0.5092333911680708, 0.5002982102188409, 0.5073829322469001, 0.4982591087327284, 0.4953884213578467, 0.4888601516391717, 0.47917043242384405, 0.48373493902823506, 0.47791118160182355, 0.4723042813586254, 0.46715948979059857, 0.46083348521999284, 0.46364816322046165, 0.45762954053341176, 0.4509239103279862, 0.4503815439986248, 0.4466170119304283, 0.44269192569396076, 0.44322319358002904, 0.4378439407138264, 0.4327257605744343, 0.43173112179718764, 0.4271834039804982, 0.4266667345575258, 0.4214317626228519, 0.42095966198865103, 0.4205128246662663, 0.4103953642588036, 0.4111926801064435, 0.41543540533851175, 0.40823625992326174, 0.4262663225332896, 0.41147692822942544, 0.3988103965918223, 0.3981933108731812, 0.3950583873426213, 0.3949002226193746, 0.38845184007111716, 0.38789953159935336, 0.38501324738357584, 0.3846883607261321, 0.38001959873180763, 0.37946530884387447, 0.3784092384226182, 0.37489606849118773, 0.37078433440012093, 0.36847158097753335, 0.37030136556017634, 0.3638560681366453, 0.36633529236503676, 0.36256190199478, 0.35541967667785346, 0.35610365940659655, 0.3551586509919634, 0.3542671127646577, 0.3496958692284191, 0.3496933382223634, 0.34527699547071083, 0.34279246190015006, 0.3417013752109864, 0.3426995809171714, 0.3419786200803869, 0.3361170147271717, 0.3379105455150791, 0.33429979722873837, 0.3318675023083593, 0.33184846665929346, 0.3305559657952365, 0.32740334231479495, 0.3283211112606759, 0.326906458419912, 0.3220343610235289, 0.3182086186373935, 0.31955689469388887, 0.3170720489293921, 0.31654244281497657, 0.314703071234273, 0.3115496108052777, 0.311341107768171, 0.30720636555377173, 0.30765577931614485, 0.30657319432380153, 0.30670324873690513, 0.3029194894958945, 0.302729223873101, 0.3058835793943966, 0.3051699613239251, 0.30521655462536157, 0.29752077717407077, 0.3012734365229513, 0.2950206632707633, 0.29244177963803797, 0.2933535944013035, 0.2957600723294651, 0.29019570935006234, 0.295950353437779, 0.29402999696778315, 0.28843463592085183, 0.283943632069756, 0.28853359906112447, 0.2853718120969978, 0.28443117147567226, 0.28425661956562714, 0.2819797799867742, 0.28227782337104573, 0.2816443817288268, 0.28129322505464743, 0.277560017126448, 0.2770736429329012, 0.27510995943756666, 0.2766784935020933, 0.27637843349400687, 0.2762653973757052, 0.27082261647663863, 0.2708386623976277, 0.27057669311761856, 0.2665596616034414, 0.2680323985861797, 0.2673567655478038, 0.26333628331913667, 0.2650039042620098, 0.2678700255997041, 0.26526742545413035, 0.26372477120044185, 0.2615351507476732, 0.26053498875276715, 0.25966941484925793, 0.26033052626778097, 0.2593340390160972, 0.25907621196672026, 0.2567826098963326, 0.2553793798182525, 0.2544829088683222, 0.25408005918942245, 0.25469815278170155, 0.25262343445244956, 0.25225549454198165, 0.253448153535525, 0.25429615699777414, 0.25295119951753053, 0.25083260150516734, 0.2503078372455111, 0.24867713407558553, 0.24480635848115473, 0.2473844663769591, 0.24629966856217853, 0.2453585756467838, 0.2446821012041148, 0.24247653577841966, 0.24053262342132775, 0.2413239315444348, 0.2386789376683095, 0.24084610155984468, 0.23808722446362177, 0.23901706524923735, 0.2410330496290151, 0.23789798950447755, 0.2363780776367468, 0.2396442410992641, 0.23621273245297225, 0.23339232291076698, 0.23522738060530493, 0.23619121663710652, 0.2336130373033823, 0.23431328932444254, 0.2356178269666784, 0.2425292806298125, 0.23663989746687458, 0.2291702084681567, 0.22956129689426982, 0.22725043109819001, 0.2295305800496363, 0.22757474785926296, 0.22755331473023283, 0.22717412108299778, 0.22688496667964786, 0.22895040582208073, 0.22580655708032496, 0.2296995111540252, 0.22613736446581634, 0.22492749726071076, 0.22343469199304486, 0.22437745347326876, 0.22133438216120588, 0.22125100191025174, 0.22107859189603843, 0.2222249966626074, 0.21965242951524025, 0.22169199615132576, 0.21920230531809376, 0.2223919992353402, 0.2272849023049953, 0.21854122508974635, 0.2190252621384228, 0.21629180803018458, 0.2148253621131766, 0.21822559716654757, 0.2176710332141203, 0.21739530315001807, 0.21453003293158962, 0.21410752248530293, 0.21732457566495036, 0.21583035047732146, 0.216466211512977, 0.21443321891859465, 0.2117512250940005, 0.2119070506271194, 0.21220105769587497, 0.2088760843171793, 0.20858086704039105, 0.2120644581668517, 0.20830143345337288, 0.20878422844643688, 0.20940101248960868, 0.20806039562996695, 0.2078701551346218, 0.2049708544623618, 0.20745574697559954, 0.20731811868209465, 0.20829133674794553, 0.20543079238896275, 0.20750352302018335, 0.20560747209717245, 0.20387404397422193, 0.20485524424150878, 0.20925718282952027, 0.2045101336404389, 0.2035995968708805, 0.20221179847915968, 0.20339079566446006, 0.20230265560687757, 0.2022124932092779, 0.20117459154012157, 0.2024829089641571, 0.20073020063778935, 0.20124925410046296, 0.20048955053675407, 0.19763568847202787, 0.19869635955375783, 0.19767203620251486, 0.19971108480411418, 0.1983385709863083, 0.19659102437835113, 0.1944686787969926, 0.19750785506239124, 0.1972334424362463, 0.19613114598335005, 0.1948708609915247, 0.19954907455865076, 0.1953041556419111, 0.19671887743706798, 0.19501759214144126, 0.19353359996103772, 0.1929730940975395, 0.1956952786913105, 0.19291165208115296, 0.19641274856586083, 0.1908635014996809, 0.19351260670844248, 0.1910840343026554, 0.19209034273437425, 0.1898803515177147, 0.1893886034103001, 0.19074443362507165, 0.19054641822973886, 0.19096272862425037, 0.1896607076712683, 0.1894705368607652, 0.1930884827001422, 0.1907502547198651, 0.18505590840005406, 0.18838679673624972, 0.1859553469454541, 0.1853514303471528, 0.18741020121995142, 0.18480674732549518, 0.1863297684227719, 0.18493623753973082, 0.1868005003414902, 0.18618657498383054, 0.18545736825349285, 0.18360238916733684, 0.1822430007890159, 0.1855891865550303, 0.18566706718183032, 0.18554063462743572, 0.18250977452479156, 0.18386948941385045, 0.18381227143839293, 0.1856115396116294, 0.18528461543952718, 0.18024653064854004, 0.18249405759806728, 0.18216047888877346, 0.1834238622994984, 0.18057355386953727, 0.18050533153262793, 0.1798900722288618, 0.17836043486992517, 0.1777098942913261, 0.17972065391493777, 0.17799083143472672, 0.17991399940322428, 0.17887416891023225, 0.17830871498467876, 0.17779115119985506, 0.17803552454593136, 0.18033148012324876, 0.17758422038134405, 0.17843620099273383, 0.17802557962782242, 0.1758294178574693, 0.1766161930327322, 0.17435808224128743, 0.17521092200688287, 0.17437791123109705, 0.17606480682597442, 0.17458060471450582, 0.17459168489657195, 0.17210295562650643, 0.17713591149624655, 0.1741002074935857, 0.1730092091887605, 0.17265568249950222, 0.17462075034192964, 0.17101026786600843, 0.17387391772924685, 0.17137114696350753, 0.17130538244165627, 0.17442181925563252, 0.17307693306721894, 0.17128612831527112, 0.17134466445913502, 0.17177997485679738, 0.16922496843571758, 0.16958668316696204, 0.16980446130037308, 0.17010735997966692, 0.16999543998755662, 0.169896953830532, 0.17112509102797976, 0.1712988533225714, 0.16845744088584302, 0.16838043942755343, 0.16567070563049877, 0.16677639147668494, 0.166424586711561, 0.16739983184664858, 0.1673703756110341, 