{"task": {"lambda": 0.5, "alpha": 5, "lr": 0.0001, "wd": 1e-05, "bits": 48}, "result": {"earlyStop": true, "loss": [3.258234880426351, 1.7826471113983322, 1.6542281108159644, 1.526676360006426, 1.44718145301529, 1.376821720717, 1.3130792019998325, 1.2720195615992826, 1.1941243990087043, 1.1429212779975404, 1.0865259433493895, 1.0402800870292328, 0.9902456583929997, 0.9521108801458397, 0.9026280267565858, 0.8492671596068962, 0.8120437670572132, 0.7840580203953911, 0.7963733345854516, 0.8197679782614988, 0.6994946978840173, 0.6807889841935214, 0.6425195305662996, 0.6477368552895153, 0.6125091201826638, 0.6039641864743888, 0.5887327857461631, 0.5663746148347855, 0.5616830284981167, 0.5544177416492911, 0.5154213001038513, 0.540833220762365, 0.5023292504689273, 0.4732333557570682, 0.5458615357969322, 0.46486708960112405, 0.4350856250407649, 0.4409473440518566, 0.42715520134159163, 0.4436125132967444, 0.4150897057033053, 0.4078099669194689, 0.4116224681629854, 0.47038399121340585, 0.37372909866127313, 0.3664265111380932, 0.37005437998210683, 0.3607177608737759, 0.3611649264599763, 0.3541388665052021, 0.34006447900159686, 0.4140361258212258, 0.3253677989922318, 0.3212435315637028, 0.33982030652901707, 0.3073462078384325, 0.3021953024116217, 0.5508022962831983, 0.308923207515595, 0.2862710958602382, 0.28244851602643145, 0.28412757755494583, 0.29373877174129676, 0.27593231332652707, 0.31110293724957633, 0.2726886637654959, 0.26981644989813075, 0.4318126293958402, 0.28860146727632074, 0.25061721895255296, 0.24975436516836577, 0.24662191252790244, 0.26077130787512837, 0.26269929490837396, 0.2557736026013599, 0.24324835413226895, 0.36543844815562754, 0.23802373046968497, 0.2373959905668801, 0.22562504910370884, 0.24094980984341866, 0.25372328740708966, 0.23138232967432806, 0.23917347893995397, 0.34806129336357117, 0.23323728816182004, 0.2155114968909937, 0.21125459948591158, 0.21572932191923552, 0.2461378269043623, 0.21374457840825997, 0.2153392787657532, 0.21498858139795415, 0.374229816829457, 0.20547286384538108, 0.20132854084173837, 0.1969252335382443, 0.1976429728024146, 0.2092821181697004, 0.20354676348905937, 0.20423059231218169, 0.20159045738332412, 0.2843967213058004, 0.19951920006789414, 0.188415646991309, 0.19285196299646415, 0.1958565996850238, 0.19337817727058543, 0.20261717383183686, 0.22041336476218468, 0.20264588296413422, 0.1808536816753593, 0.2008851169078958, 0.18367871656721713, 0.1877487309130968, 0.18555403895237865, 0.18504650189596064, 0.19149819798037118, 0.1812443781424971, 0.3762200318422972, 0.18488187605843825, 0.16620798993344402, 0.1649948533113096, 0.16199608680372143, 0.16841738846372156, 0.16985807304873185, 0.1824467864398863, 0.179573926125087, 0.23917112367994645, 0.31162040972826527, 0.17693190057488048, 0.16787419672690185, 0.16821649144677556, 0.1665387965884863], "map": 0.8072386909009504}, "time": 286.83535957336426}