{"task": {"lambda": 0.5, "alpha": 5, "lr": 1e-05, "wd": 1e-06, "bits": 12}, "result": {"earlyStop": true, "loss": [2.6284660755419265, 2.022417892135826, 1.9058563772077655, 1.8315227097448181, 1.7800051277759028, 1.7298659617994345, 1.700246706312778, 1.6613690534643097, 1.63379518746161, 1.5952082295335976, 1.581549284504909, 1.5587137849891888, 1.5426174552709448, 1.5070124876265432, 1.4963642370467092, 1.4781469287825566, 1.4665297515252058, 1.4468923821753146, 1.4405487530371721, 1.41488615379614, 1.4032730845844044, 1.4674907689001047, 1.3916457415211434, 1.3720234690927993, 1.3590353524275856, 1.373028231602089, 1.3394569091352762, 1.350187147364897, 1.3364922680398996, 1.3069620366189993, 1.3003908530169843, 1.2997186777054095, 1.2802294023773249, 1.298136783581154, 1.2803678819361854, 1.2627531880257177, 1.2474195786258753, 1.2352526436249416, 1.2356384209558076, 1.2396288227801229, 1.2170168246124304, 1.2138483898312438, 1.2014589305309689, 1.2079901344635908, 1.1889224996169407, 1.1846122204088698, 1.1783249568121106, 1.1730093105750925, 1.1530239073669208, 1.1585587017676409, 1.1537536856006174, 1.135080421672148, 1.129302849226138, 1.1341620078858208, 1.1276457194311946, 1.1108336612290026, 1.0975204982301767, 1.0981969143830093, 1.0926647850987958, 1.0749033432380826, 1.0808637181625647, 1.1099143460685132, 1.0640236489913042, 1.099457775845247, 1.0555783546730584, 1.0492938105382172, 1.0456246086487584, 1.039401851594448, 1.0306002411480044, 1.0795061763595133, 1.037141553327149, 1.01469818955543, 1.0072854602453756, 1.007916012523221, 1.0110589170864983, 0.9914198964834213, 1.0472743008650987, 1.0061850375404544, 0.993711275212905, 0.9944563166183584, 0.9750890451319078, 0.9790100478658489, 0.9732324720597735, 0.9692025827426537, 0.9652478318004047, 0.9632301298426647, 1.0124724343711256, 0.9620923844038272, 0.9514816789066091, 0.9679180301871955, 0.9469881545679242, 0.9789051623905406, 0.9294976185934216, 0.9252985353563347, 0.9300040339722353, 0.9158819145431706, 0.9640029516874575, 0.9183451705703548, 0.9159933474718356, 0.9096840549917782, 0.9113447075965357, 0.9028618487657285, 0.8880301298317956, 0.8909734712511885, 0.885364789296599, 0.8902005377937766, 0.8910399064713833, 0.8786506950855255, 0.8758183334972344, 0.8696848007978177, 0.8705122047195247, 0.8770293038265378, 0.8557334051412695, 0.8506963793553558, 0.8560430980196186, 0.8459331650359958, 0.8370556629755918, 0.8371733879926158, 0.8321609266248404, 0.8289205911112767, 0.8219138299863712, 0.8253559925976921, 0.8239142926884633, 0.8130473979547912, 0.8247856158836215, 0.8182332615057627, 0.8059974198832232, 0.8121741715015149, 0.7975579387709206, 0.7893735404108085, 0.7938793389236226, 0.7924104479013705, 0.7870816727187119, 0.7866958233655668, 0.7796234742683523, 0.7784483369951155, 0.7737767424653558, 0.7665030760507957, 0.7700523037244292, 0.7685866477150544, 0.7663968217139151, 0.752410856970385, 0.7562731907648199, 0.7504253669404516, 0.7480380768869438, 0.7523755220805898, 0.7387307020379048, 0.7430830188826019, 0.7428918302643532, 0.7272559620586097, 0.7304620167203978, 0.7265732603914598, 0.7245770182971861, 0.7262510704059227, 0.7285250472087487, 0.719356473754434, 0.716986064963481, 0.7132260291015401, 0.7178763259275287, 0.7077552467292431, 0.7059371611651253, 0.7016945779323578, 0.703624040618831, 0.6983128645840813, 0.6994850381332285, 0.6966509821952558, 0.6875876951597485, 0.6857658126482776, 0.6888520895850425, 0.6807340685935581, 0.6867191998981962, 0.6762681426663025, 0.6753301123778025, 0.6768022901287266, 0.6689755685773551, 0.6641426321630385, 0.660643055012413, 0.6667628316026107, 0.6653977243923673, 0.6581340335747775, 0.6702044816578135, 0.6643497318613762, 0.654836797246746, 0.6530341006377164, 0.648780418815566, 0.6502088933598762, 0.6482900229154849, 0.6441677276994667, 0.6440120210834578, 0.6649892727533976, 0.6628380336013495, 0.6348556094602043, 0.6887712759130141, 0.6407335660621232, 0.6293120348424304, 0.6307013923046636, 0.6304971895673696, 0.624817373851935, 0.6269476996625171, 0.7086168299703037, 0.6290708910308632, 0.6167421300037235, 0.6123052303697548, 0.6204399904784035, 0.6184437789169013, 0.6241860667280122, 0.6081031730362013, 0.6052999866067195, 0.6136665691932043, 0.6040237930183318, 0.6011187445883658, 0.6004706894358, 0.6009186731249678, 0.6000322324095988, 0.5976911584536234, 0.6001965923636567, 0.6029353509931004, 0.5923516966548621, 0.5929755147765664, 0.5973788697053405, 0.5841428663800744, 0.5888651961497232, 0.5867412610381257, 0.5836088463079696, 0.5830536581137601, 0.5771655913661508, 0.5793331583925322, 0.5817839830529457, 0.5732259658329627, 0.5713609021668341, 0.5714492938097786, 0.5774421335435381, 0.5643036749725249, 0.5670357128860903, 0.5648874906348247, 0.5637767021270359, 0.5605247047017602, 0.5640597249947342, 0.5707209729680828, 0.5631054160641689, 0.5623909842734244, 0.5751884239269238, 0.5592032171347562, 0.5443121091115708, 0.544729637602965, 0.5559146284472709, 0.5429950317039209, 0.557486899635371, 0.5479921400547028, 0.5458921205763724, 0.5476650233362236, 0.5411036299432025, 0.5713960072573494, 0.551929584905213, 0.5475843966591591, 0.5391183913338418, 0.5379215645439485, 0.5381664176489792, 0.5304408390440193, 0.5306819281449505, 0.5390368708792854, 0.5400113574430054, 0.5333593633829379, 0.5332875368641872, 0.5232307770672966, 0.5274196427826788, 0.5267698544205404, 0.5267093280951182, 0.5310643524223683, 0.5161896885610094, 0.512995263525084, 0.5194664628190153, 0.539643197667365, 0.5215117250587425, 0.513061613721006, 0.5099724518025622, 0.5175558895457024, 0.516879999462296, 0.5117297245591295, 0.5105432597737686, 0.509707082574274, 0.5122153852500168, 0.5052772751625847, 0.5086487153289365, 0.5129574215879628, 0.5028926342287484, 0.5053797102734154, 0.5065584317141888, 0.504764551041173, 0.4974859010647325, 0.5004890713037229, 0.4977094306080949, 0.4937220972542669, 0.49277668300212596, 0.4914386880164053, 0.4893164701905905, 0.4978526342733234, 0.4901880864419189, 0.48717619595574396, 0.4890982279298352, 0.48894187062978745, 0.4907980076238221, 0.4917847029134339, 0.48493798734510646, 0.4821437928898662, 0.48210834726399066, 0.4847271661548054, 0.4793844832216992, 0.48067523568284276, 0.4825470847826378, 0.4795754879128699, 0.476857408442918, 0.4757026604869786, 0.47323572007464426, 0.4809243094687368, 0.48375463865551294, 0.47664737584544165, 0.47011493423990175, 0.47042588334457547, 0.4711458782354991, 0.46699709080013574, 0.47188401397536783, 0.4686606467938891, 0.46952156430365993, 0.4664604418417987, 0.464427131794247, 0.46603628364848154, 0.4653945129876043, 0.4587203802577421, 0.46930918857163073, 0.45856667295390485, 0.463504420922083, 0.45595139469586166, 0.45698604601271015, 0.45817497606370966, 0.46333179053138285, 0.44929880312844817, 0.45884650332086224, 0.45203306803516313, 0.4520271550498757, 0.44385235449847055, 0.452407351603695, 0.45337589406499673, 0.45424117235576406, 0.4492972951893713, 0.446862193153185, 0.44490805976823267, 0.44146963048215004, 0.45024123408046424, 0.4442349225282669, 0.44756931943051953, 0.44660145088153724, 0.4424659387738097, 0.4449068246518864, 0.44040574191832077, 0.4388405664586553, 0.4398042866412331, 0.44136668391087475, 0.43903982332524133, 0.4380735227582501, 0.442054652846327, 0.4378110518058141, 0.43856800237999244, 0.4360235602247949, 0.434653370403776, 0.43651660283406574, 0.4373354993614496, 0.44016540634865853, 0.4341708567796969, 0.4324602399970971, 0.4292525761559898, 0.43056754826330673, 0.42755797972866133, 0.42666327149844635, 0.4268088583268371, 0.42236365845390395, 0.4235810275171317, 0.4233257869879405, 0.42625899262288036, 0.4225012394873535, 0.4248964662353198, 0.4247904010847503, 0.4201609010935998, 0.41918112133063523, 0.41755300964794906, 0.48598772053625067, 0.43213869981905995, 0.4211195993657206, 0.41159538311116833, 0.4133741345767881, 0.4165753955934562, 0.40956977360388813, 0.4127885249315524, 0.41754551684739544, 