{"task": {"lambda": 0.5, "alpha": 3, "lr": 0.0001, "wd": 0.0001, "bits": 32}, "result": {"earlyStop": true, "loss": [2.240366765681435, 1.2256678261008918, 1.12493287961857, 1.0575610352497475, 1.0141813608945585, 0.9439468988600899, 0.9111329352154451, 0.9003846581075706, 0.8235669317198735, 0.7971579198743782, 0.770388838707232, 0.720286650984895, 0.7036577781625822, 0.6645256000406602, 0.6500012000986174, 0.6049178838729858, 0.5885658731647566, 0.6179672117326774, 0.5290098237056359, 0.5159703412768888, 0.5083507427982256, 0.49483318451572866, 0.479520004753973, 0.46876425895036433, 0.5073459016926148, 0.4246422503800953, 0.4275217548597093, 0.40183644142805364, 0.43151989579200745, 0.5168925310466804, 0.38240692165552403, 0.37292352786251143, 0.35824234345379996, 0.3551804692137475, 0.3593631608813417, 0.33501505661828845, 0.32182327511848186, 0.3342817235811084, 0.33109070740494073, 0.3131138705739788, 0.36994265764951706, 0.28895846988056223, 0.28650520245234173, 0.28715776403745014, 0.301424566729396, 0.27494653942538244, 0.26703932706047506, 0.32273739897737314, 0.2511029832211195, 0.25618357781101675, 0.26686381767777834, 0.24628890042795853, 0.25120046048187744, 0.31669765667003746, 0.22832313618239233, 0.23046943282379823, 0.22708475414444418, 0.22276831871154262, 0.23094458220636144, 0.23999991603926116, 0.21859404137905905, 0.2940203652662389, 0.21218676163869746, 0.2487300162514051, 0.20378549060985154, 0.2004467941382352, 0.21103802936918595, 0.20549125458095588, 0.1937576836230708, 0.21489450715336145, 0.19341308944949917, 0.2725832275315827, 0.2001062795227649, 0.1803099717579636, 0.1813405400105551, 0.18191061081255183, 0.19972901280019797, 0.18088331380311182, 0.18022881791579956, 0.1828965623589123, 0.23667353435474284, 0.17028560036537693, 0.17130009552427367, 0.17002701803165324, 0.1916074760112108, 0.17137782597074322, 0.16978886862303696, 0.17504481109333972, 0.16407002252983113, 0.24097875023589416, 0.15745863186962464, 0.16106888973245434, 0.1619903608864429, 0.15235224205489253, 0.1969972543564497, 0.15356038364709593, 0.15307987685881408, 0.2026386652507034, 0.15119002569539874, 0.1579772453097736, 0.2497766985028398, 0.14764197908487975, 0.14589169679903516, 0.14592895802913927, 0.14483233614295138, 0.18176840055806964, 0.1494799384883806, 0.142420118199844, 0.15157461356298596, 0.2337635453133022, 0.13840464049694584, 0.14007212952071546, 0.14293640486749948, 0.14282481386965395, 0.18598594808695362, 0.13817040607625364, 0.13687716541337033, 0.14915349429436758, 0.13719951127674065, 0.17601498333262464, 0.13347966523439275, 0.13604286605236576, 0.1964958990905799, 0.1356784027873301, 0.13237173723823883, 0.13330783724200493, 0.13098104458813573, 0.13980185152853236, 0.14428775275454803, 0.14359383957058774, 0.1396942007191041, 0.13275835590035306, 0.22038079973529368, 0.1304930489437253, 0.13390922590213664, 0.12377990022593853, 0.1279665503431769, 0.12884857067290476, 0.13802151089789821, 0.13486275106084114, 0.13324661143854552, 0.1255854312695709, 0.2432373144170817, 0.1306991293003746, 0.11916616149977141, 0.12029315187942748, 0.11905497334459249, 0.1216536019654835, 0.1230524667337829, 0.12851101437620088, 0.12784171601136526, 0.12472368265483894, 0.24158849537956947, 0.1250261103405672, 0.11736484207943373, 0.11956844668762356, 0.13265822323806145, 0.1192743715410139, 0.11701342258967605, 0.12015581291680243, 0.1278726651388056, 0.11643593217812333, 0.16731645955758936, 0.11628525163613114, 0.11330725742029209, 0.11728522050030091, 0.11783946619606485, 0.12528664078198226, 0.15118631618280037, 0.1118071462374692, 0.12488988640845991, 0.1120696278179393, 0.11376638973460478, 0.23401279864357968, 0.12177848202340744, 0.11119602766691469, 0.10915223954647195, 0.10809551420457222, 0.10934586107146506, 0.11623230211290658, 0.11207734501244974, 0.11363078653812408, 0.11026664399633221, 0.22263184759546728, 0.11139973749717076, 0.1083613923367332, 0.10573847350828788, 0.10658463631190505, 0.1124306901120672, 0.11415142332221948, 0.10958572433275335, 0.11959268496024843, 0.10868751177308607, 0.16403657431695975, 0.11324789711073333, 0.10521608182028228, 0.10429211092345855, 0.10440101522002734, 0.10673353222070955, 0.12114274311883777, 0.10787691307418487, 0.11882723853284237, 0.15759588894890805, 0.1041656367334665, 0.10230872371033126, 0.10290934284235917, 0.10372190287008005, 0.14604727646299437, 0.13699353471690534, 0.10617467015981674, 0.10203586197366901, 0.10151855486865137, 0.10337779539472916, 0.10216686231832878, 0.10298238256398369, 0.10529575496912003, 0.10996605981798734, 0.10730005939509354, 0.1339550870014172, 0.09907877021560482, 0.10022224325175379, 0.10153098462843428, 0.12296716094601388, 0.09901226370358, 0.10156451991083575, 0.12634378415988942, 0.09744691870668355, 0.17851038876117445, 0.10949889095682724, 0.09609757630410147, 0.09322604611881223, 0.09449647615353267, 0.09641941355577871, 0.09959843111973182, 0.09879333277543385, 0.10200128083427747, 0.10415635214132421, 0.12289256734006546, 0.0991669356384698, 0.09476257057166566, 0.12939155467000663], "map": 0.8015370775714139}, "time": 508.43759846687317}