{"task": {"lambda": 0.5, "alpha": 1, "lr": 1e-06, "wd": 1e-05, "bits": 32}, "result": {"earlyStop": true, "loss": [1.3748536390416763, 1.1687919807200338, 1.0719612164824617, 1.0109832298521901, 0.965252034220041, 0.9326265524415409, 0.9059055733914468, 0.881470779577891, 0.8673002088771147, 0.8565088601088992, 0.8469513724831974, 0.8272622946430656, 0.8185252851130915, 0.8024835861196705, 0.7999335702727822, 0.7881631740168029, 0.7765238504199421, 0.7758516423842486, 0.7741114871174681, 0.7638074443036434, 0.7556496034650242, 0.7538593317948136, 0.7421070278859606, 0.7430840625482447, 0.7379390229197109, 0.7360805991817924, 0.7251581520426507, 0.7264859167968526, 0.7178667573367848, 0.7154088853036656, 0.7147386117893106, 0.711807092907382, 0.7082341044556861, 0.7054917485106225, 0.7030585782200682, 0.6990877232130837, 0.6949735657841551, 0.6903067231178284, 0.6886546047879201, 0.6867014946890813, 0.68286178772356, 0.6792774334842083, 0.680315190670537, 0.6775113639293933, 0.6734950893065509, 0.6725627879301707, 0.6721458452589372, 0.6672956928902981, 0.6639789337036657, 0.6681177177849937, 0.658582511193612, 0.6539938923190621, 0.6607014206694621, 0.6563083958976409, 0.6570051382569706, 0.6528475731611252, 0.6430861318812651, 0.6439994398285361, 0.6422762166635663, 0.6439730396457747, 0.6403770841219846, 0.6367805760865118, 0.6397820418956233, 0.6443949458645839, 0.632087299636766, 0.6358368344166699, 0.6298489710863899, 0.6371412750552682, 0.6273177090813132, 0.6298328380958707, 0.6242359675028745, 0.6224893912965176, 0.632352107295803, 0.62008963729821, 0.6172370142212101, 0.6296655068210527, 0.6157775936173457, 0.6098023606281654, 0.6129701350833855, 0.6129097970677357, 0.6084142970103844, 0.6076390833831301, 0.612801705213154, 0.6066585761659286, 0.6170071497851727, 0.6050005309722003, 0.6023377890095991, 0.6015183043246176, 0.5988173435131708, 0.5989981994909399, 0.5956117785444447, 0.5994284754874659, 0.5958286117689282, 0.5955914332001817, 0.5950631937559914, 0.5981535423620075, 0.5875396126625585, 0.5950580531475591, 0.5871245691589281, 0.5871777464361752, 0.5863702311819675, 0.5861571732104993, 0.5821993990856058, 0.5794922767900953, 0.5938778233294394, 0.5789404488077351, 0.5860548638829998, 0.5789083604719124, 0.5762028786189416, 0.5756956505424836, 0.576156359092862, 0.5695654463534262, 0.5756575570386999, 0.5716356854228413, 0.5921249120843177, 0.5704299953638339, 0.5697916670172822, 0.5676028962228813, 0.5667248350732467, 0.568734768558951, 0.5686609143135595, 0.5649285433339137, 0.5646086253371894, 0.5629256887763154, 0.5593355885323357, 0.5556686355494985, 0.5584741499201924, 0.5586363632304996, 0.5568090499031777, 0.5579914225667131, 0.5593590450053122, 0.551725804513576, 0.5514590629175598, 0.5525576755696652, 0.5496174932694903, 0.5474694602045358, 0.5468348638684142, 0.5488768126450333, 0.5480212718248367, 0.5457328739119511, 0.5552135863724876, 0.5505266341508603, 0.5408922243936389, 0.5389136698316125, 0.539549922387974, 0.5411862307319454, 0.5379970200798091, 0.5385742751406688, 0.5456134425658806, 0.5531526792283151, 0.5358443210522333, 0.5336607232982037, 0.5358974748090202, 0.5337122184973137, 0.5332835445217058, 0.5391765055703182, 0.5332022151526283, 0.5331203458355922, 0.5325181513440376, 0.533762148490139, 0.5311319918609133, 0.5257936029457578, 0.5261345605055491, 0.5243246531953999, 0.528137512066785, 0.5262102446719712, 0.5343946481452269, 0.5241061314648273, 0.5247647870405048, 0.5270890996736639, 0.5223301555596146, 0.5196731175277748, 0.522104764101552, 0.5182512081136891, 0.5210046597263392, 0.5217719192014021, 0.5171262022911334, 0.5226137497845817, 0.5173794294104856, 0.5138928142248416, 0.5105167983793745, 0.513068713247776, 0.516560012949448, 0.5107121900016186, 0.513274598939746, 0.513636695988038, 0.5130673509602454, 0.5101538946231207, 0.5100188056627909, 0.507559113350569, 0.5060906004087597, 0.5082826766313291, 0.5042853627134772, 0.5114211329058105, 0.5044559719515782, 0.5055928826332092, 0.5027854346177157, 0.49966200601820854, 0.5003363040148043, 0.5038923553976358, 0.5008256721730325, 0.4988221867996104, 0.4913015776112968, 0.500964390296562, 0.496033677575635, 0.4973205072330494, 0.49392690363467906, 0.4954708170364885, 0.4974249651034673, 0.4918794100191079, 0.4959830384628445, 0.4915328808859283, 0.4894892923972186, 0.48762960805028094, 0.4947182162135255, 0.49240456959780526, 0.4872780538657132, 0.4907527148139243, 0.48669316400499907, 0.48546623131808114, 0.48713186061849784, 0.48870721941485123, 0.48336950704163195, 0.4843020389477412, 0.4874257088876238, 0.4842358094220068, 0.4825735153520809, 0.4788537855241813, 0.4847553208762524, 0.4817011584253872, 0.4795020836241105, 0.47958675874214546, 0.48017948164659385, 0.4799550987926184, 0.4779096023709166, 0.47848056432078867, 0.47382574148622214, 0.47421742069954964, 0.480327495172912, 0.47568049208790647, 0.4689923876933023, 0.472861883687038, 0.47734028831416486, 0.4738880653007358, 0.47532375288360257, 0.47156789314513115, 0.47131956514774587, 0.4774857788693671, 0.47010621603797464, 0.4671771386090447, 0.47984090213682135, 0.47259625003618355, 0.4794227276362625, 0.4660102070546618, 0.46705493973750695, 0.46634072474404875, 0.46935877554556904, 0.465732819017242, 0.4635653510397556, 0.46331212260559496, 0.4664566078606774, 0.46447546926199224, 0.4623182570817424, 0.46385813913508955, 0.46058054998809217, 0.4626053150962381, 0.45794545493873895, 0.45963914400222255, 0.46073071804701116, 0.45903924764955745, 0.4581221149248235, 0.46046587386552024, 0.4550227172234479, 0.45648395080192417, 0.456809547309782, 0.453395843798039, 0.4548615727062319, 0.4534049752880545, 0.45542557888171253, 0.4532952365629813, 0.4536483153408649, 0.45294344220675675, 0.45375518354715083, 0.45425353272288455, 0.4483562950410095, 0.45408621079781475, 0.45309268025790944, 0.4504728340635113, 0.44758407245664034, 0.44772185852714613, 0.4469367341667998, 0.4460130158592673, 0.44869130762184367, 0.44917139440190557, 0.44861847337554484, 0.44726235141941145, 0.4430204936686684, 0.4443283916688433, 0.44909071454814836, 0.44670333435722426, 0.4406425532172708, 0.4412579825695823, 0.44049972996992226, 0.44464033316163454, 0.44175399664570303, 0.4398295032043083, 0.44313374599989724, 0.4405609494915195, 0.4541695357537737, 0.4376955397573172, 0.4367877694905973, 0.4500386025391373, 0.43575749999167873, 0.4370603643211664, 0.43747680035291936, 0.4359654325480555, 0.4336814211279738, 0.4350830667159137, 0.4370796002593695, 0.43257353936924653, 0.4329323529028425, 0.4340965736146067, 0.4317469260856217, 0.42929868020263373, 0.43212518037534225, 0.43200624953298006, 0.43022896510128883, 0.4312117389019798, 0.4318674902121226, 0.42830376736089293, 0.4288363732105377, 0.42626918837720273, 0.4261564846132316, 0.4281131657315235, 0.4293115818325211, 0.4308224460657905, 0.42409300511958553, 0.4251553910035713, 0.43538950997240405, 0.42366094069153654, 0.42572274541153626, 0.4221786565932573, 0.42362487725183073, 0.42474665887215557, 0.42179980596490935, 0.4254303370036331, 0.42442680544712963, 0.43229708133959305, 0.4227372726389006, 0.4267481840124317, 0.4157692731595507, 0.41650855687319066, 0.420063363570793, 0.4269009501326318, 0.41915995686077606, 0.41859138011932373, 0.4173295316742916, 0.42371420591485265, 0.41761257616328257, 0.4169064833253038, 0.41928083990134446], "map": 0.7578795435384427}, "time": 768.9536979198456}