{"task": {"lambda": 2, "alpha": 3, "lr": 1e-06, "wd": 1e-06, "bits": 24}, "result": {"earlyStop": true, "loss": [3.5021835109766792, 2.9392107397902247, 2.622623469315323, 2.4308072644121506, 2.302726120341058, 2.210506273250954, 2.127840423116497, 2.0833824218488206, 2.034586696063771, 2.009176015853882, 1.9854980426676132, 1.9363366353745555, 1.9408893935820635, 1.9058272476289786, 1.881072080602833, 1.8495250496209836, 1.8348615303927778, 1.8167155501889247, 1.8025974082011802, 1.802582682347765, 1.771870119898927, 1.76453463937722, 1.7555992568240446, 1.7395426607599445, 1.752092440923055, 1.7220146585913265, 1.7155692811105765, 1.6830468928697062, 1.6799858002101673, 1.672584010105507, 1.6692573077538435, 1.7157077462065453, 1.64426089034361, 1.65280677874883, 1.637876839614382, 1.6886523634779687, 1.6216509833055384, 1.616530749727698, 1.6027715112648757, 1.591996542378968, 1.595155491548426, 1.5978441986383176, 1.5999076202803968, 1.571493242301193, 1.5584420728332855, 1.5719659468706917, 1.5653850389461892, 1.556260047005672, 1.5449626048405964, 1.5485006541598076, 1.5435806769950717, 1.5178211828072865, 1.5202731756018657, 1.5225472047048456, 1.5436637413267995, 1.5130985981109095, 1.5153388375160741, 1.496630526640836, 1.5001878171574836, 1.4953044413351546, 1.4950528226646722, 1.504747708638509, 1.4864276951434565, 1.521004265429927, 1.477495408525654, 1.4671222345501769, 1.480299005321428, 1.4596881597649818, 1.4516932870827468, 1.4667373100916545, 1.4575386316168542, 1.4541726451294095, 1.4507040679454803, 1.4512133212650524, 1.4550131535997577, 1.4370411576009263, 1.4486167214664758, 1.4331674575805664, 1.4375490335857166, 1.4173407490346945, 1.4436171989814908, 1.4266461484572466, 1.4147517657747455, 1.4122875420486225, 1.3970465221825767, 1.4123231885479945, 1.4061940259793226, 1.4055210901241677, 1.3949541858598298, 1.394625885813844, 1.379851869508332, 1.3909014708855574, 1.381861018783906, 1.3852982503526352, 1.3896296702179254, 1.3679171894110886, 1.3694381147038703, 1.4024309177024692, 1.3695621765127368, 1.3591862239089667, 1.365310965799818, 1.3666396731255102, 1.3605923167630738, 1.3505373766609268, 1.3385346911701501, 1.3537210424741108, 1.3495403995700912, 1.3445174711592056, 1.3527048966463875, 1.3390485059981252, 1.3373570459730484, 1.3267614815165014, 1.334547845171947, 1.3385898856555714, 1.3229757667172188, 1.3291466014057982, 1.32746310561311, 1.3226216376996507, 1.3111690931460436, 1.3573728379081278, 1.318062829620698, 1.3060684385252934, 1.296927443614193, 1.3134442743133097, 1.3022397359212239, 1.3015120888457579, 1.3104159253485061, 1.304520415324791, 1.2996365451345258, 1.2930637469478683, 1.295800591216368, 1.2795171612033658, 1.286011484615943, 1.2837272958428252, 1.2824337733726876, 1.2843257983525593, 1.2758867302361656, 1.2821711582296036, 1.2724734562284805, 1.2753419887785817, 1.2768469394422044, 1.2737204467549044, 1.2729084380701476, 1.2627574468360228, 1.2695991052132027, 1.2648231609194887, 1.2633732043060601, 1.2521777486099916, 1.2640739533246732, 1.2587999158045824, 1.2567144515467625, 1.246062637251966, 1.2599517375815148, 1.2570333247091257, 1.2390801480003433, 1.2515298595615463, 1.245048356991188, 1.242920738809249, 1.2470893316409166, 1.2403308310929466, 1.2496740140166938, 1.2368892051425635, 1.233050248786515, 1.2362458051419725, 1.2282298779955096, 1.2513849723572825, 1.2261888545517827, 1.222841486042621, 1.2508672230383928, 1.218496107003268, 1.2243661483128865, 1.2255289659780615, 1.218979211998921, 1.213156454703387, 1.2218028190089207, 1.2243440116153044, 1.208633089766783, 1.212721951451956, 1.2079954164869644, 1.207059813480751, 1.2084708558578117, 1.2044650386361515, 1.2049588987640305, 1.208128905179454, 1.2012854276918898, 1.2012711243302214, 1.1977123886931176, 1.1934243610092239, 1.192247491549043, 1.2045845260807113, 1.1898526131522422, 1.1885348944103016, 1.1925396153739853, 1.1825897486186494, 1.183950836167616, 1.1932174271228266, 1.1902438542422127, 1.179011189470104, 1.1720064825871412, 1.179532819518856, 1.1859395048197579, 1.1747917801726098, 1.17412049630109, 1.1722462422707502, 1.1823566813094943, 1.16429492948102, 1.1650773164104014, 1.1674320504945868, 1.1729428470134735, 1.1968563023735495, 1.158874678845499, 1.1619158077473735, 1.1551465114542083, 1.1607851643188327, 1.1562762535085864, 1.1858234779507506, 1.1601291836476793, 1.163851605910881, 1.154082544294058, 1.1474645739676905, 1.15237358212471, 1.1522286768053092, 1.146479226210538, 1.144190777166217, 1.1482581008298725, 1.143445660086239, 1.1392785673047983, 1.1408645382114486, 1.1450759523055132, 1.1521189072552849, 1.1386703176825654, 1.131049202937706, 1.1419283712611479, 1.133083424731797, 1.1400993945551854, 1.148038254064672, 1.1396000794335908, 1.1337379152868308, 1.1304859390445785, 1.1317679823613633, 1.1261073596337263, 1.1307389438152313, 1.1292818790557337, 1.1239048721743565, 1.1272535674712236, 1.1215214764370638, 1.1798848463039773, 1.1162087353421193, 1.1119444799773834, 1.1214153906878304, 1.124353875132168, 1.1272413274821114, 1.1104636928614449, 1.1101606441479104, 1.1076888705001158, 1.1141228594031989, 1.1224864732985402, 1.109307555591359, 1.1192842990744347, 1.1161438600689757, 1.129362168265324, 1.1041181420578676, 1.1100982205540526, 1.116912925944609, 1.1004421722655202, 1.1056895910524855, 1.1117983074749218, 1.0973352573665918, 1.0965677827012306, 1.093453748553407, 1.099972013164969, 1.100060992381152, 1.0861812461824978, 1.0903970245637147, 1.0859527804103553, 1.0865802075348647, 1.090311673926372, 1.0829643995738496, 1.0935809869392246, 1.0875237093252295, 1.086242813690036, 1.0907287124325247, 1.0875941538343243, 1.0785750501296099, 1.0793613785622167, 1.0771065307598489, 1.0760789870047103, 1.08373895871873, 1.0774366820559782, 1.0877674140182196, 1.073155120307324, 1.069740495261024, 1.0699321919796514, 1.070963762554468, 1.071384500931291, 1.0719137688477833, 1.0706394151145338, 1.071958080810659, 1.0719040678996665, 1.0657112575044818, 1.0607637605246376, 1.063044135184849, 1.0650417015833014, 1.0690967686036055, 1.0587647779315126, 1.0543121607864605, 1.0563165545463562, 1.0558344821135204, 1.0578608045391007, 1.0474526332873924, 1.1090007576287961, 1.062684496828154, 1.0497902234395344, 1.0459904583061443, 1.052016191038431, 1.0421175284712922, 1.0467997806913711, 1.0502525866031647, 1.0491544563396304, 1.0519609825283873, 1.0563990251690734, 1.052995823761996, 1.0661569436391194, 1.0399414832685507, 1.0413450379582012, 1.0409455258472293, 1.0402725683707816, 1.0444453066470576, 1.0416345730716108, 1.0313379168510437, 1.0372515794108896, 1.0427357723899917, 1.0338588760179632, 1.0363722957816779, 1.0332239813664381, 1.0373049512797712, 1.0338551010571273, 1.0271690388520558, 1.0306338860708124, 1.029707926161149, 1.030448742941314, 1.0289992839097977, 1.0315935179298998, 1.0262932461850784, 1.026483710490021, 1.0219339605639963, 1.0229843276388504, 1.0183244718640458, 1.019635206344081, 1.0244487722714741, 1.0254298974485958, 1.0214894355512132, 1.019412658962549, 1.018200521083439, 1.0217867832557828, 1.0138433505507076, 1.0186916846855014, 1.006653156935, 1.011217199119867, 1.0122457877093671, 1.0088004227362426, 1.0146298081267113, 1.0047384921242208, 1.0035770202384275, 1.0114617733394398, 1.0005233392995947, 1.0027455284314997, 1.0096196853647046, 1.011950342094197, 1.0094678542193245, 1.0000565642235326, 1.0135348053539501, 0.9944733711434346, 1.003880605393765, 1.002280149974075, 1.0280818635342168, 1.010897836264442, 0.9897685772648045, 0.9960588643363878, 1.0010541683318568, 0.9980213875864067, 0.993288505895465, 0.992685060582909, 0.9997725656219557, 0.9946425562980128, 1.003935605871911, 0.9877652733349332, 0.9919492654940661, 1.0167742114441067, 0.9829185198919446, 0.982687259421629, 0.9872171574947881, 0.9847083629346361, 0.9839362618969936, 0.9849411564714768, 0.9859922575015648, 0.9871442586767907, 0.9921386735696419, 0.984143138516183, 