{"task": {"lambda": 1, "alpha": 5, "lr": 1e-06, "wd": 0.0001, "bits": 12}, "result": {"earlyStop": true, "loss": [4.90260591693953, 4.165578557580125, 3.7812106328852035, 3.427347089730057, 3.1780433672315933, 2.9988612070971845, 2.899715048425338, 2.785299050457337, 2.7473849689259247, 2.6339163435440436, 2.640386805814855, 2.5457601582302765, 2.5298136215583953, 2.4662977199928435, 2.4425765439575793, 2.412330183036187, 2.464334569725336, 2.356758246819178, 2.327162762482961, 2.306971839245628, 2.2992287950188506, 2.2894734202646743, 2.2494535580569623, 2.235797015475292, 2.225391757254507, 2.198710359486879, 2.1774926021987318, 2.183010173778908, 2.1475788921702144, 2.1372291445732117, 2.1851343570971022, 2.1227030216478835, 2.1126690840019897, 2.124724928070517, 2.0949961534317803, 2.0939562063591155, 2.0753680680896722, 2.0876924407248403, 2.0616888748664484, 2.0528854949801576, 2.0428146334255444, 2.037348442217883, 2.0327351175102533, 2.0251417323654772, 2.0197341670008266, 2.0751769519319723, 2.014329861192142, 1.99258799617197, 2.0603650668088127, 2.0329934919581696, 2.0430855680914486, 1.9701648924280615, 1.977275250004787, 1.9598918966218537, 1.9699490794948502, 1.9582392164305145, 1.9645211018768012, 1.9493700414896011, 1.9301956000865674, 1.9197719307506786, 1.91975599527359, 1.9208061373701282, 1.9307505839011248, 1.9117956325119616, 1.899429847796758, 1.9655027412900739, 1.8882161373016881, 1.8912074302925783, 1.8883405123271195, 1.8779849038988936, 1.8705361929594302, 1.8762328753284379, 1.875122684474085, 1.8599119965060085, 1.8631136954999437, 1.8577989076866823, 1.84614358754719, 1.8410099084470786, 1.8758971644382851, 1.8334534025075389, 1.8461169436866163, 1.8334392180629806, 1.8262993377797745, 1.8909001210156609, 1.822848435126099, 1.8180534938971202, 1.8207363240859087, 1.8087749054618911, 1.818613094442031, 1.8101483466578465, 1.8146955566663368, 1.8047033501606362, 1.7947332169495376, 1.7956751170111638, 1.7860070487447814, 1.7841455740671532, 1.779331880457261, 1.781755024603769, 1.8059273537467508, 1.7715798633940079, 1.7736984035548042, 1.7641559003614913, 1.7731778253527248, 1.782326810500201, 1.766312603857003, 1.7795507089764464, 1.755292566383586, 1.8188554749769323, 1.772334054404614, 1.7569749583216274, 1.8192936462514542, 1.7407385648465623, 1.7557158610400032, 1.7382256213356466, 1.7579656278385836, 1.7331502054836236, 1.734092497358135, 1.7264379929093754, 1.7165114514383615, 1.7336101941033906, 1.7051167403366052, 1.7222702684355717, 1.724682448249237, 1.719185774232827, 1.7113699316978455, 1.710357984491423, 1.7148283573926664, 1.7043411123986338, 1.7051879223070892, 1.7042943274273592, 1.69905597643525, 1.6897924840450287, 1.7047566222209556, 1.750322145574233, 1.6955041698381013, 1.6813898939712375, 1.684016268919496, 1.6826419634561913, 1.7161842584609985, 1.6718146356881833, 1.6612991290349586, 1.6708343362106997, 1.6713815813555437, 1.664305700975306, 1.6531020706775141, 1.6741122030744366, 1.7121999567630244, 1.667114727637347, 1.651977207146439, 1.6549628178278606, 1.6578256574039365, 1.661327964242767, 1.6461945967931373, 1.6843248979718077, 1.6521029145109887, 1.6346693968071657, 1.6385736804382474, 1.661704519215752, 1.6403816091079337, 1.636476612558552, 1.6358047428668714, 1.6451530555884044, 1.6307212424044515, 1.6266085388613682, 1.6261695363357955, 1.617698309468288, 1.6231408043234956, 1.625693282660316, 1.6155498764094185, 1.6080677760582345, 1.617702652426327, 1.608486733600205, 1.6189176066249025, 1.6030000541724412, 1.5997178493177189, 1.6115500085494097, 1.608441482279815, 1.6009346410339953, 1.5979389045752732, 1.5961819200539122, 1.5894643830902435, 1.643316764457553, 1.5912049355752327, 1.587790172474057, 1.5926025983165293, 1.5864824395553738, 1.581404661431032, 1.589803377202913, 1.5788918166768318, 1.5847148275842853, 1.5757672456549663, 1.5915938241809022, 1.5823013502008774, 1.6292481188680612, 1.590314047009337, 1.6149971602009792, 1.567216162588082, 1.557833422924958, 1.561083389263527, 1.5731774594853907, 1.5802497069040935, 1.5659964788778156, 1.5679871916186576, 1.5819367918313718, 1.5551013324190588, 1.5549180569017635, 1.5601105245889402, 1.5569813818323845, 1.589050571123759, 1.5688212689231424, 1.57908235577976, 1.550345077234156, 1.5716532094805848, 1.5474366989790225, 1.5531787393139858, 1.5602815051873524, 1.5431455356233261, 1.544789106238122, 1.5478305921835058, 1.5532338525734695, 1.5412704886174668, 1.5670318884008072, 1.5326426423647825, 1.5311849161105997, 1.5254525688349032, 1.5501151441359053, 1.5301673564256406, 1.5572162352356256, 1.5648638407389324, 1.5468612932691388, 1.5483750736012178, 1.5252192280456132, 1.5123320958193611, 1.5133871129330467, 1.5214218655053307, 1.5389197050940757, 1.5213666193041147, 1.5261632066731359, 1.5101476405181138, 1.5193053662192588, 1.519113811792112, 1.5177330964920568, 1.506975039547565, 1.5216536413805157, 1.5005227064385134, 1.5005871478249044, 1.5155110400097043, 1.5103865791769588, 1.5072019684548472, 1.5593177313898123, 1.5298513010436414, 1.5063523807946373, 1.5364940797581392, 1.492597887913386, 1.5031125662373561, 1.492757089582144, 1.5343101001253314, 1.4859623686940062, 1.5031939937787897, 1.570259122287526, 1.504594378319441, 1.4943499956645219, 1.4768690960664375, 1.4697429663410373, 1.4891925664509045, 1.487799580190696, 1.4822330872217815, 1.4916359735470193, 1.486922103400324, 1.483817371083241, 1.4810611658236559, 1.4828867713610332, 1.502341999727137, 1.4679949400471706, 1.474301839576048, 1.466891988527541, 1.46878680499161, 1.4739986880152833, 1.463367831473257, 1.467957337697347, 1.476085160292831, 1.4673622767714893, 1.4866424027611227, 1.5236122187446146, 1.4599088494684183, 1.465050220489502, 1.451542970012216, 1.466933299513424, 1.4624537910316504, 1.45614269434237, 1.490562728807038, 1.450823773356045, 1.454514776666959, 1.521123262012706, 1.4418867142761456, 1.4440255322877098, 1.461077143164242, 1.458240753295375, 1.4424400575020735, 1.4438932765932644, 1.435211915303679, 1.4466850640727025, 1.4448213588957692, 1.4439081656290036, 1.4334297951530008, 1.433599984236792, 1.4362915356953938, 1.4373102398479687, 1.4651486312641817, 1.439172307942428, 1.435785980201235, 1.4300492940580143, 1.4281274991876938, 1.4313801150111591, 1.432790433659273, 1.4192217188138587, 1.4313856079882266, 1.4274204285705792, 1.4298254555346919, 1.4288598065282785, 1.4217811261906343, 1.437061347213446, 1.421804795078203, 1.4153847372999377, 1.41458275271397, 1.4129870101517321, 1.4157915527329725, 1.4146774843627332, 1.415143935557674, 1.420167906027214, 1.4070808829045762, 1.410439590905227, 1.4211627239105749, 1.4096940130579705, 1.4104496874645644, 1.4169964708533942, 1.3974442759565278, 1.4145526120475693, 1.4093832478803747, 1.3956310351689656, 1.4135195986897338, 1.3948211810168099, 1.4004698538897085, 1.4009605906173295, 1.3987515387581844, 1.3866095615952623, 1.4770129217821009, 1.3957127616101621, 1.3994849335913564, 1.38385477253035, 1.3887558485947402, 1.3887838601481681, 1.3856095081450892, 1.387778254700642, 1.3869634352478326, 1.3811503163739747, 1.410630789457583, 1.4507664360252082, 1.371020016424796, 1.3782646401840097, 1.3737843857676375, 1.383140544096629, 1.3753995530161203, 1.3783739118599425, 1.4249921920252782, 1.3740633965707292, 1.3774952923550325, 1.3815461256924797, 1.36541287688648, 1.3779078549614139, 1.379959939741621, 1.3852423896976547, 1.3735024297938627, 1.385625377589581, 1.3739445060491562, 1.381733585806454, 1.3658095200856526, 1.37203943437221, 1.3639166679452448, 1.370372420432521, 1.35825378506207, 1.3717222073498894, 1.3550982205014603, 1.3715272949022406, 1.353699588600327, 1.346948196198426, 1.3525163578052146, 1.3649203333200193, 1.376447595802008, 1.3502546900919838, 1.3602768363905888, 1.3651413894167133, 1.3531873687809588, 1.3456067527626074, 1.347714533992842, 1.3468131124973297, 1.3522815076159496, 1.3558455635519588, 1.347663660844167, 1.347998129386528, 