{"task": {"lambda": 1, "alpha": 1, "lr": 0.0001, "wd": 0.0001, "bits": 48}, "result": {"earlyStop": true, "loss": [2.285706692466549, 0.9619800933435851, 0.8929274824320101, 0.8497510517344755, 0.807528929383147, 0.770819478467399, 0.7422393069547766, 0.7568265591181961, 0.6858496227685142, 0.6686073816290089, 0.6380258085680943, 0.6361109702026143, 0.6429073232061723, 0.6069309606271631, 0.5895585610586054, 0.5313644911728653, 0.515390969082421, 0.5052335484355104, 0.4946873220158558, 0.46929782190743613, 0.46037662584407657, 0.4464575522670559, 0.46561792317558737, 0.60029764677964, 0.40750612201643927, 0.39102693048177983, 0.3873235437215543, 0.3718119301632339, 0.3758634320076774, 0.35852645688197193, 0.3526855482190263, 0.3622332650656794, 0.33915230704873217, 0.3289039266460082, 0.33459996709636614, 0.32709204741552766, 0.354541163818509, 0.29695625588590024, 0.30098270931664634, 0.30256906823784696, 0.2927353385032392, 0.30563581252799316, 0.28898805496739405, 0.26954184793958474, 0.2832706307663637, 0.2974989259359883, 0.25440791804416507, 0.26190994387748195, 0.2850470081263897, 0.2515544493993123, 0.2458008393353107, 0.24886206990363552, 0.24662617696266548, 0.24087751802860521, 0.22661126156648, 0.2569686058981746, 0.22187986882293925, 0.2733758077317593, 0.21859068029067097, 0.21632012797921313, 0.21569006773186664, 0.21573100560436062, 0.22291192500030294, 0.21668006158342548, 0.2690208764637218, 0.1955711869340317, 0.19286252470577464, 0.19769696569910236, 0.19712872467204637, 0.23776684212041835, 0.18208740724652422, 0.18999901983667822, 0.19046195260449952, 0.19212481467162862, 0.18580184219514623, 0.2198688691737605, 0.18402323302100687, 0.17197604579668418, 0.29748671224304274, 0.17487832976906909, 0.1660653102923842, 0.163283962245081, 0.1744686014512006, 0.1697754798566594, 0.16871300631878422, 0.17374100857505612, 0.16245183553181441, 0.17064744365565918, 0.22111966431725258, 0.16111511897807027, 0.17112915203267454, 0.15721092563049466, 0.20017299713457332, 0.15134784199443518, 0.1535183112410938, 0.15769589400174572, 0.15450928864233635, 0.16072925238632688, 0.1511361498166533, 0.1572555543160906, 0.15563197506993426, 0.1956405775511966, 0.14386821085331486, 0.14562599945302104, 0.16399818571174846, 0.1437364953990076, 0.14144957043668804, 0.14747204646175982, 0.14252878170387417, 0.21521244724007213, 0.15871713938666324, 0.13386705386288025, 0.1322984197268299, 0.13052396549313677, 0.13821393499771753, 0.1426238532671157, 0.13710413434926202, 0.15158612397955915, 0.13436181273530512, 0.13458345582087836, 0.13408681180547266, 0.1304142485354461, 0.29297025282593336, 0.13282249247034392, 0.12393581355903663, 0.12138799154290966, 0.12236612173272114, 0.1297757447350259, 0.12678073711839377, 0.12359445410616257, 0.13606148140103208, 0.1377318602274446, 0.12076760543619885, 0.1423265630123662, 0.12049288777451889, 0.21999426142257802, 0.12814975997396544, 0.12135980102945776, 0.12607493861487098, 0.1142524246345548, 0.11592306583827618, 0.14283595628598156, 0.11871629997211344, 0.12217382392754741, 0.11719582280984112, 0.15553559253320975, 0.1150936053371897, 0.11400549581237868, 0.12417919553962409, 0.12220975128458995, 0.12044039266366585, 0.12369532590987635, 0.11911411510378707, 0.12112738674177843, 0.11434361674621993, 0.12525618741033123, 0.11225312466130537, 0.1362293927985079, 0.11778729533155759, 0.10947025424855597, 0.1344845356310115, 0.11615465804204053, 0.10573967947971587, 0.10524481220864783, 0.14835720509290695, 0.10796568834898519, 0.10663126080351717, 0.10875717850000251, 0.11036820169173035, 0.1160169290561302, 0.1217804833808366, 0.1084479665493264, 0.10550871330733393, 0.13275115411071217], "map": 0.7762892564549679}, "time": 371.23593950271606}