{"task": {"lambda": 2, "alpha": 5, "lr": 0.0001, "wd": 1e-05, "bits": 48}, "result": {"earlyStop": true, "loss": [3.798246920108795, 2.2428659668155744, 2.069066854084239, 2.067431752588235, 1.8390404827454512, 1.8623285433825325, 1.8178485772188973, 1.636309734454342, 1.5954046927246393, 1.5928430598156125, 1.435981384679383, 1.4179954084695554, 1.3253541787465413, 1.3139831774375017, 1.2662826484324885, 1.1931719102111518, 1.1647951281538196, 1.1283750051961225, 1.0794829030831654, 1.0540330573624255, 1.008774819911695, 0.9954037987718395, 0.9640181853490717, 0.915039560958451, 0.891911119222641, 0.89399408826641, 0.8639330133503559, 0.8578995962937673, 0.8182605686140996, 0.7886050659067491, 0.7886154663329031, 0.785337361050587, 0.7580042142494052, 0.7344719913660311, 0.7521854358560899, 0.7809869728836358, 0.7326410412788391, 0.6732718704962263, 0.669745708213133, 0.6589940260438358, 0.7027288126010521, 0.6369325714368447, 0.6362764835357666, 0.6346560798439325, 0.7096995536018821, 0.6035062051286885, 0.5903064517998228, 0.6038633953122532, 0.5921786848236533, 0.6295519032899071, 0.5646771297735327, 0.6334618601728889, 0.5530516575364506, 0.5361338979473301, 0.6072455697199878, 0.5256482450401082, 0.5416241159626082, 0.5579455775373122, 0.5156759415187088, 0.5883297078749713, 0.5047863263125513, 0.49610188720273035, 0.5584235422167123, 0.5036561851407967, 0.48551403570408913, 0.5132966847980723, 0.488540670450996, 0.4959084216286154, 0.6525424692560645, 0.4652119445450166, 0.4726623238301745, 0.44664546759689555, 0.4702862591720095, 0.46077750243392646, 0.471662004496537, 0.4586943458108341, 0.44384637942501143, 0.5987646772580988, 0.4293263262393428, 0.4185023279312779, 0.4250185156569761, 0.44924316219255034, 0.49556393424669903, 0.424144968244375, 0.4481484407887739, 0.42336589127194646, 0.409751303932246, 0.43629497231221664, 0.4117113982929903, 0.6468653848358229, 0.4292472752870298, 0.390171705215585, 0.39378976471283855, 0.38995345681905746, 0.39324237581561594, 0.42873459236294614, 0.39698877317063946, 0.4006667610476999, 0.38599859820861443, 0.3990035171017927, 0.46835994223753613, 0.3797870693253536, 0.37350788887809305, 0.3745444498810114, 0.4701724680615406, 0.36256829926780626, 0.43003624443914373, 0.4690510049170139, 0.3705841907683541, 0.35783900203658087, 0.4094520073895361, 0.367708980160601, 0.35473858375175327, 0.34182897056726846, 0.3633547131629551, 0.3591248457338296, 0.350825452337078, 0.42706531198585734, 0.34390005907591653, 0.3612467307670444, 0.34915005956210343, 0.3538804071791032, 0.36796191042544796, 0.3405390501606698, 0.3926273111034842, 0.33904014761541407, 0.3388814858946146, 0.3458219071229299, 0.35563044746716815, 0.337027236234908, 0.401723417143027, 0.3287888043651394, 0.3241261625114609, 0.33119439085324603, 0.3418758971726193, 0.3531834824996836, 0.3178347490143542, 0.35009001721354094, 0.3678188515352268, 0.3026205350955327, 0.32045716485556436, 0.32199136153155683, 0.3504705630681094, 0.3162562572488598, 0.33715486964758706, 0.3125739312347244, 0.31655183668230097, 0.3391449521569645, 0.3178477824903002, 0.30970653687037675], "map": 0.7910047228620743}, "time": 319.665292263031}