{"task": {"lambda": 0.5, "alpha": 5, "lr": 1e-05, "wd": 1e-06, "bits": 32}, "result": {"earlyStop": true, "loss": [2.4689922028896856, 1.9722169380561978, 1.843714520627377, 1.7987635088901894, 1.7242242074480243, 1.6909594363441653, 1.6443464682967055, 1.7656406023923088, 1.5938450016227423, 1.5786394932690788, 1.5502253481570412, 1.5203202898595847, 1.4907299248026866, 1.4825873000949037, 1.4610487333699769, 1.4496734399421543, 1.4240803806220783, 1.4217646563170003, 1.3838703971283108, 1.3789516453649484, 1.35642012340181, 1.353524611861098, 1.3324182598906404, 1.3168549581485636, 1.3019027011651618, 1.2948830428661084, 1.273622304347216, 1.2609493545457429, 1.2822433265985227, 1.2539152520544388, 1.2254905063731998, 1.218309631826831, 1.2158723312850093, 1.1959709291364633, 1.1973813015456294, 1.1738487289232367, 1.1697714530369814, 1.157370487556738, 1.1458320819279726, 1.140660990394798, 1.139680386027869, 1.1212405305282742, 1.1139825056580936, 1.0990681014224595, 1.0865448432810165, 1.0893059711830289, 1.0784843423787285, 1.0705172726336647, 1.0506421117221607, 1.0503773210095424, 1.051217088512346, 1.0385335309832704, 1.0248164590082915, 1.0163863701563256, 1.016155824357388, 1.0146680294590837, 0.9956008426698983, 0.9912940292966133, 0.9866752701939321, 0.9733506052517423, 0.9730200340934828, 0.9589716707374535, 0.9440958239868575, 0.9438215745430366, 0.9420158372205847, 0.9318762799980593, 0.9156139627391217, 0.9266403679754219, 0.9173804305347741, 0.9092425829639622, 0.9012320716591442, 0.8889742879306569, 0.8876785504467347, 0.8845050793652441, 0.8710316852027294, 0.8829027624691234, 0.887833891546025, 0.8570547270424226, 0.8546997498647839, 0.8449117583679218, 0.8406894125190436, 0.8445211052894592, 0.8311162446351612, 0.8506873308443555, 0.8273656036631734, 0.8168036248169693, 0.8235490368861779, 0.8139586511488054, 0.8188735340155807, 0.812586627462331, 0.7927128812846016, 0.7918107912820929, 0.8487066836918101, 0.7953774639788795, 0.7703938054687837, 0.7763136385702619, 0.7831024501253577, 0.7704806488518622, 0.7608434760979578, 0.7649506897318596, 0.7607734479448375, 0.747281561587371, 0.7445451440472229, 0.7443738568062875, 0.7434597761899817, 0.7372522824535183, 0.7288054411902147, 0.7316461909635394, 0.7194812556400019, 0.7377238846292683, 0.8221537786371568, 0.7326888748828102, 0.7082240365299524, 0.7026757742552197, 0.7140462550462461, 0.7018668447055069, 0.6975965751152412, 0.6949080398269728, 0.6960307301259508, 0.6873549482986039, 0.6805829771009146, 0.6879480942791584, 0.684498791308964, 0.6733874745813071, 0.6776653325148657, 0.6714545077845162, 0.6729698397365271, 0.6580242422573707, 0.6595138422414368, 0.6529234311744279, 0.648204090256317, 0.6494552636263418, 0.6446577319327522, 0.6441313863969317, 0.6401248477837619, 0.6326245893450344, 0.6301297159755931, 0.623074944112815, 0.6245984002655628, 0.6096574509260702, 0.6181219734397589, 0.614298925388093, 0.6081125473274904, 0.6077234162127271, 0.5999177032533813, 0.6072297847154093, 0.5995081663131714, 0.5956342671723927, 0.5949229942817315, 0.5869643236784374, 0.577515355220028, 0.5860849452369353, 0.5724681858338562, 0.5735020171485695, 0.575508672524901, 0.5726391962345909, 0.5709388942695132, 0.5679635443523818, 0.5646563958303601, 0.5606243968302128, 0.5533182200263528, 0.5495309632490663, 0.5532927516044355, 0.5462366155549592, 0.5437096237551933, 0.5431812927126884, 0.5439266093513545, 0.5432422044230443, 0.5381614739696184, 0.5319284200668335, 0.532985937945983, 0.5296886610049828, 0.5197440748121224, 0.5315592186708077, 0.5269570277602065, 0.5166448909862369, 0.5141561539734111, 0.5110337683090976, 0.515793047553184, 0.5077004420991037, 0.511520480408388, 0.4971578423591221, 0.4989617852603688, 0.4996841006419238, 0.49802573434278075, 0.4967374164684146, 0.4976254339311637, 0.4992750945921038, 0.48753527887896, 0.49115438028877856, 0.48073574491575655, 0.47639085031023215, 0.48506610270808725, 0.4791383679006614, 0.5181372551357045, 0.4937559670093013, 0.4731711938100703, 0.47175854911991194, 0.4711836050538456, 0.46919845979587704, 0.47548214068599776, 0.46491022656361264, 0.4665681735849848, 0.46855881839406255, 0.4611341716612087, 0.46846308865967917, 0.46024977079793516, 0.46119027716272015, 0.4557702913880348, 0.4585682605119312, 0.44736228371952097, 0.45351288920524074, 0.4453330637485373, 0.4522077911624722, 0.44778210757409825, 0.44166683201112, 0.4435615256136539, 0.45328621303333955, 0.4503142299020992, 0.4384540870201354, 0.4391351564257753, 0.4364812701356177, 0.4382997444447349, 0.43677614366306977, 0.43390483745172914, 0.43375374873479206, 0.43021780807597965, 0.430426191757707, 0.4255012300084619, 0.42470353739518746, 0.4228094243535809, 0.4261635051054113, 0.42279115889002294, 0.4206487624084248, 0.42103859519257264, 0.4108106936602032, 0.41118382180438323, 0.4146941935314852, 0.415100342502781, 0.40746033995174896, 0.41012616104939403, 0.4089604090241825, 0.40269176325961653, 0.40824589688403934, 0.4066983277306837, 0.40012722330934863, 0.40643632674918456, 0.39845553478773904, 0.39667316818354176, 0.39939750029760246, 0.39776068458370134, 0.39555061170283484, 0.3922387969260122, 0.3925948511151707, 0.3947335268352546, 0.3846186098514819, 0.394136413639667, 0.3897220013188381, 0.3825831151768273, 0.38074392357877657, 0.3873961607322973, 0.389575472649406, 0.3980138263866013, 0.38163455663358464, 0.37871471573324766, 0.3784509742376851, 0.37665218144070867, 0.37962670419730393, 0.37383389312262627, 0.3740556650594169, 0.37672454644651976, 0.37526461964144425, 0.36828609599786644, 0.3688916279112591, 0.37034135034271315, 0.3703584048677893, 0.3688552496480007, 0.37317615776669744, 0.36337430176197316, 0.36633077760537464, 0.36553916539631637, 0.3655446295936902, 0.36511166364538905, 0.3618410609516443, 0.40544587782785, 0.37896696054467965, 0.35644395897785824, 0.35954052735777464, 0.35545575794051676, 0.35553060618101384, 0.3572611645156262, 0.3531387150287628, 0.35071530061609607, 0.36176244797659857, 0.35045114656289417, 0.35066598069434074, 0.34734784913998024, 0.3505364317519992, 0.35054246643010306, 0.35073774987283873, 0.34502481815277364, 0.3445856556588528, 0.34649918637439314, 0.3468729663713306, 0.34280135730902356, 0.3488845988815906, 0.3393452830758749, 0.3376759333061237, 0.3427654683005576, 0.34062519567269905, 0.3393736760698113, 0.3330451961533696, 0.3351279773256358, 0.32968344057307525, 0.334940352860619, 0.3340563188288726, 0.3340782678010417, 0.33239562970166114, 0.33015958789516897, 0.33101244782115896, 0.3354674234401946, 0.32750342406478583, 0.32917433787210315, 0.32660480866245195, 0.32606080189055087, 0.32914506921581194, 0.3254811692179418, 0.3228280094324374, 0.3253963155051072, 0.32139468149227257, 0.32028355464047076, 0.31889407424365773, 0.318031920521867, 0.3226112288002874, 0.3173687507708867, 0.31592511283416375, 0.35976265896769133, 0.3455045775455587, 0.31879861871985826, 0.3120444333728622, 0.3135472761065352, 0.311211926826075, 0.30914542955510754, 0.31563639845333846, 0.31327299145506876, 0.31496238883803873, 0.3113698991490345, 0.3133029429351582, 0.3139604867673388, 0.3083913013631222, 0.3136066692132576, 0.3118535169199401, 0.3072829921455944, 0.3051903595527013, 0.3044088843698595, 0.3085401931814119, 0.3080042349357231, 0.3074432504819889, 0.30503225677153645, 0.30258333376225305, 0.302339624978748, 0.2994743332851167, 0.30394627562924925, 0.3033257933223949, 0.30243660714112075, 0.302067105384434, 0.3027692185897453, 0.3023293737102957, 0.2954431373406859, 0.29326870124421867, 0.2942852849761645, 0.2966986963269757, 0.2937697128337972, 0.29564680392835657, 0.2923865467309952, 0.2918660307631773, 0.2903284798650181, 0.2895516870068569, 0.2905571275189811, 0.2904711376656504, 0.2886634080433378, 0.28603549929810507, 0.289483958745704, 0.28775283139125973, 0.2866883593447068, 0.2900622999843429, 0.28737770809846763, 0.29005202329626273, 0.2848585887866862, 0.28432947893937427, 0.28225714800988927, 