{"task": {"lambda": 0.5, "alpha": 3, "lr": 1e-05, "wd": 1e-05, "bits": 32}, "result": {"earlyStop": true, "loss": [1.6208352729970334, 1.2989967640708475, 1.2122388850240147, 1.1741827378670375, 1.1358568551493626, 1.108389305717805, 1.088409077595262, 1.0588030771297567, 1.0779516334627188, 1.0171932727098465, 0.9904390649468291, 0.9816218407130709, 0.9691321955007666, 0.9483379742094115, 0.9384226191277597, 0.9335146511302275, 0.916016502123253, 0.9181673316394582, 0.8880050708265865, 0.8917581357207953, 0.8670670986175537, 0.8544304423472461, 0.8469899393179837, 0.8362883755973741, 0.8335713709101957, 0.824875091512998, 0.817881736685248, 0.7997730733717189, 0.8010207100533971, 0.7877589502170974, 0.7729514735002144, 0.7711481633139592, 0.7572093161882139, 0.756383456435858, 0.7455401125491834, 0.7430589003305809, 0.735723176569331, 0.7212904352767795, 0.7260696627930099, 0.7105158736892775, 0.7033333272910586, 0.6972518247716567, 0.6882573969516099, 0.6842871264499777, 0.6829492885108087, 0.6752527911289066, 0.6632474146637262, 0.6629469026537502, 0.657942919316245, 0.6563562566743177, 0.6450311246455884, 0.6387469099432814, 0.6316119414918563, 0.6263819962155586, 0.6253904653530494, 0.6189549033548317, 0.6153171210020196, 0.6072323474229551, 0.6019448443662887, 0.5994902944155768, 0.5968928982814153, 0.5915817825817594, 0.5914104767874175, 0.576603476615513, 0.5790559944568896, 0.5745832274357477, 0.5651539935200822, 0.5657340063183915, 0.6069971270420972, 0.5708912798002654, 0.5473270118236542, 0.5544371032247356, 0.5459268445185587, 0.5406224263065001, 0.5348608926230786, 0.5297568981700084, 0.5296046345257291, 0.5244480202011034, 0.5280994745154007, 0.5196074615506565, 0.517961740785954, 0.5140385431986229, 0.5076298354303136, 0.5031854764503592, 0.4960611896479831, 0.5039440749907026, 0.5004814787238252, 0.48929879799777387, 0.4874373811717127, 0.48950537162668567, 0.5136629512497023, 0.4834941273518637, 0.4826844293697208, 0.48174811315302757, 0.46750518884144576, 0.47024862482851626, 0.4645663981928545, 0.4610177542941243, 0.4599187999379401, 0.4556569492115694, 0.45173560638053745, 0.4548942833846691, 0.45208761972539563, 0.448634569916655, 0.4489130672870898, 0.4412940420648631, 0.44326641001537737, 0.43643976280502245, 0.4336520756284396, 0.43121855384578894, 0.4240375503021128, 0.43361031366329567, 0.4287809200730978, 0.42120321620913115, 0.41401241690504786, 0.42100769982618447, 0.4137977081186631, 0.41131941725810367, 0.41122578683437083, 0.41379623903947715, 0.40821217146574285, 0.4052157854917003, 0.40838392108094457, 0.3977212175434711, 0.3966735884108964, 0.39429235487591985, 0.3946463562109891, 0.39108189677490907, 0.39201154106972264, 0.3860526448663543, 0.38530564118249744, 0.3846139820183025, 0.38008911951499824, 0.382586831555647, 0.38030318492183496, 0.3783429790215165, 0.37450531314985425, 0.36962809808113994, 0.367073866666532, 0.3664875088953504, 0.3675308841116288, 0.3636552091030514, 0.36478037328696716, 0.397252443374372, 0.36700636104625817, 0.35703650160747413, 0.35814223219366637, 0.3557776127960168, 0.3503524726804565, 0.3560133329501339, 0.3478342627777773, 0.3508693041170345, 0.3439412862062454, 0.3460429112116496, 0.34393688568881914, 0.34229105973944945, 0.34144660772061813, 0.33971848178143593, 0.346693542658114, 0.33561985267727984, 0.3354532877896346, 0.3315351979405272, 0.33245255023825404, 0.3331403717690823, 0.32852060303968544, 0.3240969594494969, 0.3258698085943858, 0.33025484663598675, 0.3239867644859295, 0.32206592504300324, 0.32063843981892454, 0.31923169277462304, 0.3192648922695833, 0.31554245510522055, 0.31290385331593307, 0.31596877937223394, 0.35173793020201666, 0.3200434279792449, 0.3093187449609532, 0.311852760320785, 0.3135121936599414, 0.30591918411208135, 0.30886741391583983, 0.3069815745248514, 0.30341876604977774, 0.30221501664788114, 0.302252909570348, 0.2986063410838445, 0.3050596709637081, 0.30593492908805026, 0.305751507627029, 0.2974689502049895, 0.29472293281087686, 0.2922349548807331, 0.2903323738890536, 0.29102446138858795, 0.29236846037355124, 0.29416214952281877, 0.29051101324605005, 0.2915591749490476, 0.2958344782100004, 0.2984270589316593, 0.28934818184843253, 0.28186192180888325, 0.2838338233676611, 0.2849223124338131, 0.2873667726914088, 0.28641395022471744, 0.2824835862014808, 0.28038188654418084, 0.2802289652765966, 0.2791326604053086, 0.27826445739643246, 0.2760361051734756, 0.2736957058602688, 0.2753079390408946, 0.2731345073849547, 0.27553043587535037, 0.2723395627211122, 0.2732551054042928, 0.2653232072206104, 0.2683710227994358, 0.27032354269541947, 0.27363245043100093, 0.26815815781261404, 0.26716982412572, 0.26914868153193416, 0.26466692136783226, 0.26329704213376137, 0.2606392498402035, 0.26070931159398136, 0.2609493167084806, 0.2607714977918887, 0.2606460954628739, 0.25944645030825747, 0.2583672119414105, 0.25237393160076704, 0.2538724080020306, 0.25507719814777374, 0.2547619464788951, 0.25314857635427923, 0.2553430041846107, 0.2536352586512472, 0.25198131244556576, 0.25376885778763714, 0.2488476908674427, 0.25077440575057386, 0.2490722878890879, 0.24958061412268995, 0.24641726984112872, 0.2425951286419934, 0.24636479131146974, 0.24623334597723157, 0.2437216388244255, 0.24643314323004553, 0.24073821306228638, 0.23946464748359195, 0.24224832887743034, 0.23677400433841875, 0.2979588683913736, 0.24991152800765692, 0.237849815511236, 0.23866934314662336, 0.2352387973783063, 0.23563955315187865, 0.234988962318383, 0.23192480075008728, 0.23718232939056322, 0.2402922370854546, 0.2368949074663368, 0.23267020664963067, 0.23331710929964103, 0.23221421154106364, 0.23170481797526865, 0.23329025404710396, 0.2295485845967835, 0.23132861303348168, 0.23227018906789668, 0.2320260934385599, 0.23172514125996946, 0.22910260511379615, 0.22699334516244776, 0.2282367147067014, 0.22875970572817558, 0.2232272705318881, 0.22653488683349945, 0.22767504465346242, 0.22638147689548194, 0.22265777430113623, 0.22183756632547752, 0.22329181739512613, 0.22000732404344223, 0.21893837894586957, 0.22463425614085852, 0.22180073532988043, 0.22140893500809575, 0.22051101324020647, 0.2176509661709561, 0.22222476437980054, 0.21781284873392068, 0.21582855444912816, 0.21768652691560633, 0.21639184186271593, 0.21625942327812606, 0.2166987067344142, 0.2154736851944643, 0.2116796273519011, 0.21415382316883871, 0.21331308913581512, 0.2136415517797657, 0.20995203580926447, 0.2127964067108491, 0.21471885460264542, 0.2113941398029234, 0.20834244911869368, 0.20754775989289379, 0.20980549033950358, 0.21146578064151839, 0.20764774376270817, 0.20924835856638702, 0.20712236884762258, 0.20728594342283174, 0.20600221116168826, 0.20367450588474087, 0.20743482530701393, 0.2052425452891518, 0.20440206238452127, 0.204129544543285, 0.20275535712055132, 0.2043307090506834, 0.20407183249207103, 0.20002036497873418, 0.2017571677764257, 0.2009325521249397, 0.20256459625328288, 0.2004721470031084, 0.19729217419437334, 0.19979628087843165, 0.200795359471265, 0.19874404589919484, 0.19871415563073813, 0.19659792953262142, 0.199590394894282, 0.19662646927377758, 0.1959515453553667, 0.20369614514650083, 0.19679528328717924, 0.19710458581354104, 0.19365226433557622, 0.19464685987023747, 0.1942036110980838, 0.19335542078696044, 0.19149483229015388, 0.22286084352755078, 0.20936506358431836, 0.1940099402677779, 0.19207073105316536, 0.19298906580490224, 0.19081061377244837, 0.18960521589307225, 0.1905732002912783, 0.18916232153481127, 0.1899112552112224, 0.18973581288375108, 0.18990118100362666, 0.18982789753114476, 0.19013651270492404, 0.1909012663744244, 0.18970953775387184, 0.190211565471163, 0.18759534018589, 0.18651838293846915, 0.18566271282878577, 0.18818725820849924, 0.18846737841765085, 0.2025386664797278, 0.20396557187332826, 0.18515254805485407, 0.1831351711469538, 0.1824442621539621, 0.18398739675096437, 0.1833852110247986, 0.18444182614193244, 0.18431774672924303, 0.18380908799522064, 0.17952910942189834, 