{"task": {"lambda": 0.5, "alpha": 5, "lr": 1e-06, "wd": 0.0001, "bits": 32}, "result": {"earlyStop": true, "loss": [4.506216223333396, 3.7308859147277533, 3.240126460206275, 2.921849060876697, 2.811688315634634, 2.6063857180815115, 2.5021081525905458, 2.443292664838772, 2.3963461506600474, 2.3138755860866285, 2.274164851389679, 2.2353997458429897, 2.2224710244758454, 2.1856504643664643, 2.1450223151375267, 2.1233522833562364, 2.1188438406177594, 2.084156639435712, 2.0544699719723534, 2.070555221800711, 2.029385933396863, 2.0040653213566424, 2.007835515573913, 1.9841564218787586, 1.9634284943926568, 1.9435328236397575, 1.9436828102551253, 1.919828381024155, 1.9136615576697331, 1.8979257216640548, 1.8898589821422802, 1.8721410074070388, 1.8718588308376425, 1.8580369736049689, 1.9148763698690079, 1.8458377940981996, 1.8611864669650209, 1.8190666928010828, 1.8288674985661226, 1.7933309455128277, 1.816095925429288, 1.8007586358809005, 1.799909797369265, 1.8392253319422405, 1.7716228777871412, 1.7631383403843524, 1.7614620961979324, 1.7542490129377328, 1.7536546348356734, 1.744354041183696, 1.7437169347323624, 1.7234357236062778, 1.7194830854149425, 1.723239650328954, 1.7128580253498227, 1.7212458293811947, 1.7086364130179088, 1.6956781993309658, 1.6994661642055886, 1.692725233003205, 1.6813156359335955, 1.6739790118208118, 1.6748691703758987, 1.6809658253309774, 1.6752798238805695, 1.656729629518939, 1.6645301168455797, 1.6478989583020116, 1.6399896688321058, 1.6595151085479587, 1.6342506090215607, 1.6472199632256639, 1.6305483746178009, 1.6539109618056054, 1.639488255568579, 1.6275422564324211, 1.628003232327162, 1.6212439580875284, 1.6285588928297454, 1.6852865476234287, 1.6012557289179634, 1.6053243121680092, 1.6083083363140331, 1.5977063161485336, 1.5920018527437658, 1.5895362972628837, 1.6052484713933046, 1.59776786115824, 1.5726531706019944, 1.5742823700694477, 1.5911841252270866, 1.5739762394451629, 1.5814931661474938, 1.5773716872813655, 1.5635484106400435, 1.5518203906568826, 1.562143227633308, 1.5767365279150944, 1.554128134951872, 1.5457335123244453, 1.549046832556818, 1.5451463951784021, 1.5552661313730127, 1.5268319570550732, 1.5929215164745556, 1.5255823123688792, 1.5343499715421713, 1.5467468044337105, 1.5253892855024804, 1.5370576513164185, 1.5716906692467483, 1.517415492558012, 1.513835143809225, 1.5274208900975246, 1.5140038582624173, 1.507807052602955, 1.5068478987497442, 1.5601884383781284, 1.49736473607082, 1.5103074391098583, 1.500105369909137, 1.5011183213369519, 1.497299280236749, 1.4867933941822427, 1.4877790513576246, 1.4901412310553532, 1.4974270708420698, 1.4932144842311448, 1.4730972738242616, 1.4839400327673145, 1.4810920585604275, 1.482515126466751, 1.5069558012719249, 1.467373198153926, 1.4682813614022499, 1.4543334771605099, 1.4830837016012155, 1.4556117142532385, 1.450745941084974, 1.4585154895104615, 1.4603601641514723, 1.4618150777384347, 1.4584364061262094, 1.4792937461067648, 1.4598470189992119, 1.4612608528604694, 1.4385617197144265, 1.4430377725877015, 1.4570754836587345, 1.450273798376906, 1.4362004469422733, 1.445009627470783, 1.4358423962896945, 1.4303817491905362, 1.4349662313858669, 1.426841616046195, 1.4301032827180975, 1.417945119680143, 1.454720228326087, 1.4215132637935526, 1.4117334086228819, 1.404062697408246, 1.3989666262093712, 1.4102340384441263, 1.4083288779445724, 1.4022091881317251, 1.3971498176163317, 1.4053757354324938, 1.4069946434567957, 1.4142114730442272, 1.3875636066876205, 1.4006328495109783, 1.4010363653594373, 1.3979572466775483, 1.3805985211157332, 1.3926725177203907, 1.3912397313351725, 1.3837432577913882, 1.3873124978705949, 1.3854241625351065, 1.3803630091396033, 1.3762060079504461, 1.36337851163219, 1.374147087043407, 1.3801241341759176, 1.3783097831057567, 1.378388240349059, 1.3730415719396927, 1.3666518023785423, 1.3623866824542774, 1.367265478068707, 1.355939961531583, 1.3500496610706927, 1.3600597638709873, 1.359365609054472, 1.3439371112514944, 1.3404945482810338, 1.356463597685683, 1.3491752428167008, 1.3426369723736071, 1.358989568025458, 1.346551407493797, 1.3539949553269965, 1.3394575428728963, 1.3314703568524004, 1.3217032169010126, 1.3360840356817432, 1.3456447814025132, 1.329711067033749, 1.3404138342422598, 1.3326600354676152, 1.3219612267087488, 1.3272489870295805, 1.3521879619243098, 1.3445025869444305, 1.323639900807072], "map": 0.7465556739586604}, "time": 457.3967852592468}