{"task": {"lambda": 0.5, "alpha": 5, "lr": 1e-06, "wd": 0.0001, "bits": 24}, "result": {"earlyStop": true, "loss": [4.452534909926209, 3.7578746197270414, 3.2785013621928645, 3.033496980573617, 2.8278474185396645, 2.7251435775382844, 2.5668044771049536, 2.487675012326708, 2.448312892633326, 2.3460531448032342, 2.331004355468002, 2.247048956214213, 2.2255803977741913, 2.1762888224101533, 2.217399178766737, 2.153816491949792, 2.1247295795702468, 2.0804454593681823, 2.052739100421176, 2.033208944049536, 2.0126846581697464, 2.009706074700636, 1.9875983832513584, 1.9757984412067078, 1.9544265264389562, 1.944880236597622, 1.968342196707632, 1.9208365179160063, 1.9060519702878653, 1.8831490231495278, 1.8771079372541577, 1.872429958745545, 1.851710152976653, 1.8509490302964753, 1.8356479140473347, 1.854492532271965, 1.834533832529012, 1.8302517781654994, 1.8185290916293275, 1.7878015675381118, 1.7927604624453712, 1.8106081298753327, 1.7902300790244459, 1.7717333418481491, 1.765876012689927, 1.7622905440774619, 1.7624256894284605, 1.7535548400060803, 1.744896972004105, 1.7372773745480705, 1.7199657614908965, 1.7369094981866724, 1.7204936941464741, 1.7064663405511893, 1.7122160018074746, 1.7074294300640331, 1.709519532673499, 1.7049466727995406, 1.6686913917462032, 1.6911231513116873, 1.6860160009533751, 1.6817147407461615, 1.6799248974112904, 1.6580233807657279, 1.672965752143486, 1.6706509330109054, 1.6549208596640943, 1.6481145075431056, 1.6587207691342223, 1.6423286594012205, 1.6401929247613047, 1.6454697727572685, 1.6281719418133007, 1.6142939983629714, 1.6307348275885862, 1.6222635717952953, 1.6265914627149993, 1.6187270400570888, 1.61378340539979, 1.6116719099820829, 1.634212989433139, 1.6156803205901502, 1.5943397616638857, 1.6077287980154449, 1.5951254584041297, 1.5856617575182634, 1.5871183647244584, 1.580451786518097, 1.6181152568143957, 1.57127598863022, 1.5647988997253717, 1.577790987257864, 1.5745932480283813, 1.568934034190926, 1.5504515320062637, 1.5600475590018665, 1.6039815767138612, 1.5581467604520274, 1.57354844083973, 1.546863772997669, 1.555208541891154, 1.5490668310838587, 1.5856912837308996, 1.550591598100522, 1.5511445658756238, 1.5332412605776506, 1.5394601596921098, 1.5277343614428651, 1.5380592387096554, 1.5269264602193646, 1.5221498830645692, 1.5317265505299849, 1.525626174082943, 1.526142494351256, 1.511572657846937, 1.5181102440053342, 1.5188624072892993, 1.5008020082525177, 1.5131147568132364, 1.5096286114524393, 1.535895777683632, 1.5021187940648957, 1.5021378085309385, 1.48838285371369, 1.4888516626521653, 1.4945082173627966, 1.4922255923350651, 1.4925604012666964, 1.4687324645472508, 1.4845520442022997, 1.4754898510142869, 1.4857769103026857, 1.471398181775037, 1.5287353805467194, 1.5119509626837337, 1.4715073950150435, 1.4641045478044772, 1.4594850896620284, 1.459557871023814, 1.4619757953812094, 1.4453067306210012, 1.4541711523836733, 1.5201849049212885, 1.4471184270931226, 1.455713034844866, 1.5036560495694478, 1.4489147303735508, 1.4444282417203866, 1.4457016839992767, 1.4471168152841867, 1.433762883877053, 1.435443812433411, 1.4400968421615807, 1.4228647818752365, 1.4614841377033907, 1.4179005462164973, 1.4319283914040117, 1.4770685995326323, 1.4496698145772897, 1.420466752467202, 1.416106436182471, 1.4297726583831452, 1.4224554431789063, 1.4343951414613163, 1.41565915211743, 1.4204152746527803, 1.416279929525712, 1.4157555909717785, 1.411039207495895, 1.405073267864246, 1.4040726735895754, 1.40759644204495, 1.407016079507622, 1.392492433242938, 1.3970571098958744, 1.4026361002641565, 1.3929126118035877, 1.39276906687255, 1.4053920817141439, 1.3951390531717562, 1.3923596656497788, 1.3832970433959775, 1.3877174266997505, 1.3857121118435674, 1.3791889618424809, 1.3787169642016, 1.3679727640222101, 1.371791573716145, 1.3966721576802872, 1.3842622170261307, 1.3684098104051514, 1.3693360958029241, 1.3729835573364706, 1.365166683261301, 1.3738738625657325, 1.3690804149590285, 1.355289268727396, 1.3702948350532382, 1.361339633955675, 1.3607911533292603, 1.3530978580900268, 1.3583946572799308, 1.3564823506509556, 1.3503947795606126, 1.3389375519518758, 1.390355274957769, 1.3311230268548517, 1.3430601770386976, 1.3350200942334007, 1.3373087066061355, 1.3373575987769108, 1.3355365576697331, 1.3371355383127344, 1.3390403880792505, 1.377839259072846, 1.3355223218015595, 1.342188226679961], "map": 0.743587539506091}, "time": 460.2039544582367}