{"task": {"lambda": 0.5, "alpha": 1, "lr": 1e-06, "wd": 1e-06, "bits": 12}, "result": {"earlyStop": true, "loss": [1.4002260332014047, 1.170180498384962, 1.0608848800846176, 0.9862919952355179, 0.9430448535610648, 0.9022173086802164, 0.8738777298553317, 0.8543171774522931, 0.8376798770006966, 0.82342342301911, 0.8024803382508895, 0.7940258541527916, 0.7813312975214977, 0.7695435025528365, 0.7612455430276254, 0.7505966597327999, 0.7515410371855193, 0.7403028791441637, 0.7318022277425317, 0.7235168351554403, 0.7164769346515337, 0.7103389852187213, 0.7138825538111668, 0.6995245882985639, 0.7093397238675285, 0.693574963831434, 0.6901377787192663, 0.6861172286318797, 0.678888321361121, 0.6746359975898967, 0.6762723957791048, 0.6706829071044922, 0.6694214314806695, 0.6673778888641619, 0.6585066119829813, 0.662458692111221, 0.6495305537154862, 0.6493441092909551, 0.6479160182324111, 0.6583030071913027, 0.6429695953048912, 0.6490281960543465, 0.6412057248400707, 0.6348476059296552, 0.6370749084972868, 0.6373186295523363, 0.6309358053932003, 0.6286257423606574, 0.632234984460999, 0.6290328543560177, 0.6198778520612156, 0.621169924736023, 0.6202624966116512, 0.6155557641211677, 0.6138198457512201, 0.6119019191931275, 0.6111604644387376, 0.6087955607503068, 0.6003116236305704, 0.6048003966901817, 0.6033314171375013, 0.603468458442127, 0.5956006513214579, 0.5955587087893018, 0.5966692105227825, 0.5974082233859044, 0.5933418361579671, 0.5919006908056783, 0.586545024432388, 0.6082379677716423, 0.5859583150230202, 0.5839602684273439, 0.5797988959387237, 0.5822800462152443, 0.577235130702748, 0.5759622197525174, 0.5774079675183577, 0.5736330559148508, 0.5731465571066913, 0.5715968468609978, 0.5752273722022188, 0.5684124143684611, 0.5664360333307117, 0.566863532744202, 0.5649505979290196, 0.5654039377090978, 0.5601610685972607, 0.5607351047151229, 0.561356306660409, 0.571796445869932, 0.5546610922205681, 0.5546388614411447, 0.5532918879214455, 0.5499631194215194, 0.5544122293883679, 0.5554572054568458, 0.5539402020912544, 0.5538396478867998, 0.5466673369793331, 0.544172596551624, 0.5556825615611731, 0.551587337956709, 0.5449226218111375, 0.542904381366337, 0.5442237243348477, 0.5606553256511688, 0.5368494029138603, 0.5371273777210245, 0.5343430235105402, 0.533447118293421, 0.5395639341543702, 0.5378644904669594, 0.5377071038180706, 0.5331620048074162, 0.5309585534474429, 0.5291738622620994, 0.5369274511056787, 0.5284450755399817, 0.53162901541766, 0.5263711401060516, 0.5253303997656878, 0.5252038293025073, 0.5271237732148638, 0.5239330181011966, 0.5296428858065138, 0.5219813978262976, 0.5207790124650095, 0.5158230038542374, 0.5244841628214892, 0.5166051435996505, 0.5163045613204732, 0.5150662253008169, 0.5311136923584283, 0.5155181865773949, 0.5128126623583775, 0.5115001116897545, 0.510738230511254, 0.50947653399963, 0.5124814188947865, 0.5116971450693467, 0.5043983180441108, 0.506090858549464, 0.505731961890763, 0.508445549391064, 0.5066878683134621, 0.5028635725086811, 0.5175246076256621, 0.5079570149674135, 0.5044111346497255, 0.5159393204193489, 0.4973038933148571, 0.5019624643758231, 0.5127503988789577, 0.5013625794181636, 0.5022790239137762, 0.49826392589830887, 0.5025624475058388, 0.4948977860165577, 0.4985335323156095, 0.49120185421962365, 0.5060232287528468, 0.4969671254648882, 0.4904407683540793, 0.49017630875402807, 0.4910108664748715, 0.4942146913678038, 0.49890007458481134, 0.4934251645908636, 0.48711738852309244, 0.4897941174168213, 0.4919728809127621, 0.4872071614452437, 0.4861162129570456, 0.48750758930748583, 0.4864604085245553, 0.490367555735158, 0.48392340190270366, 0.4816683496476388, 0.4876539940927543, 0.4811856968730104, 0.5002774122883292, 0.48151609360003006, 0.4823005041655372, 0.48288898827398524, 0.47962508861925085, 0.4813549360808204, 0.4758365675806999, 0.47812474767367047, 0.47764179344270746, 0.4787350720634647, 0.48994658449116874, 0.4740544979770978, 0.4705793235231848, 0.4727012878831695, 0.4724759888269153, 0.47362232252078895, 0.4729815432254006, 0.46959258557534683, 0.47586456233379887, 0.46882486767044257, 0.4711056389645034, 0.47000010691437066, 0.4656567421613955, 0.4712912703261656, 0.47587721721798765, 0.47669127408195944, 0.46249835441509884, 0.4635109819617926, 0.46618160247510554, 0.46352119480862336, 0.46584487954775494, 0.49620028804330263, 0.4621548991577298, 0.4673132417248745, 0.4617699305800831, 0.46139927296077504, 0.4574568242419, 0.46190819743217204, 0.4590330473056026, 0.45771317096317515, 0.4584440536358777, 0.4563735999605235, 0.4565339722469741, 0.4529514474903836, 0.4546426582862349, 0.45590808286386375, 0.45627596784456104, 0.45512604275170493, 0.4537135359703326, 0.45395075223025155, 0.46087055697160606, 0.4527408463113448, 0.450923656131707, 0.45017949623220105, 0.44682829907419636, 0.4511788196715654, 0.4757053349532333, 0.4511714215372123, 0.44663305361481276, 0.44770388451277043, 0.4486817146341006, 0.45501913510116876, 0.44524508816938774, 0.4449806862017688, 0.4476865350323565, 0.44522631986468447, 0.44339431617774216, 0.44467617206129373, 0.4436107574432504, 0.44543395059950214, 0.4439879153289047, 0.438670076356799, 0.4583422938982646, 0.4428935956721212, 0.45001936309477863, 0.44233082600084006, 0.4394129394900565, 0.4388163441828653, 0.44336782249749873, 0.4434406202213437, 0.4362853319913733, 0.44361259423050226, 0.4362323817376997, 0.43025509983885524, 0.44288289956018034, 0.4329831270026226, 0.4446088981394674, 0.43651168428215326, 0.4381231350057265, 0.4398379717387405, 0.4350161781059761, 0.4336124023093897, 0.43751592700387915, 0.4370865272540672], "map": 0.7348200415079745}, "time": 580.9187526702881}