{"task": {"lambda": 0.5, "alpha": 1, "lr": 1e-05, "wd": 1e-06, "bits": 32}, "result": {"earlyStop": true, "loss": [0.9093086649389828, 0.751686204882229, 0.7090281023114335, 0.6812317929431504, 0.6588973283183341, 0.6355225391247693, 0.6226093608374689, 0.6082112572941125, 0.6004296947343677, 0.5868870405589833, 0.5788598019702762, 0.5630414781032824, 0.5572126498993706, 0.5464594209311056, 0.5358781049064562, 0.5309910032094693, 0.5240610776578679, 0.5160282517180723, 0.5057576701921576, 0.5019292537780369, 0.4951413492946064, 0.4883955042151844, 0.48410680539467754, 0.48930470265594184, 0.4730151863951309, 0.47553617229648665, 0.467913117917145, 0.4561809085163416, 0.45117178164860783, 0.45074207642499137, 0.44743237133119623, 0.44746190864665836, 0.47364966775856765, 0.44483544633669014, 0.4280186955835305, 0.4244939056681652, 0.4228678297470598, 0.4202275378446953, 0.41597279117387886, 0.41077255822864234, 0.40818388058858757, 0.4055677189254293, 0.40240530443249967, 0.3988482957961513, 0.3936314503936207, 0.39099153876304626, 0.3901573419570923, 0.3878008448610119, 0.3825710009710461, 0.3760758663217227, 0.3737004337941899, 0.3694851842581057, 0.3678078860336659, 0.3688952776731229, 0.36729741973035474, 0.35796143874233843, 0.35664894943143804, 0.35406794179888335, 0.3492468329621296, 0.3489302595456441, 0.34748826336626915, 0.3490274034294428, 0.3405573388525084, 0.3352763325560327, 0.3411426029953302, 0.3368757177217334, 0.3311627042644164, 0.3260436846929438, 0.3317534479440427, 0.32834672810984594, 0.3241946280879133, 0.3198409790501875, 0.3164937516637877, 0.3155653663710052, 0.3148249950186879, 0.3112538234860289, 0.30676186581452686, 0.3042240922941881, 0.3065030408256194, 0.30067829553987463, 0.3036724705906475, 0.29953496698655335, 0.2970251297833873, 0.29484956550831887, 0.2915404913764374, 0.2913300580545968, 0.2888603362382627, 0.2870533968888077, 0.2832924209389032, 0.28411681862438426, 0.27836675956553103, 0.2807964930931727, 0.2789418145137675, 0.2763194719365999, 0.27347143695634957, 0.2711691926507389, 0.26813627516522126, 0.26839596821981315, 0.26583170759327274, 0.26884638240524367, 0.2658342879776861, 0.2619124266738985, 0.26070934256502226, 0.2567604057052556, 0.25738847869284015, 0.26030420526569964, 0.2568421520146669, 0.2541928630249173, 0.2510099910637912, 0.2523982721362628, 0.25492478498056825, 0.2518259676940301, 0.24838677676869372, 0.24509040719153835, 0.24466394180176304, 0.24490468656899883, 0.24034011159457414, 0.24268064867047703, 0.23986801037601396, 0.23875871695139828, 0.23824311442234936, 0.2362724289882417, 0.23843915818953046, 0.23248657554972404, 0.23559902593785642, 0.23150039391190397, 0.23148068727231494, 0.22979915697200626, 0.2305264043457368, 0.22713510765164507, 0.22507619916224011, 0.22479108589537003, 0.22252297226120443, 0.22418831201160655, 0.2227246840210522, 0.21969011447885456, 0.2202232290132373, 0.2225351456333609, 0.2173412426867906, 0.2180748653470301, 0.21676585472681942, 0.2151858708729931, 0.21483294315197887, 0.2167170734382143, 0.21429076089578517, 0.2099836886513467, 0.214993729456967, 0.2093214078568945, 0.20806620343058718, 0.20714587528331607, 0.2058467853303049, 0.2087696916332432, 0.20619706561168036, 0.20517552132700004, 0.2050214830566855, 0.2065315281643587, 0.2052056430017247, 0.20223449316679262, 0.1995083239733004, 0.20021501475689457, 0.19998104169088252, 0.1986272865358521, 0.1967773596737899, 0.1979418630693473, 0.19616066511063016, 0.19436772605952093, 0.19350217268163084, 0.19515594489434185, 0.19648786268982232, 0.1920155107098467, 0.19090251661106653, 0.1914655826255387, 0.19067145387331644, 0.18995674962506576, 0.18977758456386773, 0.18665951826408797, 0.18856949636749193, 0.18761500248722002, 0.18781614858730167, 0.18834633029559078, 0.18498865558820612, 0.18511400357180952, 0.18493224096064473, 0.19183525735256718, 0.19009953021418816, 0.18222408588318265, 0.18000901183661291, 0.18074816231634103, 0.17952367035197278, 0.18282845499468783, 0.17866259082859637, 0.18092773474898993, 0.17909903911983266, 0.177516096070701, 0.17480086498692923, 0.1797134860181341, 0.1751930757480509, 0.17450696463678397, 0.1755473794890385, 0.17607963216655395, 0.17409546088938618, 0.1751833346982797, 0.17381189909635805, 0.17096412145331794, 0.17278131024510252, 0.17193118804225735, 0.17057494059497236, 0.16952087605992952, 0.1719834719802819, 0.16964731905974595, 0.16924111983355353, 0.1707221363105026, 0.1682059639224819, 0.16622592654882692, 0.1687939998273756, 0.16614070359398336, 0.16580717236387962, 0.1664039821309202, 0.1646424769332596, 0.1626730657675687, 0.1641337209764649, 0.16589803234034894, 0.16279175760699252, 0.16241705592940836, 0.16249770115987927, 0.16215028160927342, 0.16322161900062188, 0.16119823487950305, 0.16248384950792089, 0.16335821590002844, 0.1567421846237837, 0.15841157822047963, 0.16024465084660286, 0.16039225108483257, 0.15875053186626994, 0.15861738663093716, 0.15433992270161123, 0.15552453316894232, 0.15635054865304163, 0.1555454441729714, 0.15661555806211397, 0.15530863302011116, 0.15650870724051608, 0.15559294111296243, 0.15535685215510575, 0.1540442407131195, 0.15522558139819725, 0.15270493603220173, 0.15182795287931666, 0.1519453413784504, 0.15246763474801006, 0.1512733750483569, 0.1527664101883477, 0.15147788851868874, 0.1496499906860146, 0.14993265592584423, 0.15087269633716227, 0.1487333330453611, 0.15113884634247013, 0.15004411631939457, 0.14914944008284925, 0.1476193694215195, 0.14825699156990238, 0.14801332025843508, 0.14748676690985174, 0.14684242200033337, 0.14451101407700895, 0.14591135625161378, 0.14747756281319788, 0.1442819148594258, 0.1432462040261895, 0.14354242245648421, 0.14495356044932908, 0.1450258428413494, 0.14402076455892301, 0.1425005025139042, 0.1433527799797993, 0.14116031450091623, 0.14148194941819883, 0.1420062875338629, 0.14126571691503712, 0.14254443088144647, 0.14054296297185562, 0.1405044891962818, 0.13956545081500912, 0.13997422421679778, 0.14012894458046146, 0.13951027977700328, 0.13966093577590644, 0.13980448319047106, 0.1386960182411998, 0.13794096646940007, 0.13777855360040478, 0.13721253346724838, 0.13832021621512433, 0.13756436810773962, 0.13639273085430556, 0.1363458329556035, 0.13595800072539085, 0.13571227429544225, 0.13616620573927374, 0.13557666817716524, 0.13514277404722044, 0.1344569714045992, 0.13466845818010031, 0.1327574454686221, 0.13392403312757903, 0.13324706227171654, 0.13342883467089897, 0.1321317023214172, 0.13374686606374442, 0.1346653429608719, 0.13217975023914785, 0.1314655736673112, 0.13545144188637828, 0.13757245301031598, 0.13264371118709153, 0.12937230193147473, 0.12998262018549675, 0.12942436191381193, 0.1301200449758885, 0.1293038543971146, 0.13085797794309317, 0.13036202369075195, 0.12908968212557773, 0.12869440413573208, 0.12707788730953254, 0.12957840982605429, 0.12922733583871057, 0.1291226085786726, 0.13028760079075308, 0.12797632711190804, 0.12697607622134918, 0.12798655128069952, 0.12539835727097942, 0.1264680905961523, 0.12575121530715158, 0.12749792182562397, 0.1259728919933824, 0.1260001531564722, 0.12357200105108467, 0.12704209749605141, 0.12427129202029284, 0.1242128425076896, 0.1262271230419477, 0.14600776924806483, 0.13031821960912032, 0.12341603402997933, 0.12350688940461944, 0.123455772505087, 0.12459769114559772, 0.12403072708962011, 0.1235258902112643, 0.12323955811706244, 0.12239349728413657, 0.12343218893397088, 0.12315699750301885, 0.12188409078939288, 0.12220234058651269, 0.12217081016769596, 0.12026388672929184, 0.12239633252223332, 0.12024885328376994, 0.12115072685421682, 0.12059414481707648, 0.12081139140269335, 0.1189952294762228, 0.12224895740840949, 0.1187687745573474, 0.12114212515891767, 0.12065457194751385, 0.11870496347546577, 0.1195495271799611, 0.11950705463395399, 0.11901738903686113, 0.11756483545782519, 0.11924053100394268, 0.1194364169941229, 0.1175036171049464, 0.11749862032193764, 0.11738299746431556, 0.11786277935493226, 