{"task": {"lambda": 2, "alpha": 3, "lr": 1e-05, "wd": 1e-06, "bits": 32}, "result": {"earlyStop": true, "loss": [2.2318396872165156, 1.7967499751670688, 1.6992052635725807, 1.6518853879442401, 1.5950445836665583, 1.5576543071690727, 1.5095093489861955, 1.4881275921475654, 1.455778624497208, 1.4289459632892234, 1.3888616445017796, 1.3737404971730476, 1.3467405350769268, 1.338065273621503, 1.309646298487981, 1.3224847118059795, 1.2779436088075824, 1.2497977047574287, 1.248134462856779, 1.232859868629306, 1.222858021072313, 1.22864276638218, 1.1913182437419891, 1.1798335337171368, 1.1655834206179077, 1.1461706997132768, 1.1461751350000793, 1.1270295434138353, 1.1255254500052507, 1.1106782894508511, 1.1053890486558278, 1.0916353288818808, 1.0865145460063337, 1.1363949927629209, 1.0777043314541088, 1.053068819583631, 1.0479614261318655, 1.0559192755643059, 1.0812889068734413, 1.0452500967418445, 1.029086740577922, 1.0179608101938284, 1.0036401736970042, 1.001364976752038, 0.9903791453324112, 0.985690134413102, 0.9723926873183718, 0.9772182469274483, 0.9651526966515709, 0.9677731301270279, 0.9554027628664877, 0.9615922885782578, 0.954342911640803, 0.936513110703113, 0.9738148614472034, 0.9464229707624398, 0.9190891759068358, 0.9075029924804089, 0.9010780342653686, 0.900886111984066, 0.8968412724195742, 0.8994083907089981, 0.8824114700158437, 0.8877683457206277, 0.8738464081988615, 0.8848564168986153, 0.8681462173368416, 0.8563396112591612, 0.8603043380905601, 0.8454445451498032, 0.847509390875405, 0.833198675922319, 0.8291611145524418, 0.8314755260944366, 0.8476356244554707, 0.8285836314453798, 0.8099864081424826, 0.8110594135873458, 0.7993231371921652, 0.8047351767035091, 0.7954897132574343, 0.7913265666540932, 0.785576837904313, 0.7780567080366845, 0.7779438852095136, 0.7734658414242315, 0.7577497912388221, 0.7592135907388201, 0.7620532880811131, 0.749788286493105, 0.7483284265971651, 0.744301922473253, 0.744549928926954, 0.7546319529121998, 0.7438238870863821, 0.7285022273951886, 0.723824732151686, 0.7227990101365482, 0.721421455635744, 0.7143891792671353, 0.715518615993799, 0.7085446166057213, 0.7095867412931779, 0.7056629283755433, 0.6958316827521605, 0.7077538008783378, 0.7016407438352996, 0.6922108624495712, 0.6872663272946489, 0.6834859059137457, 0.6819755429146337, 0.6722693495890674, 0.6700583398342133, 0.6694725903810239, 0.6679887590455074, 0.6669936413858452, 0.6674067155987609, 0.664141518520374, 0.6579263531694225, 0.6617819123408374, 0.6938338098572749, 0.6607348293650384, 0.6435777200203315, 0.6443588634332021, 0.6377261555662342, 0.6406357533791486, 0.6366566463428385, 0.6311935551610648, 0.6317563717271767, 0.6277187010821175, 0.6255618065011268, 0.6206853331304064, 0.6219136060452929, 0.618755917338764, 0.6183100126537622, 0.6104383188135484, 0.612211735517371, 0.6072140248382792, 0.6058384226817711, 0.6095107279571832, 0.6076217176867467, 0.5993931793114718, 0.5948905290341845, 0.5886336600079256, 0.5913535166604846, 0.5933627059646681, 0.5881118093635521, 0.5890026101294685, 0.587008555730184, 0.5862585101641861, 0.580103010523553, 0.5812132376081803, 0.5761141262802423, 0.579913607415031, 0.5751837760794396, 0.5707200642894296, 0.5669530840481029, 0.5619520983275246, 0.5603166380349327, 0.5651820775340585, 0.5667154607819576, 0.5670703468369502, 0.5582262452910928, 0.5514199546739167, 0.5485631452471602, 0.5496464465178695, 0.54611109781499, 0.5430457682586184, 0.5478311461560866, 0.5429532679856992, 0.5391614884138107, 0.5453693761545069, 0.5401537319024404, 0.5387361587262621, 0.5417960928935631, 0.5326088088400224, 0.536401711842593, 0.530309737605207, 0.5273801804173226, 0.5281894732924068, 0.5249884128570557, 0.5207534283399582, 0.534782325520235, 0.5427298309171901, 0.5272510694522484, 0.5170714025403939, 0.5174393195147607, 0.5166703813216266, 0.5127663822735057, 0.5113626300704246, 0.5116840481173759, 0.5161570626146653, 0.5071892495833191, 0.5108624831134198, 0.504991797839894, 0.5053078806867787, 0.5013122628716862, 0.5001272883485345, 0.505262106072669, 0.5183998352172328, 0.514280829651683, 0.5064947219455943, 0.4951443117038876, 0.4914632842821233, 0.48951998645184086, 0.49253105094619826, 0.4847562107093194, 0.48702626105617075, 0.4925108703912473, 0.4877849861102946, 0.4874211812720579, 0.4874953610055587, 0.4916071921002631, 0.49209462953548805, 0.48443254127221946, 0.4821280419242148, 0.4813402970047558, 0.47987715695418565, 0.47941480430902217, 0.4814780652523041, 0.4744480880452137, 0.4820195004051807, 0.4790041259690827, 0.4768719015752568, 0.47622360610494424, 0.4746687079177183, 0.4622382695476214, 0.4677686527663586, 0.468955186067843, 0.4747081498305003, 0.46517840319988774, 0.46298731366793316, 0.46173612919508245, 0.4628261158279344, 0.4583476670816833, 0.4696398231328702, 0.46927836829540776, 0.4567172159166897, 0.4561835486514896, 0.4506671814357533, 0.4504976433281805, 0.4524107259862563, 0.4506090073024525, 0.44871105662747923, 0.4509311189838484, 0.4481089882114354, 0.44318993681786106, 0.4519214571691027, 0.4516189565845564, 0.44359059105901155, 0.46800614455166983, 0.47159821846905875, 0.44268017306047325, 0.43831851903130026, 0.4411262279632045, 0.4401165609266244, 0.44149517136461597, 0.43837006068697165, 0.4403144150388007, 0.43308083333221137, 0.44105634736079796, 0.439320095613891, 0.43720559848874224, 0.4365655753542395, 0.4336128337126152, 0.43547938647223455, 0.43010444150251503, 0.4309103681760676, 0.42925359513245376, 0.42710033029902217, 0.43038952000000896, 0.4325730940874885, 0.4314093367726195, 0.42602163348712174, 0.42418043607590245, 0.4228391848942813, 0.421840142677812, 0.43022454018686335, 0.4229002565729852, 0.4228082719971152, 0.4182911649638531, 0.4199961607947069, 0.42163006873691783, 0.41974957667145074, 0.4187304979445888, 0.41046345409225016, 0.4160573616916058, 0.41508980708963733, 0.41337267528561983, 0.41554958212609383, 0.4159776112612556, 0.41145507027121153, 0.41345719554845023, 0.4114920806651022, 0.4055104138804417, 0.41239934867503597, 0.4122641638797872, 0.40688103992565006, 0.40226274699557063, 0.4038212021776274, 0.40899422852432027, 0.40599280829523127, 0.40603017602481095, 0.40499065495004843, 0.39849241107117894, 0.40106690748065127, 0.39805036491038753, 0.40306465941316943, 0.39881814943224775, 0.3955043852329254, 0.39514028383236305, 0.39847704359129366, 0.39327121715919644, 0.39717670369381997, 0.3962494047249065, 0.3898014703802034, 0.40004537736668305, 0.3938194942824981, 0.3916064445294586, 0.3886886129484457, 0.3886359941725637, 0.39476670938379627, 0.3926055139186336, 0.3840284277411068, 0.38896332388999416, 0.38561978293400184, 0.39463649660933253, 0.3904325011021951, 0.3819625526666641, 0.3841172117812961, 0.3816978960644965, 0.3846212567067614, 0.3801362479434294, 0.37814637857909295, 0.37916356208277685, 0.37956927687514064, 0.38364146445311753, 0.3790831064768866, 0.38023623035234566, 0.37694303603733287, 0.4094819379787819, 0.3933476431697023, 0.37793399247468684, 0.37471752160904453, 0.3768767536270852, 0.371615901297214, 0.3706703741176456, 0.38089217976027845, 0.3839242078509985, 0.3740013773534812, 0.37148953652849387, 0.3729843760237974, 0.3757619995112513, 0.3732856891903223, 0.3682152044539358, 0.3704620783819872, 0.3693921934155857, 0.36696048665280434, 0.36834264882639345, 0.3674694138999079, 0.36855818009844016, 0.3650705541173617, 0.3688201537611438, 0.3653343772771312, 0.3641287815921447, 0.35879431869469436, 0.365591612516665, 0.3651404971001195, 0.36222465219450933, 0.3617555579426242, 0.3623160906866485, 0.36155476260418984, 0.3827006849003773, 0.36820128852245854, 0.3614831362284866, 0.3580591588043699, 0.36041586247144963, 0.3522170077936322, 0.359193407145201, 0.3566564374110278, 0.3570185677677977, 0.35359225787368476, 0.3551909298289056, 0.3553038332976547, 0.35897645383488896, 0.35568807259494184, 0.35373581273883, 0.3549909258590025], "map": 0.7711926549606719}, "time": 818.6995575428009}