{"task": {"lambda": 1, "alpha": 5, "lr": 1e-06, "wd": 0.0001, "bits": 24}, "result": {"earlyStop": true, "loss": [4.842630949674868, 4.232864585577273, 3.7358589499604467, 3.3687782030479583, 3.1974554903366985, 2.9696663524590288, 2.840127331953423, 2.7336111506995033, 2.6366872319988177, 2.5619398875563753, 2.507698093559228, 2.5506952930899227, 2.39553019638155, 2.366976837901508, 2.3309334311999526, 2.2929946914607404, 2.2740259708142747, 2.2353994782064475, 2.2179499809064116, 2.1832408241781533, 2.175631042204651, 2.1439656615257263, 2.1557667395647835, 2.1042558021989524, 2.092822473130974, 2.134449192121917, 2.0679617652706073, 2.110971593389324, 2.081806500752767, 2.0537347326091693, 2.032009690123446, 2.024867224927042, 2.007930487978692, 1.9948643948517593, 2.036584540909412, 1.9932866604889141, 1.9856468228732838, 1.9697845356137145, 1.9682908636682175, 1.9559840530741448, 1.977620386609844, 1.9377441590323168, 1.9229502444173776, 1.9166700898432265, 1.9178251396207249, 1.9172322866963405, 1.9068818340698879, 1.9261125232659133, 1.9005114179031521, 1.9030252823642655, 1.8770621956563462, 1.8792396322184919, 1.8688810602122663, 1.8721001341062433, 1.8582208530575621, 1.8490573793065315, 1.8885414787367278, 1.8464753747570748, 1.886380064721201, 1.8409939630358827, 1.8402933653663187, 1.8368151316455765, 1.8402827417149263, 1.8260028894041098, 1.8629659624660717, 1.8414331604452694, 1.8097052907242495, 1.8290411491020053, 1.8105752140867943, 1.8014531281648898, 1.7928619300033533, 1.7958128125059838, 1.8053629445094688, 1.7750344042684518, 1.778695545944513, 1.7747457500766306, 1.7752780844183529, 1.7739565781518525, 1.7556921220293231, 1.7930991556130202, 1.7573256609486598, 1.7549319389988394, 1.7406193017959595, 1.7476026807345597, 1.7440091023842494, 1.7356161492712356, 1.7805657971139048, 1.7199188540963566, 1.7193297030879002, 1.735693602000966, 1.717251088104996, 1.7174924641263252, 1.7254279460392745, 1.7144008869049596, 1.7075186941553564, 1.69736559659827, 1.6988078531096964, 1.6925014505783718, 1.7076396942138672, 1.69557133872135, 1.6965907204384898, 1.692484772088481, 1.687415501650642, 1.6826804327029807, 1.684127788917691, 1.6779643034233767, 1.6780235954359466, 1.6743243196431328, 1.6817402477357901, 1.6763829559672112, 1.661059355618907, 1.6849705261342667, 1.657286747413523, 1.663048473351142, 1.656349224202773, 1.6460623659339606, 1.6488582410064399, 1.64756180433666, 1.653001257017547, 1.63824282235959, 1.6475895727966345, 1.6478277003648234, 1.629333032696855, 1.6264341125885646, 1.6270589030840819, 1.6275774699215795, 1.6148607158193402, 1.6327568415333242, 1.6322854967678295, 1.619066375727747, 1.655616461061964, 1.606821204517402, 1.618064920691883, 1.5996348367017859, 1.5985517607015722, 1.6517074505488079, 1.6023720599272673, 1.600905191080243, 1.598365403565706, 1.6058272587902405, 1.5855403101327372, 1.5955088541788214, 1.5770890303686553, 1.5757334498213786, 1.5831035594729816, 1.5779764170155806, 1.5747248860550862, 1.577067142608119, 1.5770481047677058, 1.62962208775913, 1.6458983842064352, 1.595152174725252, 1.5954296916138893, 1.5660729840690015, 1.5658743901579988, 1.5685863337096047, 1.5660524081950093, 1.5660494156912261, 1.5684524686897503, 1.555505783826697, 1.559212447381487, 1.5532362542900384, 1.5525379835390578, 1.5449639953234617, 1.6240752421173394, 1.5345514974757737, 1.5521613476323146, 1.538024842154746, 1.5515251557032268, 1.5365119558923386, 1.5430077764333463, 1.5245600737193052, 1.5352817259582818, 1.532759637955357, 1.5403190085700913, 1.5284598294426412, 1.5217962025427352, 1.5250131163526983, 1.531961758054939, 1.50674472953759, 1.5127645120316862, 1.518288726315779, 1.5007780428026236, 1.515863526101206, 1.5100375133402206, 1.5087784566715652, 1.5086773952432708, 1.5049577928056903, 1.5112518525006724, 1.5043523451861214, 1.5103607458226822, 1.49893049428276, 1.504166957210092, 1.4934983609938155, 1.4853465264918757, 1.4899522326156205, 1.4848381692872328, 1.5002100555335773, 1.4922489056400223, 1.4833689787808586, 1.4838087839238785, 1.4789082013508852, 1.4869298321359299, 1.4719504284508087, 1.462365456363734, 1.4723499154343325, 1.4739838280514175, 1.4744690814438988, 1.4760374999513812, 1.4673145667595022, 1.4713644040565865, 1.4544356290031881, 1.4697417529190289, 1.468196473869623, 1.4635024199298783, 1.4506204680484884, 1.4516041904103523, 1.4542703602243872, 1.5007314682006836, 1.448106373057646, 1.4359055035838895, 1.4455209622780483, 1.439105459872414, 1.4556760262040531, 1.4376879886669272, 1.4242987442834705, 1.4321960240018135, 1.4339285415469432, 1.434342433424557, 1.4273374524770999, 1.4371874589546054, 1.4437840043329726, 1.4374777549037747, 1.431273256446801, 1.4172253670061337, 1.5159682058820538, 1.4190926738813812, 1.4320780827718622, 1.425729357728771, 1.414048022207092, 1.4968196667876899, 1.4257828382884754, 1.408423391042971, 1.4473108754438513, 1.452483634154002, 1.408524188340879, 1.4029518693101173, 1.4116047179582072, 1.4086553840076221, 1.4176385466958963, 1.4035687740234768, 1.4099145303754246, 1.4518958260031307, 1.4035483061098586, 1.3921234242471994, 1.3937029750908123, 1.49673223027996, 1.4012001744088005, 1.3952047842390396, 1.449235299054314, 1.4127054448221243, 1.3962005017434849, 1.385542097921465, 1.39752083169479, 1.3869264184259902, 1.3879776529821695, 1.3868173714361938, 1.3846281606192683, 1.4196613559535904, 1.38374063372612, 1.399423124743443, 1.372906086783783, 1.3787748492231555, 1.3741254131583607, 1.38304229109895, 1.3776576764443342, 1.3745831034931482, 1.3806775820021535, 1.3767655965159922, 1.3638326239352132, 1.356089494099804, 1.3711160558695887, 1.372378737610929, 1.375905104711944, 1.368154806833641, 1.3625108108801, 1.3505788991848628, 1.3646739154469734, 1.359210802643907, 1.361122894520853, 1.3531788061646854, 1.3555538154700224, 1.3483951886494954, 1.378654894875545, 1.3406691226889105, 1.3501042901885276, 1.3492383603371827, 1.3504817456591363, 1.3428466951145845, 1.3508695843173009, 1.34381399844207, 1.3605391394858266, 1.3867159357257919, 1.3431218666773217, 1.341975632835837], "map": 0.7558205726159837}, "time": 642.6572833061218}