{"task": {"lambda": 1, "alpha": 3, "lr": 1e-06, "wd": 1e-05, "bits": 48}, "result": {"earlyStop": true, "loss": [3.043760229559506, 2.572842481089573, 2.3019283133394577, 2.1583046562531414, 2.041607963688233, 1.9655789557625265, 1.8909936202507394, 1.8577473432409997, 1.7991445607998793, 1.8125702166089825, 1.7293321899339265, 1.7109453473605363, 1.7224154168484258, 1.6853404302223056, 1.6345158751104392, 1.625444967957104, 1.6111255329029233, 1.593470419738807, 1.5900793683295156, 1.5712307183181538, 1.556219039594426, 1.5407821617874444, 1.5697619143654318, 1.5228534188925051, 1.5051146038607055, 1.5081345100028842, 1.5080019142113479, 1.4870774272610159, 1.4790349117681092, 1.4773396738604003, 1.472383102949928, 1.4649455488896836, 1.4519709915507073, 1.4488896908713322, 1.436731303439421, 1.427786378883848, 1.4296735081018186, 1.4095913995714748, 1.4175662778171838, 1.4058495286632986, 1.402373808856104, 1.3924785332352507, 1.3887575444053202, 1.3880569695257674, 1.3835325281994015, 1.372563083966573, 1.371728016465318, 1.3826062422172696, 1.3629331851706785, 1.3586960282980227, 1.3579051155670017, 1.3432363558049296, 1.344891082422406, 1.3374772790600271, 1.3303851006077785, 1.33472441925722, 1.3316634309058095, 1.3444985688901414, 1.3267715625903185, 1.3205661668496973, 1.314869718808754, 1.314655929219489, 1.2998045735499437, 1.3101323679381727, 1.3021420047563665, 1.2968586262534647, 1.2859124184823503, 1.2827646936856063, 1.2883277044576757, 1.2830372820882237, 1.3060066910351025, 1.2889040626731574, 1.2756009879065495, 1.267494205750671, 1.2610195320026547, 1.256906938903472, 1.2572613209486008, 1.258766149188958, 1.2773564539703668, 1.2593706402124143, 1.2471054254793654, 1.2515644168152529, 1.2525752852944767, 1.2384088191331601, 1.2368975281715393, 1.2365728476468254, 1.2490454888811298, 1.2314646425200444, 1.2243478584523295, 1.2412768035542732, 1.2192586552278668, 1.223978547488942, 1.2302768960887311, 1.2234626815599554, 1.229219864396488, 1.2136722318097657, 1.2082581444113862, 1.2108628545321671, 1.2140768117764418, 1.2203724255748825, 1.1971347741052216, 1.2053500746979433, 1.196226482882219, 1.1861910761571397, 1.2617643370347864, 1.1959811250368755, 1.1877988763884002, 1.1900655849307191, 1.1826756596565247, 1.1809484859307606, 1.1838256214179246, 1.1880774468767876, 1.1817968785762787, 1.1746272210981332, 1.1714339525091881, 1.1668946669966567, 1.1670470120860081, 1.1688160528154934, 1.1548726517780155, 1.166283224143234, 1.1555575757634406, 1.1490906476974487, 1.1562916601405424, 1.1559481907124614, 1.1506998673373579, 1.1569018065929413, 1.145944873491923, 1.1446712952034146, 1.1467419219952004, 1.1452023404486038, 1.1369900341127432, 1.1387498583279403, 1.1309363806948942, 1.1419247435588462, 1.128082867346558, 1.1360748544627546, 1.130655230844722, 1.1335703561119004, 1.1280348674923766, 1.1251831104358037, 1.1295601702203937, 1.118347877965254, 1.1193536899837793, 1.1158382360841714, 1.1159026102692473, 1.109535806903652, 1.1146247007098853, 1.1139653853926004, 1.108346545228771, 1.1087387315198487, 1.1116693107520832, 1.1030400056465, 1.1029094241413415, 1.094650111362046, 1.0986860680813884, 1.0926225401607215, 1.1007037051752502, 1.0963546160389395, 1.0917214862271851, 1.094758821760907, 1.091610167540756, 1.0936051858406441, 1.0854300874121048, 1.0784786968838935, 1.0806366219824435, 1.0841952462991078, 1.0742557533815795, 1.0714675299092835, 1.0723164724368675, 1.0806252424623453, 1.0755583299141305, 1.0695459725810033, 1.0718432612278883, 1.074221005918933, 1.0648986688431572, 1.0691407138810438, 1.069528354733598, 1.0635523302297967, 1.0617152575184317, 1.0524616507338542, 1.0635613541977078, 1.0612595876057942, 1.0585129930108201, 1.0636324771479064, 1.0570034814231537, 1.0474279578409942, 1.0481223756191778, 1.0523826433163064, 1.0497322815890406, 1.046873305065959, 1.0502724133285821, 1.035536649764753, 1.039879367924204, 1.0411376284033644, 1.0264224538616105, 1.0372985402743022, 1.0424650293939255, 1.03617338105744, 1.037188631062414, 1.0298323289436453, 1.0360737302724052, 1.0313497708708632, 1.0298259860160304, 1.0300428914088828, 1.0183626550669764, 1.0322050130834766, 1.019301129322426, 1.024781368526758, 1.022516945997874, 1.0152116610723383, 1.014948689470104, 1.00870113483831, 1.0094719266190249, 1.0042367212328256, 1.0138984591353173, 1.012156950492485, 1.0088398836407007, 1.0051153722931356, 1.0015929607199687, 1.005912055571874, 0.9981236869797987, 1.0137414815379124, 1.0020340128856546, 0.9935193581908357, 1.0042467438707166, 1.0058785197781581, 0.9903638503130745, 0.9920535303798377, 0.9959205587704977, 0.9987819936929965, 0.9906617815003675, 0.9908121605129803, 0.982751625717855, 0.9967139036047692, 0.9915121291197982, 0.9880488462307874, 0.9849892597572476, 0.9819528185853771, 0.9846986204970116, 0.9848631211355621, 0.9897620222147774, 0.9775355843936696, 0.9770653335487142, 0.9867540928078633, 0.9776830971240997, 0.9744415879249573, 0.9799406709624272, 0.9688586686171737, 0.9796471256835788, 0.9716268094146953, 0.9694002603783327, 0.9761782323612886, 0.975140350706437, 0.9693880303233278, 0.9657903220139298, 0.9651068180215125, 0.9681344932200862, 0.9703730245431265, 0.9596869390384823, 0.9568746834993362, 0.9534716138652727, 0.9679462681798374, 0.952031705309363, 0.9551810265756121, 0.9537082238524568, 0.9479054171665042, 0.9500881825007644, 0.95303533708348, 0.9454860456433951, 0.9562959606740989, 0.9506815584266887, 0.9489681741186217, 0.9765153305203307, 0.9443440007812837, 0.9515630088600457, 0.9479975174455082, 0.9377101583808076, 0.9448500889189103, 0.9404866508409089, 0.9393939329128639, 0.9435586187185026, 0.9409789501451978, 0.9424386366325266, 0.936871935339535, 0.9372080067793528, 0.9411687094206903, 0.9358156890261407, 0.9309780995051066, 0.9300716227176142, 0.9344381567309884, 0.9300235422218547, 0.9320583279226341, 0.9288776286092459, 0.9252883528961855, 0.930315210538752, 0.9351612335326625, 0.9299305671570348, 0.9206956195480683, 0.9219240362153334, 0.9189769949983148, 0.9141809110547982, 0.9180611950509688, 0.9211662779836094, 0.9250834514113033, 0.913863537942662, 0.914807555137896, 0.9175227526940551, 0.9079057740814546, 0.911061984651229, 0.9035279709918826, 0.9147719840208689, 0.916632579237807, 0.9134418599161447, 0.90839990652075, 0.9109902668233011, 0.9023131599613264, 0.9126032105847901, 0.8990831302077162, 0.9045112267428753, 0.8904201835393906, 0.9243405800239712, 0.9032998061647602, 0.8995219939479641, 0.8980945237711364, 0.8950179423771653, 0.9025770256332323, 0.8981997493435355, 0.8972518666117799, 0.9158722162246704, 0.8966513036512861], "map": 0.7605362655426416}, "time": 697.9369280338287}