{"task": {"lambda": 2, "alpha": 5, "lr": 1e-05, "wd": 1e-06, "bits": 12}, "result": {"earlyStop": true, "loss": [3.040648372149935, 2.447097490231196, 2.3981012620177924, 2.306727886199951, 2.24529147381876, 2.1634606169719324, 2.109212697720995, 2.0898012437072455, 2.0629577870462454, 2.0267054286657595, 2.003564766809052, 1.9678542467893338, 1.9465777634405623, 1.9250207017449772, 1.9083486655179192, 1.8999279760846906, 1.860956436570953, 1.849228714611016, 1.8359415566220003, 1.812423635931576, 1.795296317806431, 1.7766858765891953, 1.7731197774410248, 1.754629654042861, 1.7387938148835127, 1.7213904384304495, 1.798232824194665, 1.7099352023180794, 1.715658564193576, 1.692620615164439, 1.6791222586351282, 1.6606042025720371, 1.6424257889682172, 1.6377692935513515, 1.624687030619266, 1.6793387263428932, 1.6174129122028165, 1.5979337110823275, 1.5891647578454484, 1.5964822330895592, 1.5714818163245332, 1.5681384083102732, 1.5965458575417013, 1.5727824954425587, 1.5396071181577795, 1.5327846758505876, 1.5298084850404776, 1.5220692493751937, 1.5272886121974272, 1.5072666003423578, 1.5000656127345329, 1.4859068162885367, 1.4933552847189062, 1.4773102057915108, 1.4658904472986858, 1.4631972502844006, 1.4601234904691285, 1.4594381217863046, 1.439891407887141, 1.4316145356963663, 1.4301520831444685, 1.4264153107708575, 1.4231133051947051, 1.414520882508334, 1.3989321104451722, 1.406272833253823, 1.3860539308950013, 1.3846159594900467, 1.3726544800926657, 1.4394968794841392, 1.3896941554312612, 1.375617911418279, 1.352007363356796, 1.351202352958567, 1.351030335706823, 1.3424432531875723, 1.4286695087657255, 1.347008115812844, 1.3220139695148843, 1.3294388955714656, 1.3241617878278096, 1.3107057616991156, 1.317731243722579, 1.3235122573141958, 1.305321294303034, 1.3019369998398949, 1.2886882731143166, 1.2973673624150894, 1.29012839262392, 1.2874228556950886, 1.269151232990564, 1.263407590342503, 1.2482000361470615, 1.251024316923291, 1.2599044091561262, 1.2570757456854278, 1.3292152016770606, 1.2466759973881292, 1.2409387879511888, 1.235958732810675, 1.2292148926678825, 1.2266902239883648, 1.2293416022085677, 1.2209296857609468, 1.2158551116784413, 1.205019183310808, 1.2061432342903287, 1.1985531946023305, 1.2036188168852937, 1.1929281885717429, 1.1939793603093016, 1.1859618337715374, 1.1869881550470989, 1.169690278815288, 1.1864797952128392, 1.1755828673348707, 1.1597969735077782, 1.2230584364311368, 1.1790936717800065, 1.1697790149380178, 1.1463340003700817, 1.1458575877488828, 1.1466558306824928, 1.1470656161214792, 1.1454781580205058, 1.1401551324947208, 1.1407823001637178, 1.136380300802343, 1.1268882301508212, 1.1367419291945065, 1.1254578741157757, 1.1206059680849898, 1.1081036311738632, 1.1091705402907204, 1.1066004148885316, 1.1039698719978333, 1.1121839144650627, 1.0986369088584302, 1.0891367441006736, 1.0903126205883773, 1.0914366245269775, 1.0881592432657878, 1.1391143413151013, 1.0905658696212022, 1.088546549572664, 1.0699928294794232, 1.1492670190100576, 1.085680835387286, 1.0872276635730969, 1.0653694719076157, 1.060926426859463, 1.0669899296526815, 1.0570692121982574, 1.0521630755826539, 1.0522739232755174, 1.0639579658414804, 1.0574923210284288, 1.0483228079244202, 1.041174430473178, 1.0474739688284256, 1.0315796019984227, 1.0338588094010073, 1.0325819551944733, 1.0576982404671462, 1.0504391707626044, 1.0341223402350557, 1.027617901855824, 1.0240268274849536, 1.0175581019298703, 1.0207696118775536, 1.0114612696217555, 1.0137965991800906, 1.0169153166752236, 1.0223683422687007, 1.003728620561899, 0.9991044378748127, 1.0105321734559303, 1.0061136320525526, 1.0000360163987851, 1.0013197263081868, 0.9958573462916356, 0.991533612503725, 0.9927781273921331, 0.9946170151233673, 0.9811111545445872, 0.9817502364224079, 0.9789586385675505, 0.9810250597257241, 0.9881315453379762, 0.9696113505199844, 0.9699568672507417, 0.9801084235602734, 0.9881110284842697, 0.9933447785237256, 0.9645491595946106, 0.965840140394136, 0.9582549634517408, 0.9566416927412444, 0.9577371288163989, 0.9626519376156377, 0.9518035252888998, 0.9513149030652701, 0.9462750697252797, 0.94905752148114, 0.9534575465847465, 0.9379575971294852, 0.9416312277317047, 0.9480813198229846, 0.9445521813981673, 0.9479178318790361, 0.9304379446833742, 0.9344030045995525, 0.9317932111375472, 0.9415728928996068, 0.9425641494054421, 0.92619256178538, 0.9675387821945489, 0.9285211142371682, 0.9242197567341375, 0.9281386066885555, 0.9185895370502098, 0.9210944949996238, 0.9109871415238754, 0.9167840092205534, 0.9082334295791739, 0.9075763622919718, 0.9137798641242233, 0.910389139956119, 0.9304380299998265, 0.9160536314342537, 0.9070080127201828, 0.9047438157539741, 0.8966729243596395, 0.8966496586799622, 0.900962685253106, 0.8930375751327065, 0.8975900399918649, 0.8951624047522452, 0.8986497836954453, 0.8980827834091935, 0.8874658848725113, 0.8863228372499055, 0.8898861075148863, 0.8870809621670667, 0.8959376823668387, 0.8945144730455735, 0.8840745287198647, 0.87542230183003, 0.869153655335015, 0.8730678835920259, 0.8789340023900948, 0.8688563535026476, 0.8795303474454319, 0.8814798126033708, 0.878208619706771, 0.8639823174944111, 0.8737003440950432, 0.8609094993740904, 0.8712477835954404, 0.8652535332184211, 0.8583720338110831, 0.8819433836375966, 0.8638014337595772, 0.8548058823627585, 0.8592288914848777, 0.8616678071957008, 0.8527034217236089, 0.8511156544965857, 0.8547745338257622, 0.8546507452048507, 0.8570657892554414, 0.8465674262420804, 0.8496189432985642, 0.8545568059472477, 0.8448094205529082, 0.8482640362253376, 0.8359122077624003, 0.8401266342284632, 0.8375205333326378, 0.8331285528108185, 0.8366397525749955, 0.8360760919019288, 0.8315772420051051, 0.8307345585495818, 0.8314254392011493, 0.8265303796997258, 0.8285098034961551, 0.8317652034993265, 0.8236191243517632, 0.8246301482705509, 0.824329181336889, 0.8182427105950374, 0.8225822694161359, 0.8249119330270618, 0.8174928169624478, 0.8127703394959954, 0.812761061331805, 0.8183584306754318, 0.8135137046669044, 0.8745909613721511, 0.8310107582924413, 0.8124268545823938, 0.8119741573053247, 0.7962940680045708, 0.8088636851193858, 0.814940424526439, 0.8053446128672245, 0.8085083207663368, 0.7979803462238872, 0.803019222091226, 0.8080835418373931, 0.8020103509519615, 0.7981376455110663, 0.8021166982019649], "map": 0.757590468046907}, "time": 660.3599631786346}