{"task": {"lambda": 2, "alpha": 3, "lr": 0.0001, "wd": 1e-05, "bits": 32}, "result": {"earlyStop": true, "loss": [3.314478357632955, 1.6635394061312956, 1.5310283326635175, 1.4016180985114153, 1.3362727130160612, 1.2866741734392502, 1.223781911765828, 1.1798109429724075, 1.1425759313153285, 1.1352265255123961, 1.0381938382691027, 1.0133328618956547, 0.9942218807398104, 0.9361470829622418, 0.9142423476658615, 0.8818104962507883, 0.8601510293927848, 0.8229815752482882, 0.8129498467725866, 0.8042839449994704, 0.8178415742574954, 0.7455012693124659, 0.7244853120224148, 0.818694592106576, 0.7006990839453304, 0.681242598622453, 0.6551423394212536, 0.6595428603536942, 0.6276138623555502, 0.6100853997118333, 0.6383742643337623, 0.5984216636302424, 0.5998167699458552, 0.5691750832632476, 0.639738961762073, 0.5515485429296306, 0.5404269867667965, 0.542342288236992, 0.6078828503103817, 0.5691549386463913, 0.5124988789651909, 0.5485073403984893, 0.5975398327790055, 0.4958352107627719, 0.48458674783800165, 0.4834526882452123, 0.47922806880053354, 0.4686761656228234, 0.4978282539283528, 0.4615921588505016, 0.4712201222485187, 0.47948914444914054, 0.45120049224180336, 0.448456255828633, 0.42626358437187534, 0.449229709073609, 0.41324089788923074, 0.4839588847814822, 0.41603099014244826, 0.41608720491914186, 0.39894673111392004, 0.42517200872009875, 0.5028409987103706, 0.4027031470163196, 0.3838651507508521, 0.3815088976247638, 0.3852211774564257, 0.4029363119134716, 0.37483906219987306, 0.42578937084067103, 0.3659285745199989, 0.36984064882876827, 0.3636561456848593, 0.3671191778837466, 0.3762463272786608, 0.4370322833750762, 0.35757075454674514, 0.3994998329994725, 0.4103832271169214, 0.33797676773632274, 0.3357928579344469, 0.3347404334767192, 0.3453375758493648, 0.3529503801289727, 0.45420615228952144, 0.3223080586861162, 0.3197750542678085, 0.32342226715648875, 0.33122847565248903, 0.3223094192205691, 0.33341500309168126, 0.37895260020798327, 0.3102901753257303, 0.3186996891802433, 0.33565841089276705, 0.3209497025784324, 0.3137323219402164, 0.3148500618397021, 0.3303277675135463, 0.304106387145379, 0.32785820639600943, 0.3246062897584018, 0.29830702029022516, 0.31250327474930706, 0.31289151632318307, 0.30485842099376753, 0.3138434543621306, 0.2948514944782444, 0.3057345677824581, 0.29793710802115647, 0.30323487637089747, 0.28988102896540774, 0.31524491543863337, 0.28901441190757005, 0.2788073194815832, 0.2929857414142758, 0.28186537237728343, 0.29824388056409123, 0.3061251459168453, 0.2904905580422458, 0.27432676244015786, 0.2772024560208414, 0.27454907812324225, 0.2904418534507938, 0.2717599599969153, 0.26859868449323315, 0.2977083997399199, 0.28097417746104447, 0.26517870730044796, 0.27374232721094993, 0.2712928148753503, 0.26842695796022226, 0.2656661650421573, 0.266256447224056, 0.262797164274197, 0.27182092356915566, 0.2773515240234487, 0.2517060432948318, 0.28917336493146184, 0.2536264525032511, 0.25599722535002467, 0.26755830820869, 0.26583916942278546, 0.25529197471983295, 0.2784128548467861, 0.2459748995070364, 0.26668377921861763, 0.25871233788191106, 0.2508188886385338, 0.2775595128244045, 0.24635466173583387, 0.2362580940711732, 0.24819304721028196, 0.2514176348260805, 0.25057017949281957, 0.26332112445550804, 0.24476436759326972, 0.2590733670136508, 0.25357338976041943, 0.23356722791989645, 0.25352522672391403, 0.24491454865418227, 0.24396205488957612, 0.24232829493634842, 0.24043898328262217, 0.23670405967562808, 0.23170599297565572, 0.24114746468908646, 0.25474435558506087, 0.2389721204252804, 0.23882154769757213, 0.24121374914459154, 0.30071273504518997, 0.30436092001550336, 0.23509437452052154, 0.22719228180015788, 0.23320416784753986, 0.22714332067498974, 0.22731536217764312, 0.23503557139751957, 0.22959642638178432, 0.22755071959074805, 0.2366490476563865, 0.23131676836341036, 0.23497947334658867, 0.23569486187953576, 0.22456347679390626, 0.23848852953490088, 0.2286649362421503, 0.2295569500648508, 0.21409710087612563, 0.23447336680164524, 0.22021536222275565, 0.23844430668681277, 0.21711272132747314, 0.21823268836619808, 0.2285555861890316, 0.2289089735816507, 0.21426015055062725, 0.22867627529536977, 0.22306764680965274], "map": 0.7596379427222597}, "time": 425.1206305027008}