{"task": {"lambda": 1, "alpha": 1, "lr": 1e-06, "wd": 0.0001, "bits": 48}, "result": {"earlyStop": true, "loss": [1.7373782104136897, 1.5077852408091228, 1.3778472110336901, 1.3089483193322724, 1.2521221123489679, 1.212375713329689, 1.183890551328659, 1.1572820754612194, 1.1444805837145038, 1.1203300836039525, 1.1079772430307724, 1.0987297600390864, 1.0795388952189802, 1.0696779565483916, 1.0535140633583069, 1.049111220182157, 1.0369796232849944, 1.022351284237469, 1.0176394061714995, 1.0297863109439027, 1.0067479885091968, 1.0035940361957925, 0.9984324854962966, 0.9805740006998473, 0.9851078730003506, 0.978481735084571, 0.9723509661122864, 0.969538646585801, 0.9630678605799582, 0.9607409513464161, 0.9529914639744104, 0.9509373120233124, 0.9433546697392183, 0.9384695443452573, 0.9330048368257635, 0.9359506374480677, 0.9299157279379228, 0.9291481264666015, 0.9250979008627873, 0.9185050299354628, 0.9139478598155227, 0.9123817162186492, 0.900203966626934, 0.9037060275966046, 0.9021683037281036, 0.8980889969012317, 0.9014049546391356, 0.897886286763584, 0.8893269721199485, 0.8936332616151548, 0.8851453311303082, 0.8809373992330888, 0.8806357559035806, 0.8788404079044566, 0.8694294264503554, 0.8638705920939352, 0.8728506307975918, 0.8624009051743675, 0.8619711942532483, 0.8583686825107125, 0.8561774205927756, 0.8598502967871872, 0.8519808889604082, 0.8479371620159523, 0.8540803521287208, 0.8470684774950439, 0.846344332484638, 0.8431720365496242, 0.8431893920197207, 0.8355118579724256, 0.8343270345061433, 0.8370924480989868, 0.8456379081688675, 0.832609140405468, 0.8234271471406899, 0.829192634306702, 0.8248782572793025, 0.8241402138681972, 0.8171425093622768, 0.8161424112086203, 0.8164878768079421, 0.8157748270268533, 0.8133114745803908, 0.8134173137300155, 0.805657134920943, 0.8083413821809432, 0.8057651753519096, 0.8067058050164989, 0.8038400113582611, 0.8013120112465877, 0.7996455542012757, 0.7971904213521995, 0.8023614871735666, 0.7961646674894819, 0.7900242279557621, 0.7901313030252269, 0.7858773224494037, 0.7888374837005839, 0.7872269340589935, 0.7841362105865105, 0.7822339867844301, 0.7778705399410397, 0.7783584159378912, 0.774074494546535, 0.7786994021312863, 0.7762506984028161, 0.7786711530358184, 0.7722522572559469, 0.7694165405689501, 0.7660087019789452, 0.7718538320532032, 0.7673085466319439, 0.7655684264267192, 0.7716371381984037, 0.7638110535986283, 0.7602443700911952, 0.7620828134172103, 0.7601583360456953, 0.7696828842163086, 0.7557850325224447, 0.7504693754747802, 0.7509689553111207, 0.7530477362520555, 0.750378261009852, 0.7495819774328494, 0.7481430237199745, 0.7515669108605852, 0.7498623366449394, 0.7526615069192999, 0.7441448604359346, 0.7446014588954402, 0.7442918723704768, 0.7400134763881272, 0.7399382152978111, 0.7375486498954249, 0.7318480818295011, 0.7312301812218684, 0.7355306715357537, 0.730669330148136, 0.7391217695731743, 0.7296436616018707, 0.731918954966115, 0.7302264635469399, 0.7292017188726687, 0.7252303917034, 0.7225944522549125, 0.7231244316288069, 0.7224914238733404, 0.7204627035295262, 0.7161737426238901, 0.7237431421583774, 0.7145736322683447, 0.7152146562641742, 0.717792866861119, 0.7126875040577907, 0.7102127279721054, 0.7171149557712031, 0.7093908675745422, 0.7107666228331772, 0.7069880290358674, 0.7080248991648356, 0.703290630789364, 0.7082527162981969, 0.7025472854866701, 0.7011558524533814, 0.7043330704464632, 0.7009314044433481, 0.7004680592639774, 0.6972711641414493, 0.6951189315786549, 0.6959029225742116, 0.7032657616278705, 0.6998871968073004, 0.692864257330988, 0.6965616485651802, 0.6901506693924174, 0.6918403687430363, 0.6892567931437025, 0.6887992544501436, 0.6925869554865594, 0.6921172469269996, 0.687196806657548, 0.6896188463650498, 0.6871415405881172, 0.679667600814034, 0.6776338324827307, 0.6798591017723083, 0.6801012129175896, 0.6826510458600288, 0.6910544411808837, 0.6760395800366121, 0.6799167493979136, 0.67225949057177, 0.678733285151276, 0.6697411665729448, 0.6822458797810125, 0.669329357790012, 0.6780883091337541, 0.6722798423439849, 0.6672274394362581, 0.670782026999137, 0.6612438477721869, 0.672353579717524, 0.6650623766814961, 0.6717672242837793, 0.65921037541885, 0.6630988705391977, 0.6617531127789441, 0.6664940708992528, 0.6652382547948875, 0.6604337172180998, 0.6663637102818957, 0.7026186410118552, 0.6567426160270092, 0.6556803838295095, 0.6605512213473227, 0.6569667464377833, 0.656220426162084, 0.6520218641734591, 0.6598519916627922, 0.654318576057752, 0.6534871327526429, 0.6509686141621833, 0.6480589409669241, 0.6470678822666991, 0.6460652596810285, 0.6510738905738381, 0.6496208692882576, 0.6446308008596009, 0.6475631249885933, 0.645017020258249, 0.6400613968863207, 0.6442742514259675, 0.6407278980694565, 0.644160471126145, 0.6462621910899293, 0.6419285670215008, 0.6439054956038793, 0.6352635297705146, 0.6535834611630907, 0.6416777769724528, 0.6379363431650049, 0.6375589849902135, 0.634373279763203, 0.6322069428130692, 0.6374578481795741, 0.6333682975348305, 0.6330608737234976, 0.6360360500859279, 0.633505571122263, 0.6329820559305304, 0.6362015172546985, 0.6249898029308693, 0.62571167799772, 0.6309686998526255, 0.6274138303364024, 0.6279549364950142, 0.6244484545553431, 0.6250624837828618, 0.6272450036862317, 0.6222974178837795, 0.6256936204199698, 0.6233024670212877, 0.6165468406443503, 0.620684510936924, 0.6213206514423969, 0.6239685211695877, 0.6238050998425951, 0.6287311800554687, 0.6149575838855669, 0.6177563661453771, 0.6131764980507832, 0.6181828701028637, 0.6210349196312475, 0.6176494640462539, 0.6125400545550328, 0.613508777291167, 0.6121045508805443, 0.6118823769045811, 0.6112357342944426, 0.6082573389890147, 0.6122665475396549, 0.6106595309341655, 0.607322619826186, 0.6069081969120923, 0.606358013901056, 0.6073043831423217, 0.6046562936960482, 0.606099221051908, 0.6021800789178586, 0.6063336852718803, 0.6030013824210447, 0.6000809836037019, 0.6070022705723258, 0.6013496617476145, 0.599384147162531, 0.5984122092817344, 0.6003199552788454, 0.5992672951782451, 0.5998771348420311, 0.596395305558747, 0.5963225756205764, 0.592668642892557, 0.5936021053907918, 0.5927367561003741, 0.5912583888161416, 0.5937390628398633, 0.5907340902908176, 0.5940654783272276, 0.5947292826923669, 0.5924362990201688, 0.6072919514833712, 0.5860945897943833, 0.584819330888636, 0.5883645088064904, 0.5896909178472033, 0.5804711770193249, 0.5841429327048507, 0.5812824923618167, 0.5844049062214646, 0.5841819573851192, 0.589015792982251, 0.586551264220593, 0.5802853946007934, 0.5827393409083871, 0.57699961726572, 0.5813361865048315, 0.5810084752008027, 0.5791409380880057, 0.5768729012970831, 0.5776093456090665, 0.5736934703354742, 0.5723916374000848, 0.5793218051686007, 0.576057117359311, 0.585932629365547, 0.5748701370229908, 0.574303941691623, 0.5741760719056223, 0.5706873790306204, 0.5689704137689927, 0.5684178004077837, 0.571472717850816, 0.5711879221832051, 0.5683142835018682, 0.5692349917748395, 0.5656224971308428, 0.5692967340057972, 0.5695509729432124, 0.5676948863501642, 0.5667903236314362, 0.5658454205475602, 0.5844947292524225, 0.564792233354905, 0.5657477904768551, 0.5622388983474058, 0.5614190972318837, 0.564943810304006, 0.557263407052732, 0.5679144292485481, 0.5627392568424636, 0.5597562220166711, 0.5616211371094573, 0.5582505280480665, 0.5587078248168907, 0.5593052751877728, 0.560371480736078, 0.5569603060390435, 0.5573190281204149, 0.5511158281097225, 0.5579964267272576, 0.5543646625444001, 0.5568350255489349, 0.5536865615377239, 0.5483941070589364, 0.5526783767284131, 0.5543583619828317, 0.5515823042860218, 0.546732061341697, 0.5496489969538707, 0.5478641507672328, 0.5507944652847215, 0.5465027716229943, 0.5671315982061274, 0.5563985565129448, 0.5450693786728615, 0.5443359610496783, 0.5485248641640532, 0.5427806906256021, 0.5437757890014088, 0.5449599652898078, 0.5468042083815032, 0.5411700109640757, 0.5475736292553883, 0.5428054326889562, 0.5448650764484032, 0.5438516262699576, 