{"task": {"lambda": 0.5, "alpha": 5, "lr": 1e-06, "wd": 1e-06, "bits": 24}, "result": {"earlyStop": true, "loss": [4.591690407664168, 3.858780720654656, 3.353098627398996, 3.0571639350816313, 2.8470866399652817, 2.7387054948245777, 2.6025009307206846, 2.511027354820102, 2.449474694389923, 2.461320065984539, 2.3595041337550855, 2.3231692375505673, 2.2916657039347816, 2.250781447279687, 2.2078959988612756, 2.1816234153275396, 2.156828874466466, 2.1301093753062044, 2.120914295607922, 2.088467093659382, 2.05943130161248, 2.05007887441738, 2.030986070340755, 1.9976401752700992, 1.9757028169491713, 1.9705961296955745, 2.00051472233791, 1.943785897656983, 1.9280276096919005, 1.916349820062226, 1.9221698583341111, 1.9023316093519622, 1.8903288636721818, 1.8710302982260199, 1.8767163578201742, 1.8657652157194473, 1.8510837400076436, 1.84103322642691, 1.8308326604903913, 1.841198523547135, 1.8831169581880756, 1.8094399048417222, 1.8079523663310444, 1.8653863458072437, 1.7881322304407756, 1.8274237618726843, 1.7870704581340153, 1.7817815586048014, 1.757115113676763, 1.777063641185854, 1.7556688297612995, 1.7560010035248363, 1.8004744730743707, 1.7359888915922128, 1.765658832063862, 1.7338782252342093, 1.731169454607309, 1.7193597005862815, 1.714808144697956, 1.7236753702163696, 1.6955017654919158, 1.6982148191800304, 1.709244696240799, 1.7019550917195339, 1.6922990968998741, 1.697268997921663, 1.6714846722635568, 1.6785913594797546, 1.678749942019874, 1.6746687272600098, 1.7193251567728378, 1.6542673894003326, 1.6614836618012072, 1.7329651444566017, 1.6503562243545757, 1.6333634295299941, 1.6438980228176303, 1.6507007526416404, 1.636320045181349, 1.632602464042458, 1.6203557834321378, 1.6364074843186958, 1.612823960827846, 1.6212139021532208, 1.6441231966018677, 1.6231200452528747, 1.6134559138148439, 1.5982794767501307, 1.5976234224497103, 1.59818102711556, 1.6087328350427104, 1.6011577166763007, 1.576284520181955, 1.611610305075552, 1.5772467103658938, 1.575416360707844, 1.5809606605885076, 1.5956372046003156, 1.570751442920928, 1.5750493299142987, 1.568369929989179, 1.5646598201756383, 1.5637794756421857, 1.5587701571046138, 1.5517533761905689, 1.5425018492866964, 1.592972811530618, 1.5535468421145981, 1.54191180303985, 1.5309009353319805, 1.53749690833045, 1.542632875927523, 1.5239906381158268, 1.5315769831923878, 1.5273112803697586, 1.536748530817967, 1.5208230166166437, 1.5202162059790947, 1.5147423506075262, 1.514527359137348, 1.513993926346302, 1.5114392169258173, 1.5071119333014769, 1.5082431891385246, 1.5405027819614785, 1.4993253873259413, 1.485712294192875, 1.4904396760405278, 1.4878228715821809, 1.5038606279036577, 1.490397129573074, 1.4729209869515663, 1.4718765924666442, 1.4852421054360914, 1.4795898479573868, 1.4726271211516624, 1.481689157585303, 1.4652226187434851, 1.4861427861101486, 1.458614356085366, 1.4548984596542283, 1.459469372881394, 1.457704256416536, 1.4569442500086391, 1.4600619948377795, 1.4521907795878017, 1.4424466736176436, 1.4432293331506205, 1.454477318946053, 1.4477638955794128, 1.4388464917154873, 1.4340185242540695, 1.4352599927315526, 1.4340266421729444, 1.427041899047646, 1.4305101654985373, 1.4187585135885314, 1.4122391039249944, 1.4349839083996474, 1.412594608816446, 1.4137380013571066, 1.4107740474682229, 1.4145734599407982, 1.4188067772809196, 1.4064324229371314, 1.404097783799265, 1.4110015487554026, 1.398396541528842, 1.4126882436228734, 1.4092456628294552, 1.405516525986148, 1.4099985223774816, 1.410787949375078, 1.4007508205432517, 1.3980140047622662, 1.3980221108478659, 1.387653474568152, 1.392443581539042, 1.391210814609247, 1.385124550146215, 1.3883255685076994, 1.3846402238397038, 1.3880558142475052, 1.3959526454701143, 1.3889515256764842, 1.3878230210028442, 1.3870055266455108, 1.380591436051855, 1.3761952402544957, 1.3731111530579774, 1.3681447427062428, 1.3676567580185683, 1.360420170952292, 1.3620841697442765, 1.3626455974345113, 1.3571960163467072, 1.3707354360935735, 1.3628492685509663, 1.368056337038676, 1.3607437724576277, 1.3528390962119197, 1.359701233459454, 1.3946159926115298, 1.3394022199745272, 1.3433152419679306, 1.3437632800025099, 1.345536560696714, 1.335920458038648, 1.3479818561497856, 1.3448588634822882, 1.3353095840589673, 1.3348495472295612, 1.3330116337713074, 1.3599392047115402, 1.3361372185104035, 1.3298107853122787, 1.323150119068576, 1.3294807088141347, 1.3801286945156022, 1.3307403404923046, 1.3135363561849969, 1.3222538262021308, 1.3253599431584864, 1.3129922030311005, 1.3300605895472508, 1.3244680142870136, 1.303737315769289, 1.3189954290203019, 1.3096076320199406, 1.3142961146784764, 1.325321720803485, 1.3143325684701694, 1.3129677367853183, 1.3113402386798578, 1.292649269104004, 1.304169102918868, 1.2967249660515319, 1.3014147126791524, 1.3056827155398387, 1.2915117344727702, 1.3014789285028683, 1.3032514429559894, 1.2997437408741783, 1.2960097874496497, 1.286042292182352, 1.3046150508464551, 1.2859981363894892, 1.2912270739382388, 1.288419042293932, 1.2845930518472897, 1.3370233376820881, 1.2805994564996046, 1.28889253969286, 1.2818388361849038, 1.2848854640535279, 1.2850181346430498, 1.2772603318387388, 1.2741565647370674, 1.2794684205277294, 1.2724242572690927, 1.2709509756635218, 1.303963655350255, 1.2657634890546985, 1.3102131427503099, 1.2682131105193906, 1.2734241577632286, 1.2710032081779312, 1.283728301525116, 1.2544242681241502, 1.2600129886585123, 1.2605626545116013, 1.267504733859324, 1.2592474488066692, 1.2562887164599754, 1.258861735024873, 1.2641685254433577, 1.2624549240458245, 1.2599884324214037, 1.2531327397799958, 1.2508983901318382, 1.2648918219641143, 1.2751214843170315, 1.2437228954890196, 1.3021743449510312, 1.2564958970920712, 1.2394162691106982, 1.2388376780584747, 1.2431028846140002, 1.2256836236691941, 1.2442353657063316, 1.238610801743526, 1.2318841471683746, 1.2459684671724545, 1.2379763202339995, 1.2339940453861273, 1.2273228375935088, 1.2307062382791556, 1.2379127387322633, 1.2182358032932468, 1.2298806236655104, 1.2367961383333392, 1.2256570082961344, 1.2595113656100105, 1.221203248874814, 1.223791427910328, 1.224328577664553, 1.2170719957234812, 1.2111682985343186, 1.2336525017139959, 1.2183764676253002, 1.2557654135367449, 1.2214693640377008, 1.2129727213406096, 1.212035875256155, 1.2208164828080756, 1.2280085121884066, 1.2097836902328567, 1.2853069761220146, 1.2115783887166602, 1.2044307247680777, 1.3302325547910203, 1.2108742583031749, 1.1977905163577958, 1.2256078229230993, 1.1980511217432863, 1.2038749888831495, 1.1954878911960358, 1.1964423200663399, 1.2538634234783697, 1.1975702922426017, 1.1896654853925985, 1.1948569516340892, 1.1968280805968772, 1.1964183607522179, 1.1870808515186404, 1.187807911751317, 1.1852376648024017, 1.1896816725824393, 1.2080539909063601, 1.1902856841391207, 1.2290295070292903, 1.1979343073040831, 1.1846098631036048, 1.1813031439395512, 1.1956130736598782, 1.174371787876475, 1.181780727762802, 1.1830535680055618, 1.1883416184607674, 1.1797416592929877, 1.1723270118236542, 1.1724076522331612, 1.175137747006089, 1.1851886261035414, 1.1805882886344312, 1.1700606728885687, 1.1797749704005671, 1.184609260775295, 1.174269043931774, 1.1932563372686797, 1.1673560953315567, 1.169277974203521, 1.1706713125401853, 1.167878519670636, 1.1646325395387762, 1.160109291181845, 1.16709803044796, 1.1739009009564625, 1.1545939287718605, 1.1555310756552453, 1.1521306695307003, 1.1599293852261467, 1.1503334416478288, 1.199078543513429, 1.1574357946713765, 1.1571553087994164, 1.1614730667834188, 1.1564912850073739, 1.1551164128616744, 1.1560633007217855, 1.1577087325208328, 1.145888889756273, 1.1562487205453948, 1.145300971380636, 1.1413362353455787, 1.1408881810950298, 1.1367872152842728, 1.1438327810051394, 1.1347211332005613, 1.1546256270478754, 1.1368538613120716, 1.1351880699980492, 1.179906060882643, 1.1400813834339965, 1.1404713414171164, 1.1308594296375911, 1.1786503359383227, 1.1309906197529214, 1.1304919637885749, 