{"task": {"lambda": 1, "alpha": 1, "lr": 0.0001, "wd": 1e-06, "bits": 48}, "result": {"earlyStop": true, "loss": [1.9387770563948388, 0.9841525157292684, 0.9076566316333472, 0.8463492329214134, 0.7975601501324597, 0.7622769843129551, 0.7236306833870271, 0.7027754900502223, 0.6938903974551781, 0.6414752915209415, 0.61958969252951, 0.606677677117142, 0.59115397345786, 0.5611929630531984, 0.5385303526532417, 0.5199660626696605, 0.49590611165645077, 0.4867914576156467, 0.4694604014649111, 0.44566140689101874, 0.4440173474596996, 0.42325519112979665, 0.40467190187351376, 0.4072882699615815, 0.38917668046904547, 0.37307845114492905, 0.3673337823620029, 0.3643176178721821, 0.34612202994963703, 0.3439785892180368, 0.35799749590018215, 0.3209737244189954, 0.3387456024978675, 0.3183244770648433, 0.29997845578427407, 0.33889945581847547, 0.2888003707516427, 0.29168210587665144, 0.27781745440819683, 0.2906338810628536, 0.30180272080150305, 0.27281462766376197, 0.25905950557367474, 0.2750995089026058, 0.2710711152530184, 0.3017045959245925, 0.25722147451311933, 0.2562010614018814, 0.25026123956138013, 0.25116827236671074, 0.2594683559647962, 0.23527403942802372, 0.23449308907284455, 0.3165477014639798, 0.22027596363834306, 0.22171451005281187, 0.2410664561332441, 0.24077830843481363, 0.21378992804709604, 0.21915408939707512, 0.22474569359830782, 0.21566824147514269, 0.21711456337395837, 0.2760865504250807, 0.20647969403687647, 0.20010272866370632, 0.20889456979199952, 0.1972260086559782, 0.20971043524788877, 0.1959865502282685, 0.19560634958393433, 0.22464165880399592, 0.18690191611063248, 0.185461496313413, 0.3177700925107096, 0.1797306154872857, 0.17859408829142065, 0.18293369415343977, 0.20428388361252992, 0.17083450260699964, 0.17887841895514844, 0.2318685662512686, 0.1731947923407835, 0.17138786584723228, 0.16992837161410088, 0.18078509265301274, 0.16646346946557364, 0.23546603175939299, 0.16794163996682449, 0.16316836838628732, 0.16698457578233644, 0.1648664784197714, 0.17528406793580337, 0.3819223304881769, 0.15878434055576138, 0.1531702608746641, 0.15193557330206328, 0.15297613979554645, 0.15752737457845725, 0.15569053750996495, 0.1510132561784749, 0.23025528911282034, 0.15218640600933747, 0.1910191089207051, 0.14647219052501753, 0.14484093645039728, 0.14821017416668872, 0.1558876716915299, 0.1464659589908871, 0.297574232460237, 0.1456328605612119, 0.14009537430954913, 0.14351181364526935, 0.14720423957880804, 0.14588684464494386, 0.14775841522450542, 0.14418113596883475, 0.14539394104013256, 0.14516219087675505, 0.14340488130555434, 0.1547790334797373, 0.17077899957988776], "map": 0.7764187005657179}, "time": 259.7642779350281}