{"task": {"lambda": 2, "alpha": 1, "lr": 0.0001, "wd": 0.0001, "bits": 32}, "result": {"earlyStop": true, "loss": [2.776957412560781, 1.1992088603038413, 1.0889579688801485, 1.0597166021664937, 0.9693788453644397, 0.9478790497078615, 0.8976610337986666, 0.8966423331522474, 0.929883245159598, 0.8001104943892535, 0.7782128178605846, 0.7498259082728741, 0.7236093373275271, 0.7123032568716535, 0.6771547379446965, 0.6716772639283947, 0.6428360132610097, 0.6522612048714769, 0.5916279151159174, 0.5828610091817146, 0.557758725156971, 0.5469900544951943, 0.5389842542947507, 0.5488524390201942, 0.49368741290242063, 0.49475952106363635, 0.4889180999176175, 0.48086965434691487, 0.45478378820653054, 0.4594785629534254, 0.4472409393273148, 0.4277477501069798, 0.4518175820509593, 0.40658174221422155, 0.4110835965941934, 0.43011387832024517, 0.39227043881135826, 0.3833176978662902, 0.38275666856298257, 0.3924710061035904, 0.3783867294881858, 0.3631700125395083, 0.3596008209621205, 0.3802843248727275, 0.3556240352929807, 0.3395474503437678, 0.36238131394573286, 0.3363989068596971, 0.33175310960002974, 0.3354750784004436, 0.3267144490690792, 0.33783599354472815, 0.31708470052656007, 0.31109782030769423, 0.32829654655035806, 0.31524834577359406, 0.29306816002901864, 0.3099059713821785, 0.29691006184792984, 0.28865863821085763, 0.2914510541686825, 0.28078071553917494, 0.29492806015061396, 0.30593257382804273, 0.31150661145939545, 0.26041724342925876, 0.2602117681035809, 0.26047568403038324, 0.26567600083117393, 0.3021068828655224, 0.24832018917682125, 0.2700567902887569, 0.2542135922932157, 0.25230162167081643, 0.26464903091683106, 0.27672901136033673, 0.25757115436535255, 0.24164463857225343, 0.24266709884007773, 0.25863054423939946, 0.23766319219972573, 0.23109425867305083, 0.246074539335335, 0.2252261346461726, 0.2525044109891443, 0.22436800504139826, 0.22927154279222675, 0.22788375294676014, 0.23193247433678776, 0.2187129191908182, 0.21991178597889693, 0.2386555861608655, 0.21774017883866442, 0.2183977052861569, 0.20962701197348388, 0.2220928958233665, 0.21985295707104252, 0.20671634142305337, 0.22464139584232778, 0.2045209282169155, 0.20830719786531784, 0.21244524448525673, 0.19544192140593247, 0.21281035595080433, 0.2072817789865475, 0.21099330455649132, 0.19977774996967876, 0.192575583124862, 0.1921970229230675, 0.20583308648829365, 0.2156767316308676, 0.19194172644147686, 0.19317840916268966, 0.19176087952127643, 0.19522135631710874, 0.19899692883094153, 0.18081136895161048, 0.18943945873601764, 0.18474582246705598, 0.18975734301641875, 0.189968412121137, 0.18072887437016355, 0.24414384964050032, 0.1705700403042868, 0.16878854293449252, 0.18364953147430046, 0.17658235965406194, 0.1797545897025688, 0.18557315129859775, 0.18404849896243974, 0.18049774465023302, 0.1743550341503293, 0.18775537814579757, 0.17759329270498425, 0.16889367413287068], "map": 0.7648597906536463}, "time": 288.0035927295685}