{"task": {"lambda": 1, "alpha": 5, "lr": 1e-05, "wd": 1e-05, "bits": 24}, "result": {"earlyStop": true, "loss": [2.631422947434818, 2.1025530590730557, 1.9903512819140565, 1.8968298709860034, 1.8517102762764575, 1.7996666121716594, 1.7689907439783508, 1.7362864163576388, 1.6931723055301928, 1.6673057143594705, 1.647653490304947, 1.612846938418407, 1.5924637744239731, 1.5824529192611283, 1.543234025146447, 1.5346734538382174, 1.5153996970723658, 1.4932565420281654, 1.4860956031902164, 1.4646192829982907, 1.4465405587472169, 1.4600389190748626, 1.454695603426765, 1.4102959428347794, 1.3904215814728362, 1.390681418133717, 1.394519284659741, 1.403017710236942, 1.3695214493017571, 1.3407503255442077, 1.33526303107832, 1.3318367398837034, 1.3235969467490327, 1.3001750348245396, 1.305634177198597, 1.291645778160469, 1.271702783949235, 1.2685795046535193, 1.2494448210094489, 1.3112163555388356, 1.2479187999578083, 1.2282463101779713, 1.2139071740356147, 1.2219478797678853, 1.2061557164963554, 1.1961192117602217, 1.1906475576699949, 1.1713953736950369, 1.1780176834732878, 1.178107276558876, 1.1557190590629391, 1.1565062204996746, 1.1380714362158495, 1.1298225647678561, 1.1326221271472818, 1.1199081630683412, 1.1102561553319295, 1.1183518930977465, 1.0934719732579063, 1.119566146065207, 1.09149547885446, 1.07250116064268, 1.0719079684977437, 1.064658040217325, 1.0643792616970398, 1.059093851669162, 1.058020658937155, 1.0436149671965955, 1.0557226842524958, 1.034134375844516, 1.0287323846828704, 1.015966342068186, 1.0180848325584448, 1.0113591326802385, 1.0136067551725052, 1.0125803853951247, 0.9958891541350121, 1.0449448251256757, 0.9911076186918745, 0.9836609033392925, 0.9750884373982748, 0.970534999873124, 0.9635987518464818, 0.9547382561015147, 0.9507472047618791, 0.9485427009708741, 0.9454949512785557, 0.942988932132721, 0.9296041735831428, 0.9341137678015465, 0.9280358690257166, 0.9181196257179859, 0.9196702104573157, 0.9124349504709244, 0.9096897749924192, 0.903693360733051, 0.8983245538730248, 0.8944118949128133, 0.8863907202201731, 0.8801110527094673, 0.8755466872278381, 0.8759771788529321, 0.8661829317901649, 0.8601430774319405, 0.8640218064481137, 0.8431493219207314, 0.8456354559052224, 0.84841394804272, 0.8364891065101997, 0.8410415485793469, 0.8356247246265411, 0.8282455246822507, 0.8178637198665563, 0.823932145448292, 0.8155869128657323, 0.8227574968454885, 0.8043110164649346, 0.8029178898124134, 0.7963731455452302, 0.8036454355015474, 0.8010563610815534, 0.7870570926689634, 0.778098453785859, 0.8385346228001165, 0.7752253588508157, 0.7728539456923803, 0.7724198856774498, 0.7679172836098016, 0.7641086654335845, 0.7653165830701005, 0.7704346098151862, 0.7626529011656257, 0.756993712163439, 0.7463046896691415, 0.7478678948154637, 0.737673464066842, 0.7393796569576451, 0.7512528826208675, 0.7286231852337426, 0.7312634442658985, 0.7248532140956205, 0.7243997621185639, 0.7229564634023928, 0.7211793298814811, 0.7260414046399734, 0.7198181006253934, 0.7125823825013404, 0.7113334890089783, 0.7117859008265477, 0.7002353129141471, 0.6948110207038767, 0.6899094076133242, 0.6920970047221464, 0.6962133792101168, 0.6917431950569153, 0.6938004037913155, 0.6880546416722092, 0.683650998508229, 0.6805024097363154, 0.6816213376381818, 0.6778738475313374, 0.6995406098225537, 0.6803989384104224, 0.6655348761408937, 0.6594091723946964, 0.673839262303184, 0.661047175526619, 0.6511353911722407, 0.659797342968922, 0.6537129177766687, 0.6515813808815152, 0.6519872426402336, 0.6404418099452468, 0.6503260823733666, 0.6471983116923594, 0.6415169858465007, 0.6377028787837309, 0.6616840882628572, 0.6555131735170588, 0.6318600382290634, 0.6354682480587679, 0.628359851883907, 0.6393038951883129, 0.625153919061025, 0.6241044825782963, 0.6299101464888629, 0.6214373611352023, 0.618019114522373, 0.6227477255697343, 0.6130891716947743, 0.6144840913076027, 0.6042295384640787, 0.6099521400881749, 0.61389807509441, 0.6055945447262596, 0.6044949393938569, 0.6061879863926009, 0.6041478348128936, 0.6034258972196018, 0.5954747423529625, 0.6017628186473659, 0.5966024460161433, 0.5928483681351531, 0.5919497936379676, 0.5921490207022312, 0.5970182617505392, 0.5858133365126217, 0.5871842538609224, 0.5875107333356259, 0.5839936005718568, 0.5738285008598777, 0.5824654087716458, 0.5773444704565347, 0.5762696444403892, 0.5665999206111711, 0.5759488648059321, 0.5684132418211769, 0.5664637886426028, 0.5603558023770651, 0.5597759876765457, 0.5622166775020898, 0.5655291086318446, 0.5710630580490711, 0.560815653088046, 0.5577692675824258, 0.5587868497652166, 0.556094784654823, 0.5508022694026723, 0.5498555746732974, 0.5455239635764384, 0.5466248305404887, 0.5469655270377795, 0.5448840365690344, 0.5443141273423737, 0.540769110415496, 0.5396194319222488, 0.5388160955672171, 0.5388094925997304, 0.5316744662967383, 0.5383250146519905, 0.5330757896105448, 0.5286062462072746, 0.5327456616887859, 0.5257461982614854, 0.5306077865408916, 0.5292544420443329, 0.5225698722928178, 0.5270579436830446, 0.5195935339319939, 0.5231955480926177, 0.5218718592442718, 0.5218325941001668, 0.5197210709253947, 0.5186952153841654, 0.5140720675973331, 0.5182632362725688, 0.5124997470308753, 0.5089132598802155, 0.5088113420734218, 0.5054502963435417, 0.5117500611380035, 0.5061798195044199, 0.5083170761080349, 0.5141885175424463, 0.5052818195784793, 0.5000313253087156, 0.5051198502381643, 0.5024942121669358, 0.5032511844354517, 0.49323321031589135, 0.49546943195894655, 0.49633605135422126, 0.49455416348634984, 0.49551774298443513, 0.4900765307978088, 0.4935279202227499, 0.49272026705975625, 0.5011729440268349, 0.49687270031255837, 0.4922489547262005, 0.48485738331196354, 0.48502642325326506, 0.4803982999394922, 0.4915854334831238, 0.48209763566652936, 0.48297304762344734, 0.4794366657733917, 0.4725620550852196, 0.4814830027958926, 0.47901463216426327, 0.48061225870076346, 0.4724906481364194, 0.4713425078228408, 0.47500186048301996, 0.4746096064062679, 0.4768528926606272, 0.46782011670224805, 0.4740815711956398, 0.4675583333945742, 0.46832136882870806, 0.472011035563899, 0.46402010876758426, 0.4637364327323203, 0.46390728214207816, 0.46699657977796066, 0.4723780064606199, 0.45884981488480286, 0.4591638175588028, 0.4632492585509431, 0.4563059324727339, 0.45199903436735567, 0.45387210433973985, 0.455898262998637, 0.45360909899075824, 0.45138822086885866, 0.4530032136861016, 0.455068403599309, 0.44856677905601616, 0.4502063961882217, 0.44354363165649713, 0.44794490670456605, 0.45487798224477205, 0.4418216482097027, 0.4467032393988441, 0.4493815074948704, 0.44863574060739253, 0.4414716465216057, 0.44182579949790357, 0.44292016619560765, 0.43890850859529834, 0.4410457242937649, 0.43997833673276154, 0.43889565298370287, 0.4387456073480494, 0.43229710851229874, 0.4348822095814873, 0.43506572264082294, 0.43628306716096166, 0.4315495277736701, 0.43253204664763284, 0.434022222663842, 0.4324784217511906, 0.4299779817754147, 0.430689718209061, 0.4325804415286756, 0.429739578389654, 0.42594907009134103, 0.42942898004662755, 0.4246695891899221, 0.42548805416799057, 0.43032923311579463, 0.43003660966368285, 0.4216633605606416, 0.43025212720328687, 0.4237503987901351, 0.422567648776606, 0.4185897567692925, 0.41866030500215645, 0.42220353437405006, 0.4142597937116436, 0.4184086457187054, 0.4163285359448078, 0.42393500226385455, 0.40997623506129954, 0.4128863260734315, 0.41791289927912695, 0.42615607001033484, 0.4101998344355938, 0.4079365061194289, 0.41648275974918814, 0.41469097546502653, 0.4112705240646998, 0.4139363195966272, 0.4112410917878151, 0.40946777807731255, 0.4141147574957679, 0.40768275482981814, 0.40558863387388344, 0.4083365634375927, 0.40053389528218436, 0.40591182778863344, 0.40596382509843976, 0.40790516722436043, 0.40178314333452897, 0.40049345177762646, 0.4006581357588955, 0.40251032014687854, 0.3947659125368969, 0.40579961678561044, 0.399404314949232, 0.398230611985805, 0.4000978414334503, 0.399594522282189, 