{"task": {"lambda": 0.5, "alpha": 1, "lr": 1e-05, "wd": 0.0001, "bits": 32}, "result": {"earlyStop": true, "loss": [0.9115361425222135, 0.75984280834011, 0.7083073194120445, 0.678730969043339, 0.6608596461660722, 0.6453545987606049, 0.6258403828331068, 0.6144553218402115, 0.6062487474843568, 0.5878179590491688, 0.57984024403142, 0.568788533117257, 0.5578359336245293, 0.5645567511810976, 0.5469006884331796, 0.5350294840686461, 0.5264997347897175, 0.5211658693996131, 0.5169864916333965, 0.5038461597526774, 0.5076448075911578, 0.5030991172089296, 0.4887802799542745, 0.48377656147760506, 0.47890366759954717, 0.4807305651552537, 0.4718663391529345, 0.46288684857826606, 0.4672769302246617, 0.4554826479916479, 0.4471740582410027, 0.45302336356219125, 0.4488983300386691, 0.44482731205575604, 0.4341440463767332, 0.4302053580097124, 0.4284621976754245, 0.42407546616068076, 0.4218151472947177, 0.4174326599812975, 0.42388739539127723, 0.4177650102213317, 0.4029046951555738, 0.40158451801421596, 0.3958895305792491, 0.40463991609274175, 0.4016486806612389, 0.3851345012000963, 0.3872976855320089, 0.383383448509609, 0.3822711960357778, 0.37694970269997913, 0.37446727106968564, 0.3713387554767085, 0.3678275761651058, 0.36218353755333843, 0.36261412998040515, 0.3564320303061429, 0.352243576417951, 0.34805158481878395, 0.3541205446509754, 0.3466603256323758, 0.34430693586667377, 0.34027330518937576, 0.3365251134131469, 0.3475193848796919, 0.33757761325321944, 0.3295032732626971, 0.33159468775870754, 0.3279219772301468, 0.32191672775090907, 0.32260042209835615, 0.31855591605691347, 0.3184085631487416, 0.3150920759813458, 0.3125811707155377, 0.3093181513980323, 0.3079788002605532, 0.30452758643557043, 0.3028646023834453, 0.3010271048428966, 0.2998556173315235, 0.2988901240568535, 0.2958456073321548, 0.29584233667336257, 0.2923378345428729, 0.28833848530170963, 0.28768008772064657, 0.2847594411349764, 0.2840956583911297, 0.2797333066369973, 0.27901924898227054, 0.2765875905021733, 0.27705566906461526, 0.2752102766843403, 0.27207863126315324, 0.2724768618742625, 0.26964817765881033, 0.26709946902359233, 0.2633117158331123, 0.26452378709526625, 0.2670012566388822, 0.26784884228425865, 0.2576179510238124, 0.2570391227947731, 0.2553172614060196, 0.25355135766314524, 0.25467731087815526, 0.26221518393825083, 0.2596465092079312, 0.24648658405332005, 0.2487576095496907, 0.2432782569644498, 0.24599999423120536, 0.2451745036478136, 0.24602912892313564, 0.2442064976283148, 0.23995437779847315, 0.23802144518669913, 0.24051266601857016, 0.23843916929235645, 0.23625144450103536, 0.23259776582320532, 0.2326965023781739, 0.23299563632291906, 0.23105199401285134, 0.22971091477894315, 0.22716590550308133, 0.2306128385312417, 0.2341949299854391, 0.2299675143816892, 0.225205549714612, 0.2242981204215218, 0.22344932968125625, 0.2235831150821611, 0.2199506930568639, 0.21880154837580287, 0.2205339318835268, 0.21921706842441185, 0.2157289794847077, 0.21643104798653545, 0.21212583371237212, 0.21331319505093144, 0.215512257288484, 0.2182830478630814, 0.21071109701605403, 0.20699380805679396, 0.20907509151627035, 0.2069494969704572, 0.2049598156237135, 0.20603836882932514, 0.2057175366025345, 0.20687225183435515, 0.20393050549661412, 0.20209566547590144, 0.20415372664437575, 0.20024427625478483, 0.19872607480661542, 0.2003270723656112, 0.1968077549016943, 0.1993007272774098, 0.19664797128415576, 0.19621737622747235, 0.19542612748987534, 0.19578703697405608, 0.19261697270706588, 0.1937488129033762, 0.19261490173783957, 0.19245705359122334, 0.19201616533831053, 0.1895069979569491, 0.19071068234887778, 0.18763946924431651, 0.18682119688566992, 0.18546446602718503, 0.18517570022274465, 0.1868228869987469, 0.18606983402780458, 0.18311000892929002, 0.18268443030469558, 0.18162749671176368, 0.1837947917919533, 0.1841353515491766, 0.18064998119485146, 0.18024900614046582, 0.18014455082661965, 0.1791343420159583, 0.17938704861729754, 0.17816714694102606, 0.17662930766157076, 0.17775911925470128, 0.17931053918950698, 0.17549164038078457, 0.17404433091481528, 0.1754986383751327, 0.17447286522855945, 0.17215503978670813, 0.17399509017374, 0.17074091345363973, 0.17099135778113908, 0.1709585341022295, 0.17063368608554205, 0.17000212797931596, 0.16776784772382064, 0.16872919628433153, 0.16858436284111997, 0.16820741839268627, 0.17256463830377541, 0.17231443115309172, 0.16389015886713476, 0.16533906027382494, 0.1653737124859118, 0.16417965292930603, 0.16325878205836988, 0.16432420164346695, 0.16414731697124593, 0.163532190609212, 0.16556221392809176, 0.16656761002891204, 0.15997867067070567, 0.1625058772225006, 0.16128519308917663, 0.15776845688621202, 0.15836344498629665, 0.1599888531308548, 0.16003724582055034, 0.15961207829269708, 0.15820918166462114, 0.1582104921633122, 0.15816595697519825, 0.15544709241857715, 0.1552168879584939, 0.15827274030330135, 0.15436680717211143, 0.1535836338412528, 0.15545097512065195, 0.15357601540345772, 0.15335682501979903, 0.15287587455674714, 0.15280248940575356, 0.15237339951244055, 0.15181776011983553, 0.15063248180291233, 0.15249901980746025, 0.15177787781930438, 0.1495040072237744, 0.15069306714862002, 0.1496251545408193, 0.14898782559469634, 0.1485933655617284, 0.14674202747204723, 0.14756420503060022, 0.1475408644068475, 0.14751268317009888, 0.146200627672906, 0.1465190979195576, 0.14756059836523205, 0.14712485466517655, 0.14650341780746684, 0.1440778346914871, 0.1426018316517858, 0.14357898398941638, 0.1433842746066112, 0.14272419246388415, 0.1431760346772624, 0.14412296855566548, 0.14030269482264332, 0.14314022850172192, 0.1407224756537699, 0.14194756001234055, 0.13926640379370428, 0.14090190185051338, 0.13844052906714233, 0.1395136532830257, 0.1398183289988368, 0.1385299787655765, 0.13989840710864349, 0.13857251668677611, 0.13929509882833443, 0.13914217405459461, 0.13860534423706578, 0.13860324142025968, 0.13857975704412834], "map": 0.7828886818077908}, "time": 606.4454681873322}