{"task": {"lambda": 1, "alpha": 3, "lr": 0.0001, "wd": 0.0001, "bits": 24}, "result": {"earlyStop": true, "loss": [2.3648015687278674, 1.3156712809029747, 1.2244543041668685, 1.1283410542151506, 1.067998993484413, 1.022510588169098, 0.9845538475349838, 1.0042348737810172, 1.0124870445214065, 0.9243656411474827, 0.8479203067573846, 0.8138569017835692, 0.794169973801164, 0.7555828810322518, 0.7316472086251951, 0.7155655435487336, 0.7378294990927565, 0.6549301479084819, 0.6443212006021949, 0.6270970485958398, 0.6143496784509397, 0.5748666668055105, 0.58350183040488, 0.5441372245550156, 0.5433694176814136, 0.528386626319558, 0.508855339066655, 0.497744636500583, 0.5000150925388523, 0.4749321695051941, 0.49105573796174107, 0.452468078510434, 0.452317729007964, 0.44736890597086326, 0.4270492073367624, 0.42150475523051095, 0.5039794526848138, 0.4007334095590255, 0.3929273372187334, 0.38720015538673774, 0.3959961124494964, 0.38112402137588053, 0.3711835002782298, 0.39008279904430987, 0.38447292791862114, 0.4454028732052036, 0.3547614842068915, 0.34936320577182023, 0.3974115340148701, 0.3417858309021183, 0.33551313392087523, 0.3511381242789474, 0.32765592985293446, 0.32736164389872086, 0.349614902454264, 0.317800131936868, 0.31687727424443934, 0.3366590234286645, 0.33422570953182146, 0.3131369882646729, 0.31366759743176253, 0.30356500516919527, 0.3009838052824432, 0.3105449394560328, 0.3103538798350914, 0.3616863825157577, 0.29677781404233444, 0.28522923588752747, 0.28041857071951326, 0.2922714244501263, 0.28396684369620157, 0.2777612723556219, 0.29573874643035963, 0.2942652643895617, 0.27072327043495925, 0.34816500719855814, 0.2959842340034597, 0.26140670419908035, 0.26797013291541266, 0.26167943430881874, 0.2669821073319398, 0.26334844149795233, 0.2621586018917607, 0.3023800417488697, 0.2541961579346189, 0.24675443330231836, 0.25930971462352603, 0.253025271728927, 0.25011219157307757, 0.285879490860537, 0.24533656210291618, 0.24017400557503982, 0.23627065414307163, 0.2403645296307171, 0.2533135782269871, 0.24643509367517397, 0.24065034821921705, 0.23428191040076463, 0.24136945985111535, 0.24662898524719126, 0.22900794475686317, 0.2404046273406814, 0.23421334679804595, 0.23086681319218055, 0.28665075173564986, 0.2199513336607054, 0.22334706929384493, 0.2150341300111191, 0.2815055292026669, 0.21318901286405675, 0.21842442598997378, 0.21503067747050642, 0.22239398722555123, 0.22075520777234844, 0.22175169816496326, 0.21884282430013022, 0.22909860444419525, 0.21335836660628224, 0.21605513434784085, 0.2145125191001331], "map": 0.7818899893908845}, "time": 255.9799461364746}