{"task": {"lambda": 1, "alpha": 3, "lr": 1e-05, "wd": 0.0001, "bits": 48}, "result": {"earlyStop": true, "loss": [1.8734197715918224, 1.5266702648471384, 1.4447525505926095, 1.4185381099289538, 1.3678512877109004, 1.3132452608323564, 1.2870743268845128, 1.2585656543572743, 1.238202633226619, 1.2202109460737192, 1.1938646803883946, 1.1894315060447245, 1.165708628355288, 1.1486895505119772, 1.1248560033592523, 1.114873038787468, 1.1094512477809308, 1.0897331220262192, 1.0730481924963933, 1.0717149376869202, 1.0493520469057793, 1.0258367196017621, 1.031412520829369, 1.0148221628338683, 1.0090432394953335, 0.992018933389701, 0.9791848203715157, 0.9743425939597335, 0.9609778751345242, 0.957816052086213, 0.946670626892763, 0.9373608313354791, 0.9285758359759462, 0.9170286859951767, 0.9384910955148584, 0.9013778561470556, 0.8953661877734989, 0.8923241922668382, 0.876982883495443, 0.8731713812140858, 0.8696785575034571, 0.8583266624048644, 0.8505919417914223, 0.843057351953843, 0.8389971040043176, 0.8319825138531479, 0.8181090676317028, 0.8240418492578993, 0.8261452206209594, 0.8046057995627908, 0.7948696598702786, 0.7913719202373543, 0.7796296515301162, 0.7784896545550403, 0.7762909175134173, 0.7691628512214211, 0.76456019282341, 0.757868109088318, 0.7523667070211149, 0.7941528921033821, 0.7512971560160319, 0.7377568255452549, 0.7313290571465212, 0.7270800094394123, 0.7253272875266916, 0.7140391038036814, 0.7125679517493528, 0.7087588614108515, 0.7035822500200832, 0.6948219739338931, 0.6842460083026513, 0.6894722878932953, 0.6855635485228371, 0.6807862929269379, 0.6680841063167534, 0.670346242540023, 0.6634054677743538, 0.72221688078899, 0.6676344298848919, 0.6560196379820505, 0.6506907612669701, 0.6412644649253172, 0.6310064760493297, 0.6338973673535329, 0.6325780202945074, 0.630594773327603, 0.6198544785672543, 0.6233540104300368, 0.6144096445219189, 0.6059391457660526, 0.6071338928213307, 0.6004239586638469, 0.6039310798925512, 0.5968650237602346, 0.5892507515701593, 0.5870147373746423, 0.5835787817543628, 0.6315778610753078, 0.5840862121652154, 0.5775313748448503, 0.5712731550721561, 0.580976500230677, 0.5809209580514946, 0.5705083830683839, 0.5613983936753928, 0.5590816876467537, 0.5579235325841343, 0.554964555829179, 0.5541500273872825, 0.5490545823293573, 0.5482242674219842, 0.5376021341950286, 0.5415894926763049, 0.535419459436454, 0.5377076539923163, 0.5310049699802025, 0.5287525764867371, 0.5483538397386962, 0.5379108430123797, 0.519384962086584, 0.5284855149540246, 0.5181286893054551, 0.5175539868719438, 0.5099501332231596, 0.5151589527433994, 0.5078886840857711, 0.5050281239490882, 0.510026738631959, 0.5031374467938554, 0.5020515603177688, 0.4961428814658932, 0.4946495379303016, 0.49422797180858313, 0.4920306234967475, 0.48929470310024187, 0.49305524253377725, 0.48392870905352575, 0.4763391023757411, 0.4794869192090689, 0.4785909734520258, 0.47218424695379596, 0.47128545945765926, 0.4768318253404954, 0.4700467323555666, 0.46359416404191184, 0.46696118601396974, 0.4640904559808619, 0.4587498929570703, 0.46041785648056105, 0.4592926952184415, 0.4597751688139111, 0.4576565965133555, 0.4556471150295407, 0.44748061164921404, 0.446889167322832, 0.44011987694630433, 0.44415250625096114, 0.4440354298727185, 0.4401765895240447, 0.4364655643117194, 0.43644042196227056, 0.43586454379792305, 0.43296998008793475, 0.4293769754323305, 0.42822495161318314, 0.4274701300789328, 0.4278364286703222, 0.4287591407112047, 0.42654495174978296, 0.4167198582607157, 0.41781797596052583, 0.4166594030810337, 0.461518934544395, 0.43663573381947535, 0.41160308964112224, 0.41023523784151267, 0.41250214857213635, 0.40806738652435004, 0.40778934137493955, 0.40887294651246536, 0.41224295894304913, 0.41193052308232175, 0.4053719730353823, 0.4062881314871358, 0.39840222062433467, 0.40373284822585537, 0.39372455810799317, 0.39660146832466125, 0.3988955017982745, 0.3982972718921362, 0.38943381081609163, 0.39401693233087953, 0.3898789748257282, 0.389171250018419, 0.3850840195721271, 0.38523078227744384, 0.38212572271917383, 0.3847345379637737, 0.38052331670826556, 0.3853341270895565, 0.3785163958867391, 0.37769180098000693, 0.37632204504574046, 0.37469636196014927, 0.37326089190501793, 0.37219980388295415, 0.3687446465094884, 0.3707486829336952, 0.3681434056922501, 0.38415540258089703, 0.3805329297103134, 0.36474192347012313, 0.3637980415540583, 0.36156593672200743, 0.36394350581309376, 0.3637142759912154, 0.36642348532583197, 0.3630964668358074, 0.3546549455792296, 0.3554310512308981, 0.3573408354731167, 0.35613346771866666, 0.3551531600601533, 0.35398634216364694, 0.352567506479282, 0.35365203724187966, 0.35064341303180246, 0.352033881872308, 0.3490241456265543, 0.3475461251595441, 0.3443088227627324, 0.34881530409934475, 0.3422945834258023, 0.34699321406729083, 0.3470136800817415, 0.3464723781627767, 0.34421711488097323, 0.3451663729022531, 0.33984711065011863, 0.3360780164891598, 0.3348681768950294, 0.3342723837670158, 0.3384573354440577, 0.34182936654371376, 0.34480154894146264, 0.33309263341567097, 0.3276328256025034, 0.3323428309431263, 0.3308745821317037, 0.3296102212340224, 0.3294183833926332, 0.3286716682361622, 0.3312682845428878, 0.32872794539320704, 0.327847426720694, 0.3278443272791657, 0.3235812667830318, 0.3247129055214863, 0.3270733715856777, 0.32011085661018596, 0.32587968309720355, 0.3223165019470103, 0.3226084029849838, 0.3166041838772157, 0.31869136352165073, 0.31965332785073447, 0.3188161064012378, 0.3097878332962008, 0.3192263727678972, 0.31229352980267766, 0.31051332474339244, 0.3138464201314777, 0.31132854798845216, 0.31327296413627326, 0.31125372794328954, 0.3136580080962649, 0.3181918695861218, 0.31951940205751683], "map": 0.792584745582604}, "time": 454.0060615539551}