{"task": {"lambda": 1, "alpha": 5, "lr": 1e-05, "wd": 1e-06, "bits": 24}, "result": {"earlyStop": true, "loss": [2.645580406282462, 2.1116135383353516, 1.9762933154900868, 1.9243770814409442, 1.8581422082349366, 1.8114463590523775, 1.7982795448864208, 1.7466777346882165, 1.738403275901196, 1.6944434064276077, 1.6858651030297374, 1.6679738970363842, 1.6430361755922729, 1.6036181482029896, 1.5880216027007383, 1.5844550974228804, 1.5469060963859744, 1.5433252167467977, 1.5187594890594482, 1.5045134220637528, 1.4859772273430638, 1.4773037731647491, 1.465140934083976, 1.4485705369243436, 1.4350296498513688, 1.4262501052489467, 1.4315147890764124, 1.4105644623438518, 1.379454634645406, 1.3735975769220614, 1.3629944976053985, 1.3459879235894072, 1.3280969215374367, 1.3235779007275899, 1.3635665038052727, 1.313867500599693, 1.2899977420182789, 1.2813990113197589, 1.2778826674409942, 1.2691944638888042, 1.2638996167510164, 1.2637217833715326, 1.2444185895078324, 1.2368102941442938, 1.2233012474927247, 1.2110662577199, 1.2026072474671345, 1.202621444475417, 1.1847568709476322, 1.187906984020682, 1.179280528835222, 1.1703335090595133, 1.1628605441427697, 1.166483686835158, 1.1512218444955116, 1.1372133624904297, 1.138305843168614, 1.1159397796088575, 1.113432680274926, 1.1091284833702386, 1.1114356177402478, 1.0970166080138262, 1.0933069449429418, 1.0780141765580458, 1.0691222338115467, 1.0766501125751757, 1.0604787515658958, 1.0529669017768373, 1.046626634603622, 1.043571498171956, 1.0339582620882521, 1.031801371013417, 1.0246305290390463, 1.0254556641859167, 1.0036933278920603, 1.0081246448498147, 0.9965174981192046, 1.0000572122779547, 0.9888987444779452, 0.9887515493467742, 0.9834055424320931, 0.9767436770831838, 0.9688953216753754, 0.9640842956655166, 0.962238125649153, 0.9532932145338432, 0.9486536766384163, 0.9526576113467123, 0.9439160327116648, 0.9384585017082738, 0.931999754671957, 0.9199263733976027, 0.9207424185439652, 0.9162378033586577, 0.9060346972124249, 0.8973170144885194, 0.8904750621786305, 0.9010109054107293, 0.8895225688522937, 0.8844518544627171, 0.8851592587489708, 0.8732215832261478, 0.8702052524861168, 0.8682358814220802, 0.8687682888087105, 0.8680491955841289, 0.8544935338637408, 0.849845840066087, 0.8517761303513658, 0.8483122791729721, 0.8600542638816085, 0.8511211369551864, 0.8307695470604242, 0.8236198422371173, 0.8242568288948021, 0.8235511917109583, 0.8115812630630007, 0.8179509858874714, 0.8135951942965096, 0.8052185166115854, 0.8107477572618746, 0.8102490492895538, 0.7975331135824615, 0.8028993372823677, 0.7855019195407045, 0.7866288490739524, 0.7884832141446132, 0.7895056085259307, 0.7842118144035339, 0.7621633153335721, 0.7796951672610115, 0.7687913418984881, 0.7717369084849077, 0.7817719006070903, 0.7666692596440222, 0.7576009365273457, 0.7674057828445061, 0.8060903993307376, 0.7627041696333418, 0.7453207350244709, 0.7444180235558865, 0.7405654963325051, 0.7341627890572828, 0.7350109567244848, 0.7428986766174728, 0.7329346368125841, 0.7481996627414927, 0.7457495114090396, 0.7232343694742989, 0.721796065568924, 0.7203590086862153, 0.7213355694331375, 0.7091760033485937, 0.7126828132599008, 0.7143676871178197, 0.7039788067340851, 0.7015804449717203, 0.6986464495752372, 0.7004769286688637, 0.6961967679215413, 0.6892424547204784, 0.6912980976642347, 0.6937097591512343, 0.6867979195188073, 0.6829417382969576, 0.6815486503582374, 0.6853435331699895, 0.6723005982006297, 0.6724197303547579, 0.6694092350263222, 0.6732892879084045, 0.6627189508255791, 0.6636373581839543, 0.6571688958827187, 0.6567607945671269, 0.651618233498405, 0.6426165995060229, 0.6535128448523727, 0.6486231412957696, 0.6425081336615133, 0.6485615872284946, 0.6435519226041495, 0.6422880741895414, 0.6370603848321765, 0.6334307807333329, 0.637252514853197, 0.6321729068078247, 0.6339038961073932, 0.6310520312365364, 0.6331992356800565, 0.6198660021319109, 0.620204535185122, 0.6177146949020087, 0.6139319971495983, 0.6145904718660841, 0.6147601668741188, 0.607287074713146, 0.6078986990101197, 0.6031271225097132, 0.6042186737644906, 0.6075946934082929, 0.5895422581656307, 0.6020740001809364, 0.5902434980460242, 0.5916861906355503, 0.5955967973260319, 0.5936659966029373, 0.5846422042916802, 0.5819980291759267, 0.5853109277930915, 0.5830288993961671, 0.5837383173844394, 0.5803000631870008, 0.5778503844551012, 0.5757866346952962, 0.5699905190689891, 0.5731074292870129, 0.5787949743224126, 0.5697017627603868, 0.5666371066780651, 0.5621635291506263, 0.5667661463513094, 0.572517559224484, 0.5600742024241709, 0.5585442874945846, 0.5588996445431429, 0.5628118655260872, 0.562870030893999, 0.5643125036183525, 0.546910875568203, 0.5460548830382964, 0.5463571399450302, 0.5514735617474014, 0.5511643384017196, 0.5422244533604267, 0.5419500470161438, 0.5439841995636622, 0.5417529303653568, 0.5368262152461445, 0.5303414513667425, 0.5313053209992016, 0.5326966263499915, 0.5356454865313044, 0.5380659097549962, 0.5318030601038652, 0.5283887123360353, 0.5296170197281183, 0.531698033505795, 0.5331137200780943, 0.5198289287440917, 0.5252598220226812, 0.5165517331630576, 0.5179596899771223, 0.526694520723586, 0.5153590534247604, 0.5129740001524196, 0.516141318807415, 0.5176042920234156, 0.515151189530597, 0.510094057987718, 0.5095478202782425, 0.5047006431747886, 0.5021064845370311, 0.5043397165980994, 0.5037409759619657, 0.5006998333276487, 0.5003777518868446, 0.5056102042104683, 0.5031096657701567, 0.4970734610277064, 0.500945220098776, 0.49313777130024106, 0.4995780598883535, 0.5049657827498866, 0.4897095406172322, 0.49486435160917397, 0.49429497823995705, 0.48903664800466273, 0.48466815609557956, 0.4912724801722695, 0.4847560025313321, 0.48556172219561594, 0.4836214916671024, 0.48320292520756813, 0.4832819321868466, 0.4767336570749096, 0.47506562722664253, 0.4801086225346023, 0.47521958836153444, 0.5100089001889322, 0.49114791318482043, 0.47381170766026365, 0.4723755539047952, 0.4722726423950756, 0.4750250116282818, 0.47017910565231363, 0.4747741646042057, 0.46673683413103517, 0.4674743142198114, 0.4686094700705771, 0.4631781189465055, 0.46479840152988244, 0.47301797481144175, 0.46813313341608237, 0.46157582308731826, 0.46127770665813894, 0.46461240976464513, 0.46267235132993434, 0.46306105717724444, 0.45967696154234455, 0.4550359649401085, 0.45997133617307623, 0.4604317537125419, 0.4579959375893368, 0.45754365652215245, 0.4515013539907979, 0.45996683076316236, 0.4541362620451871, 0.45225054697663175, 0.45676711698373157, 0.4609180425896364, 0.4490504413843155, 0.4480581181306465, 0.4498618134096557, 0.44560342442755607, 0.45146698694603116, 0.4431023634239739, 0.4436405885453318, 0.444127568573344, 0.4415624503995858, 0.44213178505500156, 0.4363854755373562, 0.4394341891302782, 0.44553162566587035, 0.5198879557497361, 0.46090969311840396, 0.44140973482646195, 0.4341522753238678, 0.4314258105906786, 0.4304613996954525, 0.43227322151263553, 0.4324209868323569, 0.43109508443112465, 0.43531777198408167, 0.4274390683162446, 0.4321029814434986, 0.43688516260362137, 0.4298221945178275, 0.4311123022846147, 0.4318331742987913, 0.42459240658026115, 0.4263248034552032, 0.4271493906191751, 0.42320925216464433, 0.42965755976882636, 0.4307059946597791, 0.4433099095727883, 0.44317927021606296, 0.4256891298527811, 0.4183906866054909, 0.4133259335569307, 0.4403696434170592, 0.42646876824837104, 0.41619526638704185, 0.417140388897821, 0.4159799947165975, 0.4179592337094101, 0.4192073257530437, 0.4194173468094246, 0.4211420793743694, 0.40926945939952253, 0.4162770232149199, 0.42079654335975647, 0.415254137971822, 0.41373559511175345, 0.4075226292890661, 0.4077156237235256, 0.41372639934221905, 0.41242938459503886, 0.41122956880751776, 0.4103570077933517, 0.41230254810230405, 0.4092954052429573, 0.41194114322755854, 0.4030514854718657, 0.4087399136202008, 0.40885376448140426, 0.40275175314323575, 0.40479739623911243, 0.4076665638416421, 0.4142761136971268, 0.39946675037636475, 0.4020555048596625, 