{"task": {"lambda": 0.5, "alpha": 3, "lr": 1e-05, "wd": 0.0001, "bits": 48}, "result": {"earlyStop": true, "loss": [1.5654321359653098, 1.2869666829413058, 1.2183798498967116, 1.1674123672293681, 1.1340531961006277, 1.1079855178501092, 1.0790828139174218, 1.0679015540609174, 1.0472962540738724, 1.019454054680525, 1.002475466506154, 1.0165910662389268, 0.977446116068784, 0.9649730146515603, 0.9484915444079567, 0.9395544841593387, 0.9230966401450774, 0.9177895883719126, 0.9012803213269103, 0.891193050087667, 0.8853111787169587, 0.8666306170178395, 0.8585644352669809, 0.8452703757028953, 0.8433100899644926, 0.8245904413508434, 0.8258609990863239, 0.8113870579822391, 0.8097239919737274, 0.7973067573472565, 0.7854557759037205, 0.7830812837563309, 0.779286078378266, 0.7685441725394305, 0.76568204164505, 0.7526264120550716, 0.7536914208356071, 0.73766415551597, 0.7340088285067502, 0.7218085772850934, 0.7165368149677912, 0.708650114197357, 0.7168467263965046, 0.7018292844295502, 0.76326103070203, 0.7027630507946014, 0.6806870409670998, 0.6800534529428856, 0.6733604923767202, 0.6758558507643494, 0.6572025917908725, 0.6888477252978905, 0.6594830955944809, 0.6472299015697311, 0.6486768687472624, 0.642370351973702, 0.6433746133949242, 0.6280502551326564, 0.6260543667218265, 0.6246601606116575, 0.6188272648290092, 0.6083284359352261, 0.612669465880768, 0.6023649161352831, 0.607096490176285, 0.5989290020045113, 0.6014812556551952, 0.6022284340624716, 0.5877866408988541, 0.5760768015010684, 0.5764214972070619, 0.5686423416231193, 0.5675496266168707, 0.5616406127810478, 0.5591825544834137, 0.5608920031318477, 0.5574795197622449, 0.5480425327139742, 0.5442683144527323, 0.5374115274525156, 0.5305750719180294, 0.5268857400206959, 0.5290006758535609, 0.5211612694695884, 0.5230846226799721, 0.5132378649477866, 0.5128220369418462, 0.508030634738651, 0.5038510248357174, 0.5044008604451722, 0.4943793977008146, 0.49535856980319115, 0.49331258938593026, 0.48456552376349765, 0.4813569471532223, 0.4799548548226263, 0.47618668803981706, 0.4730745478003633, 0.4824016246141172, 0.4726809228167814, 0.4621640233432545, 0.4650861974440369, 0.45806152665731953, 0.46663907813090905, 0.46194737901290256, 0.4531327623362635, 0.4464453083335185, 0.4466643054403511, 0.44282978013450025, 0.4413291772498804, 0.44262908048489513, 0.4366138356865621, 0.43903112703678654, 0.4348248503371781, 0.42679305827500774, 0.4308785934950791, 0.428950526842884, 0.4223630283685291, 0.42218393145823013, 0.4178908397169674, 0.4131870047718871, 0.41425558340315727, 0.4095593033468022, 0.40584570198666814, 0.4102820945428867, 0.41665076157625985, 0.4025909225730335, 0.4010787115377538, 0.3917261053826295, 0.39510808213084353, 0.38901205273235545, 0.38879047903944464, 0.38334064857632505, 0.3884648131389244, 0.3883514972586258, 0.3779246076649311, 0.38329265339701785, 0.38066237156882005, 0.37614529010127573, 0.3750962067176314, 0.3752279740338232, 0.3693313265548033, 0.3687734986637153, 0.3680243372332816, 0.36382494808412064, 0.3607412395524044, 0.3630656965223013, 0.3626384250089234, 0.3625662297594781, 0.3519142159059936, 0.35246071628495756, 0.35299302360006407, 0.3514142714294733, 0.3507243006252775, 0.3490336448246357, 0.3476343923339657, 0.3410149127537129, 0.3455793933541167, 0.33937427985901925, 0.3432301876007342, 0.3410096549812485, 0.33922014809122275, 0.3345455343232435, 0.33654237728492886, 0.33812401458328845, 0.3385339640811378, 0.3263017181672302, 0.325311031265586, 0.323515147701198, 0.32631592525571, 0.3229945978405429, 0.32233516550531577, 0.32285675815507475, 0.3224078091044052, 0.32204369966890295, 0.3218856351632698, 0.312853069720315, 0.31733138976143854, 0.3175120714540575, 0.3132396273168863, 0.3134555016078201, 0.30874861747610804, 0.3061567213313252, 0.30631201685059306, 0.306128920147232, 0.30428003169157924, 0.30116771804351433, 0.3005451437305002, 0.3023744114473754, 0.30003493074692933, 0.2975364574322514, 0.2953810837923312, 0.29472528208120197, 0.2956167322163488, 0.29178352741634145, 0.2959649615428027, 0.2898278494968134, 0.2905237608972718, 0.29215002279071245, 0.28994108619643194, 0.28759463759613973, 0.28677725119918, 0.28547151123776154, 0.2825036617178543, 0.28167352167999044, 0.28151511853816463, 0.2807344171930762, 0.3045993555410236, 0.2902764498310931, 0.27779937228735757, 0.2770772479912814, 0.2775784779120894, 0.27627404852240695, 0.27256523364899204, 0.2734246961772442, 0.27409465391846266, 0.2710172190677886, 0.2668614105558863, 0.2684868939366995, 0.2727542418767424, 0.2711544089457568, 0.26734185028894275, 0.2652735190064299, 0.2641837994257609, 0.2655353160465465, 0.2647242303572449, 0.2617591970107135, 0.26411405030418844, 0.26406388116233487, 0.25884826174553704, 0.2692527978443632, 0.26429319644675536, 0.2583073067898844, 0.2557046167990741, 0.2553836452025993, 0.2532181132073496, 0.2559049586747207, 0.25448398014494017, 0.2558659692020977, 0.25321906556685764, 0.2527520726708805, 0.2548083192577549, 0.2503243540139759, 0.25086621925526975, 0.25069336154881644, 0.2534861196489895, 0.24810285647125804, 0.25054674493331536, 0.24756380345891504, 0.24557412678704543, 0.2474142529216467, 0.24724249965419956, 0.2502875368969113, 0.25248415402921975, 0.24145363987076515, 0.241644247489817, 0.24305944276206634, 0.24022489464750477, 0.23896653541162902, 0.2386744790801815, 0.23503492918669008, 0.2389905877849635, 0.23822221992646947, 0.23757137475060483, 0.23689119225623562, 0.23200000537668958, 0.2368875983006814, 0.23257992694190904, 0.23339945063287137, 0.2349390535085809, 0.22890745483192743, 0.23057301167179556, 0.2307745435950803, 0.2272976695322523, 0.2297266769935103, 0.22453726550527647, 0.22722592555424748, 0.22573458154996237, 0.2282288492310281, 0.23080245989794826, 0.22618788013271257, 0.2257667730251948, 0.2252958063401428, 0.2225956027122105, 0.22689719410503612, 0.22412377530161073, 0.2221563430685623, 0.22137136319104364, 0.22304241154708115, 0.2186067697464251, 0.22000370729787677, 0.21848004106797425, 0.2164094769487194, 0.21972992490319646, 0.2174737152515673, 0.21472468431673797, 0.21516170235825519, 0.2158597820237571, 0.21852771295051948, 0.21271149507340262, 0.21699700504541397, 0.21346127285676844, 0.21319970649247075, 0.21314971543410244, 0.213183538294306, 0.21115816077765295, 0.20909511283332227, 0.2263063990017947, 0.2163173351802078, 0.21052059326686112, 0.21034565918585835, 0.20751384382738786, 0.20514935561839273, 0.2060062410492523, 0.20654312360520458, 0.20739485447605452, 0.22381370616894142, 0.22075681943519443, 0.20584077884753546, 0.20585880662296333, 0.20384436217593213, 0.20338424265969032, 0.20617419028399037, 0.2022478538108807, 0.20531019977494783, 0.20094652021048115, 0.20255336779005387, 0.20087035445898188, 0.19899890279653026, 0.1986134684845513, 0.20146495629759395, 0.20008071804163502, 0.20223015882805281, 0.19754493893945918, 0.20253991058059767, 0.1965763636079489, 0.19782667066536697, 0.1971631551197931, 0.19939313989643956, 0.19554134896572897, 0.19714419441480263, 0.19600922322156383, 0.19644752436993168, 0.19423709546818452, 0.1941335025955649, 0.19329010563738205, 0.19461310844795376, 0.19330610378700144, 0.19373145801763908, 0.19132724126764372, 0.19248836881974163, 0.19086531082204744, 0.18985697641676547, 0.1891044334453695, 0.18979292246056537, 0.19014596091765984, 0.18685159116399055, 0.18603317015895657, 0.18831035100361881, 0.1888043708076664, 0.1895270974320524, 0.18770263986844643, 0.18654029451164544, 0.1862184111686314, 0.18753645488736675, 0.1858212172108538, 0.18682961282776853, 0.18250355898749596, 0.1831223271494987, 0.1849305587364178, 0.18606051671154358, 0.1802097103174995, 0.18148090135233075, 0.18290463192205803, 0.1795313033257045, 0.17992963320484348, 0.17973496078276166, 0.1803718558421322, 0.18275409805424073, 0.18023652992412156, 0.18463808444200777, 0.18296471544924905, 0.17927154182803398, 0.1788209342196876, 0.17604148592434676, 0.17824252008223065, 0.17893034073652006, 