{"task": {"lambda": 1, "alpha": 3, "lr": 1e-05, "wd": 1e-05, "bits": 32}, "result": {"earlyStop": true, "loss": [1.8317317354912852, 1.4675084796606326, 1.3762682629566567, 1.3282267205855425, 1.286442473822949, 1.2649108381832348, 1.2290223085997152, 1.200007118430792, 1.1696045574019938, 1.1593653512936013, 1.1357073199515249, 1.1329360919840195, 1.1038532257080078, 1.0896368336443807, 1.0728407087279301, 1.0595594702982436, 1.049426190993365, 1.0628939224224465, 1.0198757058265162, 1.004237798499126, 0.9996583897109125, 0.9794952664889541, 0.9723500340592628, 0.9654714026871849, 0.9502867737821504, 0.9488178047479368, 0.9360311446236629, 0.9273111983841541, 0.9146886684146582, 0.9106832468042186, 0.893018487037397, 0.8869944629715938, 0.8793475573845938, 0.8693964791064169, 0.8644274350474862, 0.8560704588890076, 0.8444014524712282, 0.8457306074161156, 0.8315854195286246, 0.8318932956340266, 0.8198515781584907, 0.8517767296117895, 0.8153325494597939, 0.8001240532772214, 0.7882970033907423, 0.7901640820736978, 0.7849812419975505, 0.7872572997037102, 0.7739001074258018, 0.7656691398690728, 0.7660949896363651, 0.7624015112717947, 0.7629293250102623, 0.7422576897284564, 0.7396903102304421, 0.7340586612037584, 0.7328771604042427, 0.7227136691411337, 0.7166540649007348, 0.713809188674478, 0.7081935718363407, 0.7078462424231511, 0.6978662437668034, 0.6951745520619785, 0.6849854939124164, 0.6875413212121702, 0.6807047423778796, 0.6791292516624227, 0.6777134920452156, 0.6756962081965279, 0.6710233258850434, 0.6582049414807675, 0.6589513231141895, 0.6476825785403159, 0.6525730335829305, 0.6457771249845916, 0.6425532619742786, 0.6369909065611222, 0.6246703085946101, 0.6274195830611622, 0.6260745648075553, 0.6157800660413855, 0.6220905734043495, 0.6165977155461031, 0.6115549551505669, 0.6062124199142643, 0.602495982950809, 0.5998707507170883, 0.5929982434300816, 0.5896833699707892, 0.5828201650988822, 0.5881411561778948, 0.5794608709858913, 0.5780067177964192, 0.5727340552736732, 0.5836702357320225, 0.5787232956465553, 0.5603625962839407, 0.5629524074348748, 0.5558534159379847, 0.5533858343374496, 0.5507508820178462, 0.555627227413888, 0.5542756932623246, 0.5481390228458479, 0.559548000494639, 0.5515459916170906, 0.538490195776902, 0.5320081114768982, 0.5340517823602638, 0.5294984710567138, 0.5310850248617285, 0.5352790431649077, 0.5247473062253466, 0.5413908859093984, 0.5381315537527496, 0.5147178558742299, 0.513649679574312, 0.5112536549568176, 0.5128589567600512, 0.5066189383174858, 0.5060169889646418, 0.5084481958080741, 0.50114513612261, 0.5030417319606332, 0.5082032014341915, 0.4948657181333093, 0.490351344878767, 0.49534085918875304, 0.5034225986284369, 0.500320717108016, 0.4948117686252968, 0.48877040983415115, 0.4845242085410099, 0.484773199932248, 0.4792773676853554, 0.4779042960966335, 0.4729953411163068, 0.4731354260561513, 0.47819142540295917, 0.4684874517660515, 0.48519260567777295, 0.47360453155695226, 0.4611326555411021, 0.46508369726293225, 0.459880706726336, 0.46059952530206416, 0.4582325383728626, 0.4658877872953228, 0.46740949037028295, 0.4578477094570796, 0.45279181237314264, 0.44948818490785714, 0.48231935325790853, 0.4567614317524667, 0.4403645571540384, 0.4468373895860186, 0.4593804583829992, 0.4517889653935152, 0.44401462639079375, 0.44225559982598994, 0.4443533888050154, 0.438751207262862, 0.44058411086306853, 0.43852194413250567, 0.4306085965797013, 0.4311072107623605, 0.4334872486252411, 0.4256193063714925, 0.4274871007484548, 0.430702324591431, 0.4341350267915165, 0.42139067018733306, 0.4206949817199333, 0.42155901123495665, 0.4173642192401138, 0.4160895324220844, 0.41538721293795344, 0.4162302341531305, 0.4169778666075538, 0.41882532864224675, 0.40773409984859765, 0.4101497641965455, 0.41353804282113615, 0.4070892193738152, 0.4070637985771778, 0.4086599271087086, 0.4044368512490216, 0.40025057395299274, 0.40104909065891714, 0.4014945240581737, 0.39562755355647966, 0.395667275669528, 0.39273401861097296, 0.3946165585634755, 0.3972844043198754, 0.3915715498082778, 0.3906629725414164, 0.38795608398961084, 0.38911237962105694, 0.38448607308023114, 0.38295146676839564, 0.38762783785076704, 0.3855142499886307, 0.3817313265274553, 0.37924323304026736, 0.3772950344810299, 0.3779149692432553, 0.37689099650756985, 0.37939537827875097, 0.374442306803722, 0.3722103115390329, 0.37414343567455516, 0.37346789313882006, 0.367585655520944, 0.366828590631485, 0.36986759100474564, 0.36436623144967883, 0.36816313073915596, 0.3671833627364215, 0.36307813431702407, 0.3642382680201063, 0.36128270333888485, 0.3623092978024015, 0.35944926446559383, 0.359009490293615, 0.3601185886883268, 0.35870155692100525, 0.35746555088781845, 0.35316843890091953, 0.3530388936108234, 0.3499840801837398, 0.355267989284852, 0.3559856864751554, 0.3717099229494731, 0.3587280888767803, 0.3463434696781869, 0.3502959831088197, 0.3449808670317425, 0.34773220443258096, 0.3454488092193417, 0.34518610934416455, 0.3470035417407167, 0.3403955655647259, 0.3411099641930823, 0.3411944914682239, 0.34049851622651606, 0.3416909920234306, 0.33935196580840093, 0.33949027882487165, 0.33937937021255493, 0.33673495726258146, 0.33783302237005797, 0.33226748059193295, 0.33725138388428033, 0.33500946649149355, 0.33572740268473533, 0.3523017691046584, 0.3330301262584387, 0.32915359487136203, 0.32906877293306236, 0.3281673450095981, 0.3292830300097372, 0.32759713206221075, 0.32537681244167627, 0.3257380519427505, 0.3245088519418941, 0.3277624494889203, 0.3257904417958914, 0.32071375846862793, 0.32348990002099204, 0.3205706643707612, 0.3218378870218408, 0.31686632393621933, 0.31694166756728115, 0.31892382280499326, 0.3176806592473797, 0.3139534976114245, 0.3141916128350239, 0.3181586255337678, 0.3165270516685411, 0.31853894801700816, 0.31590163444771485, 0.31504379709561664, 0.3121056133041195, 0.3093370581958808, 0.31314855375710654, 0.3106013492626302, 0.3261683016431098, 0.32566750794649124, 0.3094019840161006, 0.3079499248780456, 0.30448102717306097, 0.30960291740941065, 0.3061898543554194, 0.30656712662939933, 0.3082079305952671, 0.30202075868260625, 0.306008473330853, 0.30419181783994037, 0.29967568230395225, 0.3013788970077739, 0.30574579098645377, 0.30188029478578005, 0.30018962174654007, 0.3006585272503834, 0.3043394453969656, 0.29850366580135684, 0.2985481596460529, 0.2977861436266525, 0.29572779495342105, 0.2933875103207195, 0.2957724189641429, 0.2945912373708744, 0.2957238549110936, 0.2963727172098908, 0.29148755536652077, 0.2941982030284171, 0.2934262828499663, 0.2901047317712915, 0.29285914640800625, 0.2897876287792243, 0.2885451950863296, 0.2898796972106485, 0.2884099667563158, 0.2855048489336874, 0.2891565472179768, 0.2921317251873951, 0.2866573387793466, 0.28766020927943436, 0.28468910677760256, 0.2857229560613632, 0.28716589568876755, 0.28419434176940545, 0.28491321293746724, 0.28251837135529984, 0.2837661948858523, 0.2822316402898115, 0.2813789390173613, 0.2832643778300753, 0.283149881105797, 0.2849703033765157, 0.28307315049802556, 0.27837618250472873, 0.2799581055547677, 0.28671060210349514, 0.2813966735905292, 0.27698524792989093, 0.2772727690491022, 0.2747871215436973, 0.2760182502222996, 0.27809081504157945, 0.27461838064824834, 0.2738493219310162, 0.2751154811943279, 0.2721363669809173, 0.27529702934564326, 0.2738754359238288, 0.27889752271128637, 0.27240335912096736, 0.27406136165646944, 0.2739545615280376, 0.27200346980609147, 0.27381980506812825, 0.27029641995243, 0.26422927893844306, 0.2689720580683035, 0.2663685631226091, 0.2695908116943696, 0.2672440999863194, 0.2681247553988999, 0.2668258153340396, 0.26817755722532083, 0.2685677172506557, 0.26273459546706257, 0.2620576029899074, 0.26369872002625, 0.26460150965288576, 0.26682833947387397, 0.2665466283466302, 0.26228836397914324, 0.27181927246205945, 0.2677343365024118, 0.25940752642996173, 0.2606314137285831, 0.2588430796475971, 0.2634424573066188, 0.2602759304584241, 0.25769373949836283, 0.26075231415383954, 