{"task": {"lambda": 1, "alpha": 5, "lr": 1e-06, "wd": 1e-06, "bits": 12}, "result": {"earlyStop": true, "loss": [5.014767684188544, 4.334020932515462, 3.7743602640488567, 3.4171271259878195, 3.2659656347012986, 3.019516655627419, 2.941594404332778, 2.7845476585275986, 2.6827508848087462, 2.6791821788339054, 2.564721769269775, 2.509768301365422, 2.477834594015982, 2.4493953521345175, 2.4563060928793514, 2.392465130371206, 2.3590483969333125, 2.3357773309244827, 2.321308480758293, 2.3315933288312425, 2.280936611633675, 2.2692165105950597, 2.2345350092532588, 2.2255590634018767, 2.2675538974649765, 2.200715075520908, 2.1811652539991866, 2.1606495684268427, 2.1523477166306737, 2.14295488216129, 2.1391387996720335, 2.1049721690953946, 2.102589957854327, 2.143585953057981, 2.0772109896528956, 2.0681015177100313, 2.066539409113865, 2.0620158466638303, 2.0482894299077055, 2.120077785323648, 2.0225413120260427, 2.0192784187840482, 2.0125226942347547, 2.0001440942287445, 1.9994069647555257, 2.0698533852895102, 1.9802785582986533, 1.9821702686010623, 1.9841954193863214, 1.9697748282376457, 1.981443358402626, 1.9467187745898378, 1.9497679232382308, 1.9441358286376094, 1.9327167827709049, 1.9250244696935017, 1.9274691179686902, 1.9082747233264588, 1.9175402089661242, 1.902676311193728, 1.907326164783216, 1.9072288292295791, 1.8952573491077798, 1.890753521638758, 1.880883369960037, 1.8899917403856914, 1.8781941828190112, 1.8890068238856745, 1.8781020127090753, 1.8709846249982423, 1.8662737195982653, 1.861352668089025, 1.8449777236171798, 1.8667517269358915, 1.905429667117549, 1.8424085472144334, 1.8502189189779992, 1.8302924372986251, 1.841313615733502, 1.8208859758634193, 1.8222727132778542, 1.8553999662399292, 1.8235929006454992, 1.8036572763732834, 1.8214372054618948, 1.8322679832869886, 1.8085506099696254, 1.7986753606328778, 1.795836040202309, 1.7931528310565388, 1.7911063146357442, 1.784371646888116, 1.8028010877908445, 1.78858635764496, 1.7732676407870125, 1.7971886443156821, 1.7753346667570227, 1.777333937439264, 1.7683842325327443, 1.7864073888928282, 1.8210713466008503, 1.7569142299539902, 1.7473789444741081, 1.7596975471459182, 1.7505114621975844, 1.741404706648752, 1.7903271165548587, 1.7398548053175795, 1.740822654728796, 1.7337214318560619, 1.7391264377271427, 1.7446238714105942, 1.72267170104326, 1.73487214773309, 1.7318777145416129, 1.729347785313924, 1.7273591788960438, 1.719710616212265, 1.7446101132561178, 1.7125857390609442, 1.7141908865933324, 1.7179286614352582, 1.7023854156335194, 1.7085160963675554, 1.6990607737326155, 1.7486364420722513, 1.701432434951558, 1.6946843035665213, 1.6919412560322706, 1.7477455746893789, 1.6941194756358278, 1.6912021864863003, 1.6975072820981343, 1.680996585710376, 1.6826526458356894, 1.674969011662053, 1.6791390390957104, 1.676961629414091, 1.6614813605944316, 1.6765885148562638, 1.6846983456144147, 1.6666394074757893, 1.6555805486791275, 1.6730114537126877, 1.6642414758018418, 1.6537444784360773, 1.6463018048043345, 1.6549642952341659, 1.6514366678163117, 1.6425709975700753, 1.6438725444616056, 1.6432459512177635, 1.6788727769664689, 1.6300377980166791, 1.6456784237833584, 1.6380336215975237, 1.68327138003181, 1.6310439290953618, 1.62896510608056, 1.7224187079597921, 1.6215012605283774, 1.6332283277137607, 1.6264142665792913, 1.6151916323339237, 1.6269248016909057, 1.625883467057172, 1.656853432748832, 1.6118701138332778, 1.616109749850105, 1.6164216089482402, 1.6102632859758301, 1.5962583051592696, 1.6521650692995857, 1.676505402022717, 1.588586426540917, 1.6204221061631745, 1.5999881452789493, 1.59007460273364, 1.6080149803675858, 1.5944917681170445, 1.589495028789137, 1.5929471952658074, 1.5912123141335506, 1.6060793960795683, 1.6115046225342096], "map": 0.7290600787744465}, "time": 389.879606962204}