{"task": {"lambda": 2, "alpha": 3, "lr": 1e-06, "wd": 1e-06, "bits": 12}, "result": {"earlyStop": true, "loss": [3.6669866010254504, 3.172733340777603, 2.7895234145370185, 2.4916176421969545, 2.3559168179829917, 2.2139955875920316, 2.1159721344125035, 2.0628584462637996, 2.020994546951032, 1.9790697331522025, 1.9473065243047827, 1.9140177521051145, 1.922848708489362, 1.871875161633772, 1.8402975528847938, 1.8159195763223313, 1.7878935389658983, 1.7772262435333401, 1.7651911436342727, 1.7971661184348313, 1.7327603808805054, 1.740224473616656, 1.7035053874932082, 1.750449914558261, 1.735431007310456, 1.667953060538161, 1.6698853805953382, 1.690316964598263, 1.6468367488945233, 1.643449317590863, 1.6781139397153668, 1.6178813752006083, 1.66753949137295, 1.6108102290069355, 1.6081386313718908, 1.5964047818207274, 1.646295526448418, 1.579405418213676, 1.5756065898081835, 1.5808840943317788, 1.6111008863823086, 1.5573851810950858, 1.5493889801642473, 1.5425315446713392, 1.5306828875167697, 1.573492728027643, 1.5226612590691622, 1.5232012014763028, 1.5379772583643596, 1.5403870577905692, 1.5092609700034647, 1.545680653815176, 1.4974928264524423, 1.4914062490650253, 1.4778810190219505, 1.4807867808084862, 1.4750593368913614, 1.5016191800435383, 1.465747363427106, 1.5097457895091935, 1.4677087278927075, 1.4750174961838067, 1.445554783239084, 1.448565771182378, 1.4404910712265502, 1.4597527186075847, 1.4488358667083816, 1.4298643650961858, 1.4455308353199678, 1.4379130660318862, 1.4255873750822217, 1.4154851740481806, 1.417160135858199, 1.4098050144373202, 1.4606290868684357, 1.4235198567895329, 1.4057893422888774, 1.4199154774347942, 1.390193314236753, 1.3948172070816451, 1.3948193566471923, 1.4185537543951297, 1.4092363890479593, 1.3799739959193211, 1.386348289601943, 1.380765846254779, 1.3880035479863484, 1.3688706545268787, 1.3710749865162606, 1.3652885567908193, 1.3613037063794977, 1.3593002391212128, 1.3961270580104752, 1.3646427176746667, 1.3459352113160432, 1.3508903705606274, 1.3511529576544667, 1.3531119840986587, 1.3630201278948317, 1.3464995225270588, 1.378962612619587, 1.3507406302526885, 1.3480133262335086, 1.3268452929515464, 1.3305409609102736, 1.3251974386911767, 1.3296402821353837, 1.3258189085651846, 1.3137791367138134, 1.317102656937113, 1.3243924285851272, 1.3194178021421619, 1.3144679466883342, 1.3446755011876423, 1.3045167794414596, 1.3366910125695022, 1.3074030192459332, 1.302567166440627, 1.3111454096494937, 1.3322506780717887, 1.2937726410580617, 1.2987246156907548, 1.2909642124877256, 1.2879924280386346, 1.2993613563331903, 1.3373215794563293, 1.3155953253016752, 1.2850343196415435, 1.2809652995829488, 1.2894645742341584, 1.277749756095456, 1.2893721028870226, 1.2962083208794688, 1.2793938599380792, 1.2734495331259335, 1.274871590090733, 1.267727774732253, 1.2649627520757563, 1.2595085279614318, 1.259919967137131, 1.264703377789142, 1.2596045957476485, 1.2594855123875188, 1.297779873305676, 1.2529678023328967, 1.2780552868749582, 1.2561702120537852, 1.2441137646343194, 1.2379917420592963, 1.2452918378745808, 1.2349450209853696, 1.242906551735074, 1.2414672029953377, 1.2279390201849096, 1.2302258108176438, 1.2384860340286703, 1.2311301780681985, 1.2356486671111162, 1.2230221462600372, 1.2365881882461847, 1.227171286648395, 1.2292099869718738, 1.2301896167736428, 1.2122982129746793, 1.2113993281827253, 1.2264990911764257, 1.224627208475973, 1.2305075409365636, 1.2081397783522512, 1.2170341084985172, 1.217825152126013, 1.2103625816457413, 1.236124365937476, 1.2081420386538786, 1.194803005924412, 1.1984298891004395, 1.2148548902249803, 1.194852534462424, 1.2010394609441943, 1.2263412685955273, 1.1964344300475775, 1.1860377917102738, 1.1915678037147897, 1.1895260395956975, 1.1853888001219899, 1.1761753319525252, 1.1779472906799877, 1.1971142058279, 1.177757586334266, 1.1765559730576534, 1.19512256454019, 1.1737272575789808, 1.1716917437665604, 1.1753461074595357, 1.1716211774185592, 1.1755854820503908, 1.1739267741932589, 1.165305830392183, 1.1997571716121598, 1.16112209184497, 1.168485977486068, 1.1596218534544402, 1.2037252035795474, 1.1620119973724963, 1.1574865555500282, 1.1537150232230915, 1.1510468291885712, 1.1790904753348406, 1.1534444426789003, 1.1520962259348702, 1.1619536444252612, 1.1434461380921157, 1.1406144087805468, 1.1617194344015682, 1.1519612745911467, 1.1669414066800885, 1.1381660740749509, 1.1480213877032786, 1.141384690123446, 1.1816136427954131, 1.1332206699778051, 1.1459610473875905, 1.1435075682752274, 1.1251175193225635, 1.1398326666916119, 1.1308185423121733, 1.1343078695091546, 1.1267225093701307, 1.1411335316358828, 1.1253234789359803, 1.130166651571498, 1.1215799088571585, 1.1230144348799014, 1.1146174385851504, 1.1249983836622799, 1.172445437487434, 1.1197961428586174, 1.1213068535514907, 1.159093557619581, 1.121651627853805, 1.115207425519532, 1.1532717440642564, 1.106636435085652, 1.116940781766293, 1.1124188058516558, 1.128805935382843, 1.132305526265911, 1.1060339358507418, 1.10726295207061, 1.1097209447739171, 1.1080326397044986, 1.0993161563779794, 1.1005091255202013, 1.1073977783614515, 1.1117497495576447, 1.098119396205042, 1.1228681101518518, 1.1030288572404898, 1.104591832441442, 1.1091903354607375, 1.099027606202107, 1.0933928770177506, 1.0969921511177922, 1.095495503322751, 1.0883069266291225, 1.0934407564939237, 1.0961437248716168, 1.0876299061027228, 1.0838349379745185, 1.0892695007370967, 1.0825197199980419, 1.096161363171596, 1.0854290869890475, 1.0816476660616257, 1.088808302785836, 1.080989430640258, 1.0949691627539841, 1.0802684467212826, 1.0769466512343462, 1.0761622402305697, 1.0758385868633495, 1.0690935826769061, 1.070294574487443, 1.0721960681326248, 1.065566113766502, 1.0725522862345565, 1.070890937073558, 1.069975939743659, 1.0631831939898284, 1.0684671618190467, 1.0651885773621352, 1.0675944370381973, 1.0667336922065884, 1.0651372910714616, 1.0579450738196279, 1.064632408174814, 1.0609955013382668, 1.0835536110634898, 1.062312546898337, 1.0581744441799088, 1.0557222176416248, 1.0715744051278806, 1.0837715069452922, 1.0615859878998177, 1.0579712653861326, 1.072551751838011, 1.0584681066227895, 1.0511137837288427, 1.0513714779825771, 1.0500748747704076, 1.0517989835318398, 1.0518321643273036, 1.0781535389376622, 1.059287030322879, 1.048803105658176, 1.097226619720459, 1.0495786029918521, 1.0475838464849136, 1.0451612238790475, 1.040717044005207, 1.0488235176193947, 1.0629823990896636, 1.0750423821748472, 1.0505135889146842, 1.0786448249629899, 1.047614336013794, 1.0449422165459277, 1.0379490568941714, 1.0359499013307047, 1.0361424950408, 1.034241168814547, 1.0350869333042818, 1.0489261325667887, 1.0307417286961686, 1.0328169096918667, 1.0414983606805988, 1.038873424132665, 1.0254336684650065, 1.0337442796604306, 1.0257020002486659, 1.026714006475374, 1.0816477373534559, 1.0214493059936691, 1.026651157467973, 1.030171829111436, 1.0220023551407982, 1.0283810326866074, 1.032926458938449, 1.0182658299511553, 1.0228979412247152, 1.0171485274445777, 1.0171766187630447, 1.0184930153921539, 1.0199353607261883, 1.0124180422109716, 1.0112396887704438, 1.01636990145141, 1.0177153477481766, 1.017180269839717, 1.014088307817777, 1.0202109898422278, 1.0542683601379395, 1.0102933043358373, 1.0100776360315435, 1.0107329411833894, 1.0044906539659875, 1.0042035588446785, 1.0153256128816044, 1.0106690876624163, 1.0109662986269183, 0.9977049257825402, 1.0290596824066311, 1.0044941124962825, 1.0033775559243034, 1.004342541536864, 0.9942051927540817, 0.9908622468219084, 1.0083087390544367, 1.0079335178814681, 1.0023029767999463, 0.9950697606100756, 1.0034397787907545, 0.999657079577446, 0.9988153974215189, 0.9927814298985052, 0.9919775069928637, 0.9972810353718552], "map": 0.7337972570338258}, "time": 819.6599633693695}