{"task": {"lambda": 0.5, "alpha": 1, "lr": 1e-06, "wd": 1e-06, "bits": 24}, "result": {"earlyStop": true, "loss": [1.3455763868257111, 1.135718996033949, 1.0316028776122075, 0.9744113707074932, 0.9421945576574288, 0.8994998309542152, 0.8863928537158405, 0.8668189174404332, 0.8507936164444568, 0.8394137539115607, 0.8230072552082586, 0.8147491146536434, 0.8050314994419322, 0.7934892764862846, 0.7807421263526467, 0.7699806129231173, 0.7642850563222287, 0.7593149577870089, 0.7572183164895749, 0.7459490331364613, 0.7425498050801894, 0.7343915347375122, 0.7350573586482628, 0.7296610147345299, 0.7241428821694618, 0.7164116907937854, 0.7087725099979663, 0.7040815294957629, 0.7035139100808724, 0.6952691796947928, 0.6967652174187642, 0.6910736014445623, 0.6846068621266121, 0.6866491398974961, 0.6813612682562248, 0.6848871672854704, 0.6761649297732933, 0.667695821500292, 0.6687380323807398, 0.6656205107768377, 0.664876409313258, 0.6593753356559604, 0.6589429515833948, 0.6562247425317764, 0.655545100569725, 0.6527918004522136, 0.6486634372496137, 0.6427837765099955, 0.677195294230592, 0.6392635498561111, 0.6443836049121969, 0.6661378250402563, 0.6379748160640398, 0.6348389013140809, 0.6315722135352153, 0.6272602393931034, 0.630075175096007, 0.6262696887932572, 0.6305125671274522, 0.6277387264896842, 0.6204188109612933, 0.6216085320886444, 0.6154286912551113, 0.6167840516450358, 0.6194938054563952, 0.6212364855934592, 0.6116943534682778, 0.6070063998009644, 0.614233487961339, 0.6073648549762427, 0.610984742641449, 0.6088685396255231, 0.6054861656591004, 0.5977473174240074, 0.5987170288960139, 0.5990193452613026, 0.6073878834060594, 0.5944059407886337, 0.5948452633969924, 0.5945567392251071, 0.5929851140461716, 0.593843023274459, 0.6086092106267518, 0.5893261698531169, 0.5830267127238068, 0.5828347420867752, 0.5859024626951591, 0.5824978129536498, 0.5862445258626751, 0.5784251774642982, 0.5788434524746502, 0.5775338168822083, 0.5748935742121116, 0.5711895230354047, 0.5758354634630913, 0.5749788144055534, 0.5733993199526095, 0.5701054620976541, 0.5677695474496075, 0.5719532528344322, 0.5655118732475767, 0.5616814692815145, 0.5645907597214568, 0.5633587878124386, 0.5605412926159653, 0.5687884811092826, 0.5595665799052107, 0.5736551062733519, 0.5564489788284489, 0.5550518404035008, 0.5505925153984743, 0.5521655538502861, 0.5543876743199778, 0.5496903460691956, 0.5481819752968994, 0.5507161266663495, 0.5499717753891852, 0.5547280311584473, 0.5453777795328814, 0.5454955374201139, 0.5469103870438594, 0.5433858074978286, 0.5458377333832722, 0.5444290699327693, 0.5389523067895103, 0.5411361041022282, 0.5394717253306333, 0.5406185943706363, 0.5370714717051562, 0.537134067100637, 0.5373782034890324, 0.5336807247470406, 0.5358834926988564, 0.5317837294994616, 0.5318055521039402, 0.5386419600131465, 0.5292490945727217, 0.5307404173939836, 0.5271686373972425, 0.5270751643122411, 0.5232809641781975, 0.5254901779048583, 0.5725819889236899, 0.5254164108750867, 0.5219912222203087, 0.5190144036622608, 0.5238053412998424, 0.5198946016676286, 0.5209728596987677, 0.5194213551049139, 0.529042944019916, 0.5189706126556677, 0.5181187164841914, 0.5187066323032566, 0.5131331772780886, 0.5125162645297892, 0.5132057228509117, 0.5138366032464832, 0.5161504716265435, 0.5093998248670616, 0.5090483479640063, 0.5100848899752486, 0.5072898062713006, 0.5089420112324696, 0.502948612120806, 0.5062886944004134, 0.5063060051670262, 0.5054214555843204, 0.5057473385743066, 0.5039369878815669, 0.50213485181916, 0.5002825984767839, 0.5168659914942348, 0.4984750484718996, 0.5001991315215242, 0.514748812306161, 0.5018219906909793, 0.4982279946698862, 0.5015544233953252, 0.49687398502639696, 0.4951374668116663, 0.4952519145958564, 0.49304890369667725, 0.49624554579164465, 0.494490536404591, 0.4947503437014187, 0.49151243211007584, 0.48967600716095344, 0.49880146512798235, 0.4937187199499093, 0.49071741630049315, 0.4873009947877304, 0.48554420865633907, 0.48868657823871164, 0.4865684541417103, 0.4936429075166291, 0.4836757697311102, 0.4833006029035531, 0.48121195607909967, 0.48414550283375907, 0.48338450462210414, 0.4825979089912246, 0.48374105244874954, 0.4843102496336488, 0.4798690930885427, 0.48195918284210504, 0.480588206327429, 0.4772636541256718, 0.47694366337621913, 0.47905737015546535, 0.4820272811487609, 0.4763841871537414, 0.4880300567430608, 0.47353056292323503, 0.47628408524335597, 0.46962562276452197, 0.4715455820163091, 0.4760048833547854, 0.47373586133414625, 0.4794983168443044, 0.47196028542284874, 0.47412488273545805, 0.46815040999767826, 0.4699748763266732, 0.4688888285674301, 0.4682629723467079, 0.4711419256294475, 0.46698802870278266, 0.4638174856994666, 0.4642225365136184, 0.46475621298247694, 0.4672851208962646, 0.4670044978459676, 0.4877516013734481, 0.46231953858160507, 0.45818492361143526, 0.4590810792995434, 0.4602682606554499, 0.4598045604778271, 0.4582857317199894, 0.4603105780540728, 0.46030504840846154, 0.46116916718436224, 0.4577605362031974, 0.45794830164488626, 0.45746610547397654, 0.45918816970843895, 0.4559161245238547, 0.4550204040373073, 0.45316294989749495, 0.45066775513045926, 0.46192338653639253, 0.45312483287325095, 0.4515476070490538, 0.4489661162974788, 0.45146356873652516, 0.45431432361696283, 0.4461178025778602, 0.450113948653726, 0.4486190640166694, 0.44986161005263237, 0.4513513460463169, 0.44832413249156056, 0.44788793927314235, 0.4437623121866993, 0.4447423859554179, 0.44752917862405966, 0.4467274350862877, 0.4458916590494268, 0.4395700713583067, 0.447087461457533, 0.44270411688907474, 0.4487641401150647, 0.44655852107440724, 0.4396166501968515, 0.4431607003013293, 0.43982687650942337, 0.4397704072442709, 0.43845904077969344, 0.43960273178184733, 0.43764326925955566, 0.43568990014347375, 0.43545424470714494, 0.434556219653756, 0.4360047996628518, 0.44264839852557464, 0.4357483683555734, 0.43535616058929294, 0.4364198431664822, 0.43437568346659344, 0.4409864913014805, 0.4361637897935568, 0.43284214594784903, 0.43322738172376857, 0.43027053364351686, 0.43142419469122795, 0.43429320349412803, 0.4279401889618705, 0.43220745640642505, 0.43285995239720626, 0.43162381459100574, 0.42608172300399516, 0.4290735137228872, 0.4257310691709612, 0.44912347957199694, 0.4282558690391335, 0.4296659295465432, 0.4247801723141296, 0.43907905209298226, 0.4280238508009443, 0.4255046526006624, 0.4228837706294714, 0.42321568172351987, 0.4224756203737913, 0.4202309068219334, 0.41944575470452217, 0.42193753243077037, 0.42302992969166997, 0.42357036792764474, 0.4212909970505565, 0.4196673430064145, 0.4234983533913014, 0.4247763922401503, 0.4196370777254011, 0.417693420660262, 0.41460924756293205, 0.4156946398171724, 0.41902127993457455, 0.41589509798031227, 0.4203856230950823, 0.41597740410589706, 0.41734589461018057, 0.4172325106520279, 0.4145362182867293, 0.4143521909912427, 0.4157882055231169, 0.4119906898807077, 0.4128109811275613, 0.418268673268019, 0.40983329742562535, 0.4124390134478317, 0.4123134431885738, 0.42206592068952675, 0.41490695815460354, 0.41078748247202707, 0.4105406032473433, 0.4089132334087409, 0.40850389412805144, 0.40652307327471526, 0.4093291683524263, 0.4065513238310814, 0.4031280249941583, 0.4072205200791359, 0.40953345333828645, 0.4048851656124872, 0.4094938285210553, 0.403407334550923, 0.4052273227887995, 0.4014532346935833, 0.40675365048296314, 0.403915931781133, 0.4039316823085149, 0.40368833495121376, 0.40324941715773416, 0.40167265736004887, 0.40301984665440577, 0.3987271880694464, 0.4023948679952061, 0.4027559413921599, 0.3991526530361643, 0.4038887906308268, 0.39829737254801917, 0.40232960032481774, 0.39684804631214515, 0.3995456077596721, 0.3948971243465648, 0.39741377050385757, 0.39546405757759134, 0.39884691670829175, 0.397652304055644, 0.39686428390297235, 0.39464637155041976, 0.3958170232819576, 0.39531580782404135, 0.39648456900727513, 0.3941346832058009, 0.39383738451436456, 0.39429495585899726, 0.3942500122037588, 0.3919588184239818, 