{"task": {"lambda": 2, "alpha": 5, "lr": 1e-06, "wd": 0.0001, "bits": 32}, "result": {"earlyStop": true, "loss": [5.462455955206179, 4.741041799386342, 4.217925513491911, 3.8407812609392056, 3.580375489066629, 3.380841130135106, 3.25045584229862, 3.138433956632427, 3.035184960739285, 2.9908163068341276, 2.927814796859143, 2.869505032604816, 2.8159754369773116, 2.7674161709991156, 2.7277416423255323, 2.7669415660932954, 2.6785887199289657, 2.631194386996475, 2.6099797370387057, 2.578100129669788, 2.562727280691558, 2.5390311245824777, 2.5216406431852603, 2.5003116317823824, 2.4764182789652955, 2.457690427116319, 2.435257508474238, 2.42060513122409, 2.4032958956325756, 2.3887545045684364, 2.3704911400290096, 2.3546164538346086, 2.412930355352514, 2.342126444274304, 2.312297643399706, 2.3102876824491165, 2.30729101452173, 2.2806487679481506, 2.281651932819217, 2.3140380195542876, 2.244994362195333, 2.242294646361295, 2.2386802434921265, 2.2253533765381457, 2.260897166588727, 2.214541944802976, 2.208567958836462, 2.2045385422659853, 2.1861863048637615, 2.178171458781934, 2.1668354424775815, 2.166488776019975, 2.1830218668077506, 2.1489713168611715, 2.140929995798597, 2.1406202620150996, 2.124561080745622, 2.127369174185921, 2.1323525531619203, 2.108434774127661, 2.106535315513611, 2.098545349111744, 2.0906615257263184, 2.0816932250471676, 2.085763131870943, 2.0658861994743347, 2.062880690191306, 2.0389489075716805, 2.054464362415613, 2.115824400209913, 2.03149658909031, 2.0499291466731653, 2.0670519716599407, 2.0420191229558458, 2.0281243160659193, 2.0276200210346893, 2.0205820161922303, 2.021221751091527, 2.061153778842851, 2.008179076162039, 2.003372378209058, 1.9994996038137698, 1.9820698508444954, 1.9810425516437082, 1.976905508368623, 1.9966861710828894, 1.980712071353314, 1.9693348536304398, 1.993380252052756, 1.9735266648086847, 1.9875888637467927, 1.947651416647668, 1.954590498232374, 1.9418806474582821, 1.9477614807147605, 1.9786639681049423, 1.9466842506446091, 1.9478397299261654, 2.005027378306669, 1.927569895398383, 1.950267382696563, 1.9222782616521799, 1.92675175094137, 1.9192705937460357, 1.9153104693281884, 1.9263607146693211, 1.9197379514282824, 1.9010355495939069, 1.9050554457832785, 1.9154087667371713, 1.8909954814349903, 1.894935821201287, 1.896077883009817, 1.8887279921886968, 1.8955989959193211, 1.8980001444910086, 1.876646284379211, 1.8739134447247374, 1.8795679644042371, 1.8625421874663408, 1.8599641019222783, 1.8576117257277172, 1.860253327033099, 1.840018114038542, 1.8647857536287868, 1.854775683552611, 1.866560230068132, 1.8449981072369743, 1.8571510478561999, 1.85159504997964, 1.89867617335974, 1.8267759832681394, 1.8343105322005702, 1.827796136631685, 1.821351217288597, 1.8207095908183677, 1.8139160193648993, 1.8264356576928906, 1.8258556980712741, 1.805762587224736, 1.8109952433436525, 1.8055975834528606, 1.804474873870027, 1.7969009642507516, 1.773612052786584, 1.803661609397215, 1.8278597920548683, 1.7903353904976564, 1.7833014527956645, 1.783861242088617, 1.7857059275402742, 1.7794055436171738, 1.768563097598506, 1.7777212817294925, 1.7748135830841811, 1.7729258788566964, 1.8065969967374615, 1.7752383222766952, 1.7614603884079878, 1.772293067445942, 1.824883968222375, 1.8256934437097287, 1.765065777535532, 1.7650748210794784, 1.771504474621193, 1.7406676657059614, 1.7531890541899438, 1.7545944054921467, 1.785099370806825, 1.7625954291399788, 1.748071353225147, 1.743943871236315, 1.7440252134612961, 1.7409546410336214, 1.7790750008003384, 1.7433181498564927], "map": 0.7477245525367697}, "time": 375.33266949653625}