{"task": {"lambda": 1, "alpha": 5, "lr": 1e-05, "wd": 0.0001, "bits": 32}, "result": {"earlyStop": true, "loss": [2.599552513921962, 2.078270321967555, 1.9663561547503752, 1.8943486517550898, 1.836618452095518, 1.7913751736575483, 1.7648447693562974, 1.746316856028987, 1.7186480748887156, 1.6792455362338645, 1.663766829406514, 1.6288083125563229, 1.6104093509561874, 1.5780820446271522, 1.5624311706599068, 1.5434095333604252, 1.5284925091500376, 1.5064753898802925, 1.4777620975293366, 1.470985236121159, 1.4539243987962311, 1.4291344138921476, 1.412303069350766, 1.4168148309576745, 1.3894581409061657, 1.3822619622828913, 1.3620277596454995, 1.352722804335987, 1.3341271029967887, 1.328545441230138, 1.30679898519142, 1.302002372402771, 1.293609307677138, 1.275889882854387, 1.266185494322403, 1.252815132631975, 1.2549285649084578, 1.2470161833015143, 1.2235274805742151, 1.2196587484841253, 1.2040131904330909, 1.1889007915468777, 1.1889001694964427, 1.180029533073014, 1.1772204614153094, 1.1607589137320424, 1.1494347470648147, 1.1417281700699937, 1.1376838783423107, 1.1313688459933973, 1.1412492511319179, 1.1277820561446397, 1.1015912282700633, 1.0877950501208211, 1.0793380550309724, 1.093062442891738, 1.0924236762757396, 1.0815392715089462, 1.0703003862324882, 1.0572461386521657, 1.0567499422559552, 1.0638456414727604, 1.0762156528585098, 1.0917482761775745, 1.045766939719518, 1.0344419543649637, 1.0253104374689215, 1.0183809624583113, 1.0185279250144958, 1.034009288339054, 1.017484897199799, 1.0093714746774411, 0.9898978243855869, 0.9834910715911903, 0.9885600559851703, 0.9845962492274303, 0.971349727581529, 0.9667026643075195, 0.9709578355153402, 0.9635251891963622, 0.9501392356320923, 0.9456492262143715, 0.9309398453025257, 0.9353103222800236, 0.9399271093162835, 0.9232127572975907, 0.9642478508107802, 0.9171927115496468, 0.9018640988597683, 0.8999506676313924, 0.8957608830110699, 0.9001036298041251, 0.8817735930868223, 0.8810620489073735, 0.8786558929611655, 0.8793293161719453, 0.867902480504092, 0.8637681124257106, 0.8660451565303054, 0.8509645012079501, 0.8484689455990698, 0.8427754132186666, 0.8825931525697895, 0.8803815187192431, 0.8343331363855624, 0.8227007505940456, 0.8188752748218238, 0.8193932578844183, 0.8211067073485431, 0.8184870481491089, 0.8070042706003376, 0.8042119081113853, 0.8072213437042984, 0.7927344651783214, 0.7944088175016291, 0.8027677424982482, 0.7862120945664013, 0.786899209022522, 0.7900879184405009, 0.7771060235944449, 0.7709301495376755, 0.7626711489523158, 0.7926556269327799, 0.8661314015294991, 0.8212748812694176, 0.7741522520196205, 0.7467671399023018, 0.7463473192617005, 0.7535001203125599, 0.7474724743880478, 0.7506154518501431, 0.7455766826283698, 0.7404069549897138, 0.7260081621946073, 0.7322632611966601, 0.7307841700373912, 0.7263800966389039, 0.7173996953403249, 0.7226575905201482, 0.7217649630471772, 0.7095892809185327, 0.7107852162683711, 0.7044933397395938, 0.7037893533706665, 0.7014752009920046, 0.697589996398664, 0.6945841756521487, 0.6875427590281356, 0.6855156494706285, 0.6796044714602769, 0.6733204013868874, 0.6779524771606221, 0.6724592456046272, 0.670059810666477, 0.6667318072389153, 0.6700989232928145, 0.6583739615538541, 0.6582851880321315, 0.6526281626201144, 0.6439463279995263, 0.6529831094484703, 0.6475785450608122, 0.6403234472461775, 0.6480826907882503, 0.6425931471235612, 0.6359372209100163, 0.6429282637203441, 0.6368059732165992, 0.6258185575990116, 0.6259055578825521, 0.6290426581513648, 0.6191102131909015, 0.6108384091480106, 0.6202640708755044, 0.6108223610356742, 0.6080736237413743, 0.6126451679304534, 0.6065127735628801, 0.6018658084612266, 0.6059000445347206, 0.603457538228409, 0.5985461181285334, 0.5916039613532085, 0.5932006727831036, 0.5974342600972045, 0.5886557286276537, 0.580078040267907, 0.5853389565851174, 0.5786512865155351, 0.5801170269648234, 0.580507710868237, 0.5731494071729043, 0.5746542224112678, 0.5755501506375331, 0.5757801342828601, 0.5702522099018097, 0.5642107263499615, 0.5675820603090174, 0.5640509832723468, 0.5645238961659226, 0.561157759790327, 0.5564951297699237, 0.5615030290449367, 0.5599513346073675, 0.555275652922836, 0.5488847161040586, 0.5602739368583641, 0.5509228878745845, 0.5464008460734405, 0.5479703811453838, 0.5425519095916375, 0.542929906325013, 0.5402811435507793, 0.5338992108316982, 0.5463719572506699, 0.5407948806589725, 0.5289281653422936, 0.5267960391208237, 0.5356902959300023, 0.5306502253401513, 0.5245882646710265, 0.5252410214321286, 0.5232296130236458, 0.5208865018451915, 0.5181061251490724, 0.5210532849910212, 0.5181330050907883, 0.5195326209068298, 0.521731017851362, 0.5186200989227668, 0.5038226880863601, 0.5004900807843489, 0.5068120827861861, 0.5076101714489507, 0.5077422874815324, 0.504426148592257, 0.5034627154761669, 0.5011843358184777, 0.4943224998081432, 0.49375078608007994, 0.4993260105450948, 0.4961504129802479, 0.5018145094315211, 0.5317995291130215, 0.5040550062469408, 0.48950713580729915, 0.48825470431178225, 0.4860217422246933, 0.4942079484462738, 0.49450020755038543, 0.491667796291557, 0.4833553068193735, 0.48254401017637816, 0.48038705248458713, 0.47965005361566354, 0.48376738732936336, 0.48323031734017763, 0.4828058305908652, 0.48383523582243454, 0.4749300117586173, 0.47822040553186457, 0.47732732108995024, 0.4710150060116076, 0.47728964832483556, 0.4714435759712668, 0.47153064929971505, 0.46478520304548976, 0.4654218028573429, 0.4682469065575039, 0.4647119536119349, 0.46159769799195083, 0.4626229387872359, 0.462843095555025, 0.4644085198056464, 0.46202580426253526, 0.45967838401887934, 0.45485327319771635, 0.4491264928205341, 0.4576059965526356, 0.44503947391229515, 0.4509287926496244, 0.46229463990996866, 0.4504275663810618, 0.4454009404369429, 0.44469091208542094, 0.44310428319024103, 0.45008840134330824, 0.447541193634856, 0.43985547651262846, 0.4414970807585062, 0.4412643047524433, 0.4464820287391251, 0.43900340853952896, 0.44663553378161264, 0.4352550833832984, 0.5157943514047885, 0.4533538574389383, 0.4384559986053729, 0.4327453728400025, 0.4329700616060519, 0.4268847020233379, 0.43430644799681273, 0.4275597234567006, 0.4300592600130567, 0.4276728898871179, 0.4352508146388858, 0.4348948679718317, 0.4263535451655294, 0.4304210531945322, 0.42571569511703417, 0.42785697591071037, 0.42997120934374194, 0.42077873501123164, 0.4223118891902998, 0.4228004380768421, 0.42273371213791416, 0.4219659730499866, 0.41684118439169493, 0.4147113503194323, 0.4175144317103367, 0.41899335179843156, 0.4152936397814283, 0.4198042195217282, 0.41383704689203527, 0.41741001284589957, 0.41000599165757495, 0.4166191681927326, 0.41528059629833, 0.4059485068508223, 0.413036538105385, 0.4069638021436392, 0.41017763579592986, 0.4037100544162825, 0.40694009030566497, 0.40192169184778254, 0.40480156272065404, 0.3999664555577671, 0.3999439634236635, 0.40144964643553194, 0.4010695362207936, 0.3960668532287373, 0.4017186007078956, 0.40156011750885084, 0.4038601751421012, 0.3964822397512548, 0.393959424367138, 0.38768861121406745, 0.39539872986428876, 0.39500749564053966, 0.39132507758982044, 0.3875449247219983, 0.395250394356017, 0.3915203996733123, 0.38832586711528255, 0.39079981048901874, 0.3866613516036202, 0.39036789887091694, 0.38233747640076804, 0.39104627248118906, 0.38782857796725106, 0.3881262032424702, 0.3856952760149451, 0.3830413707331115, 0.38428732986543696, 0.3827296038176499, 0.38069336393884584, 0.38351043240696775, 0.37757351614680945, 0.37749233710415225, 0.37807445695587233, 0.3830200699614544, 0.3790060386938207, 0.3766520508364135, 0.3767381257870618, 0.3721848333290979, 0.37389259332535313, 0.37592188692560385, 0.3752346637786603, 0.37487362471281316, 0.3731864141482933, 0.3709457630620283, 0.37319382323938255, 0.37051514959802817, 0.3713788644355886, 0.3759083154739118, 0.3681478012426227, 0.3678540228044285, 0.36476191323177487, 0.36480821084742454, 0.36983822081603257, 0.3635296809907053, 0.37867869816574395, 0.3840727388274436,