{"task": {"lambda": 2, "alpha": 3, "lr": 0.0001, "wd": 1e-06, "bits": 32}, "result": {"earlyStop": true, "loss": [2.9614652780925526, 1.610416043622821, 1.4914453783456016, 1.402035715533238, 1.3458334172473234, 1.2684585609856773, 1.2273307115423913, 1.1670137275667751, 1.1303067598857133, 1.0785763164361317, 1.0437219937642415, 1.0184510373601727, 0.9655033823321847, 0.9478361127423305, 0.9091409672709072, 0.8714679479598999, 0.8427393085816327, 0.8213532561180639, 0.7834211745682884, 0.7783406832638908, 0.8088011613079146, 0.7250222061194626, 0.7007135427465626, 0.6990102365905163, 0.6771472710020402, 0.6972647426175136, 0.642611447502585, 0.6235108626823799, 0.629773263837777, 0.6252440070989085, 0.5964831032005011, 0.5953965461721608, 0.582949164743517, 0.5819915842776205, 0.5548575608169332, 0.5624042550722758, 0.6301284198667488, 0.5346933527320039, 0.5312065232326003, 0.5122640489363203, 0.5170349654029397, 0.5112289330538582, 0.4932026313800438, 0.5212549643189299, 0.48838752829561044, 0.47581616832929496, 0.48004039245493274, 0.46543845505106685, 0.5249263106607923, 0.4436463906484492, 0.49331077699567755, 0.52068718595832, 0.4472706390946519, 0.44193601842020075, 0.4405924806407854, 0.42855606534901786, 0.470964428840899, 0.41025880242095275, 0.4217337329013675, 0.41843314644168406, 0.4176493813009823, 0.4195384505917044, 0.41461534535183625, 0.4068045651211458, 0.4266883123154734, 0.3897105356057485, 0.38942494696261837, 0.3976888615711063, 0.4013451063165478, 0.3910113321799858, 0.38338256444708974, 0.4118521014849345, 0.3655577190950805, 0.37165533955775054, 0.4450309112960217, 0.34765566797817454, 0.346818318846179, 0.35863351179104225, 0.37166455212761373, 0.3459262982303021, 0.40741419733739365, 0.34395158553824706, 0.33782196132575765, 0.3461236620650572, 0.37936237045362886, 0.3464033442969416, 0.3416279475478565, 0.3373008721015033, 0.34556658712087895, 0.4115386526374256, 0.32375914910260367, 0.32738164388665963, 0.31872498433963925, 0.352243605782004, 0.31612101430986445, 0.318666255941578, 0.3167331522586299, 0.3230905489009969, 0.332414123357511, 0.31128957049519407, 0.3265746622985485, 0.3097003230861589, 0.3205798616011937, 0.30674944993327646, 0.33205731300746694, 0.2961041754951664, 0.30052656987134146, 0.3072166051350388, 0.3128701804899702, 0.30169794167958053, 0.29421397079439726, 0.3312792056331448, 0.29179683064713197, 0.2872798810986912, 0.2974286272245295, 0.2983901664322498, 0.30128906375052883, 0.295949583252271, 0.28222130297445785, 0.3087819794229433, 0.2861138516489197, 0.2916283870444578, 0.27833111058263216, 0.2858774670783211, 0.2746513798540714, 0.2829143159529742, 0.2803972343019411, 0.3030995865370713, 0.2704955129062428, 0.27585095269422905, 0.27158843711310743, 0.2844957770670162, 0.27539337572513845, 0.2713186169664065, 0.2696579612937628, 0.3087755578990076, 0.2585454559793659, 0.2623668646841657, 0.26462884853575747, 0.2719559353940627, 0.2614960853083461, 0.27359141467833054, 0.26789308324748395, 0.27084848138631556, 0.26718350719003114, 0.26479411095965144, 0.25989419251096013], "map": 0.7807837728626003}, "time": 311.9349012374878}