{"task": {"lambda": 0.5, "alpha": 1, "lr": 1e-05, "wd": 0.0001, "bits": 48}, "result": {"earlyStop": true, "loss": [0.9329498638125027, 0.7717878762997833, 0.7286063794996224, 0.7011812273778167, 0.6815018092884737, 0.6670070524309196, 0.6480592871997871, 0.6388340937156304, 0.6207399821164561, 0.6171120113017512, 0.6018337449606728, 0.5899795252902835, 0.5821915137417176, 0.5784613405372582, 0.5640751164333493, 0.5594584202649546, 0.5497785771594328, 0.5438453514201969, 0.530324872510106, 0.5266532591160606, 0.563205011919433, 0.5197790729648927, 0.5077938677049151, 0.5045064012793934, 0.49773937902029824, 0.4974309132964003, 0.4877026966389488, 0.4835396598951489, 0.4804641525535023, 0.47033235021665987, 0.4653603887441112, 0.46437183080935013, 0.46383601427078247, 0.4499429762363434, 0.4494916656438042, 0.44193967504828585, 0.4376496389216068, 0.4376562053666395, 0.43052856068985135, 0.42649109135655794, 0.4228011713016267, 0.4186938104091906, 0.41683030128479004, 0.4111037111165477, 0.40073828516053217, 0.40661197053451165, 0.3963797019392836, 0.39638827346703587, 0.39054402723616244, 0.3845156533460991, 0.3855487038107479, 0.37910550569786744, 0.3787432605145024, 0.37252881699333, 0.37020069857438404, 0.3656982034444809, 0.3618200097013922, 0.35683876027663547, 0.3604527402157877, 0.3570466979461558, 0.3511687660334157, 0.34860482928799646, 0.3457186669111252, 0.3429823130661366, 0.3380211943797037, 0.3353605694046207, 0.33407342433929443, 0.3325033018402025, 0.32943856920681747, 0.32654261209216773, 0.32124870694151114, 0.3167772664158952, 0.31946542596115785, 0.3151935368191962, 0.3138237899424983, 0.3092102561803425, 0.3110552824595395, 0.31370287841441585, 0.3062317190217037, 0.3026085668334774, 0.299470403761256, 0.2964294099924611, 0.2938268089703485, 0.29076800203206493, 0.29046807701096816, 0.2861187380610728, 0.28598427494951323, 0.28243477642536163, 0.28498221758533926, 0.2772872266816158, 0.2809552360399097, 0.2800753307985325, 0.2747435685904587, 0.27355511311222525, 0.27245622712607476, 0.2694815347592036, 0.26476311800526636, 0.26786833212656136, 0.26475179312275904, 0.2626905406222624, 0.2590365802832678, 0.2599000387332019, 0.2587383759080195, 0.2549189351060811, 0.25534668550187467, 0.25247302446879594, 0.25044794541363624, 0.25080182812377516, 0.25794150724130516, 0.25788573891508815, 0.24606012552976608, 0.24441789952563306, 0.24270654060676985, 0.24165777438411526, 0.2383007540860597, 0.2384619565278876, 0.23933560079803654, 0.23780873008802825, 0.23464553277282155, 0.23371162382411023, 0.23618442711292528, 0.23172240938041724, 0.23251082207642348, 0.22945022509962903, 0.22915223445378097, 0.23004194173742742, 0.22915394253590526, 0.2235196912113358, 0.22595132828927508, 0.22262289448111666, 0.22306933443920285, 0.22013532545636683, 0.21920190576244802, 0.21880490157534094, 0.2191330331067244, 0.21658771499699236, 0.2161728567352482, 0.21408105320205875, 0.21332280878342835, 0.21226073845344431, 0.21087733217898538, 0.21088823676109314, 0.20969510472872677, 0.20661283678868236, 0.20961029082536697, 0.2056044695131919, 0.20459208169988558, 0.20509565300216862, 0.2025115342409003, 0.20281831920146942, 0.20059171041437224, 0.20054814920705907, 0.201295656024241, 0.19922582936637542, 0.19572661057406782, 0.19637400525457718, 0.19593471230245105, 0.1944681553571832, 0.19424139693671583, 0.19070319904416216, 0.19287360006687687, 0.19153624108316852, 0.1913470427195231, 0.1875612539987938, 0.18969390154177068, 0.1872271695265583, 0.18587457271767596, 0.18609999704594707, 0.18458110371641084, 0.1848258181822066, 0.1823887797985591, 0.18169111773079516, 0.18295151053690442, 0.18328364894670598, 0.1800633722952768, 0.18186633040507635, 0.17987808818910636, 0.17984842129197776, 0.17746900547953212, 0.17645847972701578, 0.17624899978731193, 0.17639008529630362, 0.17465886911925146, 0.17419598134709338, 0.17408128345713897, 0.17106092940358555, 0.17224660954054663, 0.17227104875971289, 0.17264511173262315, 0.17037998505082785, 0.17075146793150434, 0.16938687086689705, 0.16741995747182883, 0.16695141222547083, 0.16656591326874845, 0.16672191096871508, 0.16673204711839265, 0.16460496413649298, 0.16383622250720567, 0.16487191559052936, 0.16225132039364645, 0.16383394482089023, 0.16340995010207682, 0.1626378426364824, 0.15979285450542674, 0.1625849553475193, 0.16210066088858774, 0.1605170870236322, 0.16083603761359758, 0.15904784027267904, 0.1578291664813079, 0.15769664431903876, 0.1587043820935137, 0.15724974768418892, 0.15569968857601577, 0.15487295389175415, 0.1565588771128187, 0.15516825619281507, 0.15153369490130275, 0.15408035805996725, 0.1535721007807582, 0.15351032275779575, 0.15081972329347743, 0.15197565362733953, 0.15004730041997105, 0.15044129398815773, 0.14859011287198348, 0.15087431537754395, 0.14931492171451158, 0.14901703325848953, 0.14848979694001815, 0.14941259122946682, 0.14684059690026677, 0.14772452487080706, 0.1480717762720351, 0.1445138285703519, 0.14570311252392976, 0.14434320041361978, 0.14746275062070174, 0.15470122151515064, 0.15680458469718112, 0.14324849434927397, 0.14289743029603771, 0.14287353029438093, 0.14089556761524258, 0.14044568811853728, 0.14173901643530995, 0.14214959755247714, 0.14112260382549435, 0.1401572681817354, 0.14179699707264995, 0.1395151341954867, 0.14016078324878917, 0.14054736787197636, 0.14016876311278811, 0.14723965248056486, 0.14915027228348396, 0.13969016805583356, 0.13823217263116555, 0.13660284891432406, 0.14113440905131547, 0.1434398702546662, 0.1369809438200558, 0.13581669900347204, 0.1351013201124528, 0.13529601707762362, 0.13563969745939852, 0.13640091436750748, 0.13419807081421217, 0.13446844420304485, 0.13330102748438424, 0.13516879490777559, 0.1354075570901235, 0.1340476495085978, 0.13453399506854077, 0.13153099385546704, 0.13231131529398993, 0.13280755763544755, 0.13219363023253047, 0.1320759328264816, 0.1307687944203031, 0.1307919401602418, 0.13181506564804152, 0.13123219686688162, 0.13112458703564664, 0.13037596219310574, 0.13058685233779982, 0.1285194427359338, 0.13003728699450398, 0.12735638804003305, 0.12849973054493175, 0.12678194177501342, 0.12842056724955053, 0.12643521512840308, 0.12660288927601834, 0.1258416574667482, 0.1261575681467851, 0.1251341774329251, 0.12409259729525622, 0.12695713436194495, 0.12553884731788262, 0.1253648917464649, 0.124936242313946, 0.12461748931045626, 0.12393373930278946, 0.12345373199558725, 0.12266365161129072, 0.12206052521280214, 0.12236414060873144, 0.12161023009057138, 0.12255908431960087, 0.12144794468494023, 0.12282769542698767, 0.12306233699999604, 0.1220505240501142, 0.12044562326342452, 0.12200874470028222, 0.1201089387576954, 0.1201949240091969, 0.11941327914303425, 0.11979023820044947, 0.11965731991564527, 0.11868867972025685, 0.11990235965041553, 0.11901900362150342, 0.11862144516963585, 0.11799439707515287, 0.11921814098662022, 0.11623935839709114, 0.1173232967654864, 0.11987039432221767, 0.1168175577825191, 0.11676077004156861, 0.11746791888977967, 0.11780682162326925, 0.11625087115110136, 0.11664081963838316, 0.11595139827798395, 0.11543586908602248, 0.11623032990039564, 0.1145986740787824, 0.1152307410888812, 0.11597052523318459, 0.1145771083001997, 0.11348540679204698, 0.11360511147216254, 0.11256632676311568, 0.11423338065836944, 0.11391644428173701, 0.11273369375689357, 0.11102688962630197, 0.1125217566595358, 0.11242618864657832, 0.11313150866943247, 0.11251916721755383, 0.11082430899727579, 0.11048037945932034, 0.11095320017022245, 0.11028432773024428, 0.11094209865904321, 0.11039470618262011, 0.11049031699989356, 0.11227192948846255, 0.10921972281500406, 0.10882273805784244, 0.11002566256359511, 0.11029940668274374, 0.10886437372834075, 0.10909277215307835, 0.10914969159399762, 0.10824121593260298, 0.10749853972126455, 0.10807583729426067, 0.1084974115970088, 0.10730025668938954, 0.10722119419598113, 0.1061937215865827, 0.10801091183926545, 0.10735002759040571, 0.10801808302308999, 0.10625758518775304, 