{"task": {"lambda": 0.5, "alpha": 1, "lr": 1e-05, "wd": 0.0001, "bits": 24}, "result": {"earlyStop": true, "loss": [0.8939296974270952, 0.7285620415327596, 0.6855939413402595, 0.6538449920275632, 0.6324721685811585, 0.6202952920221815, 0.6016975140162543, 0.589627035984806, 0.5750060958020827, 0.565167641961107, 0.5551539715014252, 0.5454701483249664, 0.5329035995345489, 0.5282810838783488, 0.518510642881487, 0.513607968302334, 0.5035463174184164, 0.4946012856329189, 0.4923991188406944, 0.4836256474840875, 0.47829078167092565, 0.4753328943077256, 0.4689292891644964, 0.4617743221860306, 0.45901323533525656, 0.4472175946130472, 0.4487232435859886, 0.44256849908361245, 0.43921810563872843, 0.43057239625383825, 0.4284783522872364, 0.41994620187609805, 0.41686572178321724, 0.4162483251854485, 0.4382885700347377, 0.41181689486199735, 0.40167643728793834, 0.3970986010105002, 0.3980690116683642, 0.3962791924383126, 0.39083440251210155, 0.3874082337407505, 0.3836745337820521, 0.3814253697500509, 0.377198195048407, 0.37839659055074054, 0.3718995687131788, 0.37062926926449236, 0.36617882228365134, 0.3651647675855487, 0.3637337263892679, 0.3592023700475693, 0.3525201089534105, 0.3488050401210785, 0.3496476305173893, 0.34854202878241447, 0.34845784861667484, 0.3387111459000438, 0.3543392443189434, 0.33924012675004844, 0.334248666815898, 0.3286736100619915, 0.3291267217958675, 0.3363812472306046, 0.32660481560171817, 0.32470086158490646, 0.32320067461799173, 0.31696566866309034, 0.318058302005132, 0.31585756426348405, 0.3153981971097927, 0.3107935156600148, 0.3089359924197197, 0.30527008003463935, 0.3064919198844947, 0.3017861521711536, 0.302323632088362, 0.2975481089715864, 0.29514846454064053, 0.2910243671606569, 0.2914674977461497, 0.2877516590204893, 0.28943878061631145, 0.2859913819268638, 0.2848220580056602, 0.28359058061066794, 0.28012172731698726, 0.27782689429381313, 0.27437442336596696, 0.2728630110037093, 0.27453459930770535, 0.27017493253829433, 0.27025483621686114, 0.26929981042357054, 0.26836276887094274, 0.26534249443633884, 0.2647732722700811, 0.2604578968648817, 0.2641707939260146, 0.26492455762391, 0.25733528220478225, 0.25603942573070526, 0.25585394162757724, 0.25410661707613985, 0.25488487382729846, 0.2526642306178224, 0.25149041195126143, 0.24721367248133116, 0.25054218079529555, 0.24645836943504856, 0.24522000755749496, 0.24540341893831888, 0.24708950519561768, 0.24930173684568965, 0.24130893038476214, 0.24033398707123363, 0.2371353093607753, 0.23515400202835307, 0.23637402729660856, 0.23594815985244863, 0.23083560256397023, 0.23269306999795578, 0.23185002394751006, 0.23468670833344554, 0.23030655422047072, 0.22754070849395266, 0.22607305426807964, 0.22802339231266694, 0.22442991052772485, 0.2260212585622189, 0.22508862147144243, 0.2239048051483491, 0.2198182123841024, 0.2173208933250577, 0.22077126589183713, 0.2183499881157688, 0.21814091182222553, 0.2165521069192419, 0.2163751822184114, 0.2152618178549935, 0.2134811215687032, 0.21142222177164227, 0.21031477083178127, 0.2068869239267181, 0.2091468889631477, 0.2075614239655289, 0.20746226126656814, 0.20833117018143335, 0.20475102420531066, 0.204894067902191, 0.2033011713156513, 0.20607777845625783, 0.2005391563562786, 0.20135189592838287, 0.19846946351668415, 0.19874734226979462, 0.1986880673497331, 0.19973472432762968, 0.1994143842774279, 0.19692000425329395, 0.19468681119820652, 0.19399108606226304, 0.1945845021628866, 0.1925254378686933, 0.19464179595895842, 0.19199688571925258, 0.1911404303768102, 0.19312848837352267, 0.18674945422247344, 0.19090370600130044, 0.18870100846477583, 0.18808692664492363, 0.1883307688084303, 0.18684669379510133, 0.1831232985006828, 0.18419237507908953, 0.18426900013696915, 0.18522442643548928, 0.1828767039320048, 0.18209080310428843, 0.1845339706131056, 0.1831223992448227, 0.1803437374970492, 0.18361238711604885, 0.17814170218565883, 0.17868069457072838, 0.1793916358375082, 0.1773866923416362, 0.1773787145228947, 0.1768235906082041, 0.1787162393915887, 0.17745918050116183, 0.17465652057937547, 0.17502350097193436, 0.17610308352638693, 0.17193010427496014, 0.17350409399060643, 0.17157167780633067, 0.17127969605373403, 0.17505335632492514, 0.1740752442502508, 0.17054899095320233, 0.170547316581303, 0.1663880251786288, 0.16864198373228895, 0.16880774337287044, 0.17410249394529007, 0.17007418882613087, 0.16810976392498203, 0.16597378882122973, 0.16781314287115545, 0.16659623939617008, 0.16605827635994144, 0.16446587078127206, 0.16679084388648763, 0.17012172776694393, 0.16927072771039664, 0.163695422238579, 0.16106171460420476, 0.16391847640568136, 0.16240351625225125, 0.16239957321508258, 0.16111005681986904, 0.1626503388671314, 0.15974075361794116, 0.1612155285536074, 0.1598575175831131, 0.1603662652127883, 0.15920411342499302, 0.16026049457928715, 0.15808192465235205, 0.1574555585781733, 0.15620359471615622, 0.1592528335019654, 0.156653358947997, 0.16335104318226085, 0.16074876881697597, 0.154866867936125, 0.15169933248384326, 0.15313397289491168, 0.1536385881550172, 0.15331148370808245, 0.15433896347588183, 0.15434380591500038, 0.15491657908640655, 0.1539370008543426, 0.1523028213311644, 0.158424698546821, 0.15960978658175937], "map": 0.7727623782501114}, "time": 526.8306074142456}