{"task": {"lambda": 0.5, "alpha": 1, "lr": 0.0001, "wd": 0.0001, "bits": 24}, "result": {"earlyStop": true, "loss": [1.7236022960905935, 0.7036122434279498, 0.646767750674603, 0.613428159087312, 0.5910924126704534, 0.5664281176001418, 0.5329806982886558, 0.5126354903274891, 0.503169485166961, 0.4859541987671572, 0.4568708406067362, 0.4285346643597472, 0.42842331689362434, 0.4098450728491241, 0.3931914319594701, 0.37110260012103063, 0.36463262505975425, 0.3493077527074253, 0.35715024962144737, 0.4114086196995249, 0.31600197170879324, 0.30242576026449014, 0.2952499870283931, 0.27789762375109334, 0.29041753431745604, 0.2677798580889608, 0.2687492259577209, 0.25173662464116137, 0.2538755399485429, 0.2633618575831254, 0.23736115705733205, 0.2756838705025467, 0.22421753289652804, 0.22429145565804312, 0.2177382882903604, 0.23057645106432484, 0.20240537756506136, 0.22067407766977945, 0.244062531228159, 0.20289562774055145, 0.20456249325298795, 0.188539630057765, 0.1872436839575861, 0.18918367650579004, 0.19080042868268257, 0.19140367195302366, 0.17514602109497668, 0.21517840707126787, 0.16796423114982306, 0.18506298550203734, 0.21434369763615085, 0.16795189941630645, 0.16383654784922505, 0.16848171385479907, 0.16002414448588503, 0.19544610775568905, 0.2342635783202508, 0.1572918617257885, 0.14805894573310427, 0.14601816178536883, 0.15068909423608406, 0.21068863672953025, 0.2022807938503284, 0.1493565752810123, 0.14171691859761873, 0.14282370782365986, 0.1392286033460907, 0.14765295890324256, 0.1394559079233338, 0.14496124243619396, 0.1384961030208597, 0.132604343414891, 0.1889481461223434, 0.16625092251628054, 0.18498025294028075, 0.1371466543014143, 0.12880074517691836, 0.13214433339296602, 0.13021971898920395, 0.1345551450755082, 0.12599004790479063, 0.13298887277350707, 0.12921736842277004, 0.15440727280927638, 0.12393145548070178, 0.1286162393642407, 0.12157510768841295, 0.12222342697136543, 0.13490458621698267, 0.11431360303186903, 0.11816804111003876, 0.11489035298719126, 0.12770154447678259, 0.11444467087002362, 0.12701781641911059, 0.11387338591556923, 0.1107438829015283, 0.11936540404955547, 0.1477243540918126, 0.11034696505350225, 0.1033661901293432, 0.10437372268414964, 0.13216830516124473, 0.10524451586545683, 0.1192236484265795, 0.10629048607513017, 0.1044785302205413, 0.1167405252070988, 0.10566774390491784, 0.10688825828187606, 0.1070685808857282], "map": 0.7864782283839299}, "time": 237.05498600006104}