{"task": {"lambda": 1, "alpha": 1, "lr": 1e-06, "wd": 1e-06, "bits": 24}, "result": {"earlyStop": true, "loss": [1.7111937508863562, 1.4456621081221337, 1.3146057783388625, 1.233188331711526, 1.1827156397641874, 1.1450880275053137, 1.1158805290857952, 1.0774807491723228, 1.0590021797254974, 1.0362854395426957, 1.01727404255493, 1.0040140011731316, 1.0060767730077107, 0.9815170542866576, 0.9659221265830246, 0.9566201450777989, 0.9458264176752053, 0.9366981322858848, 0.9483333650757285, 0.9185097877885781, 0.9151273457443013, 0.9045290882680931, 0.8989519380471286, 0.891206211903516, 0.8813731360669229, 0.8778073483822393, 0.8744673056929719, 0.8668483980730468, 0.8657689328287163, 0.8536393981353909, 0.8506131943534402, 0.8602491173089719, 0.8440319743810916, 0.8413265388385922, 0.8380746794681923, 0.8622707829755896, 0.8285149207302168, 0.8235530485125149, 0.8235973943682278, 0.8216161277948641, 0.8117442388160556, 0.8132935552036061, 0.8123732635787889, 0.8073620428057278, 0.8000765717497059, 0.7993130789083593, 0.8015697002410889, 0.7874536143214095, 0.791503952998741, 0.7921123516325858, 0.8002868154469658, 0.7831080152707941, 0.7900267512190575, 0.7737515741119197, 0.7764648546775182, 0.776424293424569, 0.7784812099793378, 0.7715108061538023, 0.7663772074030895, 0.7579776045738482, 0.7591051634620217, 0.7599418286015006, 0.7584270531055974, 0.7565881826129615, 0.7535654195383483, 0.7523594916451211, 0.7439004603554221, 0.7387462132701687, 0.7389218012491862, 0.7375427157271142, 0.7389802722369924, 0.7413547588329689, 0.7345159451166788, 0.7317662820512173, 0.7265816211116081, 0.7300233174772823, 0.7286364225780263, 0.7250401374756121, 0.7246230694593168, 0.7255043492597693, 0.7227660277310539, 0.7376623071876227, 0.7150833238573635, 0.7162391695321775, 0.7170225072140787, 0.7081287812952902, 0.7102214328798593, 0.7055687232344758, 0.7064335854614482, 0.7060582480009865, 0.7024989204079497, 0.699317505254465, 0.6929410938538757, 0.6937702400427238, 0.6956077705995709, 0.7090626627791161, 0.6963506504601124, 0.691971040239521, 0.6875968601773766, 0.6899860442853442, 0.6881274548815746, 0.6868415732009738, 0.6897912078043994, 0.6833112190167109, 0.6779220840510201, 0.6758550125009873, 0.6765397386808022, 0.6799415735637441, 0.6727109712128546, 0.6767968588015613, 0.6772339940071106, 0.668333866724781, 0.6714189975869422, 0.6710263841292438, 0.6704392605552486, 0.6624787211710331, 0.6650953146756864, 0.6641222901788413, 0.6615620395716499, 0.6619321230579825, 0.6651467423813016, 0.6602017674960342, 0.6622079347862917, 0.6584671282885122, 0.6578759387427685, 0.6556992548353532, 0.6606230981209699, 0.6528443705801871, 0.6486905006801381, 0.6474249570393095, 0.6454951541096556, 0.6461035726117152, 0.6505798779281915, 0.6490105048698538, 0.6401866715328366, 0.642118422424092, 0.6417030733005673, 0.6414311420099408, 0.6379380532923866, 0.6410174439935123, 0.6314982070642359, 0.6359251515538085, 0.6344934234432146, 0.6351295768045911, 0.6365726151887108, 0.6344502124131894, 0.6315198412128523, 0.6260056408012614, 0.6268157596681633, 0.6306339195545982, 0.6273737882866579, 0.6352929356051427, 0.6257589365921769, 0.627311131825634, 0.6228503018033271, 0.6232032124318329, 0.6289683884265376, 0.619833274507055, 0.6204791104092318, 0.6200975521522409, 0.6198302697317273, 0.6206290242718715, 0.6128188763179031, 0.6147729254820767, 0.612510720596594, 0.6136230569259793, 0.60938709126968, 0.6088150131936166, 0.6078809211943664, 0.606398668067128, 0.6107235442773968, 0.6064224555796268, 0.609989009067124, 0.6077918907006582, 0.6028783113933077, 0.598804675188719, 0.6091072436641244, 0.5963751308473886, 0.6028580665588379, 0.6004079031009301, 0.6044733337327546, 0.5957258714764726, 0.5986734172877144, 0.5961759137172326, 0.5917748710980603, 0.5932792112523434, 0.593947097659111, 0.5963780608247308, 0.5939021025802574, 0.5891460717893114, 0.591385062418732, 0.5912728166463328, 0.5862435111228157, 0.5907648357690549, 0.5875932588881138, 0.6042009510245978, 0.5858928853390264, 0.5863132576147715, 0.5847472457909116, 0.5840985877256767, 0.584559201317675, 0.5820934711133733, 0.5800810795204312, 0.5821577117723578, 0.5795209811014288, 0.5813996917476841, 0.5813762335216298, 0.5781970094231998, 0.5798455950091866, 0.5782894676222521, 0.5748988667539522, 0.5756137569745382, 0.5731249437028286, 0.5810787777105967, 0.5718323924377853, 0.5697400739379958, 0.579189399878184, 0.5689862493206473, 0.570229232895608, 0.5695656625663533, 0.5702596128571267, 0.5683484787450117, 0.5676658854765051, 0.5667357739864611, 0.5705027673758712, 0.5673108054142372, 0.5663197277223363, 0.5691843658101325, 0.5641887947624805, 0.5600117252153509, 0.5569269709727344, 0.564462898700845, 0.5590891504988951, 0.5594490801586824, 0.5594629966745189, 0.5580415681881064, 0.5579761699134228, 0.5532265022104862, 0.5560034671250511, 0.5545268602230969, 0.555313301729221, 0.5560124212620305, 0.566474179426829, 0.5506526693409565, 0.5525006599286023, 0.5536102369135502, 0.5492101180202821, 0.5483416505888397, 0.5498512190054444, 0.5440949056954945, 0.5470122630689659, 0.549573508255622, 0.5456441836614235, 0.5416844601140303, 0.5472389556029263, 0.544993957175928, 0.5470081053528131, 0.5456544756889343, 0.5463559943086961, 0.5415322912089965, 0.5494891013584885, 0.539698221227702, 0.5404771826430863, 0.5407321555357353, 0.5417180613559835, 0.5393326595133426, 0.5368152924028098, 0.5393211263067582, 0.5534831706215354, 0.5398621398444269, 0.5464216721992866, 0.5365843746592017, 0.5315770801960253, 0.5336323818739723, 0.5385371423235127, 0.5339765490270129, 0.5342325763959511, 0.5361017745499518, 0.5337784185129053, 0.5565902058984719, 0.5349273515098235, 0.5332249169256172, 0.5288984100608265, 0.52951966167665, 0.5265867093614504, 0.5291838023592444, 0.5294427535697526, 0.5335679591870776, 0.5231237448021477, 0.5335476567932204, 0.5429457811748281, 0.5239290717770072, 0.5177063009902543, 0.5260665031040416, 0.5276634871375327, 0.5233025553764081, 0.5272073947331485, 0.5294709304968516, 0.5229161162586773, 0.5201108560842627, 0.521868529565194, 0.5184219938282874, 0.5204945431620467], "map": 0.7426766113602291}, "time": 645.574221611023}