{"task": {"lambda": 1, "alpha": 5, "lr": 1e-06, "wd": 1e-05, "bits": 24}, "result": {"earlyStop": true, "loss": [4.916725752400417, 4.231758421542597, 3.604496383783864, 3.3047161990521, 2.99378497635617, 2.8164933937437393, 2.7549370176651897, 2.625054980609931, 2.5364936666161406, 2.5337656526004566, 2.4396306977552524, 2.404722484887815, 2.385334891431472, 2.340718029760847, 2.3348182019065407, 2.2940180623063853, 2.3077518472484515, 2.291783440346811, 2.229196716757382, 2.2033002037628022, 2.1858833706846426, 2.1505513384061703, 2.189079476337807, 2.1350328092481576, 2.1131077753562555, 2.1109221601018717, 2.0802991746687423, 2.0712881922429682, 2.058312729293225, 2.044157341999166, 2.0421359515657613, 2.015963024368473, 2.0204069462476992, 2.007354517777761, 1.9808050107722188, 1.9860980125034557, 1.9715107229410433, 1.9726363034809338, 1.9547706322342742, 1.9522203750470106, 1.9195045226929235, 1.9235730036800982, 1.9115296818462073, 1.917204875572055, 1.909434773758346, 1.8872258271656783, 1.9251578625510721, 1.885172502667296, 1.886233342628853, 1.8665924913742964, 1.8619564865149705, 1.8611742819056791, 1.872926763459748, 1.8505391165906309, 1.8421634675240983, 1.8450983654634625, 1.8368866133923625, 1.825215939797607, 1.8706277001137828, 1.8136760975215949, 1.816079410559991, 1.8020880003185833, 1.8156295652483023, 1.805009745499667, 1.7802954707659928, 1.7887519335045534, 1.7852809353201997, 1.7791543798703773, 1.787374412312227, 1.7660104614846848, 1.7594540431803347, 1.7633358728067547, 1.7804308194740146, 1.7579043618604249, 1.755204708552828, 1.8317021225012986, 1.760441022760728, 1.7587853342879052, 1.7339554832262152, 1.743178883603975, 1.7328254770414502, 1.7193145895121145, 1.7261016684419968, 1.730296757291345, 1.7225695451100667, 1.725617321098552, 1.7192415522009719, 1.7051434107855254, 1.7172840935926812, 1.7089902028149249, 1.7120110684750127, 1.7021768543065763, 1.695589756264406, 1.6948050687126084, 1.678810085736069, 1.6885982570694942, 1.6802765265399335, 1.677610580535496, 1.6859630135928882, 1.6670680092830283, 1.6753191971311383, 1.6704947106978472, 1.6854931227132386, 1.6573912673721127, 1.6569865319658728, 1.6507098534527946, 1.65487847988512, 1.6535754449227278, 1.63767483801234, 1.6615108321694767, 1.6446037935275657, 1.6449530995359607, 1.6368900917324365, 1.6397454668493832, 1.6333748178154814, 1.625441412715351, 1.6237402993674372, 1.6207509742063635, 1.6262493671155442, 1.6179190085214727, 1.6084741164071887, 1.594328092301593, 1.6033994415227104, 1.608103471351605, 1.5991199942780476, 1.5905278304628296, 1.6013453871596093, 1.6304093061708937, 1.588912083237779, 1.601134833167581, 1.5887220653833127, 1.5870318956234877, 1.5940056834735123, 1.594435294177018, 1.6116571029027302, 1.5799896094728918, 1.568237776265425, 1.5761254035374697, 1.556667942334624, 1.565048351299529, 1.6512701581506168, 1.5671538807013456, 1.5674986401024986, 1.5687791120772268, 1.5450538277041679, 1.5540827533193664, 1.5464527890378355, 1.5416979792655683, 1.5467966625503464, 1.5563088608723061, 1.5527791702279858, 1.5451712549901475, 1.5465859618841433, 1.5367160129780864, 1.5348292221041286, 1.6292720168244605, 1.533086744593639, 1.5248250840049165, 1.5210673449670566, 1.536363274735563, 1.5268195493548524, 1.5152386298366622, 1.5189324824833403, 1.5214437322289336, 1.523944109970448, 1.5201164893075532, 1.5147521659439684, 1.5127151675668418, 1.5116009443413978, 1.5820849128797942, 1.5156724850336711, 1.488283491602131, 1.5127805284425324, 1.510258785649842, 1.5038618018814163, 1.5017863728252112, 1.5059562196918563, 1.493979929708967, 1.4991120135082918, 1.488563216200062, 1.484180165272133, 1.4865310063549118, 1.494210226278679, 1.4936167831514395, 1.4853851181619309, 1.484986927579431, 1.4796239242834204, 1.4879925835366343, 1.4807194015559029, 1.4743345882378371, 1.4697223185908561, 1.4595857817752689, 1.4720974830435771, 1.4646394828370972, 1.4660472814358918, 1.5013164281845093, 1.502854824066162, 1.4693669478098552, 1.4642387929500318, 1.4543129895247666, 1.4875793971267401, 1.46308840489855, 1.4547495278073292, 1.4623370468616486, 1.4426068464914958, 1.4465696168880837, 1.4393277887035818, 1.4528262252901114, 1.4385605580082126, 1.444673939078462, 1.471575052130456, 1.4415506638732611, 1.4404064957417695, 1.438996361166823, 1.4360355328695447, 1.4416248623062582, 1.434571565950618, 1.4286288908299278, 1.4261503710466272, 1.4279570357472289, 1.4321351612315458, 1.4478605027292288, 1.4420614292224248, 1.4322243064057594, 1.4206496138198703, 1.428411377995622, 1.4113705719218534, 1.4225694992963005, 1.4204100054853104, 1.4140316855673696, 1.4164965479981666, 1.418084280163634, 1.4112804309994567, 1.4173595808884676, 1.3945173478009654, 1.4122616628221436, 1.4038759025872922, 1.4141238822656519, 1.41236136006374, 1.3968580105141097, 1.4053041683692558, 1.399605110579846, 1.3983900497357051, 1.40233301356727, 1.4064980505728255], "map": 0.7504129377850648}, "time": 517.7914471626282}