{"task": {"lambda": 2, "alpha": 1, "lr": 1e-06, "wd": 1e-05, "bits": 12}, "result": {"earlyStop": true, "loss": [2.085012006993387, 1.8055740887043523, 1.6455024597691554, 1.5150291335348989, 1.4297475452516593, 1.3601073079249437, 1.3093427092421288, 1.2701750368464226, 1.2541707310022092, 1.2034303656980103, 1.1829000039427888, 1.1847025413139194, 1.1473383880129047, 1.1496139262236802, 1.1098306617316078, 1.095047314377392, 1.0787174952965157, 1.0705192907183778, 1.0735623591086443, 1.057173212369283, 1.046123602811028, 1.021944827893201, 1.0104953670034222, 1.0281365899478687, 1.0009551141776292, 0.9909600112952438, 0.9818520908262215, 0.9893738744305629, 0.9639699760020948, 0.9630071272452673, 0.9593059286183002, 0.9504832654607063, 0.9570362287409165, 0.9377517767396628, 0.9326713748422324, 0.9263468337993995, 0.9226422692630806, 0.9306197166442871, 0.9349670959453956, 0.9357215282963771, 0.9034657171543907, 0.906295056436576, 0.8979808232363533, 0.889991037839768, 0.8987030959596821, 0.8907901153844946, 0.907767604379093, 0.87720454732577, 0.8888852000236511, 0.8707158445727592, 0.8736315433885536, 0.8669319255094902, 0.8637648289110146, 0.890690707692913, 0.8640241494365767, 0.8579840402977139, 0.8550520112701491, 0.8490895338210405, 0.8477791994810104, 0.8471176086687574, 0.8674817868307525, 0.8358365922581916, 0.8388124359588996, 0.8387987730549831, 0.8317008602852914, 0.8234050440437654, 0.8281379721912683, 0.8216337628808676, 0.8205592138510124, 0.8368383236959869, 0.8172483499727997, 0.8147638825809255, 0.8163058079925238, 0.8081730461003733, 0.8361772170253828, 0.8109065326405507, 0.7999909219204211, 0.8041056213425655, 0.8369883813110053, 0.7974018770105699, 0.7942975499466354, 0.7961478069716809, 0.789889739132395, 0.7888781951338637, 0.7889453797948127, 0.7854599832904106, 0.7832472899965212, 0.783933443181655, 0.7811403075853983, 0.7752977112929026, 0.7740452301268484, 0.7727333263439291, 0.7783422505154329, 0.7786944718921885, 0.7668318736786935, 0.7700005290555019, 0.7683049758859709, 0.7661506196155268, 0.767655677655164, 0.7576694202189352, 0.7612589492517359, 0.7618009155871821, 0.765519892468172, 0.7690857333295485, 0.7575315017910564, 0.7571895993223378, 0.7473763266907019, 0.7908317657078013, 0.7477177962952969, 0.7484466591302086, 0.7520375982219097, 0.7463647883166286, 0.7427099726948083, 0.7430906687297073, 0.7871129606284347, 0.7422109965015861, 0.7473634843732796, 0.7372376734719557, 0.781932134254306, 0.7392013809260201, 0.7402302026748657, 0.7384762530233345, 0.7369696918655845, 0.7578493496950935, 0.7323476561144286, 0.7479693702622956, 0.7292501967327267, 0.7319013756864211, 0.7263364581500783, 0.7278859456088028, 0.7248217779047349, 0.7229204231909677, 0.7204775973862293, 0.7209905999548295, 0.7180725356527403, 0.7190431825378362, 0.7185442970663893, 0.715993176780495, 0.719874032572204, 0.7144256394867804, 0.7112503118959128, 0.7132724275191625, 0.7348476467179317, 0.7137318814502043, 0.7066997435747409, 0.7023461608617914, 0.7046359025088011, 0.7069594956496182, 0.7100373962346245, 0.7072031223306469, 0.7015027298646814, 0.7186705633705738, 0.6955929990200436, 0.6973297641265626, 0.7076307079371285, 0.6947942513461206, 0.701454271288479, 0.6916491253411069, 0.7053578285609975, 0.6874903967859698, 0.69173316014748, 0.6877666793617547, 0.693428210183686, 0.7005684901686275, 0.7100823042439479, 0.7036060141582116, 0.6832098186600442, 0.6826950659354528, 0.6865241124349482, 0.6779358465881908, 0.6858701875396803, 0.6835425700627121, 0.6772161430003596, 0.6815900899031583, 0.6860247640048757, 0.6764177376148748, 0.6748742388159621, 0.6979678670565287, 0.6726742337147394, 0.6902947554401323, 0.6730167333986244, 0.6704508188892814, 0.670003863234146, 0.6652733536765856, 0.6687719319380966, 0.6656092840666864, 0.6705284761447533, 0.6658880824551863, 0.6622694900222853, 0.6675691347496182, 0.6596359373892055, 0.6655082281898049, 0.6832491673675238, 0.6703253458527958, 0.6625784273241081, 0.6867464827556237, 0.6661817548321742, 0.6640792950695636, 0.6586353638592888, 0.6540002668020772, 0.6582550530632337, 0.6546089476084008, 0.6579568874017865, 0.6485152584957141, 0.6495635063917029, 0.6488794096398587, 0.6502597250190436, 0.6475157737731934, 0.6524626583445305, 0.6500130339580423, 0.6477863332804512, 0.7040543749051935, 0.6450312854904755, 0.6404285032083007, 0.6443893176083472, 0.6452034632949268, 0.6465591282821169, 0.6422646545311984, 0.6450597120850694, 0.6376542367187201, 0.6383118661595326, 0.6425484097471424, 0.6328038152526406, 0.6748804169542649, 0.6349055033688452, 0.6362075455048505, 0.6645581395018334, 0.6390348182005041, 0.6368280345318365, 0.6354682115363139, 0.6331361897435843, 0.631807798556253, 0.6396631551723854, 0.6285831885887128, 0.6293926136750801, 0.624844993884657, 0.6356226498005437, 0.6286795922354156, 0.6265121981793759, 0.6286378231118707, 0.6265076544939303, 0.6238360980562135, 0.625554098218095, 0.637567565721624, 0.6390192426887213, 0.6244033884768393, 0.6293958390460295, 0.6359961249080359, 0.6208234902690438, 0.623312862480388, 0.6165278323140799, 0.6305351888432222, 0.616294057199768, 0.6154762570764504, 0.6176591673318077, 0.6194610522658217, 0.614660211930088, 0.6128242442420885, 0.6174800571273354, 0.6127572749175277, 0.6088007717740302, 0.6106901046107797, 0.6095113746967971, 0.6094480294222925, 0.6095497137775608, 0.6117793046960643, 0.610687382665335, 0.6119138402681724, 0.6085208904217271, 0.6051188499904147, 0.6057799584140965, 0.6055123177813548, 0.6046052030196377, 0.6062235516660354, 0.6003195365854338, 0.6047522297092512, 0.6116738500548344, 0.6009748876094818, 0.5986827132748622, 0.5996838854808434, 0.6331054480636821, 0.5979451161681437, 0.5954599552879146, 0.5974768988934218, 0.6382190550074858, 0.6041965776798772, 0.5981303508959565, 0.5913601381813779, 0.604466716448466, 0.5964391278285607, 0.6152195159126731, 0.5936387349285331, 0.5924845831651314, 0.5920800449801427, 0.594227509171355, 0.5959614573740492, 0.5896765481607587, 0.5901817518706415, 0.590737864667294, 0.5941353995426029, 0.5876564836385203, 0.6102178663599724, 0.5897199745271721, 0.5877363120808321, 0.5851916273434957, 0.5859068468505261, 0.6078020135561625, 0.5859792165312112, 0.5837571407650032, 0.5859881651167776, 0.5872572485138389, 0.5845877551564983, 0.5972879552373699, 0.5911645982779709, 0.5811160525270537, 0.581972162513172, 0.5846922812508601, 0.5802232640631059, 0.5840833607841941, 0.590182818034116, 0.58188589238653, 0.5912646890855303, 0.5763815670621162, 0.5872988911236033, 0.5830755403228834, 0.5792644070644005, 0.5867706654118556, 0.5878589679213131, 0.5756327027783674, 0.5879375841103348, 0.5864997997003443, 0.5776558915774027, 0.5758330526889539, 0.5711871546273138, 0.5881097234931647, 0.5725136831694958, 0.588168635672214, 0.5791965489294014, 0.5689189957053054, 0.5713865631351284, 0.5696711697999168, 0.5725189948491022, 0.5756116059480929, 0.5673173113780863, 0.5686759314700669, 0.5679699328600192, 0.5675867868989122, 0.5634321951690842, 0.5767034280533884, 0.5686534573050106, 0.5979707480645647, 0.5677741383220635, 0.5698328754481148, 0.5658494549639085, 0.5637871736989302, 0.5818382618474025, 0.5631949428980257, 0.5629687661341592, 0.5696937769067054, 0.570206856026369, 0.5639518896738688, 0.5607765322806788, 0.5613739566475737, 0.5576302758326718, 0.5632320443789164, 0.5610154238986034, 0.5591973101391512, 0.5549760265093223, 0.5581435815376394, 0.556773879364425, 0.5538303852081299, 0.5545289010978213, 0.5547184543136288, 0.5560203274967623, 0.5597746979956534, 0.5586232075504228, 0.552436313792771, 0.5549281692388011, 0.5538630654998854, 0.5497512173126725, 0.5715710059100506, 0.5541441835024777, 0.5498953882385703, 0.549989849913354, 0.5504262713240642, 0.5711368427557104, 0.5452935948383575, 0.5704769240874871, 0.5470936114297194, 0.5550936752674627, 0.5666025175767786, 0.5477213742686253, 0.569184275818806, 0.5486766602478775, 0.5480466368151646, 0.5538418000819636, 