{"task": {"lambda": 0.5, "alpha": 1, "lr": 1e-05, "wd": 1e-05, "bits": 48}, "result": {"earlyStop": true, "loss": [0.9265278247641582, 0.7728810763242198, 0.7391619711529975, 0.710103295305196, 0.6888492925494325, 0.6622150005663142, 0.656045067544077, 0.6425317289198146, 0.6255819660191443, 0.6175538497228249, 0.6070874774572896, 0.5951537980752832, 0.5878661020713694, 0.5810855238461027, 0.5741672349326751, 0.57817429245687, 0.5570736416414672, 0.5507752968400133, 0.5446166618197572, 0.5360854390789481, 0.5282896038363961, 0.5248428851950402, 0.5209057369068557, 0.5118924019967809, 0.5053890663034776, 0.5007343791863498, 0.4953300765916413, 0.49152593957442864, 0.48197919276415135, 0.47902194162209827, 0.47000314061548193, 0.47019724518645045, 0.4648379084526324, 0.4598468717406778, 0.45849892818460275, 0.4480423594222349, 0.44239917222191305, 0.4419912634526982, 0.4288233232264425, 0.4297092349505892, 0.42729925086685255, 0.4225458784722814, 0.4179288411841673, 0.41550588257172527, 0.41006793052542445, 0.40523242804349635, 0.400621244866474, 0.3998824676462248, 0.3963834354106118, 0.39338070183408025, 0.38638727892847624, 0.38238052804680434, 0.3816572456967597, 0.3784511624013676, 0.37393321155333054, 0.3713921299752067, 0.3688178176389021, 0.36749302493590935, 0.3645804695346776, 0.3607742358364311, 0.35955610520699444, 0.3547796807160564, 0.349899023771286, 0.34745046467173335, 0.3469436925415899, 0.339549393046136, 0.3384082457598518, 0.3377641700938636, 0.33390214644810734, 0.33116642283458336, 0.32793669972349615, 0.32820529753670974, 0.3257600464949421, 0.3211893629209668, 0.3174651162881477, 0.31946532596267907, 0.3122560406724612, 0.31370232590273317, 0.31064435299120696, 0.3083198042769058, 0.30835005027406354, 0.30347151338469747, 0.3001226391278061, 0.30081817624615687, 0.29719050024069993, 0.2938458428663366, 0.292014451880081, 0.2930157392048368, 0.2889235104415931, 0.2850589173681596, 0.2861096601860196, 0.2847959204923873, 0.2830111022089042, 0.2806987600291477, 0.27786345706850873, 0.2762867321862894, 0.2728142934102638, 0.2769729895334618, 0.2707517401260488, 0.27132097996917426, 0.26870883957428093, 0.267592571237508, 0.2650998801577325, 0.2665373817378399, 0.2637116377260171, 0.2606102612380888, 0.26357004367837716, 0.2653433657159992, 0.26018308234565396, 0.2537273132041389, 0.2531118506894392, 0.25384439703296213, 0.25419878609040203, 0.24947108503650217, 0.24713724617864571, 0.24902556500598497, 0.24585466875749476, 0.24600979510475607, 0.24516852039332485, 0.24293942866372129, 0.24133744543673946, 0.23930884474048428, 0.23783951793231217, 0.2384136164305257, 0.23550494906364702, 0.23645567251186744, 0.23561169440839805, 0.23177969813639043, 0.23292076952901541, 0.23067522501828625, 0.2289605412413092, 0.22647399762097528, 0.22654306377265968, 0.22798598309357962, 0.22417237755714678, 0.224975492440018, 0.2253165839641702, 0.2226420917055186, 0.2195537084457921, 0.2195073591143477, 0.21975504533917295, 0.21455687299078585, 0.21884273854540845, 0.21684761359995486, 0.21497881836166569, 0.21500828847581266, 0.2155821012223468, 0.21219839462462595, 0.2111954559005943, 0.2099569715997752, 0.21016141260955848, 0.2083003762013772, 0.2084385391836073, 0.2061882648690074, 0.20258500806841195, 0.21770156919956207, 0.21512904719394796, 0.20342773710395776, 0.20252319863613913, 0.1991041000275051, 0.20006189436889163, 0.20015857631669326, 0.19633040518737307, 0.20012265297712065, 0.1982785139013739, 0.19820010326072282, 0.19696230397504919, 0.19438433398803076, 0.19500095046618404, 0.1945644697430087, 0.19469745910050823, 0.19296738140138925, 0.19138695489542157, 0.19187365837541281, 0.19230400814729579, 0.1899145713039473, 0.19148229281691945, 0.18717652734588175, 0.18777393418199875, 0.18705120054530164, 0.1877788708490484, 0.18481264730878905, 0.18443794833386645, 0.18535832308378875, 0.18506878219983158, 0.1834000668981496, 0.1824947357469914, 0.18292191741513272, 0.18079295564515918, 0.18033177551685595, 0.18338210471704894, 0.1807032943356271, 0.18547231733214622, 0.17723997580070122, 0.1796844830992175, 0.17794355969218648, 0.17363936527102602, 0.1729688961058855, 0.17406952118172364, 0.17389910229865244, 0.17405224562275642, 0.17284144081321418, 0.17141574504328708, 0.17196804255831474, 0.17155804864916147, 0.1732298993304664, 0.16840272367584938, 0.17172245286843357, 0.17061234090258093, 0.1696342717783124, 0.16752896866962022, 0.1673157523367919, 0.16881450937659132, 0.16530238530215094, 0.16721010383437662, 0.16586588103981578, 0.16455072478628627, 0.16507779923724195, 0.16637088226921418, 0.1640946872386278, 0.16230122036501474, 0.16404358801596305, 0.1634789383878895, 0.16186922803228976, 0.16077829722095938, 0.16111248234907785, 0.16026661486602298, 0.16007858324869007, 0.16052925893489053, 0.1591426367853202, 0.15719620737374998, 0.15768486495111503, 0.15656937980184368, 0.1589377617426947, 0.15579543394200943, 0.15423621799723775, 0.15385917574167252, 0.1545803419807378, 0.1552898667606653, 0.15478276607452654, 0.15289055380751104, 0.15353589176255114, 0.15340550784386842, 0.15301395726262354, 0.1520521238300146, 0.15050599994320496, 0.15129211778734244, 0.15013235135405673, 0.1515343282736984, 0.15151917291622535, 0.1484712946648691, 0.14791946945821538, 0.1484841531982609, 0.1478568534640705, 0.14783071668124667, 0.14755626198123484, 0.1468346222650771, 0.14670196979069242, 0.14609860782237613, 0.14460815467378674, 0.14584979473375806, 0.14322917324070836, 0.14505337879938238, 0.14306106717855321, 0.14500274859807072, 0.14413577698025049, 0.1425174533882562, 0.1424052062280038, 0.14130488264502264, 0.14238977505295886, 0.14018346025955444, 0.14012762553551616, 0.14111687944215887, 0.1416761286410631, 0.14073399951060614, 0.14135720420117473, 0.13992024907002262, 0.1408753203702908, 0.1403557989819377, 0.14118844241488213, 0.13764342578018413, 0.14117594910602943, 0.14343048398401223, 0.13750597104138018, 0.1359761813107659, 0.13571838479416043, 0.1353227038886033, 0.13602499861051054, 0.13622992609937987, 0.1365326025030192, 0.138268157109326, 0.14012553002320083, 0.13383351003422456, 0.13368563018008775, 0.13295146596490168, 0.13430752356847128, 0.13251297847897398, 0.131142280046262, 0.13397064381370358, 0.13377170732208327, 0.13312648207533592, 0.1308676312659301, 0.13435005915223383, 0.13141660282717033, 0.12980822247325205, 0.13099029557962044, 0.13002887609250405, 0.1308459281629207, 0.13071921935268477, 0.13048314346986659, 0.12832995219265714, 0.12877357371297538, 0.12884408520425067, 0.12849300033321567, 0.12848613235880346, 0.12826506033831953, 0.12794486082652035, 0.12872328404702393, 0.12679319909098102, 0.12761755170775393, 0.12611880774299303, 0.12624147081491993, 0.126205826652985, 0.12464650501223172, 0.12493183829036414, 0.12401087735505666, 0.1246539056301117, 0.12689967190518098, 0.12409910347824003, 0.1255189567512157, 0.12457078768342149, 0.12459355373592938, 0.12231038788370058, 0.12465875917205624, 0.12193563887301613, 0.12324951443017698, 0.12496666449542139, 0.12372713448370204, 0.12209922666935359, 0.12136482549648658, 0.12124037413912661, 0.12095252848138996, 0.12139101282638662, 0.12152343681629967, 0.11999146793695058, 0.12101150932265263, 0.12015747739111676, 0.11945698059657041, 0.12065590523621615, 0.12012648041926179, 0.11892963357854124, 0.11796784342504014, 0.12068161251498204, 0.11776397180031328, 0.11819119400837842, 0.11830940959500331, 0.11734113615809702, 0.11657289021155413, 0.117066817102479, 0.11754250482601278, 0.11723700611322534, 0.11708124522484985, 0.11698035939651377, 0.11809986216180465, 0.11569335340869193, 0.11698164367208294, 0.11607480122178208, 0.11558942993481953, 0.11583029449570413, 0.11544392798461166, 0.11426595101753871, 0.11558633765169218, 0.11570246283914529, 0.11449367041681327, 0.11348007487900116, 0.11137961063022707, 0.11497742470865156, 0.11316606869884566, 0.11435689192776587, 0.11798001036924474, 0.12271732026163269, 0.11318439099134184, 