{"task": {"lambda": 0.5, "alpha": 3, "lr": 0.0001, "wd": 0.0001, "bits": 24}, "result": {"earlyStop": true, "loss": [2.0419999816838432, 1.158699443089027, 1.053970342027206, 0.9935289203536277, 0.9350572067732904, 0.9083852303378722, 0.8523095941134528, 0.816941939440428, 0.7713565484565847, 0.7477830852947983, 0.7163692135729042, 0.6892601426909951, 0.6485276720395275, 0.620152392662039, 0.604782963792483, 0.576000345103881, 0.5519612104284997, 0.532243046690436, 0.5109937619052681, 0.5067287955213996, 0.4866345247217253, 0.46995113848471176, 0.4395390735829578, 0.4249979263427211, 0.4313049449347982, 0.40981560171234843, 0.3898003275195758, 0.3830103568878828, 0.3991147209616268, 0.43076950545404474, 0.3790016380303046, 0.34083087552411884, 0.3376932729254751, 0.3282765445171618, 0.329135042706541, 0.31848304280463385, 0.3269542292052624, 0.3125341975805806, 0.3478122401763411, 0.29254280834221374, 0.2802682001801098, 0.2822580100858913, 0.38503871945773854, 0.2734805869997716, 0.2657990911427666, 0.2727706309627084, 0.2654224296703058, 0.2617022881613058, 0.3021208513162884, 0.27109071232524573, 0.3025980717411228, 0.25750427123378306, 0.2423442222324072, 0.2510976576629807, 0.2362338666091947, 0.23754053482530163, 0.23694614028813793, 0.2744435275010034, 0.22235818411789687, 0.22316351737461837, 0.221905864629091, 0.2402841258867114, 0.3427690049889041, 0.21088771069166706, 0.2004534931232532, 0.21295762661040998, 0.21114196438415378, 0.21129591646147708, 0.21629362421877243, 0.232688806951046, 0.1984148453555855, 0.20136718525021685, 0.20143609742323557, 0.20108572174521053, 0.2734438389831898, 0.19728797732615003, 0.18814149133714975, 0.19015886327799628, 0.1839783748283106, 0.21620952221108417, 0.18148801797160916, 0.18538345367300743, 0.23030907850639493, 0.1780935964163612, 0.1752373618530292, 0.19511677909131145, 0.17792952962804073, 0.24225764575542189, 0.17601760433000677, 0.1684435028948036, 0.17242362861539803, 0.17777938417652073, 0.18475066768188103, 0.16523840212646654, 0.1732457724272036, 0.1683639077579274, 0.1751239918464539, 0.16953292620532653, 0.17959043807258793, 0.1602123647051699, 0.1917854039838501, 0.15554333083769856, 0.16756881028413773, 0.1729371721545855, 0.1560435262965221, 0.1612349373160624, 0.2526894242447965, 0.15366494436474407, 0.1495696430404981, 0.15752135480151458, 0.1478042971415847, 0.15531203625541107, 0.15344605171212963, 0.2622809375033659, 0.17117397582121924, 0.14528744171063104, 0.14365854581781462, 0.14277860697577982, 0.1474160174382668, 0.1563343258903307, 0.14637075700596267, 0.14796634442081638, 0.15036663098954686, 0.16337576041034624, 0.14346647058047501, 0.14940301621077107, 0.2215137648231843, 0.14001520810758367, 0.13897585532828874, 0.14374012047169255, 0.13935125662999995, 0.1422567095826654, 0.1400769098351399, 0.22630508740743002, 0.143187853379869, 0.13529170443322144, 0.13282396264520346, 0.13776846953174648, 0.13611458629077555, 0.13706802262687215, 0.14348123646249958, 0.1383656137714199, 0.16048364575002708, 0.1312695027274244, 0.13033822887376242, 0.1354741144596654, 0.14190374417047874, 0.13782750201575897, 0.16846127705831154, 0.15492838906014667, 0.1238817433808364, 0.12894901910833284, 0.1259343033181686, 0.13443804667422585, 0.13345857621992335, 0.12983398475483351, 0.132619417984696, 0.1283123772226128, 0.17774014116502276, 0.12606579240630655, 0.12204085480348736, 0.12502744896154777, 0.1367390836570777, 0.12651476694964894, 0.12202320028753842, 0.15519246634315043, 0.12404366860202715, 0.12429219053364267, 0.12226228635100757, 0.12963523525817722, 0.14845658371261522, 0.12050959197621719, 0.11819577735720896, 0.12418029033670239, 0.1249559569884749, 0.1268326122971142, 0.12114565454277337, 0.17138332471835846, 0.11777255702398572, 0.11569018019180671, 0.117388761511036, 0.12246327766892957, 0.1398135178229388, 0.11612559613936088, 0.11468629334487167, 0.11920109022335679, 0.1276793550772994, 0.12034986942422156, 0.12456576076938826, 0.14044885713534028, 0.11543286438373958, 0.11388160438075953, 0.1214956785826122, 0.176548168647523, 0.11811288716454132, 0.11182092396798086, 0.10979673501980655, 0.11351506441247229, 0.11653885668983646, 0.1396145095281741, 0.10990366054808393, 0.10886792889704891, 0.11164247390686297, 0.18722485265164984, 0.11133704480587267, 0.10949625513132881, 0.10750461457406774, 0.11080067970004737, 0.11171790789447579, 0.12099828775606904, 0.1711371389089846, 0.11170312996004142, 0.10706410016499314, 0.10624385953826063, 0.10711083495441605, 0.10844315077159919, 0.11050230030919991, 0.11624455455617577, 0.13610641775177976, 0.1099537906839567, 0.1057771764987824, 0.10946954786777496, 0.1347990466245249, 0.10798145461754471, 0.10449729326601122, 0.10736233611390286, 0.11051184238464225, 0.10913211939965978, 0.11441339523184534, 0.10886869309287445, 0.1138581202602854, 0.1108257180335475, 0.11199571630534004, 0.12434569468685225, 0.10943067870011516], "map": 0.7928630885527796}, "time": 501.42304730415344}