{"task": {"lambda": 1, "alpha": 1, "lr": 0.0001, "wd": 0.0001, "bits": 12}, "result": {"earlyStop": true, "loss": [1.9249657982704687, 0.7997466302385517, 0.7379348640348397, 0.7245436643852907, 0.6507310500624133, 0.6517850014508939, 0.632979549175384, 0.5834971695554023, 0.5738513154142043, 0.5536409558034411, 0.5247510388201359, 0.5124867241464409, 0.5004048496484756, 0.4807942319734424, 0.46481893489173814, 0.45075321781869027, 0.43868864824374515, 0.4191330582195637, 0.42160467189901013, 0.40256982588884876, 0.406336685313898, 0.4100474668484108, 0.37046806368173335, 0.3671705827993505, 0.3771480321884155, 0.3928401812034495, 0.33215293500061127, 0.3408084204968284, 0.32794082749123665, 0.32493629905523036, 0.3269807824901506, 0.31781310515076505, 0.31188638844326433, 0.306999747513556, 0.2934844408403425, 0.2958308123782569, 0.29017894291410257, 0.2922836322994793, 0.30100198820525526, 0.26762479631339803, 0.2768518463069317, 0.26582999688153175, 0.2659495560561909, 0.2669791439000298, 0.26631740407616483, 0.2572161853313446, 0.2598431393796322, 0.24841687156289233, 0.2481754027745303, 0.24625219200171677, 0.24174510008272002, 0.2511073285165955, 0.22563891660641222, 0.2374704614573834, 0.24193295865666634, 0.22700006806967304, 0.2290995921574387, 0.24963941994835348, 0.23771287836864882, 0.21812617866431966, 0.21999183194894417, 0.21337532807214588, 0.22158028959643608, 0.21272038273951588, 0.2108383978552678, 0.21859332773030973, 0.20431786556454265, 0.2137358831424339, 0.19906362113268936, 0.19768629727118156, 0.21719973899570166, 0.19823000054149068, 0.19849601329541675, 0.22754839135735644, 0.21093855447628918, 0.2413529075828253, 0.19153306370272355, 0.19054984549681345, 0.18573658738066168, 0.18948462926873974, 0.1879980924959276, 0.18442016591628393, 0.1912915347253575, 0.18847180873739952, 0.18622463547131596, 0.18574276318152746, 0.185189143845848, 0.1815536010499094, 0.18241318811972937, 0.17749382789228477, 0.17828009321409113, 0.18723592702664582, 0.17432474520276575, 0.177343061449481, 0.18535739512127988, 0.16962027681224487, 0.18059522629368538, 0.17374970106517568, 0.17314746997812214, 0.16587332285502376, 0.17729668903584575, 0.17392003828403996, 0.16173561114598722, 0.16837056945351994, 0.16875171237716488, 0.17540823500238212, 0.15936518796518737, 0.16675384079708772, 0.17294120671702365, 0.16285906235376993, 0.16436254357298216, 0.15992970720810049, 0.16650258085014774, 0.16321505825309193, 0.16276513887386695, 0.16224138592095935, 0.1573137540151091, 0.1570239874954317, 0.16548984344391263, 0.1563442042645286, 0.15686275649304485, 0.16750496319111655, 0.17987787475188574, 0.15035839349615807, 0.15922587350303052, 0.1527132405808159, 0.14925259059550716, 0.15932504876571543, 0.17168005081076249, 0.14798367359474593, 0.15146895834043914, 0.155570112899238, 0.1573936912943335, 0.15693266996565988, 0.15176688383022943, 0.15444892104349883, 0.15751599476617925, 0.1466349078451886, 0.15219423174858093, 0.15648610758430817, 0.14800080993011885, 0.1532384531170714, 0.14530359690680222, 0.14577448974345245, 0.15250921833748912, 0.15232833854708017, 0.14765991391066244, 0.14636688825546526, 0.14810854664035872, 0.1506419447707195, 0.1432374554741032, 0.14122421703502244, 0.14551364911683634, 0.1434070657865674, 0.14522913017985867, 0.1442734503424635, 0.14736930207878934, 0.14421276726266918, 0.14536033614593394, 0.14364455154567374, 0.14178382985147775, 0.15171942596926408], "map": 0.7679456873135653}, "time": 344.42338132858276}