{"task": {"lambda": 0.5, "alpha": 3, "lr": 1e-05, "wd": 0.0001, "bits": 12}, "result": {"earlyStop": true, "loss": [1.5994257850974214, 1.2945151188794304, 1.2224558019170575, 1.1842786175947564, 1.1407157362383955, 1.111865391918257, 1.0824412434708839, 1.072949099190095, 1.0502482158880608, 1.0498312816900366, 1.0181367899857314, 0.9951377315264122, 0.9878859695266274, 0.9759335934239275, 0.9607359298011836, 0.9488948568993923, 0.9407513382680276, 0.9429496164415397, 0.9215694192577811, 0.9132814977098914, 0.9037859173966389, 0.8944472295104289, 0.8821190256698459, 0.8793338174913444, 0.8577352211463685, 0.8648747509601069, 0.8605885905962364, 0.8423780587081816, 0.870918215489855, 0.8368172788736867, 0.8318774349549237, 0.8236884994834077, 0.8131355540279079, 0.8009685178597769, 0.8027337514886669, 0.7924416037459, 0.786387574585045, 0.7896383883906346, 0.7745180090560633, 0.774295053061317, 0.7636189863962286, 0.7573236944336518, 0.7523417193807808, 0.7451684613730393, 0.751399955328773, 0.7387040939693358, 0.7249392528159946, 0.7234076810818092, 0.7217333483345368, 0.717782217644009, 0.7070899883321687, 0.7108448457484152, 0.6951924902843494, 0.6890306369054551, 0.6843865760693363, 0.684565452237924, 0.6846627712834115, 0.6806834988734302, 0.6729210343431024, 0.6694237434980916, 0.6760612165226656, 0.6619314196355203, 0.6595066592973822, 0.648415733201831, 0.6424651388444153, 0.6436133688571406, 0.6381243341693691, 0.6366192710165884, 0.6347423956966868, 0.6251546072901464, 0.651396888143876, 0.6336181683867586, 0.6192931957981166, 0.6184561815039784, 0.6113632297983357, 0.6060238503942302, 0.6042118531231787, 0.6049294801903706, 0.5958638642640675, 0.596634775984521, 0.5942880062788141, 0.5876225471204403, 0.5887217103850608, 0.5864943255688629, 0.5834082852975995, 0.6035249858510261, 0.5786076839648041, 0.5685286564277667, 0.5711895334077817, 0.5585232508533141, 0.5639502318466411, 0.5545184847478773, 0.5554342810429779, 0.5781748148740506, 0.5658740635011711, 0.5510167606247991, 0.5459413345830113, 0.5392387290941734, 0.541750191838718, 0.5411875458324656, 0.5408888454822933, 0.533133281212227, 0.5491957033381742, 0.5358691054816339, 0.5279589869520244, 0.5217917898998541, 0.5221972500576693, 0.517617944847135, 0.5141103207042405, 0.50979315138915, 0.5162759262557123, 0.5150917822531625, 0.5079035285641166, 0.529379561251285, 0.5076156672017247, 0.5029506806065055, 0.4979882690252042, 0.49856094504688303, 0.4929484670945242, 0.49130824617311064, 0.5025795885160858, 0.4937291332319671, 0.48155369792206615, 0.4836649535333409, 0.4802706311730778, 0.47754216311024683, 0.47992362739408717, 0.48421580534355313, 0.47537992777777655, 0.471341791398385, 0.4691976010799408, 0.46950120683394225, 0.4685313678255268, 0.46089540845623206, 0.45746808148482265, 0.46209677206534966, 0.45849692383233237, 0.45406537335000785, 0.45307720306457255, 0.4622017180218416, 0.45178046939419764, 0.4492226058945936, 0.44826965968982846, 0.4461894730726878, 0.4443257150112414, 0.4435696838533177, 0.43938404263234604, 0.4410456195473671, 0.435931944817889, 0.4297998852881731, 0.43693309554866716, 0.4348240857030831, 0.42951542621149735, 0.4260166684786479, 0.43092099328835803, 0.4252388649711422, 0.4243786535134502, 0.42500661985546934, 0.4199778887571073, 0.42057401584643944, 0.41331005081826566, 0.4184006020134571, 0.4152471304816358, 0.4147851829435311, 0.4466441168504603, 0.4204581146146737, 0.4094862525953966, 0.405682750192343, 0.4381923757347406, 0.412488448269227, 0.4008660804407269, 0.4035082244697739, 0.39973219761661455, 0.39592692781897154, 0.40300242442126366, 0.40397639981671873, 0.39702558911898556, 0.3972602042497373, 0.3916533926830572, 0.394066220405055, 0.3898441132669355, 0.39035793379241346, 0.388035033409502, 0.37948409964640933, 0.37995820390243157, 0.386445527567583, 0.3849879006544749, 0.3814285970201679, 0.3797631856857562, 0.3788578041336116, 0.3763878605529374, 0.38060103590581934, 0.3779076982070418, 0.37375575800736743, 0.37178277078212474, 0.3760523581329514, 0.37394556023326575, 0.37187836421471016, 0.36807894925860796, 0.37106452692373126, 0.36553411083478554, 0.3654332260290782, 0.3802548042115043, 0.361378244690451, 0.3654465368565391, 0.3605846166610718, 0.36095266540845233, 0.3582518338864925, 0.36352526615647707, 0.3612951414257872, 0.3599383842711355, 0.35588744691773955, 0.3542265332504815, 0.3530185742705476, 0.34878865556389677, 0.349201464769887, 0.38781805628655003, 0.3622235617801255, 0.34733689824740094, 0.348102875492152, 0.3487965705640176, 0.3491135292193469, 0.34703012687318463, 0.3460131291957462, 0.3863757486436881, 0.3467341229027393, 0.34290336875938904, 0.34208826399316977, 0.34270453044012483, 0.3405173702859411, 0.33922970879311654, 0.3368673064545089, 0.336290465923501, 0.3384796839718725, 0.3517356959043765, 0.3417762171696214, 0.3330191625099556, 0.3320276235394618, 0.3317214886785722, 0.3302671016723502, 0.33047104678025435, 0.32876381833179324, 0.3308155346734851, 0.33035213310344547, 0.328265651841374, 0.33130476316984964, 0.3320931836086161, 0.32497773626271415, 0.32827548682689667, 0.3247562154543166, 0.3234054494430037, 0.3267330784423679, 0.3224983622192168, 0.32060885896869734, 0.32014092196728666, 0.321044979726567, 0.3155878244661817, 0.31686553505121495, 0.3194344617864665, 0.3139906866731597, 0.31388846960137873, 0.31252213772021087, 0.3141098465843528, 0.31113285381419986, 0.3121710890064053, 0.3107671826785686, 0.33914955077218073, 0.31703128095935373, 0.3101273754648134, 0.306464943888725, 0.3255339714826322, 0.31975120043053346, 0.3081088799471949, 0.3082989211760315, 0.30556940258133647, 0.3051229988535245, 0.30430873176630807, 0.30438415618503795, 0.30490225173679053, 0.30167308135652077, 0.30322230607271194, 0.3005775406810583, 0.3008231384789242, 0.2991638155836685, 0.3011648836089115, 0.3022128679588729, 0.29725930123936894, 0.2975942638574862, 0.2966088562035093, 0.30092886674637886, 0.3001643628904633, 0.2979269766924428, 0.29507183531920117, 0.29456839053069844, 0.292498871976254, 0.29694535977700176, 0.296145007452544, 0.2936556038318896, 0.29027818756944995, 0.2954256937784307, 0.2930984210734274, 0.297857411644038, 0.3357595935756085, 0.30131736120172575, 0.2841887346961919, 0.2867867688776231, 0.2863173587065117, 0.2838955420781584, 0.28425244592568455, 0.2858739334578608, 0.2856709691239338, 0.2852493013237037, 0.2887264056240811, 0.2882203018548442, 0.28984665870666504, 0.281938888278662, 0.28321628155661566, 0.2832697507213144, 0.2816435652328472, 0.28379035668045866, 0.2828412977795975, 0.2787912277614369, 0.27779047278796926, 0.2815181699161436, 0.2776967983912019, 0.27880701948614683, 0.29864071455656316, 0.2842930457463451, 0.2743789411935152, 0.275152301817548, 0.27444804635118036, 0.2763027239810018, 0.279202246344557, 0.2797309703686658, 0.2781984604456845, 0.27363887494977784, 0.2749131867552505, 0.2705170898606964, 0.27377152589021947, 0.2695675596010451, 0.2740345588501762, 0.273933509109067, 0.2719552828108563, 0.27049146855578704, 0.26685203082275155, 0.26722198797791613, 0.2684044591790321, 0.2678095367463196, 0.2681079782983836, 0.2689998629046421, 0.2669418595877348, 0.2676958257661146, 0.2661190818191743, 0.2648485045807034, 0.26646559977648304, 0.2666531580628133, 0.2661061056104361, 0.2661685021776779, 0.2617243604332793, 0.2644741257616118, 0.26259095090277057, 0.2631469506259058, 0.26200924726093516, 0.26171740801895366, 0.261974237932294, 0.26112788484669197, 0.26140673750755833, 0.26016758652586564, 0.26087640006752577, 0.258175826759315, 0.2580500918568349, 0.2567082886018005, 0.2589654235863218, 0.26204780898257796, 0.2541396880485848, 0.2644285644386329, 0.2636045112329371, 0.2548603248216358, 0.25293899356734517, 0.25440769365020827, 0.25268425178878445, 0.255943890807091, 0.2521863708309099, 0.2843088005103317, 0.25694840036186517, 0.2548957201195698, 0.24970063253068456, 0.2500518329587637, 0.25309353482489494, 0.252257586840321, 0.2538417976568727, 