{"task": {"lambda": 2, "alpha": 3, "lr": 1e-06, "wd": 1e-05, "bits": 48}, "result": {"earlyStop": true, "loss": [3.6546081982406915, 3.1123796304066977, 2.80127643253289, 2.6135811478483912, 2.467719469584671, 2.3845331622105017, 2.3127448605556116, 2.246158803210539, 2.2041931012097526, 2.1678024553785136, 2.124219959857417, 2.0974651691960355, 2.0773906801261153, 2.049809794799954, 2.0367549435765135, 2.044681023148929, 2.0026836208268706, 1.9782411911908317, 1.9514378589742325, 1.9445079097560807, 1.9253333771930021, 1.9076476716527753, 1.9013797033066844, 1.8836718470442528, 1.8734185122976117, 1.8713697183365916, 1.8469727343203974, 1.8390776912371318, 1.8229760293867074, 1.8208905283142538, 1.8091249652937347, 1.8475060673320995, 1.7841647501085318, 1.784874421708724, 1.7762002828074437, 1.7660516535534578, 1.7740561938753314, 1.7481882513738145, 1.7314557117574356, 1.7403810924174739, 1.727279348116295, 1.7166868658626782, 1.7152073143744002, 1.7610247088413613, 1.7146360991047878, 1.7054291636336083, 1.691353749995138, 1.6812483294337404, 1.6839456254360723, 1.6826538653934704, 1.6720883308672438, 1.6704454141504623, 1.648958095148498, 1.6574503341141869, 1.646962396070069, 1.6571217144236845, 1.643441590608335, 1.6316855263476278, 1.6256040661942726, 1.618824650259579, 1.6105957118903889, 1.616337188318664, 1.618864057110805, 1.6206386381504583, 1.619943520602058, 1.6061691770366593, 1.6080351436839384, 1.5905284168673497, 1.581791452333039, 1.5856914426766189, 1.5856317538841098, 1.574167543182186, 1.569984441878749, 1.5620716471298068, 1.5669263005256653, 1.5556376471238977, 1.55853733420372, 1.5576783015447504, 1.5522714169586407, 1.552133958713681, 1.5522331560359282, 1.5275016146547653, 1.535418871571036, 1.5285603474168217, 1.5254523111324685, 1.5220928624564527, 1.5205230023346694, 1.5234596331914265, 1.5095598966467614, 1.5073572981591319, 1.5083129628031862, 1.50276812618854, 1.4989735805520825, 1.493616040430817, 1.5157515675413842, 1.4917506178220112, 1.5540548329259836, 1.4850112491962957, 1.487493803688124, 1.4723244624979355, 1.4753124994390152, 1.4811987643148385, 1.4571975960451014, 1.4699276744150649, 1.4644467257985883, 1.4639662469134611, 1.4682372633148641, 1.467518704779008, 1.4607473746234296, 1.4488799209688223, 1.4448906574763505, 1.4506179491678874, 1.4437330061314153, 1.4444778830397362, 1.4357868865424512, 1.4342802459118413, 1.4260365308499803, 1.4309308599023258, 1.428161995083678, 1.4222508890956056, 1.4228442515812667, 1.409842688663333, 1.4822499681921566, 1.4210265302190594, 1.4087881831561817, 1.409804920355479, 1.4176728807243646, 1.4030297503751867, 1.3956113784920936, 1.4023429050165064, 1.4030992061484093, 1.3957819003684848, 1.3851620449739344, 1.3892173574251288, 1.3895437431101705, 1.3797836344616086, 1.3802001593159694, 1.384927626918344, 1.3784330393753799, 1.3740939614819545, 1.3708890442754709, 1.370532352550357, 1.3609368964737536, 1.373777044170043, 1.37057324367411, 1.3610177297218173, 1.4082703029408175, 1.3614865091501498, 1.3547302735786813, 1.3601513569261514, 1.3410508638503504, 1.3524584524771746, 1.345600216996436, 1.3976630837309594, 1.3566706110449398, 1.3475816284908968, 1.3417788288172554, 1.3811965292575312, 1.3322792719392216, 1.3456079118392046, 1.3325933124504836, 1.3318312629765154, 1.3602194201712514, 1.325349759237439, 1.3269002934296925, 1.3197682207705927, 1.3238791478615182, 1.3249226481306786, 1.3249439059519301, 1.3231746016764174, 1.3274230571354138, 1.326849833423016, 1.3185118021918278, 1.3016111710492302, 1.313110469603071, 1.308888217982124, 1.3034806695638919, 1.3107958576258492, 1.293993690434624, 1.3158772377406849, 1.2939718961715698, 1.3039399373765086, 1.2951710171559279, 1.2996921480870713, 1.2952855381311155, 1.2787608422485053, 1.284980270208097, 1.28093200396089, 1.283338093290142, 1.2892562747001648, 1.2821622829811246, 1.276785344469781, 1.2718131127310734, 1.27159277714935, 1.266864736290539, 1.2673482678684533, 1.264943072608873, 1.2657717653349334, 1.2609967793904098, 1.266113094255036, 1.2675498215591205, 1.262976746933133, 1.2624060546650606, 1.286362367517808, 1.2619707245452731, 1.2631703726216859, 1.253118463006674, 1.2521643311369652, 1.2642483793052972, 1.2579925679693036, 1.2404888862488317, 1.2500271166072172, 1.2438927298667384, 1.2635634296080644, 1.247802698729085, 1.2409842212994893, 1.2284518597172756, 1.2304109165481492, 1.2537959755635728, 1.2336970503423728, 1.238938924144296, 1.2408473322204514, 1.2383456382096982, 1.23664772159913, 1.2202102571141487, 1.2270530491482978, 1.217180218182358, 1.2172969638132582, 1.2266554072791456, 1.2269590561296426, 1.224799706071031, 1.2201938401250279, 1.2132895273320816, 1.2107634222974963, 1.2248709201812744, 1.216777033665601, 1.2127582460057502, 1.2052919122518277, 1.2204391447936787, 1.2089490610010483, 1.2076032944754058, 1.2013058072211695, 1.201985583001492, 1.2060819221477883, 1.2025427695582895, 1.2027742032911264, 1.1962203482786815, 1.1981878473478205, 1.1867075641365612, 1.1980296648016162, 1.1934095942506604, 1.1936121723231148, 1.189752430892458, 1.1840083534811057, 1.1937504019223006, 1.1905886560094123, 1.1865254021158405, 1.183294615909165, 1.176601979078031, 1.1855021469733293, 1.1944236287883683, 1.1792388307113273, 1.1774114627464145, 1.177165588911842, 1.164432731329226, 1.1770422049597198, 1.2336249293065538, 1.1600410295467751, 1.1606639243808448, 1.1684743306216072, 1.1650228605550879, 1.1758988932067274, 1.1814115935680913, 1.1682345271110535, 1.164261731446958, 1.160039867256202, 1.186115124646355, 1.162003982300852, 1.1522491726220823, 1.1542037252117605, 1.1564034141746222, 1.157853010822745, 1.1718919616119534, 1.1572914316373712, 1.1529445507947136, 1.1484695766486375, 1.1525264002528846, 1.1461769225550633, 1.1479894986339645, 1.1858970043705959, 1.1513513525327046, 1.1462533491499283, 1.1484428235128814, 1.137328518371956, 1.146516954197603, 1.134633537016663, 1.134406993786494, 1.138355348624435, 1.1442372576863158, 1.1445387502511342, 1.136827715471679, 1.1337501453418357, 1.1359922465156107, 1.1343531550145616, 1.1364860926188676, 1.1224388453890295, 1.135254917191524, 1.1232534319746728, 1.1269595973631914, 1.125375994864632, 1.1207769174201816, 1.11484847407715, 1.115683666046928, 1.1201594518680198, 1.1280141987052619, 1.1162189052385443, 1.1891136309679817, 1.1136753401335548, 1.1124406725752587, 1.1149521353198033, 1.112127980180815, 1.1162721912066143, 1.1086159325113483, 1.1094666059110678, 1.105462198748308, 1.1021398177333908, 1.1023438321609123, 1.1030173728279038, 1.0993696246661393, 1.0946332774325913, 1.1081598319259345, 1.1095905672101414, 1.0981310705343883, 1.096083222066655, 1.091754855478511, 1.0919399857521057, 1.095815137905233, 1.093691264297448, 1.0967607872158873, 1.094804373441958, 1.08450173571998, 1.0792180574407764, 1.0812240418265848, 1.0806192597922157, 1.0853485003405927, 1.1000997856551527, 1.083998279244292, 1.078296712216209, 1.0780979196230571, 1.1063970409187616, 1.0742488141153372, 1.1003779500138526, 1.0766799613541247, 1.0785780356210821, 1.0792384246985118, 1.0681423246860504, 1.075948482050615, 1.0717346171538036, 1.073312481244405, 1.080038714058259, 1.0725483666448032, 1.0740154344661563, 1.0659437500963025, 1.0743715482599594, 1.0619851362471486, 1.0722265629207386, 1.0727251212970883, 1.0706987088801814, 1.0693952756769516, 1.0511761436275406, 1.0688154019561469, 1.0615568172697927, 1.0508627114342708, 1.0597280328180276, 1.060382408838646, 1.069356386568032, 1.0462588545154123, 1.057705093832577, 1.0529657543874253, 1.058576548800749, 1.0474608902837717, 1.05764261414023, 1.05399350734318, 1.0969091256459553, 1.0629533202040429, 1.0399134603201174, 1.04668523867925, 1.1071905248305376, 1.0481720356380237, 1.0447316000274582, 1.0525979200998943, 1.048826155124926, 1.0419038545851613, 1.0412540406573052, 1.0545544075030906, 1.0390552405048818, 1.0379500932553236, 1.0355924870453628, 1.0476627116109811, 