{"task": {"lambda": 2, "alpha": 1, "lr": 1e-05, "wd": 1e-06, "bits": 24}, "result": {"earlyStop": true, "loss": [1.4539617393531052, 1.1952894914383982, 1.107960937654271, 1.0544814683643042, 1.023731249220231, 0.9857199642003751, 0.9610934023763619, 0.9325466389749565, 0.9118523200352987, 0.889849547661987, 0.8716409147954455, 0.8704294831145043, 0.8374161539124507, 0.8294875043279984, 0.8185355125689039, 0.8068260439470702, 0.8151421091135811, 0.7843700758382386, 0.7689736120256723, 0.7636110069704991, 0.7554926872253418, 0.7476236457918205, 0.7357514763579649, 0.7348438700040182, 0.7332264839434156, 0.716669397611244, 0.7238120039304098, 0.6990634191269968, 0.6941639047627356, 0.6896720218892191, 0.6816684857887381, 0.67756233086773, 0.6726975613364986, 0.6677911573765325, 0.6830184670055613, 0.6607588775017682, 0.6461191121854034, 0.6444469611434376, 0.638703737188788, 0.6408566727357752, 0.6355481895745969, 0.6269929178205191, 0.6210009934855443, 0.6095035118507404, 0.608820277394033, 0.6021087613760256, 0.598937638834411, 0.5962956892509087, 0.5925867103186309, 0.5854872884411438, 0.5819980052171969, 0.6044262355449153, 0.588173659993153, 0.5700377304764355, 0.5653384105831969, 0.5649001686012044, 0.5623621075761085, 0.5582193779010399, 0.5496056205501744, 0.5502424444638047, 0.5504432466684603, 0.5425880536729214, 0.5408885128357831, 0.5325199459113327, 0.5336967367751926, 0.5285640358924866, 0.5243447823267356, 0.5189265427636165, 0.5167339964240205, 0.5163275117383284, 0.5118649788931304, 0.5131788370656032, 0.51030006887866, 0.4997427584786041, 0.49631139665257695, 0.49631157108381685, 0.49498116122741326, 0.48844099307761474, 0.4853526704451617, 0.48491959098507376, 0.4813103731356415, 0.48023492652995914, 0.4787347629374149, 0.476257464464973, 0.4724752228049671, 0.4674021099127975, 0.4657387154943803, 0.4663100727632934, 0.45781762167519213, 0.4621492793747023, 0.4620024281389573, 0.4532253821106518, 0.4583856200470644, 0.47874997176376044, 0.45847635277930426, 0.45023731624378877, 0.4465714511918087, 0.43903808675560296, 0.4389760121703148, 0.4384252329667409, 0.43548649374176474, 0.43730461100737256, 0.43855811217251944, 0.4322899726091647, 0.4284986166977415, 0.4267812558248931, 0.4249735869028989, 0.42180287428930696, 0.426673258636512, 0.417679995006206, 0.416163179073848, 0.4225480842824076, 0.4132995923944548, 0.4117372930049896, 0.40961114959973915, 0.42777753694384707, 0.4131305395972495, 0.40506184451720295, 0.4049474719692679, 0.40459902876732395, 0.40183593508075266, 0.4153321344478458, 0.4120394225214042, 0.39450083702218297, 0.3945011759505552, 0.3943169604913861, 0.39106639620720174, 0.3967481863264944, 0.38858141005039215, 0.39473943324650035, 0.4083504951467701, 0.398484707755201, 0.38648778463111205, 0.3847983479499817, 0.38407891462830934, 0.38312087748564927, 0.38010967143026053, 0.38124259254511667, 0.3790257266339134, 0.37602583187467914, 0.37980976028769625, 0.4085732505601995, 0.38363731579453336, 0.37336491194425847, 0.37403007056198867, 0.3899093281989004, 0.38191092773979785, 0.3707444735017477, 0.36838174742810864, 0.3982092568687364, 0.37714826447122235, 0.3689618303495295, 0.36660680145609614, 0.36160348019763533, 0.3727347342407002, 0.38477345716719535, 0.3741670583977419, 0.3615464227748852, 0.3639383304352854, 0.35877397539568884, 0.35607482726667444, 0.3596588145284092, 0.3598145316628849, 0.3530997472504775, 0.3504037817611414, 0.3544544177312477, 0.35599492986996967, 0.35383443768117945, 0.3519875071212357, 0.3560973335714901, 0.352253591020902, 0.3462037596048093, 0.34695428814373763, 0.3462982163125393, 0.3455395865089753, 0.3425046433420742, 0.34279654569485607, 0.3434852776574154, 0.34186823476178974, 0.3432930263818479, 0.342715281774016, 0.3397009299666274, 0.3339790789520039, 0.3341960074270473, 0.33347587491951736, 0.3366880627239452, 0.3339357303053725, 0.33595553332684086, 0.3316475437844501, 0.3304496837012908, 0.33013763585511374, 0.3301917098316492, 0.33123239991711634, 0.326319578815909, 0.32676606435401767, 0.3259088741798027, 0.3288409166476306, 0.3276614453278336, 0.32286092025392193, 0.32354612969884683, 0.3218739599573846, 0.32307251323671904, 0.32013655819144904, 0.322100499681398, 0.3192126510628298, 0.31660275248920217, 0.31865152950380365, 0.3211202317593144, 0.3127082024573111, 0.3321954619650747, 0.32523707081289854, 0.3169962267080943, 0.31974229333447474, 0.3122873706560509, 0.3093619258964763, 0.3094498865744647, 0.3130550315859271, 0.31006348951190127, 0.307058671014566, 0.3088012913278505, 0.3086637410463071, 0.3088407490183325, 0.30611705370977815, 0.30783023203120513, 0.3049605434723929, 0.30375127056065726, 0.30267860565115423, 0.30447911880179945, 0.3052971538375406, 0.3020923502889334, 0.30313340326150257, 0.29919911950242284, 0.30102988726952495, 0.3047918320870867, 0.3052278387488103, 0.2993517781005186, 0.2995024539676367, 0.29726964381395604, 0.29677195963906305, 0.29635027313933654, 0.29647955561385436, 0.29548873825400485, 0.29224571687918083, 0.29468709727128345, 0.2960710794317956, 0.292218202177216, 0.3008456721025355, 0.30121974150339764, 0.2983609604484895, 0.29479092710158405, 0.28869204770992785, 0.28524435238510953, 0.2910381947077957, 0.2890966372454868, 0.29217083956681045, 0.294221810558263, 0.2853008193128249, 0.2860399988644263, 0.2840849850692001, 0.2865714984489422, 0.28622716329261366, 0.28100220252778013, 0.2860356204065622, 0.2835181933992049, 0.2838737657841514, 0.2813695479257434, 0.2824391215747478, 0.280884544200757, 0.2886301965690127, 0.28921375788894355, 0.28096681599523504, 0.2855684579003091, 0.29483214458998513, 0.27773741530437096, 0.2772936788113678, 0.2802019642264235, 0.27489228371311636, 0.28295744049782845, 0.2925352179536633, 0.2776157610556659, 0.2730809781773418, 0.27515071835003646, 0.27596523627346636, 0.2736869559568517, 0.2733467351280007, 0.27496697315398383, 0.2748234158053118, 0.29524213046419856, 0.2873995288037786, 0.27185972531636554, 0.27230169127384823, 0.2723904427360086, 0.27372821873309566, 0.2722323066463657, 0.268480626026205, 0.27093391763228997, 0.27107541146231634, 0.26986827891246945, 0.26718854451296375, 0.2688814477593291, 0.26825274439419017, 0.2668183293997073, 0.26569243330581516, 0.26773729891169307, 0.2654072729980244, 0.26611223948352475, 0.2656945888610447, 0.26583551016508367, 0.26405077997375936, 0.26614222894696626, 0.2671072672979504, 0.2665564555163477, 0.2617840794663803, 0.2603899808783157, 0.26137279470761615, 0.2619731044944595, 0.2616114102157892, 0.2622198558905545, 0.26025199378822367, 0.2596338018774986, 0.25935755640852687, 0.2585805290762116, 0.2579956941452681, 0.25628725278611275, 0.2585415232415293, 0.2590598395349933, 0.25766265962053747, 0.2594817193115459, 0.2569290533954022, 0.25709540177794066, 0.2595864511003681, 0.25594180413320955, 0.254721292385868, 0.2542104145475462, 0.25351382806604983, 0.25530755812046574, 0.25367698745400297, 0.25469623418415294, 0.2527700681604591, 0.2536053572799645, 0.25044503734976636, 0.24906427723666033, 0.2508906118717848, 0.24973298258641186, 0.24913769302999272, 0.25319795865638584, 0.24829093936611624, 0.24808718994552015, 0.24688179864018572, 0.24641445450776933, 0.2462870439916265, 0.2459858932039317, 0.24859924965045033, 0.2508295926393247, 0.24739073918146245, 0.245424769672693, 0.24815322429526085, 0.2456429889973472, 0.24490257104237875, 0.2586598147948583, 0.25837921950162623, 0.2479902067605187, 0.24402228757446887, 0.24688862118066526, 0.24023252966649392, 0.24207350947693282, 0.2415789453422322, 0.2410735251272426, 0.24389891180337644, 0.243907506851589, 0.2446137745590771, 0.24018486428494548, 0.2458311924163033, 0.24351258692788144, 0.24252792842247906, 0.24196602988476848, 0.2386855802991811, 0.24348263325644473, 0.24118746700240115, 0.24332455852452448, 0.23686894818263896, 0.23843812504235437, 0.2410455226313834, 0.24274682969439262, 0.23836963024793886, 0.24108434015629338, 0.24082344186072255, 0.23784436752983168, 