{"task": {"lambda": 1, "alpha": 1, "lr": 1e-06, "wd": 0.0001, "bits": 32}, "result": {"earlyStop": true, "loss": [1.6720587412516277, 1.4553883578263076, 1.3459209519274093, 1.261338939853743, 1.2169657519050674, 1.1741777132539188, 1.140805420922298, 1.1180808053297155, 1.0960186661458482, 1.075314422448476, 1.0576464393559624, 1.0485109336235945, 1.0311433316445817, 1.0183289226363688, 1.0029671834964378, 1.000903212556652, 0.9865632524677351, 0.9742906654582304, 0.9706845493877635, 0.9533873299757639, 0.965458965769001, 0.96007153450274, 0.937829783149794, 0.9338056684709063, 0.9309846425757689, 0.9232902538542654, 0.9162987511531979, 0.9122748164569631, 0.9054099794696359, 0.9063498284302506, 0.8992145721818886, 0.8918055255039066, 0.8903695052745295, 0.8794372958295485, 0.8744765181167453, 0.8793722379441354, 0.863451801386534, 0.8671983080167397, 0.8636676137353859, 0.8601099731875401, 0.8583303158189736, 0.8536107107704761, 0.8503165081435559, 0.8474179515067268, 0.8436836419152278, 0.8368875775851455, 0.8391122835523942, 0.8396437384334265, 0.8336056792268566, 0.832152396440506, 0.8240292674186183, 0.825410431506587, 0.825493616216323, 0.8176363244944927, 0.8198823250976264, 0.8172830314028496, 0.8095747755438674, 0.8087698139396369, 0.8016533284795051, 0.8039654843947467, 0.7973400588129081, 0.8013223549898933, 0.7984722823488946, 0.7912116103312549, 0.7888702668395697, 0.7952293595846962, 0.7907929110760782, 0.7847812508835512, 0.7802437619835723, 0.7745181327941371, 0.7826530947989109, 0.7838200541103587, 0.776059932568494, 0.7706493016551522, 0.774189711785784, 0.770475347252453, 0.7637421208269456, 0.7615330061491798, 0.7679491101526746, 0.7663856347401937, 0.7561743013999042, 0.7546133527568742, 0.7607642867985893, 0.754447940810054, 0.7542845390590966, 0.7550614417767992, 0.7518027401437947, 0.7525863939640569, 0.7420933082991955, 0.752124556723763, 0.7436961473203173, 0.7439289916964138, 0.7433334945463667, 0.7397456449620864, 0.7341248641411463, 0.7392015305219912, 0.7312931073646919, 0.737435192454095, 0.7289810648151472, 0.750305133707383, 0.7238727761249916, 0.7326073652389002, 0.7226737422101638, 0.750657952299305, 0.7189464323660907, 0.7200662373912101, 0.7233072659548592, 0.7219545630847707, 0.7230841517448425, 0.7173228322290907, 0.7146188868027107, 0.7136018819668714, 0.7152768969535828, 0.7279691719541362, 0.7070342214668498, 0.7091814548361535, 0.7064319229593464, 0.7098172903060913, 0.7049859905359792, 0.702440385724984, 0.7042457139959523, 0.701092874010404, 0.7006756867848191, 0.7006696772341635, 0.6965661583577886, 0.6977467215528675, 0.7072595416330824, 0.6913294733739367, 0.6952791231520036, 0.6893996894359589, 0.6906499617240008, 0.689965657159394, 0.6883887870638978, 0.6854822507091597, 0.6852268342878304, 0.6813362798854417, 0.6829242209593455, 0.6819480236838845, 0.6827522767525093, 0.6775235983670926, 0.678633861097635, 0.6767342835664749, 0.6818313131145403, 0.6768182612517301, 0.6760892044095432, 0.676563747957641, 0.6688713600822523, 0.6825097495434331, 0.6697883547521105, 0.6666714665936488, 0.6675623883219326, 0.671104674245797, 0.6632216207536996, 0.6645600585376515, 0.6610335555731082, 0.6593261366965724, 0.6621589847639495, 0.6604932716079787, 0.6631521746224048, 0.6617231591075075, 0.6591206894201391, 0.6533085318172679, 0.6553541351767147, 0.6531508903877408, 0.651641397207391, 0.6530179790422028, 0.6475585488712087, 0.6531142197987613, 0.6435411747764138, 0.6471254679502225, 0.6514736340910781, 0.6489897452148736, 0.6476096171958774, 0.6450070914100198, 0.6627018077700746, 0.6443413113262139, 0.6432330438903734, 0.6387008171455533, 0.6456395276621276, 0.6492086497007632, 0.6372432667835086, 0.6399336924739912, 0.6344999986536363, 0.6387517212652692, 0.6327872439926746, 0.6347693684054356, 0.6373867900932536, 0.6355748731716007, 0.6369006750630397, 0.6306598420236625, 0.6446842995344424, 0.629795184322432, 0.6257741620727614, 0.6277302620457668, 0.6263860160229253, 0.6267609540738311, 0.6262315412362417, 0.6259444364730049, 0.6293101234763276, 0.6238060164100984, 0.6248299117181816, 0.6219375717873666, 0.6175902631937289, 0.6208411022728565, 0.6181648382369209, 0.617348333199819, 0.6209153766725578, 0.6201408026265163, 0.6183011105247572, 0.6151468090566934, 0.6199264456244076, 0.6172912699334762, 0.6166969888350543, 0.6093946879400927, 0.616071057378077, 0.6120346244059357, 0.6087283310936946, 0.6057887714283139, 0.6079974162812326, 0.6031302435725343, 0.6262399530878254, 0.6034446139546001, 0.6035788889024772, 0.6022356833313026, 0.6017561680545994, 0.6010253704061695, 0.596170948416579, 0.6012510064185834, 0.6031363474972108, 0.5995519991014518, 0.5971932136544994, 0.6019731859366099, 0.6003757236050624, 0.5943285615420809, 0.5961484424039429, 0.5919611085863674, 0.5901469261038537, 0.5966863643889334, 0.5914844736164692, 0.5938601394494375, 0.5955891211827596, 0.5922647124412013, 0.5925197367574654, 0.5907534021957248, 0.5942209520760704, 0.5892501198777965, 0.5809133946895599, 0.5900153082375433, 0.5849084021414027, 0.5835501206856147, 0.5850513995278115, 0.5819499951367285, 0.5841480660087922, 0.5821659763654073, 0.5831260815554974, 0.5781617754814672, 0.5811249304051492, 0.5827965961367476, 0.5798445162819881, 0.577770383626807, 0.5777381208597445, 0.5782032971288643, 0.5775845877680124, 0.587029755115509, 0.5772220708575904, 0.5757530232270559, 0.5747323614709517, 0.5749962096120796, 0.571616117568577, 0.5682098719419217, 0.5751095472597608, 0.5693837430547265, 0.5675409106062907, 0.5988314578346178, 0.5686061630646387, 0.5669032758941838, 0.561749174898746, 0.5687056379575356, 0.5672257893225726, 0.562445807690714, 0.5691261905081132, 0.564899753706128, 0.56611569313442, 0.5617647606368158, 0.5601402208501217, 0.5698221209002476, 0.5640136289830301, 0.5636830861661949, 0.5604938350471795, 0.5624174075383767, 0.5612749328800276, 0.5580972842141694, 0.5600301792808607, 0.5583489908307206, 0.5714892248312632, 0.5583982508556515, 0.5591208689353045, 0.556720550738129, 0.5598255693912506, 0.558118149638176, 0.5558807721324995, 0.5565499844504338, 0.5534137580908981, 0.5473695207460254, 0.5511704458325517, 0.5514210687548506, 0.5500257511933645, 0.5497126170233184, 0.54696604960105, 0.5478524004711824, 0.5484380082172506, 0.5455216631001117, 0.5478118532428554, 0.5436869754510767, 0.5499824530938092, 0.5444790650816524, 0.5455946565843096, 0.5413300248922086, 0.542295944164781, 0.5422200192423428, 0.5379517274160012, 0.5418999072383431, 0.5394778292553097, 0.5398598766210032, 0.53826871017615, 0.5404100096693226, 0.5407097976581723, 0.5366522653722295, 0.5356562356738483, 0.5426324220264659, 0.5372124565582649, 0.5366462089267432, 0.5348269363828734, 0.5345929995471356, 0.5368315098332423, 0.5349863279683917, 0.5320010284582773, 0.5328961318614436, 0.5333874786601347, 0.5296293722063887, 0.5324113871537003, 0.5306763111376295, 0.526821707247519, 0.5283352995620054, 0.5295625927985883, 0.5267500202445423, 0.5303606028650322, 0.5284005418127659, 0.5546735075174594, 0.5291182787394991, 0.5278728747484731, 0.5296351313591003, 0.5239328812150394, 0.5274360296772975, 0.5276908202498567, 0.5253940508061764, 0.5207407956614214, 0.5220598537547916, 0.5247699405048408, 0.5231227962409749, 0.5213612098904217, 0.5199849120542115, 0.5242517946981916, 0.5226385935264475, 0.5205134238098182, 0.5228016449540269, 0.5206193707737268, 0.5139415769600401, 0.521323949098587, 0.5169349622492697, 0.5144987354675928, 0.5131803850332896, 0.515434299029556, 0.5184222360452017, 0.51708209456182, 0.5126139404726964, 0.5139486032958124, 0.5122445810074899, 0.5159608651609982, 0.5134501360795077, 0.5155636627300113, 0.5096026179837245, 0.5121455099068436, 0.5098688882939956, 0.5100522777613472, 0.5130781174874773, 0.5089965430544872, 0.507803326143938, 0.507291270237343, 0.5064774994172302, 0.5054008487392875, 0.5117911147136315, 0.508761899728401, 0.506064676770977, 0.5046245791748458, 0.5063637924544951, 0.5055775315153832, 