{"task": {"lambda": 0.5, "alpha": 1, "lr": 1e-05, "wd": 1e-06, "bits": 48}, "result": {"earlyStop": true, "loss": [0.9262093971757328, 0.7741744115072138, 0.7364522864421209, 0.7059018670343885, 0.6827759570350834, 0.6755988784864837, 0.6533866290952645, 0.6390134519806095, 0.6268062711346383, 0.6116318276115492, 0.604541612314243, 0.596289248735297, 0.5909897398714926, 0.5794037980776207, 0.5668491963662353, 0.5553537443572399, 0.554386207578229, 0.5441347459952036, 0.5371668946509268, 0.5301662554927901, 0.5235907023443895, 0.5134410250420663, 0.5118988036525016, 0.5054988151087481, 0.5008922888367784, 0.4920690161924736, 0.48847722977984187, 0.4799649908262141, 0.4774884245559281, 0.47110597497107937, 0.4986208022809496, 0.4668852505730648, 0.4577939457753125, 0.4554209145260792, 0.44863200450644775, 0.4454273873684453, 0.4423642392252006, 0.4391673049506019, 0.43370965415356205, 0.4325871379936443, 0.42492169755346637, 0.4230198930291569, 0.41972368342034955, 0.41562774821239357, 0.4141871939394988, 0.40853091343945147, 0.4053553690512975, 0.4008445506002389, 0.39828479786713916, 0.3939632948707132, 0.3910625048127829, 0.3847179369014852, 0.38545672215667426, 0.3803313541061738, 0.3803386176918067, 0.37320413250549167, 0.36929529320959953, 0.36577801289511663, 0.3642556021610896, 0.36222370436378554, 0.359675671247875, 0.3556282879675136, 0.35647091313320045, 0.35122418564324287, 0.3454778670680289, 0.3433239587089595, 0.33994653251241236, 0.3372375816106796, 0.3358346264736325, 0.33192723375909466, 0.3304961595465155, 0.3261139595917627, 0.3221944173177083, 0.3214219301646831, 0.3212709914819867, 0.3202059718908048, 0.3159099710630436, 0.312886143431944, 0.31229548448441075, 0.31125165376008723, 0.3086681441933501, 0.302140943413856, 0.3035741112395829, 0.30260514862397137, 0.29816773183205547, 0.297329575992098, 0.29645432677923467, 0.2913554096046616, 0.2885417035397361, 0.2915479710289076, 0.28700139154406157, 0.28627920136147855, 0.2821260002606055, 0.28319128281345557, 0.2777504390653442, 0.27630037872814667, 0.27462253164426953, 0.27383144068367343, 0.2718437822426067, 0.27016647569104735, 0.26977788642341016, 0.2654104520585023, 0.2660358137651986, 0.2629721827951132, 0.2636757428739585, 0.2600255238951421, 0.259882626580257, 0.25991298433612375, 0.2557557431213996, 0.2577291063818277, 0.25208395040210557, 0.2528511940264234, 0.2517405023761824, 0.2516332099250719, 0.2473875712238106, 0.24466699522499943, 0.24775107745446412, 0.24344963901767544, 0.24232789450416378, 0.24086765857303843, 0.24017088772619472, 0.23781676371307933, 0.23673146071971632, 0.23530643740121057, 0.2356626835523867, 0.23268936545241112, 0.2321625775566288, 0.2325717976280287, 0.22877690429780997, 0.22816383473429025, 0.22598491974321067, 0.2252116244213254, 0.22472171105590522, 0.2256695929111219, 0.2259921051707922, 0.22055501943709804, 0.22372249455428592, 0.21842477558290257, 0.2191876593758078, 0.21932802641508625, 0.2162721514994023, 0.21752371054654027, 0.21982952660205318, 0.21494746237408882, 0.21440012738400815, 0.2122385583671869, 0.21103316764621174, 0.2106330179992844, 0.21177040712506162, 0.20774204430042528, 0.20554108450225755, 0.20620791175786188, 0.2056558723835384, 0.2039414663233009, 0.20207803491868226, 0.2029306025189512, 0.20237618670159696, 0.20324049904650332, 0.19978158205163246, 0.2001719480636073, 0.19784462451934814, 0.19590841335993187, 0.19780117726209118, 0.19505432569513134, 0.19561663284605624, 0.19409447397087135, 0.19529064540185181, 0.19240996869755725, 0.19320906874011545, 0.189665100738114, 0.18968712480044833, 0.18903243497890584, 0.18784503244301853, 0.1875912975154671, 0.18878347046819388, 0.186508087989162, 0.18565527422755373, 0.1865790362159411, 0.183782294976945, 0.1839466131493157, 0.18394514947545296, 0.18127752416858486, 0.18307918412428276, 0.1791305688082003, 0.18160581939360676, 0.17907357756413667, 0.177705110142044, 0.17856262580436819, 0.17559394795520633, 0.17852209523028018, 0.1758376938455245, 0.1759831325388422, 0.17549117143247642, 0.17429171108147679, 0.17308562022506022, 0.17349637080641353, 0.17196786111476375, 0.17074929258110477, 0.1701174511336813, 0.17002364481781043, 0.16907485355349147, 0.175706881080188, 0.18095278433140585, 0.16848566010594368, 0.16732107869842472, 0.16764318577799142, 0.16690638252333098, 0.166615920762221, 0.16495955545528262, 0.16556335751916848, 0.1669009777845121, 0.16546863229835734, 0.1639182645024038, 0.1629596067702069, 0.1644518959755991, 0.16525981867430256, 0.16192169421735933, 0.16268204707725376, 0.16186943358066036, 0.16120941951578738, 0.15890127128245785, 0.15888245652119318, 0.15969589454870597, 0.15941540268706342, 0.15963550043456695, 0.156800432824621, 0.1591618912769299, 0.15666786274489233, 0.15687470313380747, 0.15551036640125163, 0.1559905826899351, 0.15331549511528483, 0.15332715768440097, 0.15288529092190312, 0.15136006547539843, 0.15427136129023983, 0.15176159143447876, 0.15208008425200686, 0.1524857779343923, 0.15177172831460542, 0.14982150845667896, 0.1508860656735944, 0.1505071485743803, 0.1489927223792263, 0.14951476147946188, 0.14800316431358748, 0.14921832683624006, 0.1474663048398261, 0.1481104256475673, 0.14653400959921817, 0.1449602779512312, 0.14563848918267325, 0.14598483796797546, 0.14452399160055554, 0.14471406913271137, 0.1441241382968192, 0.14287040126966497, 0.14231541351068253, 0.14328862814342275, 0.14458893765421474, 0.14242620956079632, 0.14238684215382033, 0.14152985855060465, 0.1393312871748326, 0.1409785157325221, 0.13942482380890378, 0.14112987851395326, 0.13957912803572767, 0.13971001961651972, 0.1388002455818887, 0.1436810369292895, 0.13691995701953477, 0.13771157930879033, 0.13679965716951034, 0.13655750584952972, 0.13547813402963618, 0.13674352405702367, 0.13657299473005183, 0.13418196039456948, 0.13540541380643845, 0.1357946420709292, 0.13629580858875723, 0.13553559458723255, 0.13340157270431519, 0.13306761730243177, 0.13441337498964048, 0.1333887007306604, 0.1342663528288112, 0.13257426564015595, 0.1313753036015174, 0.13061803141060999, 0.1330554625567268, 0.132175086321784, 0.1301195868382267, 0.13148244017479466, 0.13046856107665042, 0.13050677116010703, 0.1290276809504219, 0.13049696342033498, 0.12836682460471696, 0.12844857098717316, 0.12833800678159676, 0.12989789620041847, 0.1278735120214668, 0.12678754475771212, 0.12744556133653603, 0.1271610515666943, 0.12707377093679764, 0.1262227498433169, 0.128314818310387, 0.12608352098979203, 0.12525155482923284, 0.12448249939902156, 0.1235536732071755, 0.12570631591712728, 0.12327254738877802, 0.12392355910703248, 0.12182612067051962, 0.1234626095084583, 0.1241684778063905, 0.1224984158487881, 0.12301750247384988, 0.12386369529892416, 0.12286955030525432, 0.12296250345660191, 0.1203428223436954, 0.1228512173482016, 0.12025314050854422, 0.12087272881877188, 0.1188218284617452, 0.1207793109557208, 0.11801894001808821, 0.11894110845876675, 0.12018258343724643, 0.1202880090066031, 0.12524300448450387, 0.11755652009856467, 0.11797086207890044, 0.11657066511757233, 0.11765426777157129, 0.11715383068019268, 0.11719627532304502, 0.11676782333091193, 0.11584755968229443, 0.1163164597808146, 0.1151377830435248, 0.11524710146819844, 0.11502073223099989, 0.11714264195339352, 0.11798072723197002, 0.11355646670449014, 0.11405817470421978, 0.11448482584719565, 0.11596444512114805, 0.11460607995589574, 0.11404799684589985, 0.11240160925423398, 0.11379049002539877, 0.11307204324825137, 0.11341242974295336, 0.11388863068000943, 0.11416784279486712, 0.11250556223824912, 0.11152806103813882, 0.11174800349216835, 0.11179449803688947, 0.1120267018091445, 0.1122923138387063, 0.11046495116954926, 0.11222919361556277, 0.1124505028128624, 0.11000954863779686, 0.10990346310769811, 0.11012234396355994, 0.10988847480392923, 0.1114789495865504, 0.10885001368382398, 0.10992995722621095, 0.10882335477599911, 0.11105859542594236, 0.10782406734777432, 0.10786096481423751, 0.10820124809648476, 