{"task": {"lambda": 1, "alpha": 5, "lr": 1e-06, "wd": 1e-05, "bits": 12}, "result": {"earlyStop": true, "loss": [5.028925437553256, 4.349272157631669, 3.884661599701526, 3.420547081559312, 3.121596470475197, 2.958647795751983, 2.80347659833291, 2.7716288660086836, 2.631770299345839, 2.5765643750920013, 2.5310319615345374, 2.486840352123859, 2.4595876482187533, 2.4125021047451916, 2.4206698338190713, 2.3714139251148, 2.3504464518205794, 2.3205306138478075, 2.3022818173847948, 2.295174072770511, 2.26507953452129, 2.2588571795061525, 2.234104964370821, 2.2209043964451434, 2.2029598483852313, 2.1915169212163663, 2.194633906962825, 2.159695639329798, 2.229800348188363, 2.1408233189699697, 2.129999817294233, 2.1204241514205933, 2.106956407135608, 2.1144616463605095, 2.091824154059092, 2.0857648568994858, 2.07680506215376, 2.1185769356933295, 2.0613539663015628, 2.0520756653710905, 2.042664678073397, 2.0354528882924248, 2.039318428320043, 2.0440267932181264, 2.071579566188887, 2.001685194525064, 2.0115303537424873, 1.9921295885361878, 1.9917983097188614, 1.989844544845469, 1.9810566671338736, 1.9774656891822815, 1.9757621638915117, 1.962869149797103, 2.0179080261903652, 1.9558436145969467, 1.9631315937229232, 1.9356606205304463, 1.9556377331415813, 1.9392239106636422, 1.9111707064450956, 1.929749952811821, 1.9287171714446123, 1.9196413480768018, 1.9113064957600014, 1.8934258213814568, 1.9063629870321237, 1.9048892586838966, 1.8857417552202356, 1.890845358079555, 1.8983093920875997, 1.8784833941973893, 1.912691588495292, 1.8631958873832928, 1.942030252194872, 1.865032825107668, 1.8637946516859765, 1.855768792185129, 1.8490703048951485, 1.8478693617325204, 1.8417024892919205, 1.8523783227976631, 1.8519743850418167, 1.8346634901621763, 1.8349087939542883, 1.8392897055429571, 1.824875587634012, 1.8193161534328086, 1.8099060695545346, 1.8248856307244767, 1.8478843277575923, 1.8150360818002738, 1.8002174216158249, 1.802226725454424, 1.8002339776824503, 1.8028611225240372, 1.803438053411596, 1.7999461304907705, 1.7957025155717252, 1.7738712938392864, 1.8143902526182287, 1.7787377694073845, 1.79119564037697, 1.778237869342168, 1.8386593542846978, 1.7699343223197788, 1.7768809444764082, 1.7560775998760672, 1.848964485467649, 1.7567114029444901, 1.7720163242489684, 1.7495251151860929, 1.7551224734268935, 1.7486837494607066, 1.745212240838537, 1.7571074425005446, 1.7415192962861528, 1.7442385519252104, 1.7514981545653998, 1.800398349761963, 1.7386304034906275, 1.7474467053132898, 1.750921275101456, 1.7192657286045598, 1.7161604259528367, 1.738162872838039, 1.7824125009424545, 1.7169900215139575, 1.721303419155233, 1.710013155259338, 1.7484673775878607, 1.7171061252262079, 1.7047697288148544, 1.7042179621902167, 1.7033508110280131, 1.7001421901525235, 1.6988819669566901, 1.6963200227302664, 1.691389071006401, 1.6976259239748412, 1.6874145284002902, 1.6985421887799805, 1.6800274194455613, 1.6783919553546345, 1.6718661437431972, 1.680332514000874, 1.6764233135709576, 1.765976066682853, 1.7029964596617455, 1.7253323910283107, 1.6827458774342257, 1.6825584009581922, 1.6580692997165756, 1.6580984633342892, 1.6511463601799572, 1.657787238850313, 1.6596270779184266, 1.6608933309714, 1.6566598581917145, 1.6472494508705886, 1.6481696425699721, 1.6372063852408354, 1.6459177609752207, 1.6860292074727077, 1.6439223701463026, 1.6489802616484024, 1.6384177354036593, 1.636481570262535, 1.63700473483871, 1.6288411325099421, 1.635596186506982, 1.6339923903053881, 1.6362702013815151, 1.6205473293860753, 1.6196190895987492, 1.6172895662340463, 1.611308785045848, 1.625786873347619, 1.619228455365873, 1.6080201350006402, 1.6105740911820356, 1.620252158127579, 1.604883321944405, 1.607750320551442, 1.641218479941873, 1.608936191773882, 1.5980176057885676, 1.6030682912644219, 1.6054335324203266, 1.5993211456373626, 1.6037317689727335, 1.6152682888741587, 1.5969566550909304, 1.5812198680405523, 1.5894754704307108, 1.6260406620362227, 1.609630493556752, 1.6018580583965076, 1.58333300317035, 1.579925789844756, 1.5819799870836968, 1.5802415077592813, 1.5818943331638973, 1.5720304163063274, 1.6014593769522274, 1.6085571681751925, 1.5709388644671907, 1.5686471266489403, 1.5705992240531772, 1.5698040574789047, 1.5639656875647752, 1.5696625645254172, 1.5966675772386438, 1.567715715251717, 1.5732436250237858, 1.6475471304912193, 1.570577577048657, 1.5549867097653596, 1.563251047742133, 1.553884706660813, 1.5368329045527123, 1.5541493179751378, 1.5550799556806976, 1.5542608803393794, 1.5586195740045286, 1.5497133603283004, 1.6053436690685796, 1.5424914710661943, 1.5443890573931676, 1.5454538306769203, 1.5765839534647323], "map": 0.7283001110976568}, "time": 490.9049918651581}