{"task": {"lambda": 0.5, "alpha": 5, "lr": 0.0001, "wd": 1e-06, "bits": 48}, "result": {"earlyStop": true, "loss": [3.2631421553737976, 1.752654896062963, 1.6066945309148115, 1.5293938681191088, 1.4367098808288574, 1.3870253920847295, 1.3197446561911528, 1.2542093304150246, 1.1992761819970374, 1.144764187581399, 1.0815436597548278, 1.047752544868226, 1.0033436966877358, 0.9548682582144644, 0.921920279953994, 0.8674177360885283, 0.8278487207842808, 0.8812303475889505, 0.7519265198532272, 0.7244777239713014, 0.7095452959046644, 0.6735386106313443, 0.650699581877858, 0.625977415080164, 0.6164703743130553, 0.5994932252694579, 0.5787117732506172, 0.5632728862704015, 0.5406777810524491, 0.5613362095227429, 0.502894827840375, 0.4834030476563117, 0.4969193590622322, 0.47116586697452206, 0.4849637267636318, 0.43470940622044546, 0.588718326068392, 0.4169317311515995, 0.40303777435830995, 0.4071258557777779, 0.3989591681781937, 0.48617787761431114, 0.3791887484052602, 0.3716158238696117, 0.37213021020094555, 0.37054475177736845, 0.36934341724012415, 0.36289319425236943, 0.411744175880563, 0.33860193046869014, 0.3307770639657974, 0.34829896586198433, 0.32296284857918234, 0.337601171112528, 0.4163858617345492, 0.30830465184122907, 0.30452218286547006, 0.29892301296486573, 0.30005070216515484, 0.3062405339350887, 0.42975281675656635, 0.285526085133646, 0.2797726126862507, 0.27857480884767044, 0.28392815414597006, 0.2865147593559003, 0.27187100768673655, 0.3009803100836043, 0.2680317401593807, 0.2664027151231672, 0.3954242453271267, 0.28643015143918055, 0.24504162809428046, 0.24501401069117526, 0.2563014928908909, 0.2432533113979826, 0.24275718293353624, 0.34465018177733703, 0.25690871287210315, 0.23362312772694757, 0.23738040249137318, 0.2344271095067847, 0.23935375903166978, 0.31887103208139833, 0.22624140057493658, 0.21933422690513088, 0.22448924870467654, 0.2305840196124479, 0.34215032396947637, 0.2137838385853113, 0.20922274113285774, 0.21409904664637996, 0.21456116993053287, 0.230165075729875, 0.2188509598228277, 0.20988724906654918, 0.26987501613649667, 0.20151053894968593, 0.2028872233395483, 0.3057282183538465, 0.19563697351544512, 0.19386392919456258, 0.20897565475281546, 0.2011618639032046, 0.20270057753020643, 0.20038592289475834, 0.22208393058356116, 0.19372838253484054, 0.1938865683680656, 0.19671642575778214, 0.21437610598171458, 0.3141763959737385, 0.22798662881056467, 0.2729517188580597, 0.19831068097960716, 0.18547268876550244, 0.18474648352347167, 0.18473131311874763, 0.19161606550801033, 0.17926611130436262, 0.18884051737247728, 0.1876897376541998, 0.17610538005828857, 0.27198731081158506, 0.1777180645103548, 0.172781221130315, 0.1725255427699463, 0.17468503318434836, 0.18197761256905162, 0.30257432133543727, 0.18267149178712977, 0.16917127312398425, 0.16260173785335877, 0.16720743681870254, 0.16567604214537376, 0.1697308833838678, 0.17205973846070907, 0.2231209263497708, 0.18061185555130826, 0.16088536615465202, 0.15974788806017706, 0.1617636594410036, 0.22405621190281474, 0.15828554120426083, 0.15871068097504915, 0.15645427351780966, 0.17020297408396123, 0.16644210426830777, 0.1690106333470812, 0.16095630663867092, 0.34243963965598273, 0.16882905203337764, 0.1513870412520334, 0.1492035694274248, 0.14994389264314784, 0.15038705902064547, 0.15528325261730774, 0.15676647979839176, 0.15610698318364574, 0.18569177871241288, 0.15801421866989604, 0.14722069323647255, 0.14754214594323262, 0.3254166140275843, 0.17394562664569593, 0.14503617146435907, 0.14043023594308132, 0.13971480128227495, 0.14646749987321742, 0.14247527908460766, 0.14727863333388871, 0.20232605101431117, 0.14578955810444028, 0.13893870154724403, 0.14231480760317222, 0.14587929786420337, 0.2712830939129287, 0.13971684690491826, 0.1338173989571777, 0.13597494232303955, 0.13819543674003845, 0.16872037275164736, 0.14094989104013816, 0.13878586713005514, 0.20163421639624765, 0.14183326430764853, 0.13707106355942933, 0.13637524558340802, 0.1370972954467231], "map": 0.7865778831054515}, "time": 407.0150098800659}