{"task": {"lambda": 0.5, "alpha": 3, "lr": 1e-06, "wd": 1e-05, "bits": 12}, "result": {"earlyStop": true, "loss": [2.9486036955141555, 2.4605658670850827, 2.2075788615381016, 2.055098542980119, 1.9137809519089906, 1.8676178876091452, 1.7900272303936529, 1.6905595873500787, 1.6325815986184513, 1.5848295089660906, 1.563080394969267, 1.5360766649246216, 1.4967294685980852, 1.5212021598628922, 1.4764158351748597, 1.4406159336076063, 1.4265589678988737, 1.4015464914195679, 1.404021055090661, 1.380619887043448, 1.367100666551029, 1.358779237258668, 1.3537430663903554, 1.333466922243436, 1.3301139167126488, 1.3264287850436043, 1.304664650676297, 1.2969101058209644, 1.2832471485815795, 1.2838044734854324, 1.2658314856828428, 1.2678769695408203, 1.2539561617315984, 1.2566676145675135, 1.2502338699266022, 1.232506900295323, 1.230679969869408, 1.2221993789368986, 1.2202934891569848, 1.215522095268848, 1.2088174069044637, 1.2065728268786973, 1.243482136258892, 1.1929402160001736, 1.1883222016633725, 1.1886034268958896, 1.182464971261866, 1.179732952632156, 1.1672701978800344, 1.1780217278237437, 1.1696892649519677, 1.1570619914461584, 1.1546872135470896, 1.1901224197125901, 1.140316833760224, 1.1458632761941236, 1.1421300006263397, 1.1493498811534806, 1.145691569237148, 1.132252711875766, 1.1322961569416756, 1.1314987213003869, 1.1172127262050031, 1.1250811286416709, 1.15268557211932, 1.11676488115507, 1.1101410394790125, 1.0992109877806084, 1.111855451090663, 1.1113524320078831, 1.120209249795652, 1.1065861594443227, 1.0950160818357093, 1.1188273593491198, 1.0962026168902714, 1.1388066948628892, 1.099778115165, 1.096543577371859, 1.0905382352716781, 1.0773213917718214, 1.0826098778668571, 1.0718600656472, 1.0765136224674243, 1.0734854527548248, 1.0743980384340472, 1.0681818067735316, 1.0686757260677862, 1.0657099076345855, 1.11005789976494, 1.0662733073912414, 1.090906233179803, 1.0597312932505327, 1.0537706315517426, 1.0542535835913582, 1.0498146248214386, 1.0451633753437621, 1.0447657038183773, 1.0373158863946503, 1.04677546433374, 1.039310145173587, 1.0422514145280801, 1.0317117000619571, 1.0611580049290377, 1.037470292226941, 1.0414930067810357, 1.056478273634817, 1.0318427383899689, 1.0544744122262095, 1.0259270551157933, 1.0211488275843508, 1.0199458125759573, 1.0166955604857089, 1.0210387426264145, 1.010676093837794, 1.016657785603813, 1.0123479199760101, 1.0158952600231357, 1.0115359238549775, 1.0293269928763895, 1.0039292936231576, 1.0064581480680728, 0.9987777451089784, 0.9970729124604487, 0.9969645690392045, 0.9984088776742711, 0.9994260551882725, 1.0031810535081462, 0.9909501068440139, 0.9960950925654056, 0.9958708391470068, 0.9926998133168501, 1.0002285966686173, 0.9882339659859153, 0.9853190136890785, 0.9846653044223785, 0.9810144186896437, 0.9815844814567005, 0.9800034497006267, 0.9728805241631526, 0.970990915654921, 0.9759468199575648, 0.9987360870136934, 0.9666641341412768, 0.9654829767989177, 0.9596856630900327, 0.9774097309393042, 0.9921282938882416, 0.9618097689806246, 0.9583801083705005, 0.9645143493133432, 0.9549196327433866, 0.9573360924042907, 0.9555223665985406, 0.9621118353862389, 0.9565251355662066, 1.0056544799430698, 0.952978297775867, 0.949732675856235, 0.953247079077889, 0.9531255881575977, 0.971556145770877, 0.9422486377697364, 0.9455413047005149, 0.9429652411855903, 0.9473943394773147, 0.9456141797058722, 0.9430598169565201, 0.9383806895975974, 0.9404321558335248, 0.9395852981536996, 0.9618222468039569, 0.9387473697755851, 0.9349928051233292, 0.9293126718086355, 0.9320600823152299, 0.9435712204259985, 0.9297969992838654, 0.9280015992767671, 0.9240438926453683, 0.9280540184939609, 0.9313462864534527, 0.9547694150139304, 0.9298552940873539, 0.9252307055627599, 0.9224425267939474, 0.9187778921103945, 0.9213155122364268, 0.9241348423209845, 0.9197696391858307, 0.9211107835757966, 0.9119399319968972, 0.9155670259805286, 0.9141651967576906, 0.9090953047076861, 0.9121962867531122, 0.910043412271668, 0.9107743457836264, 0.9122563080460417, 0.899746485784942, 0.9012697957017842, 0.8981165390680818, 0.9007004758014399, 0.9209157532336665, 0.9009539154814739, 0.9005347201052833, 0.8960843775786606, 0.8953479361884734, 0.8951980191118577, 0.9025782329194686, 0.8963600619166505, 0.897409607966741, 0.8871209516244776, 0.9041503854826385, 0.8900004263017692, 0.89749042894326, 0.8877626745139852, 0.8833401305418388, 0.8834122765590163, 0.8807862053314844, 0.8787223626585567, 0.8872185019301433, 0.880452021079905, 0.8741456877951529, 0.8752923111120859, 0.8807549172756719, 0.8834655705620261, 0.881313673713628, 0.8813339717247907, 0.8729324147981756, 0.8774924184761795, 0.8752661845555493, 0.8773317313661763, 0.8730229191920337, 0.8726671751515538, 0.8718131635995472, 0.8691357660527322, 0.8854939224673253, 0.8686065077781677, 0.8771857888090844, 0.8639942255674624, 0.8643549581368765, 0.8660101129436025, 0.8629614222867816, 0.8592352274001813, 0.8590020982950342, 0.8636029105560452, 0.865055519722256, 0.8547321572607639, 0.8526787269933551, 0.8586594332374778, 0.8782662164931204, 0.8546958618304309, 0.8517393856948497, 0.8531056385414273, 0.8496530476738425, 0.846480177898033, 0.8530443938923817, 0.8472026138036859, 0.8480138002949602, 0.8453646654299661, 0.851657905122813, 0.8383338097848144, 0.8455499844516025, 0.846948223955491, 0.8445012415302735, 0.8654779195785522, 0.8403114980342341, 0.8294415405275775, 0.8535731376386156, 0.8432997593692705, 0.8353393533650566, 0.8377570282010471, 0.8330410398981151, 0.8329812988054519, 0.8364043633143107, 0.8377413520333814, 0.8342102229887364, 0.8346322729599243], "map": 0.7369586230158306}, "time": 585.7833955287933}