{"task": {"lambda": 2, "alpha": 3, "lr": 0.0001, "wd": 1e-06, "bits": 12}, "result": {"earlyStop": true, "loss": [3.653452665198083, 1.5375893980849022, 1.4226518121420169, 1.34267646892398, 1.2819874245746463, 1.2668391279145783, 1.201880963701828, 1.1580114931452508, 1.1265508392277885, 1.1197046286919539, 1.0668746785936403, 1.020262318498948, 1.0265795074257196, 0.9881527792004978, 0.9439514559857985, 0.9395632889925265, 0.9315043407327989, 0.9357011692196715, 0.8534644842147827, 0.8433057984300688, 0.8282003344274035, 0.8085999623233197, 0.8060943688832077, 0.7714581051293541, 0.7727734668582094, 0.7534573490128798, 0.7443181352288115, 0.7154308808784858, 0.7219632823093265, 0.7359004149249956, 0.6681122829516729, 0.7189199059617286, 0.676787342803151, 0.667002830435248, 0.654803561813691, 0.6441627051316056, 0.6480271322470085, 0.6331007802018932, 0.6177425458296841, 0.6248016534190551, 0.6038473219263787, 0.6293452385009504, 0.598808197998533, 0.5941966155580446, 0.6023951237108193, 0.5787978099257338, 0.5623437382426917, 0.5948422714775684, 0.5620393688772239, 0.5417810083896506, 0.5585534394371743, 0.5459299730319603, 0.5578028457421883, 0.5407192917431102, 0.5437900434229889, 0.5344832673961041, 0.5276017656513289, 0.542187872470594, 0.5152183005622789, 0.5154041545648201, 0.5049942498113594, 0.5142605385067416, 0.4830668551080367, 0.5043140185229918, 0.5033609179012916, 0.4981471662427865, 0.4873836494836153, 0.4833834796559577, 0.5123928317836687, 0.4803810312467463, 0.4750114860487919, 0.47652386684043735, 0.47852904773225974, 0.5278584296796837, 0.45202076201345404, 0.4819989923168631, 0.49800211424921076, 0.45204488465598985, 0.4524974449008119, 0.45594538777482274, 0.4790249729857725, 0.44726183630672156, 0.4439181185820523, 0.44633492184620277, 0.4407573377384859, 0.4393116814248702, 0.4464413877211365, 0.43003391752056047, 0.4416317256057964, 0.45011990415114983, 0.43111005133273556, 0.4267686342491823, 0.42109175172506597, 0.44280849294919594, 0.4357226283526888, 0.42352067781429664, 0.43349947356710244, 0.4266798525464301, 0.40737586556112065, 0.4124980875674416, 0.42093441854504976, 0.4088292954599156, 0.4170045128055647, 0.4191344269350463, 0.40093840220395255, 0.415739718021131, 0.40740793797315333, 0.403618969607587, 0.4160543960683486, 0.390593297049111, 0.4005456070105235, 0.4118149225033966, 0.3914359182703729, 0.39730247212391273, 0.4310782505016701, 0.4280347181301491, 0.39642468445441303, 0.38818346460660297, 0.3913630855580171, 0.38482896866751654, 0.3849813543698367, 0.37927436872440223, 0.3853743488297743, 0.3909008368557575, 0.3932667348314734, 0.3730988666123035, 0.38411923454088326, 0.39350664323451473, 0.3799351284316942, 0.38491903128577215, 0.3813878888008641, 0.3747200010453953, 0.3772922972691994, 0.3729320723636478, 0.3690586560497097, 0.3778879641025674, 0.37267164170157674, 0.38479622789457735, 0.3806484210140565, 0.36454088927484024, 0.36709979118085373, 0.38640325896295846, 0.3566388286211911, 0.37716226980966683, 0.3739693883587332, 0.3839650018250241, 0.3642007004396588, 0.36729783930030524, 0.36760185016136543, 0.3600078137481914, 0.3571670733246149, 0.36061204633876387, 0.3570973735814001], "map": 0.7546704366766799}, "time": 324.02504563331604}