{"task": {"lambda": 0.5, "alpha": 5, "lr": 0.0001, "wd": 0.0001, "bits": 24}, "result": {"earlyStop": true, "loss": [3.01055325012581, 1.7295000930042828, 1.5826132417309517, 1.4778187393265612, 1.425347107298234, 1.377657834221335, 1.323621393710959, 1.2553176599390365, 1.2835166185509925, 1.1911815254419458, 1.0829818783437504, 1.0450179141526128, 1.0186092853546143, 0.9742916211778042, 0.9210086777514103, 0.8823058716222352, 0.8534906564974317, 0.8203004763699046, 0.7881212772107592, 0.7712422153528999, 0.7692280651307574, 0.7196781705407536, 0.7082654576675564, 0.7485591500413185, 0.6312603046204529, 0.6307606212064332, 0.6049014391268001, 0.5726678549659019, 0.5748028740579006, 0.572528820996191, 0.5391758526949322, 0.5578155900333442, 0.5230376640079069, 0.5280868285426906, 0.501502540912114, 0.5804581840833029, 0.4787118507950914, 0.45258904394565846, 0.46042385127614527, 0.4402792991376391, 0.4445004388689995, 0.425773224994248, 0.4373764611926733, 0.44794367166126475, 0.4216166363627303, 0.4085390223007576, 0.4865391477942467, 0.3861064208196659, 0.3696749847309262, 0.37727106757023754, 0.36773447487868516, 0.39382147146206276, 0.3727507659909772, 0.35247768680838976, 0.3595697610985999, 0.393053296734305, 0.41505782101668565, 0.32640909798005047, 0.33370209616773266, 0.3338587474004895, 0.3302808304627736, 0.3232725293320768, 0.330289870938834, 0.3172638375385135, 0.3405185087638743, 0.3085949829980439, 0.3106336060400103, 0.3026890773691383, 0.31121832512173, 0.31036778992297603, 0.28978995978832245, 0.29654695181285634, 0.3061114429843192, 0.3009337405948078, 0.29164640386314955, 0.32022177822449627, 0.2902473935893938, 0.272363616409255, 0.26431456354318883, 0.3941335719736183, 0.26564351819893894, 0.25313836642924475, 0.26096352408914003, 0.2613273473346935, 0.27039825814027413, 0.29826916725027797, 0.2587784613464393, 0.24972172227560305, 0.2640104892791486, 0.2582121921666697, 0.2766140138401705, 0.2721477682683982, 0.32981855210428146, 0.24586671532369128, 0.24424369837723525, 0.23853622596053517, 0.24300385660984936, 0.2596868469434626, 0.24573657354887793, 0.23804138703089134, 0.36674190677848517, 0.23281553241552091, 0.22742272445968553, 0.22990386867347887, 0.23090446039157755, 0.23482613616129933, 0.23598099689857632, 0.23287730583665417, 0.23202400464637607, 0.37527385091080384, 0.22628569018607045, 0.21793491700116327, 0.21258101006056748, 0.21920186734082653, 0.2169034488353075, 0.21608823143384037, 0.2559826260103899, 0.3363527398483426, 0.22532623173559413, 0.21700344526884602, 0.2144520326572306, 0.21455614005818086, 0.2129466874050159], "map": 0.780930288777846}, "time": 261.1895673274994}