{"task": {"lambda": 2, "alpha": 3, "lr": 1e-06, "wd": 0.0001, "bits": 12}, "result": {"earlyStop": true, "loss": [3.7306018249661315, 3.2486383353962616, 2.9517923523398006, 2.7215513294818354, 2.5557004797692393, 2.466615868549721, 2.3392092199886547, 2.276064533813327, 2.180873876108843, 2.127535229804469, 2.1109260905022715, 2.0341039522021425, 1.9828321793500114, 1.961889105684617, 1.9721118702607996, 1.89121475026888, 1.8761249815716463, 1.8458414153725493, 1.8242173440316145, 1.8087365732473486, 1.7867787234923418, 1.8116749618567674, 1.781622377096438, 1.7335384149177402, 1.7134904797170676, 1.7157360140015097, 1.7094727801341636, 1.6883596713636435, 1.673055914102816, 1.6589742158265675, 1.6503545186098885, 1.659199777771445, 1.6742674533058615, 1.6543668298160328, 1.625311713592679, 1.6629697598663031, 1.6060432148914712, 1.6710293222876156, 1.5805729745942003, 1.5776263434512943, 1.6129713409087236, 1.5624507513700747, 1.5922165150735892, 1.5513307983968772, 1.5463034937194748, 1.5623533106317706, 1.5533363269824607, 1.5315749469925375, 1.5417262713114421, 1.517230136721742, 1.5187720644707774, 1.5278367365107817, 1.5031260906481276, 1.5079786368444854, 1.50007971887495, 1.4911015790467168, 1.4848232654964222, 1.499850359617495, 1.4955409554874195, 1.4937435809303732, 1.470658518520056, 1.469454767072902, 1.460042134219525, 1.455567040864159, 1.4653076494441313, 1.4957931672825533, 1.4440752387631173, 1.4507813132276721, 1.4397077688983841, 1.4301477729105483, 1.4223651138006472, 1.4236533922307633, 1.4253406685357, 1.4163236553762473, 1.410552095840959, 1.4263896755143708, 1.4095404218224918, 1.4452953537305195, 1.3982755436616785, 1.4111702535666673, 1.388385424134778, 1.3987776905882592, 1.3897907506017124, 1.3835319029349906, 1.3823970439387303, 1.3900692030495287, 1.3808111817229027, 1.3987185394062716, 1.3689309728204035, 1.3682346341072344, 1.3701703326374877, 1.355727213270524, 1.3584857942426907, 1.3783412119921516, 1.3510805213568258, 1.355386462281732, 1.365006360353208, 1.3465163485676634, 1.344120322489271, 1.395920571158914, 1.3475137761994904, 1.3793246114955229, 1.3485522550695084, 1.3385468160404879, 1.3345576028029125, 1.3265902762319528, 1.3798647464490403, 1.3269602539492589, 1.3350225102667714, 1.3248419568819159, 1.3230970855437072, 1.3188167126739727, 1.3279377712922937, 1.3203442891438801, 1.3144086424042196, 1.3599454258002488, 1.3089629286060147, 1.3049812100681604, 1.3030999475250058, 1.307237412999658, 1.356862627992443, 1.2974640548813576, 1.2966670598469527, 1.3274154055352305, 1.2902238447876537, 1.2959684939945446, 1.288179303208987, 1.3309695253185196, 1.2771511878453048, 1.290782131985122, 1.2822464727887921, 1.281085774010303, 1.2717356588326247, 1.2812233415304446, 1.269512530635385, 1.2772173378981797, 1.277398008926242, 1.2834670859224655, 1.269364136691187, 1.256360418656293, 1.267526951490664, 1.2765581280577416, 1.2557634132749893, 1.2822439062829112, 1.2480719416749244, 1.2506851732146507, 1.254690268460442, 1.252974969791431, 1.3045359966801662, 1.2513204292923796, 1.243370513121287, 1.2382879157861073, 1.248223631405363, 1.2448843267618441, 1.2476584730195064, 1.2365946515518076, 1.2361492955801534, 1.2308847156225466, 1.2613936312058394, 1.230442251352703, 1.2269411671395396, 1.2763675311032463, 1.2255964260183128, 1.2207850144774306, 1.223110482973211, 1.2292217203215057, 1.2269246268506144, 1.2186179318848778, 1.2191643399350784, 1.2230488570297466, 1.219428814217156, 1.2566442699993359, 1.2127113304301804, 1.2111490801268934, 1.2086818487036461, 1.2107943518489015, 1.2070806450119205, 1.2108839247740952, 1.2343964611782747, 1.2089038409438788, 1.2042397348319782, 1.2052817759560603, 1.2112584651685228, 1.1877071965558856, 1.200879951318105, 1.192364971865626, 1.232410232226054, 1.1905329420286066, 1.2208922283322203, 1.1880057518388711, 1.1882028351811802, 1.1891281137279435, 1.2129204355034173, 1.19469434373519], "map": 0.7075885473260345}, "time": 413.29145860671997}