{"task": {"lambda": 1, "alpha": 3, "lr": 1e-06, "wd": 0.0001, "bits": 32}, "result": {"earlyStop": true, "loss": [3.051254604376999, 2.5705375262335237, 2.3292555762272253, 2.142613962584851, 2.027522995775821, 1.9462235663451402, 1.8842783511853685, 1.8375997262842514, 1.8024813807478137, 1.7609114272921693, 1.7261974455094804, 1.6937793393929799, 1.6792989829007317, 1.650760132892459, 1.6320806566406698, 1.6087934655301712, 1.5953136285146077, 1.5840019221399344, 1.5478731393814087, 1.5447988066018796, 1.5284769377287697, 1.5175203903048646, 1.5034438284004437, 1.5002658133413278, 1.4840381034449035, 1.4718788803792466, 1.4613522104188508, 1.456977142422807, 1.4393911461035411, 1.4345558835010903, 1.4309603793948305, 1.4134853049820544, 1.4059386989649605, 1.4022072553634644, 1.392367291099885, 1.3978835805958392, 1.381634958818847, 1.3745398866195304, 1.3598347861392825, 1.3533967575606178, 1.3518277868336321, 1.3465498709211163, 1.3474598597077763, 1.3415952915070104, 1.3385108534027548, 1.3326003849506378, 1.3213605524278154, 1.3400276688968433, 1.3208702007929485, 1.3082485596338909, 1.3008058515249514, 1.2920605341593425, 1.29862820576219, 1.3264320469370074, 1.2816544759507273, 1.2891506564383413, 1.2712352912799985, 1.2778536928635018, 1.26814558634571, 1.268148083897198, 1.2527422805627186, 1.2654200155361026, 1.2482377746525932, 1.2467382094439339, 1.2489560699346018, 1.2494626349093867, 1.2382775305532943, 1.2329872250556946, 1.2398728517925037, 1.230500140610863, 1.2168737772633047, 1.2200269506258123, 1.2143945559567095, 1.2200706712171143, 1.2075785357578128, 1.2078139966025072, 1.2162295135797239, 1.2030884483281303, 1.1999458805018781, 1.2041181080481584, 1.187249438143244, 1.1960784921459122, 1.1833297546003378, 1.1897558914680106, 1.183518260717392, 1.1832327270040326, 1.1781021578639161, 1.1762146073229172, 1.1731873119578642, 1.1734062623159558, 1.1856785849028944, 1.1656746642262328, 1.165994742337395, 1.2016622096884484, 1.1614245059443455, 1.1534554899907579, 1.154221158985998, 1.1470074267948376, 1.1528810020170959, 1.1475734354234208, 1.1382374582337398, 1.1392904812214422, 1.145404951245177, 1.1489606394487268, 1.1426145118825577, 1.1341977657056321, 1.1325901740906286, 1.1261120724911784, 1.1294198182283663, 1.1300473137229097, 1.132681384098296, 1.1599390600241868, 1.115984834876715, 1.116412298059931, 1.118203384619133, 1.1240128115111707, 1.1257427743836945, 1.116834494413114, 1.1059106582520055, 1.1029472590661515, 1.1094284069304372, 1.109618263501747, 1.1011177877000733, 1.105608129326035, 1.0946633210953545, 1.0971164747196085, 1.0920121535366656, 1.0950987450048035, 1.0897585165266896, 1.089349752839874, 1.0952874275983548, 1.126470756297018, 1.0844234958583234, 1.0817898009337632, 1.0821118559323104, 1.084134806897126, 1.074984698026788, 1.0794953604539235, 1.074372108076133, 1.0709892213344574, 1.0649801405037151, 1.0668733464736564, 1.0732370311138677, 1.0717143743645912, 1.059041448375758, 1.065401736427756, 1.0577527898199417, 1.0610074564522387, 1.061038406456218, 1.0587831458040313, 1.0632085396963007, 1.056561367184508, 1.0512853101188062, 1.0542704988928402, 1.0531333270026189, 1.04346938402045, 1.0462150404266282, 1.04330661834455, 1.0328553050172096, 1.045936263075062, 1.0337631851434708, 1.0307243548187555, 1.035982771247041, 1.0319659318409713, 1.032686529790654, 1.0288977634673024, 1.0332907406138438, 1.0295605086812787, 1.024558729985181, 1.0287818119806402, 1.022621176406449, 1.0240835605883132, 1.0167674597571879, 1.0222680697254105, 1.0164796578533508, 1.0147990575608086, 1.017661619420145, 1.0338889173432892, 1.0143407440068675, 1.016415247145821, 1.0057575600404365, 1.0046554686976414, 1.00682517740072, 1.0075682343221177, 1.0058780113855998, 1.0074830049393224, 0.9997889174550187, 0.9968006637166528, 0.9996290937358258, 0.9922261793239444, 1.0021830820569806, 0.9887044260314867, 0.9909768577884225, 0.9881486121345969, 0.9908019947070702, 0.9985916252229728, 1.0104166666666667, 0.99212500686739, 0.9842796319840001, 0.9884880307842704, 0.9902955352091322, 0.9860774529915229, 0.9801040779726178, 0.9820094266358543, 0.9764053295640385, 0.9822729539637473, 0.9853041791448406, 0.9774783674408408, 0.9783216054533043, 0.9762025183322383, 0.9740681841092951, 0.9763816431456921, 0.9766099566922468, 0.9718196725144106, 0.970407161934703, 0.9685673292945413, 0.9687372241534439, 0.9660607915298611, 0.9664529900924832, 0.9684494479614145, 0.9580393754968456, 0.969386058695176, 0.9599165390519535, 0.9560341612965453, 0.9593949604268167, 0.9532105572083417, 0.9590763426294514, 0.9576105454973146, 0.9442558685938517, 0.9545429325571247, 0.9567282097596749, 0.948456770064784, 0.9448280991876826, 0.9483064342947567, 0.9413299595608431, 0.9469241494057226, 0.9448819572434706, 0.9500658956228518, 0.9395258485102186, 0.9482090221900566, 0.9355679995873395, 0.9621714201627993, 0.9320129083067763, 0.9333593754791746, 0.9250824851732627, 0.9345054936175253, 0.9353447869127872, 0.9395363225656397, 0.938972070813179, 0.9328211230390212, 0.9300347540308448, 0.927923324061375, 0.9226747114284366, 0.9303941656561459, 0.9335469030866436, 0.9204772786766875, 0.9271596792866202, 0.9283014188210169, 0.930723087460387, 0.9325358113821816, 0.9173288298588173, 0.9140093437596863, 0.9249708027231927, 0.915459114839049, 0.9236189457131367, 0.9157096860455531, 0.9069966600806105, 0.9191679358482361, 0.9144851775730357, 0.9073531122184267, 0.9046239104925418, 0.9416418391115525, 0.9099541283121296, 0.9064867204310847, 0.9084577171825895, 0.9098139451999291, 0.9015077334993026, 0.9078076113672817, 0.9047291220403185, 0.9033964089318818, 0.903180738290151, 0.9038716461144242, 0.8952123868991347, 0.8999347996477988, 0.9015850927315506, 0.9003195400331535, 0.89464458852422, 0.8984925419676537, 0.8988588756205989, 0.8899519437668371, 0.9019874272977605, 0.896188299445545, 0.8932775703130984, 0.8934693225458556, 0.891118649466365, 0.883398141931085, 0.8870239585053687, 0.8912142953451943, 0.9008103480526045, 0.8830471199517157, 0.8826048984831455, 0.8873014461760428, 0.8766562401079664, 0.8871564359641543, 0.8837916982524535, 0.8709275444933012, 0.8790361425455879, 0.8813449833907333, 0.8709401958713344, 0.8847775085299623, 0.9056378041996676, 0.8729701118141997, 0.8728874834144816, 0.8691988435446047, 0.8734424692742965, 0.8653835213067484, 0.8729240651808533, 0.8779286777271944, 0.8641675237347098, 0.9030566028520173, 0.8755018997426126, 0.8701632744541355, 0.8603436485225079, 0.8621764931024289, 0.8645134524387472, 0.8767648619763991, 0.8617932773103901, 0.8638009668565264, 0.8636570505651773, 0.8617066431279276, 0.8618968757344228, 0.8531549987839717, 0.8667547834270141, 0.8632860700873768, 0.8529978882448346, 0.8561924953086704, 0.8492674950291129, 0.8507541105443356, 0.8605740023594276, 0.8512339308565738, 0.8622712586440292, 0.8507877240578333, 0.8506813031785628, 0.8514737045648051, 0.8550315481774947, 0.8545586113251892, 0.8482231205584956, 0.8474606199591768, 0.8422380872801238, 0.8751043817576241, 0.8433230612792221, 0.8760627087424783, 0.8428009070602118, 0.8405763267302045, 0.8407818254302529, 0.8490618718605415, 0.8369915917807934, 0.8579713573642805, 0.8440161318171258, 0.8423394274477866, 0.8473775708207897, 0.8325605202539295, 0.840379629649368, 0.8370318769239912, 0.8340114320025724, 0.8310672623269698, 0.8359360624762142, 0.8364703263722214, 0.8354681324140698, 0.8325934886348014, 0.8712401097896052, 0.8300236410954419, 0.830435164418875, 0.8273663108839708, 0.828703244527181, 0.821492535518665, 0.8218908228126227, 0.8227603488108691, 0.821608758148025, 0.8257700497028875, 0.8241458608239305, 0.8205873361405205, 0.8294825366899079, 0.8193470473382988, 0.825233088112345, 0.821862079057039, 0.8187161125973159, 0.8155334311373094, 0.8189050549385595, 0.8160023955153484, 0.8157772205623925, 0.8126365136282117, 0.8173943752167272, 0.8173740187696382, 0.8275806401290146, 0.8085651041245928, 0.8132431568468318, 