{"task": {"lambda": 1, "alpha": 1, "lr": 1e-05, "wd": 1e-05, "bits": 24}, "result": {"earlyStop": true, "loss": [1.0682029639389001, 0.8838588478518468, 0.8346114865705079, 0.8012301997811186, 0.7653779323194542, 0.7500621769942489, 0.7593694563005485, 0.727309153360479, 0.7301761566423902, 0.6919043505308675, 0.6863769620072608, 0.6707716899759629, 0.6681059093451968, 0.6511839894103069, 0.6417700528514152, 0.6325422239069846, 0.6260626053108889, 0.620779229145424, 0.6103112098633074, 0.5974031077588305, 0.5923564290883494, 0.5851540138908461, 0.5828408727458879, 0.5755895101556591, 0.5666878360743616, 0.5603904545891518, 0.5486568829008177, 0.5424787828735277, 0.5425162075781355, 0.5494668174023721, 0.5350921250441495, 0.5258160525677251, 0.5202202063565161, 0.5175555658106711, 0.5129838477747113, 0.5081839086670502, 0.5052018343817954, 0.4994804818256229, 0.4949692195537044, 0.48936497756079134, 0.4856792168290007, 0.4812975335939258, 0.47734663693928253, 0.46921824561614617, 0.4733010366851208, 0.46364571913784625, 0.4583800898170939, 0.45850136730016444, 0.4523037330192678, 0.452862136796409, 0.44819309723143486, 0.4440440785358934, 0.43888403256149855, 0.43461230966974707, 0.4350902853058834, 0.4314522445201874, 0.4289330410606721, 0.4302200412049013, 0.4217856909130134, 0.44516697876593647, 0.4286188529986961, 0.4174264827195336, 0.411116617567399, 0.4111856280588636, 0.44465523081667285, 0.40994103369759577, 0.40567297473842023, 0.398629113009163, 0.39673619731968524, 0.39535321061517675, 0.388300763333545, 0.39219369578595253, 0.39083682643432244, 0.385793708849187, 0.38428473691729936, 0.38212235783245047, 0.37881140746906694, 0.3747438027286062, 0.3732908255621499, 0.37272389087022517, 0.36963022748629254, 0.3687695857940936, 0.3660750967614791, 0.3672720632132362, 0.36373845765403673, 0.36044268193198187, 0.35526495222367493, 0.3570677930233525, 0.35366640809704275, 0.35315122265441745, 0.3538840711116791, 0.3518830000185499, 0.34477467645032733, 0.34566282933833553, 0.34184234231418253, 0.33917293332371057, 0.3374448357989975, 0.3540711943425384, 0.3381528852909219, 0.33080722537695195, 0.3311037809825411, 0.3306778979067709, 0.3292771425901675, 0.32614069797244727, 0.32892510762401655, 0.330401245285483, 0.31964630122278254, 0.3239373050484003, 0.34097332346673104, 0.3268098430890663, 0.3152185529470444, 0.32067899084558676, 0.3194647744005802, 0.31587909015954707, 0.3116876431832127, 0.3116312772035599, 0.30983438708034217, 0.30701132250182767, 0.30774476788207594, 0.30745934388216806, 0.3032352889285368, 0.3037587959392398, 0.3040502302202524, 0.29864219167068895, 0.301578334441372, 0.29972009390008214, 0.29823879546978893, 0.2972429797929876, 0.2953286902869449, 0.2929040142426304, 0.29308535027153354, 0.29504789032188117, 0.29213987466167, 0.2888895691025491, 0.2872685765226682, 0.289463845538158, 0.28562753866700563, 0.2821004409708229, 0.2856779872786765, 0.28031237350375043, 0.28467655547109305, 0.2801889452864142, 0.2787128713201074, 0.27692773017813177, 0.2798237476278754, 0.2755962889276299, 0.2748577933685452, 0.2745165071797137, 0.27345070359753626, 0.271047194360518, 0.26989734143603084, 0.27184824703955185, 0.26757459590832394, 0.26593591689186935, 0.2682768433701758, 0.26956625604162027, 0.2649759106776294, 0.2677818057583828, 0.26866110837927054, 0.2614690566471979, 0.26282676820661505, 0.2724570135275523, 0.2628984857423633, 0.2581497264259002, 0.258274803851165, 0.2568427124151997, 0.2545245767516248, 0.2541431285733101, 0.25483164132810104, 0.2546697142077427, 0.2552533304574443, 0.25278398379975675, 0.24948468424525916, 0.2527196892336303, 0.25190089555347667, 0.25199737984175774, 0.24929214239704842, 0.2568400575249803, 0.25083207514356165, 0.2513371907612857, 0.2520243507974288, 0.24716319224121525, 0.25024596178064157, 0.24914965559454524, 0.2428825392442591, 0.24472145531691758, 0.24505887136739843, 0.2429776669425123, 0.2425152362853873, 0.2439363763905039, 0.24002581206606885, 0.24033259330134765, 0.2407542527014134, 0.24079419818578982, 0.2398012996304269, 0.24048231279148774, 0.24044970934297524, 0.23620852229057573, 0.23916699021470314, 0.2375454259853737, 0.23800937159388674, 0.23535795232244566, 0.23223512459035014, 0.23243727651881238, 0.23454304740709417, 0.23131601863047657, 0.23345612223241843, 0.22933056030203314, 0.23083917855047711, 0.2321920356914109, 0.23049251954345143, 0.22849034357304668, 0.23062157484830595, 0.2273686868595142, 0.2252911990325825, 0.2234447855575412, 0.22634983968500996, 0.22462454292119718, 0.2225481201620663, 0.22225797264014974, 0.22237698879896425, 0.22396268111233616, 0.2210281451835352, 0.22154550371216794, 0.22084037506697224, 0.22271243234475455, 0.22164900396384446, 0.2189235656576998, 0.2184646680366759, 0.21947364509105682, 0.21823051045922673, 0.2181901676105518, 0.21946948036259295, 0.21765806321419923, 0.2161992222947233, 0.21564245793749304, 0.214178324183997, 0.21539854915703044, 0.21574916792850868, 0.21466349503573248, 0.21380244925910352, 0.21394870810064615, 0.21224308101569905, 0.21059327689456006, 0.21164840525564024, 0.21694593861991285, 0.21636559580471001, 0.20832430045394337, 0.21033676465352377, 0.2088561753431956, 0.20935767786759957, 0.20870332726660898, 0.2087864894785133, 0.20719341729201524, 0.20692616087548873, 0.2074053337176641, 0.20564556998365066, 0.20800231104972317, 0.20770315037054174, 0.20766959061809614, 0.20636632395725624, 0.20461542758287168, 0.20349163196834863, 0.20469096492902905, 0.2039550271104364, 0.20498933073352366, 0.2044405158536107, 0.20262547976830425, 0.20160463233204448, 0.20121649725764407, 0.20116227850610136, 0.20953687879384733, 0.20929007232189178, 0.1988715150338762, 0.2003104680893468, 0.20021418438238256, 0.19953998777211882, 0.19903467069653905, 0.20814594626426697, 0.20607765252683677, 0.19753123293904698, 0.19751873086480534, 0.19770282872167289, 0.19797735968056848, 0.2005870374394398, 0.1963988010789834, 0.19265713542699814, 0.1953247174912808, 0.19669556062595517, 0.19680517663558325, 0.1934599328567, 0.19674706400609485, 0.19579699737768547, 0.19441526850648955, 0.19204575305475907, 0.19388842509657728, 0.1927789007039631, 0.1925607506258815, 0.1918624553318117, 0.19312865272456525, 0.19169089285766377, 0.19040283626493285, 0.19040109538564495, 0.19091615730933115, 0.19249584335906833, 0.1901347116366321, 0.19342300646445332, 0.19017887948190465, 0.18858217477214104, 0.18713444427532308, 0.18851441057289348, 0.19031844156629898, 0.18991505515341664, 0.1890997578408204, 0.188569913892185, 0.18763729696180306, 0.18585984963996738, 0.18806524078051248, 0.18509149405301786, 0.1852063659359427, 0.18613215550488116, 0.18405154318201775, 0.18429804885504292, 0.18544631268756062, 0.18652325079721563, 0.18431900222511852, 0.18340278986622305, 0.184824367072068, 0.18216403822104135, 0.18267645277813369, 0.1829348228433553, 0.180005494505167, 0.18326266898828394, 0.1808551409665276, 0.18139179328493044, 0.18335483909821979, 0.18238929819826985, 0.1809695915264242, 0.17926970635559045, 0.1778305219668968, 0.17885932691541373, 0.18088527958767087, 0.18013067470461713, 0.17770064271548214, 0.17854985185697966, 0.17534223082018832, 0.17726497775783726, 0.1762614077797123, 0.1769116081151308, 0.17784990238792756, 0.17743780420107, 0.17721249199673242, 0.17481898019711176, 0.17620686923756318, 0.1736222758304839, 0.17701259109319425, 0.17298654883223422, 0.1751443983293047, 0.17383413608459866, 0.17269696879620647, 0.17455242004464655, 0.17353943808406008, 0.1747131103686258, 0.1755607496289646, 0.17433741520725043, 0.174509758458418, 0.17011996957601286, 0.17353929389341205, 0.16920609585940838, 0.17256616976331263, 0.17142876880426033, 0.17077884662385082, 0.17153048734454548, 0.1714467908821854, 0.17018393018082076, 0.17090266110265956, 0.17229805506911933, 0.17011986030083076, 0.16815700111728088, 0.16894591979536355, 0.17012555846104435, 0.17254636392873876, 0.17102070108932607, 0.16908626499421456, 