{"task": {"lambda": 2, "alpha": 1, "lr": 1e-05, "wd": 1e-05, "bits": 12}, "result": {"earlyStop": true, "loss": [1.330618047246746, 1.0367063377417771, 0.9677301242071039, 0.9257482798660502, 0.9048317822755552, 0.8526601814756206, 0.8424716872327468, 0.8196620906100553, 0.8025184051663268, 0.7817313665268468, 0.7805692448335535, 0.7556639842542947, 0.741840021136929, 0.732254708514494, 0.7263917744744057, 0.7187539391657886, 0.7058289670476726, 0.6946732682340285, 0.6869856691827961, 0.6973212197715161, 0.6818746094610176, 0.6687042198929132, 0.6584786129932777, 0.6523134556471133, 0.6497561838112625, 0.6355721458208328, 0.6367885926190544, 0.6311588696404999, 0.6470351090618208, 0.6208934599862379, 0.6116369880881964, 0.6061818065742651, 0.6084296700416827, 0.598820799706029, 0.5938343843993019, 0.5888659921931285, 0.6038879161956263, 0.5809062434469953, 0.5790469728264154, 0.5735173849206344, 0.5669276819509619, 0.5732133756665623, 0.5604386671501047, 0.5596510499131446, 0.5618677717797896, 0.5523954697099387, 0.5692865369366664, 0.5480442952875998, 0.5438508338787976, 0.5410922777418997, 0.5379617109018213, 0.5313838825506323, 0.5262986886150697, 0.5244848643447838, 0.5217181394497553, 0.5212529253433732, 0.5197286620443943, 0.5204403651695625, 0.5129744045290292, 0.504475017973021, 0.513233513808718, 0.5042967805091072, 0.5032464090515586, 0.49448780394067954, 0.49297888723074224, 0.48983625658586916, 0.4940614489948048, 0.49038028950784723, 0.48399747148448347, 0.47958676619272606, 0.483260699931313, 0.4786442959425496, 0.47220589147478925, 0.4685514318008049, 0.4703509302115908, 0.4628477160837136, 0.4645627165834109, 0.46190956220322965, 0.46074633329522374, 0.4656402007037518, 0.47788046738680673, 0.45360054893820895, 0.4570510358202691, 0.4728824940382266, 0.4587160208645989, 0.45265839730992036, 0.44547898512260586, 0.4424261798461278, 0.44421518608635546, 0.448233516777263, 0.44623707410167246, 0.43879860960969735, 0.43638307060681136, 0.4381267638767467, 0.4346773221212275, 0.4345211573675567, 0.43088234376673606, 0.42809739650464523, 0.43069087553258034, 0.42504434462855845, 0.42368816073034327, 0.42282462339190874, 0.4208107311643806, 0.4220306546080346, 0.41943608458135645, 0.4193118243825202, 0.41527337814662973, 0.4134407785593295, 0.40992893161726934, 0.410390798367706, 0.40585172936028124, 0.4104905803413952, 0.41156094448239194, 0.4035665864745776, 0.403448972047544, 0.3985709976039681, 0.4433271294715358, 0.40491970146403594, 0.40028750604274227, 0.40014755170719296, 0.39398763854714003, 0.3902672578891118, 0.3906346633299893, 0.3886423131414488, 0.3901908149321874, 0.39816824069210127, 0.40641221053460064, 0.3971538594832607, 0.38538498562925, 0.38145188607421576, 0.3789634245867823, 0.3793120752362644, 0.38216886128865035, 0.37932800136360467, 0.37815072796508375, 0.37679289120669457, 0.37389283671098594, 0.3758879835699119, 0.3809059133716658, 0.37474921360319735, 0.37297309379951626, 0.3713914291823612, 0.3762614364717521, 0.38181694114909454, 0.36728014665491443, 0.3679940636251487, 0.364471362648057, 0.36423489685152094, 0.36313650713247414, 0.3623185065739295, 0.3588075227305001, 0.3639894846607657, 0.3650430183784634, 0.37059176552529427, 0.3666519635156089, 0.35894179607138915, 0.3572810717365321, 0.354552756775828, 0.35658276081085205, 0.35497672885071996, 0.35191067980200635, 0.352437324821949, 0.3547631651163101, 0.3510955309897077, 0.3504624498241088, 0.36669005132188986, 0.3630167459155999, 0.3617118702215307, 0.35206664923359365, 0.34733936658092573, 0.34466613902180804, 0.34142666675296485, 0.3398672391970952, 0.34273625508535144, 0.3424799183712286, 0.3391070349835882, 0.34137240344402836, 0.37151070844893364, 0.3492750505021974, 0.3410143218204087, 0.3368787853156819, 0.3378305663080776, 0.3390639005046265, 0.3374415457833047, 0.34113964409220454, 0.33895601156879873, 0.3489064387246674, 0.33520470866385627, 0.33290068819826724, 0.33354026882671844, 0.3320673245425318, 0.3286592622890192, 0.3305753413953033, 0.3281048252886417, 0.3318968666534798, 0.3347211071089202, 0.3287291230232108, 0.33017326657678564, 0.323277762707542, 0.3256967276626942, 0.32465958741365697, 0.3251505973292332, 0.32566121162152756, 0.3296133218442692, 0.32164856689233406, 0.32209715042628495, 0.3191034272313118, 0.31998160218491273, 0.32232533979649636, 0.31999029978817584, 0.3200303323420824, 0.31908153318891336, 0.31505849314670936, 0.31732244921081204, 0.3145144028114338, 0.3167964345684238, 0.3176520398142291, 0.3163209969506544, 0.32021501777218836, 0.3150138390414855, 0.31328204040433844, 0.3147280712922414, 0.3125197117527326, 0.31116801529538396, 0.30819402722751393, 0.3111334656383477, 0.30906571214105566, 0.311458608537328, 0.3064579907439503, 0.3175182716519225, 0.3093601129218644, 0.3081682306878707, 0.3089511831309281, 0.30480793279175666, 0.3050372634156078, 0.30335017695438626, 0.3032967899652088, 0.3030667361967704, 0.3025614522835788, 0.30464378291485356, 0.3012201305405766, 0.29842978613633736, 0.3041992058940962, 0.3047671852742924, 0.3033704985590542, 0.2975427817334147, 0.29811567886202944, 0.29774560005057094, 0.3028087031607534, 0.31994186458634394, 0.296892918354156, 0.29346784481815263, 0.29353517761417464, 0.29742450296294454, 0.2936817936453165, 0.296465982847354, 0.2947097014562756, 0.29701194137919185, 0.2935479305976746, 0.29329704800072837, 0.2945695094325963, 0.29861552808798997, 0.29709064171594735, 0.29215117368627996, 0.2888386782770063, 0.29021061372523216, 0.2885012794651237, 0.2892711017938221, 0.2870967922841801, 0.2898923693334355, 0.2877078787880201, 0.2862742720719646, 0.28613754756310406, 0.2869446476300557, 0.2861998163017572, 0.2837810733300798, 0.28739873422127143, 0.2837907461559071, 0.2862335639257057, 0.289410816395984, 0.2857921799900485, 0.2857404143786898, 0.28108105435967445, 0.28027596514598996, 0.2806454701166527, 0.2831011154488021, 0.28534408790223736, 0.2847483033935229, 0.27938516503747773, 0.2816759932274912, 0.2797030520205404, 0.2817560092491262, 0.2857886731040244, 0.28324526983002823, 0.2785981580907223, 0.2794703449688706, 0.27836411665467653, 0.27810577551523846, 0.2775203309514943, 0.27936815645764856, 0.2756905830373951, 0.2784033398710045, 0.28257979744789646, 0.2796032826105754, 0.2757905574113715, 0.2745388890160065, 0.27369218670270024, 0.2789260517148411, 0.2717842354493983, 0.2738444299674502, 0.27717552728512707, 0.2745654346311794, 0.27390050449792075, 0.2732031102858338, 0.2717067501416393, 0.2708139742414157, 0.27163521609469954, 0.2721465411139469, 0.27508292800071193, 0.2685978314747997, 0.2713989467159206, 0.2697843583483322, 0.2730264818551494, 0.27137598804399077, 0.2687085162775189, 0.26732900249315245, 0.2687787359543875, 0.26796061436043067, 0.2706661864238627, 0.27431972324848175, 0.26791320302907157, 0.2722658006583943, 0.2686017382086492, 0.26377927950199914, 0.2680932937883863, 0.27000369219218984, 0.2624490860046125, 0.26593226398907455, 0.267079429007044, 0.2693741539237546, 0.26436610052398607, 0.26457742061100753, 0.27459556770090965, 0.2651987479013555, 0.2641647734186229, 0.2633853909723899, 0.2633698220346488], "map": 0.7541918206399121}, "time": 736.8329825401306}