{"task": {"lambda": 0.5, "alpha": 5, "lr": 1e-05, "wd": 1e-05, "bits": 24}, "result": {"earlyStop": true, "loss": [2.5075411071964337, 1.954572000632099, 1.8313092113125558, 1.7504366174632429, 1.73407071945714, 1.6808792998393376, 1.6334002763032913, 1.603730975412855, 1.575057356380949, 1.5631230984832727, 1.535352558481927, 1.5085883274966596, 1.5090559735602023, 1.4818517118692398, 1.4743729747977912, 1.4413865638129852, 1.422110728189057, 1.4236533034081553, 1.424198026750602, 1.3825205725197698, 1.3617237929035635, 1.3498915877996707, 1.3381830602884293, 1.320982319467208, 1.3161969804296307, 1.3143192658237381, 1.2892449585830463, 1.274660545383014, 1.2615583945138782, 1.2438402114545597, 1.2391987187313098, 1.2275063562042572, 1.2171073704957962, 1.2044525532161487, 1.1943172694129103, 1.1802945408750982, 1.1749994237633312, 1.1659714814786817, 1.1594871790970074, 1.1477614813575558, 1.1324311039027046, 1.128833529995937, 1.1027728211061627, 1.1026652113479727, 1.0931419291917015, 1.087871756623773, 1.0858515661721135, 1.070027666495127, 1.0667200295948516, 1.0553336669416988, 1.2011361870111203, 1.0595943616593586, 1.0278340505034316, 1.0120986762876605, 1.0185847853620846, 1.0061943563176137, 1.0046245755226004, 0.9958146027490204, 0.9772227885676366, 0.9866810034887463, 0.9756068853186626, 0.9796527331950617, 0.9639684810650115, 0.9574083507645363, 0.9508299576301201, 0.9483960995487138, 0.9340470513584567, 0.9250366112180785, 0.9292291528454014, 0.9657604542433047, 0.9303184911316517, 0.9179301857948303, 0.9069731913360894, 0.9024866952323446, 0.8880098232743787, 0.8953705330689748, 0.8893068935356888, 0.8743320811612934, 0.8675285075225082, 0.8689543730488011, 0.8571853073788624, 0.8582030737809107, 0.8534022537516612, 0.843536269138841, 0.8556809857779858, 0.8520599419579786, 0.8347238138610241, 0.8274310523388433, 0.8335857999091055, 0.8249392439337337, 0.8178984660143945, 0.8206107709922043, 0.8086400083174893, 0.8017302707714193, 0.7952358224520496, 0.8016756176948547, 0.795272199984859, 0.7916384923691843, 0.7837188667526432, 0.7775830527146658, 0.7822248456524867, 0.7798713010315802, 0.765629220096504, 0.7635001004034397, 0.7559218742683822, 0.7502090042712641, 0.7468636795586231, 0.7454057629494106, 0.743917937372245, 0.7410443401804158, 0.7320161533414149, 0.7252721777733635, 0.7241688191014177, 0.7233679507877312, 0.7203293615112117, 0.7124236109209996, 0.7119473356242273, 0.7067716989447089, 0.7016000830951858, 0.7028816637455249, 0.702672099073728, 0.6961782026816817, 0.6829814877288014, 0.684600321393387, 0.6862945755322775, 0.6790081560611725, 0.6766275636413518, 0.6636826989113116, 0.6883736282002693, 0.6697220784776351, 0.6520197701220419, 0.6568161266691545, 0.6571413452426592, 0.6494984407635296, 0.6461177122067002, 0.6412699317523077, 0.6448356646533105, 0.6363466259311227, 0.6501680698757079, 0.6269353803466348, 0.6336299946495131, 0.622993680191975, 0.6308907264587926, 0.6221107018782812, 0.6184567569517622, 0.6152369962895617, 0.6188004180496814, 0.60917912175258, 0.6093344971829769, 0.60677364088741, 0.6438556547258415, 0.6052374937662891, 0.6005802326926998, 0.5945070761383748, 0.5975657207708732, 0.5873531056385414, 0.5860156825944489, 0.5884856526173797, 0.5889560068939247, 0.5940870321264454, 0.5858850208859817, 0.5681380110920644, 0.5775179085778255, 0.5717861472683794, 0.5708262692479527, 0.5663423214619067, 0.5679187337849655, 0.5943141328353508, 0.565495846026084, 0.5562500137032247, 0.5552894145834679, 0.5515026615238657, 0.5570503565318444, 0.5539179423860475, 0.5470864119775155, 0.549757229346855, 0.5442521262402628, 0.5720760214562509, 0.554475634413607, 0.5380287839501512, 0.5330652829770949, 0.5344830834690262, 0.5340273091021706, 0.5258103996223095, 0.5243066262965109, 0.5190723807204003, 0.5225885158368185, 0.5249385759234428, 0.5171855799123353, 0.5132910058486695, 0.517888491498489, 0.5135537862193351, 0.5134908399161171, 0.5121292878015369, 0.5145274913486313, 0.5062959880805483, 0.5090897872167475, 0.5000194524433098, 0.503552239023003, 0.5039190346119451, 0.4958142667424445, 0.4976603184260574, 0.5031133010691288, 0.4951382755648856, 0.4914732784325001, 0.48938103706813324, 0.4851189897048707, 0.4832382225522808, 0.4871174715021077, 0.481533123728107, 0.5101360444929085, 0.49187591613507736, 0.47650624577905615, 0.46791887765421586, 0.4735553282148698, 0.4684616096463858, 0.47172784688426, 0.4665954451934964, 0.4673367446544124, 0.46854443176119936, 0.4642454561065225, 0.45901136728478414, 0.4600627171058281, 0.4576640649169099, 0.4651164132006028, 0.45803554458361045, 0.4542069563678667, 0.45626551000510945, 0.4581953645044682, 0.4571113716445717, 0.4530468764258366, 0.4501488610517745, 0.44213257116429944, 0.4474104242581947, 0.4918769440230201, 0.4594128783427033, 0.4447867047845149, 0.44450338739974826, 0.43849241046928894, 0.45938970411525054, 0.4400816479442166, 0.4343441819735602, 0.4359632451452461, 0.43525440976315855, 0.4374349082217497, 0.4292277308071361, 0.4316466222791111, 0.4622981875550513, 0.4475166138772871, 0.4343884711464246, 0.43013640580808415, 0.4279073571749762, 0.42171916263360604, 0.4271098258448582, 0.4303017410577512, 0.4221823133674322, 0.44556916987194733, 0.4349881057061401, 0.4242280544895752, 0.4184797505537669, 0.4196929448083335, 0.42173024369221107, 0.42170940485655095, 0.41691405019339395, 0.4140101753029169, 0.4129438711439862, 0.40996798814511765, 0.4091676251561034, 0.4127984415082371, 0.41175406689153, 0.40416930995735467, 0.4396427113051508, 0.4276588491949381, 0.4002499993817479, 0.401315531456003, 0.44656749858575706, 0.40772337524914276, 0.4043730165736348, 0.39974145912656595, 0.4005243507962601, 0.3984028759832476, 0.4004417472318107, 0.40042441732743206, 0.39315931864228904, 0.3962744104803777, 0.39510449708676804, 0.39435931528900187, 0.39834675002916187, 0.3941088726415354, 0.3962377886853966, 0.39436620181682064, 0.39215212183840137, 0.3833322763150814, 0.3870690260447708, 0.38628023015517815, 0.38782108093009277, 0.38960449339128006, 0.3893870886634378, 0.38297420104636865, 0.39036509160901983, 0.3944358058712062, 0.4189869331962922, 0.39901555373388176, 0.3808133710248798, 0.3785721620216089, 0.3764161667695232, 0.381975228879966, 0.37039270222771403, 0.37513311762435764, 0.37604938725046083, 0.37214460516092823, 0.3704039108227281, 0.38053445430362925, 0.369797784177696, 0.3726004274452434, 0.3719567134976387, 0.37184324436912347, 0.3699585205199672, 0.3696685829291157, 0.3703794559719516, 0.3677922493102504, 0.3671742642627043, 0.3655197246401918, 0.3600696278553383, 0.3614992851427957, 0.35754804357009773, 0.3655718193919051, 0.3652697661343743, 0.3593184609039157, 0.35809141178341475, 0.35379881587098627, 0.35766884260902215, 0.352546005126308, 0.35431260381843527, 0.35785643434992026, 0.35726172696141634, 0.35694312917835574, 0.3539849750551523, 0.34980153993648644, 0.3514282967822224, 0.3505027999772745, 0.3547460869246838, 0.34962223426384087, 0.35063648998152974, 0.35114796708027524, 0.3427314923382273, 0.35092244954670176, 0.3429655836639451, 0.344622935880633, 0.3420422037734705, 0.3424270642446537, 0.3399996782342593, 0.3450436370045531, 0.34246280161189097, 0.3372330560403712, 0.3341391694312002, 0.33671585178258373, 0.342444462519066, 0.33273212173405814, 0.333614295019823, 0.331538857198229, 0.33584674973698225, 0.33683717002471286, 0.33415038752205234, 0.3341664866197343, 0.3289145900338304, 0.32793070697316934, 0.3337159124659557, 0.331702140324256, 0.32893435306408825, 0.3249073268151751, 0.33072672170751233, 0.3237931912436205, 0.32585521130000844, 0.3255320380569673, 0.3249549818973915, 0.3227317936572374, 0.3275194752450083, 0.326574674570093, 0.3247633124245148, 0.3219654793832816, 0.3190274362762769, 0.32852284814797195, 0.32207994367562087, 0.3227199853635302, 0.3202062383586285, 0.31979993102597254, 0.3196866607987413, 0.31316518126165166, 0.31599774547651704, 0.31989003571809504, 0.31599347147287105, 