{"task": {"lambda": 0.5, "alpha": 3, "lr": 1e-06, "wd": 1e-05, "bits": 32}, "result": {"earlyStop": true, "loss": [2.7992699008946325, 2.3865340270248114, 2.083238841271868, 1.9208707812370038, 1.837488173269758, 1.7350833103352903, 1.6909339287701775, 1.6496715919644225, 1.5836778622047574, 1.5553723126649857, 1.523147185643514, 1.4975872694277297, 1.4723034769881005, 1.45931695839938, 1.4371919439119452, 1.418944985258813, 1.3965670758602666, 1.3738337553599302, 1.37465037317837, 1.3534453969960119, 1.335422749320666, 1.3304637766936247, 1.3185391110532425, 1.2995262128465317, 1.3013882350687886, 1.2877348570847045, 1.2725565559139438, 1.2687717004149568, 1.2975744955679949, 1.2491843437447268, 1.248522487925548, 1.2381358377489389, 1.2428786079673206, 1.230239571309557, 1.2575289408365886, 1.220403469660703, 1.2330729248476964, 1.2433353019695657, 1.2001607584602692, 1.1915190871439727, 1.1953771193237865, 1.1858297568910263, 1.1811846538501627, 1.1832268363704868, 1.2092977434981103, 1.1830417315165203, 1.163012017806371, 1.160967397923563, 1.161823004191997, 1.1563187457767188, 1.1421348619110443, 1.1396922607924425, 1.1487064139515746, 1.1411641839088178, 1.1335682985829372, 1.1299514419892256, 1.1361953078531752, 1.1289916935504651, 1.1200023208763086, 1.1181261594973357, 1.117852833925509, 1.113551360134985, 1.1128535469373066, 1.131502096559487, 1.1481881141662598, 1.1203582859506793, 1.0924384252113455, 1.098735840881572, 1.0913824696166843, 1.082785495648197, 1.0877343933371937, 1.0883396440276913, 1.0883065687090743, 1.0844941998229307, 1.0792983834650003, 1.0848493137780357, 1.0747784437502133, 1.0753859772401697, 1.0731864180050643, 1.0693319007462145, 1.090218186378479, 1.0683466301244848, 1.0652302842514187, 1.053863593468479, 1.0514791502672083, 1.0509826564321332, 1.0537021294528364, 1.077852367186079, 1.0477356714945214, 1.0419820845127106, 1.0467172066370647, 1.0518006942435807, 1.0352304934286605, 1.033498411377271, 1.044793146498063, 1.0335516929626465, 1.031095326531167, 1.0427498810139357, 1.031214085571906, 1.0385507146517436, 1.0230486071577258, 1.031302384301728, 1.0217066214365118, 1.0350909011036742, 1.0154045021124916, 1.0141768648343927, 1.0182953418469896, 1.007966559307248, 1.0183847306990157, 1.0145507086725796, 1.0120148372416402, 1.0008495426645465, 1.0023668081152672, 1.0048275461383895, 0.9999479560875425, 1.000438452351327, 0.9913339445403978, 0.9945029046605615, 0.9929459767014372, 0.9912496158013157, 0.985423861765394, 0.9962909163213244, 0.9930472002894271, 0.9803956460719015, 0.9834899487448674, 0.9819737427374896, 0.9889567307397431, 0.9831905294867123, 0.9844407965155209, 0.9733238345852085, 0.9725625626012391, 0.9704949642513313, 0.9734739167433158, 0.9690892205518835, 0.9737968532478108, 0.9594483121353037, 0.971577274740911, 0.9688910815645667, 0.9651841205709121, 0.9617769276978922, 0.9586794320859161, 0.9663139914765078, 0.9530651458338195, 0.9523503096664653, 0.9523369243331984, 0.95482810513646, 0.9528549433338875, 0.9455891543743657, 0.9465131227876625, 0.9505653369660471, 0.9377613277996287, 0.9378648546396517, 0.9384109263910967, 0.9404428455175138, 0.9427772203789038, 0.9409901350736618, 0.9397489685638278, 0.9334657408443152, 0.9318124856434616, 0.9282087818080303, 0.9312934147961, 0.9361837833535438, 0.930021180826075, 0.9247178866290579, 0.9281851777843401, 0.9244625007405001, 0.924066523418707, 0.9210590784456215, 0.9305834875387304, 0.9196409708728978, 0.9213365854001513, 0.9190947579986909, 0.9176488670648313, 0.9140235530395134, 0.9090305049629772, 0.9172757186141669, 0.9135239974540823, 0.9083648394135868, 0.9081148712658415, 0.9086731502822801, 0.9084069828192393, 0.9328860780772041, 0.9082187763323971, 0.90039489578967, 0.895253636673385, 0.8920733881931678, 0.8947004468417635, 0.9495846933009577, 0.8942237665840224, 0.8943716585636139, 0.9038253534658283, 0.894599919517835, 0.8937975480860355, 0.8852218322309793, 0.9245554828176311, 0.8934624829128677, 0.8954636388841797, 0.8924465794481483, 0.8950932087267146, 0.8865896323147942, 0.8860531753184748, 0.882189138701149, 0.8889299289268606, 0.8838352785975325, 0.8787819784061581, 0.8830355890825683, 0.8786855240662893, 0.8801998572022307, 0.8829224366767734, 0.873224079024558, 0.8817586735183117, 0.8753643129386154, 0.8693730049565727, 0.872775795851268, 0.8735627935213202, 0.8733149185484531, 0.8711824101560256, 0.8662396234040167, 0.8711335279193579, 0.8767532811445349, 0.8643309608394024, 0.860493111259797, 0.8581274668960011, 0.8588339265655068, 0.8596256756607223, 0.8588492560620401, 0.8917302950924518, 0.8607197827568241, 0.854536807420207, 0.8558040395671246, 0.8590757186506309, 0.8540902520511665, 0.872498377865436, 0.8533752914152893, 0.8533403701057621, 0.8521240333131715, 0.8468334216113184, 0.8547661235811663, 0.845766143471587, 0.8526491686409595, 0.8453590197890413, 0.8443462907099256, 0.8402359009373421, 0.8441896190245947, 0.8353060137699632, 0.8505856143493279, 0.8352923320204604, 0.8363455364517137, 0.8374812042011934, 0.8413967268139708, 0.8392143493481711, 0.8284779205626133, 0.8363014956315359, 0.8360369766459745, 0.8298434550855674, 0.8326460318822487, 0.8315944522619247, 0.8306986724629122, 0.8227293085233838, 0.8312381704648336, 0.8267250417494306, 0.8225421613337947, 0.826360232981981, 0.819862516487346, 0.8214064316422331, 0.8281072252521328, 0.8266416221272712, 0.8226165812389523, 0.8155310031245736, 0.8517372070574293, 0.8158638430576698, 0.8111995911481333, 0.808031774180777, 0.8187672840613945, 0.8137491900546878, 0.8119334724603915, 0.8158963486260059, 0.8171320373521131, 0.8006242382175782, 0.8105226942137176, 0.8088580783383519, 0.8034203233672124, 0.8055061978452346, 0.8040039492588417, 0.8021998364551395, 0.8065813804666201, 0.8004909030654851, 0.7959544348950479, 0.8001892122567869, 0.8012568421807944, 0.7973600421466079, 0.813628166329627, 0.7982976438075888, 0.795658391772532, 0.7962554456556544, 0.7980798915320751, 0.7927241313691232, 0.7921697368808821, 0.7988021543212965, 0.7935105985870549, 0.7928735884089096, 0.7949393508481044, 0.7943940729487176, 0.7861510556118161, 0.7832347578277775, 0.7897828063544106, 0.7933402306893292, 0.7807238794424954, 0.7848609694663216, 0.7866778712646634, 0.7860849096494562, 0.7814129057760332, 0.7842091514783747, 0.7787782094057869, 0.8184801223231297, 0.7755641647998024, 0.7754182166912976, 0.7781148661001056, 0.781550962843147, 0.7751891262391034, 0.7779611080300575, 0.7737020955366247, 0.771695542569254, 0.7751100983689813, 0.7701287015396006, 0.7730576496790437, 0.7651587680858725, 0.796178353767769, 0.7652095372185987, 0.7658367627391628, 0.7640393633468479, 0.7678696349555371, 0.7621103040143555, 0.7638597628649544, 0.7606100191672643, 0.7612375920894099, 0.7636629202786613, 0.7639105866352717, 0.7632015020239586, 0.7639411096187199, 0.7528165565694079, 0.7643931797322105, 0.7783942783580107, 0.7505758913124309, 0.7559246266005086, 0.7550954456422844, 0.7561563995538974, 0.7541125416755676, 0.7513678740052616, 0.7569269257433274, 0.7526314372525496, 0.7533796309840446, 0.7459047863296434, 0.7545913814329633, 0.7446972420986961, 0.7482488625774196, 0.751099096355485, 0.7450586909464761, 0.748950379151924, 0.7451877867182096, 0.7422590109647489, 0.7481103802428526, 0.7484583054103103, 0.739166121856839, 0.7468505592322817, 0.7381101925583446, 0.7442431505404267, 0.7403482172419044, 0.7351772288481394, 0.7364932937072772, 0.7350238409696841, 0.7422267292060104, 0.7331186620628133, 0.7388987035727969, 0.7376712420407463, 0.7368469314247954, 0.7322854475647795, 0.7579591718374514, 0.7282825077281279, 0.7279085246663467, 0.7309857092651666, 0.7332590795030781, 0.7244719998801455, 0.7311249126990637, 0.7317429661166435, 0.7221366421264761, 0.7242364106225032, 0.7232928267296623, 0.7274148814818439, 0.7187221882974401, 0.7384445293276918, 0.718288040044261, 0.7251550115498842, 0.7172963505282122, 0.7289124394164366, 0.7286276951724407, 0.7237773528870415, 