{"task": {"lambda": 0.5, "alpha": 5, "lr": 1e-05, "wd": 0.0001, "bits": 32}, "result": {"earlyStop": true, "loss": [2.4490769590232886, 1.9232121776132023, 1.7929086170944513, 1.7323627851757348, 1.6798095615471111, 1.6196920962310304, 1.5865179136687635, 1.57007320079149, 1.531489256550284, 1.5067844259388306, 1.4865146039747725, 1.460120590878468, 1.4312561878971024, 1.4204033006932222, 1.3977912778363508, 1.377444095471326, 1.3578548454770856, 1.3439534604549408, 1.3428425543448503, 1.3259150572851592, 1.3096883650503905, 1.3167024582040077, 1.2963897422248243, 1.282912537309469, 1.2645281152982337, 1.2616570361104666, 1.246439241603309, 1.294064676060396, 1.2379506654014774, 1.2887237153801263, 1.2246013161014109, 1.1889599398070692, 1.1846037688208562, 1.1927946256656272, 1.181350571267745, 1.1557077035015704, 1.150493646369261, 1.153361791489171, 1.1428096896293116, 1.155165180271747, 1.2225334983246, 1.1191348825015275, 1.1051904193910898, 1.1009259457681693, 1.0916457182052088, 1.0797522208269905, 1.079038721527539, 1.0599748454257554, 1.0546750817813126, 1.04810160632227, 1.0447092231582193, 1.031949028080585, 1.0233594421662537, 1.0064806090850456, 1.0272930568339778, 0.999339209467757, 0.9901754049693837, 0.9748086159427961, 0.9802655656548107, 0.9622064101345399, 0.9576284020554786, 0.9621705103154276, 0.9420578693057976, 0.9499403892778883, 0.9353918637715134, 0.930973422731839, 0.9146737111549751, 0.9145963022521898, 0.9055759465577555, 0.9017675811169195, 0.8874466062760821, 0.8855543840749591, 0.8786994977032437, 0.8938324632597905, 0.8714209371337703, 0.8655308672026092, 0.8508117333346722, 0.8447822688841352, 0.8385773816821622, 0.837545237996999, 0.8377437132830713, 0.8372283081213633, 0.823609172567433, 0.8130892556087643, 0.8078562778000739, 0.8095152962441537, 0.7965775831949478, 0.7911424338817596, 0.7874300097133599, 0.7892007995762077, 0.774709754568689, 0.7777410421301337, 0.7665285146703907, 0.7657859974047717, 0.761966690713284, 0.7577749841353473, 0.7414004107316335, 0.741211776639901, 0.7461117653577936, 0.7366649540616017, 0.7275301052951345, 0.7348938356427586, 0.7170237314467337, 0.716846922595127, 0.7150197476148605, 0.709898320775406, 0.735216825616126, 0.703525634080756, 0.688373862090064, 0.6963194211324056, 0.7349680773183411, 0.7076959849572649, 0.6740343855584369, 0.6771207276512595, 0.6785794140077105, 0.6766911891161227, 0.6658352619292689, 0.6660813981411504, 0.6663041224374491, 0.66030599732025, 0.6585669704512054, 0.6500580877650017, 0.6484143836241142, 0.6427988978285416, 0.6471575375865487, 0.6458980487842186, 0.6855765025989682, 0.6495164077655942, 0.6239502524920538, 0.6223794037804884, 0.6245629943030722, 0.6273576956169278, 0.6232039237431451, 0.6137157536897004, 0.6149108962101095, 0.6089441224056131, 0.6042801059928595, 0.6042453316496867, 0.5981326395390081, 0.5904543639398089, 0.5897680899383975, 0.5963905462447334, 0.5852266088420269, 0.582123904105495, 0.5819595295424554, 0.582748604463596, 0.5769243953274745, 0.5747344813802663, 0.6205020751438889, 0.5903394244172994, 0.5646425403800666, 0.5649555588469786, 0.5620564295380723, 0.5440988761245036, 0.5528900303384837, 0.5546386896395216, 0.5501072059075037, 0.5446386796002295, 0.5452885370628506, 0.5457443954313502, 0.5356869329424465, 0.5478794098484749, 0.541303764371311, 0.5317249483629769, 0.5327067021645752, 0.5302765413242227, 0.5250024745861689, 0.5184312138487311, 0.5225272596466775, 0.5128192200380213, 0.5104755781152669, 0.5173376845378502, 0.5158834463241053, 0.5078954655750125, 0.5130339679764766, 0.5026824057978743, 0.5041003744391834, 0.4977591534455617, 0.5065773141150381, 0.49829475260248374, 0.4971633480460036, 0.4922802762365809, 0.4900665657193053, 0.4889676268486416, 0.4837041102788028, 0.4891602044888571, 0.4868982805340898, 0.4808049155216591, 0.4796065089164996, 0.47393103221467897, 0.47503207594740626, 0.4747758528181151, 0.4731455641049965, 0.46660683406334297, 0.468011622773666, 0.467754787820227, 0.46333608191971687, 0.4632195113044159, 0.4596009876798181, 0.4632836352376377, 0.45208511881384195, 0.46018389057294995, 0.45220672061630324, 0.4495827602405174, 0.4458549756045435, 0.4525432148400475, 0.44347336450043845, 0.4466022679618761, 0.4414951818830827, 0.4389568178677091, 0.4371623095928454, 0.4363561183506367, 0.441396349493195, 0.43990153600187865, 0.43236995736757916, 0.43342430100721474, 0.4345438094700084, 0.42901453025200786, 0.4197905669901885, 0.4274029365065051, 0.42715703126262217, 0.43511563305761297, 0.43120919167995453, 0.426387498776118, 0.42072165246103327, 0.41917721839512095, 0.4222743850128323, 0.413988169940079, 0.4135742102767907, 0.4172076766981798, 0.4169149182590784, 0.4141816534832412, 0.4099874429258646, 0.41110475332129237, 0.4068436698586333, 0.406664925755239, 0.4088030489636402, 0.4026550010723226, 0.4054513813233843, 0.40007014791755113, 0.40206774952364904, 0.40236518196031157, 0.40187526129040063, 0.38910411035313325, 0.3946787405247782, 0.3986341105956657, 0.40150488942277196, 0.38598257376282824, 0.3849461511069653, 0.3912306863303278, 0.3840581622778201, 0.38870274494676027, 0.3864063166227995, 0.3901198034485181, 0.3857458359470554, 0.3844844205122368, 0.38412485899878485, 0.3815876206054407, 0.41829544247365463, 0.3887714255674213, 0.3760146641848134, 0.3720961687903778, 0.36805067620441023, 0.3702191763064441, 0.3773533137989979, 0.3645754190636616, 0.37122994179234786, 0.37105076774662615, 0.37064840717642916, 0.3706985089708777, 0.3683742693826264, 0.3626202537732966, 0.37020405864014344, 0.36490312832243305, 0.36588376906572606, 0.362276841758513, 0.36279523197342367, 0.3598940866250618, 0.36143268586373795, 0.3587558593820123, 0.3601372474256684, 0.3624699184415387, 0.3608297073081428, 0.3573242753159766, 0.3517489725468205, 0.3535616891641243, 0.3524463010184905, 0.3492322131699207, 0.3514600638665405, 0.3467039150350234, 0.34212756536754907, 0.34647314425776987, 0.34648767376647277, 0.34491396709984423, 0.34980250573625754, 0.346086099013394, 0.3667129833324283, 0.35828757811995116, 0.3440641347391933, 0.3363049160323891, 0.3408328940471013, 0.3337809760488716, 0.3426629182170419, 0.3349536853093727, 0.3396889456346923, 0.3600173499069962, 0.3538763365324806, 0.3328329374392827, 0.39603586933192086, 0.3658774379713863, 0.3374334177842327, 0.3347027839398852, 0.33358367269530015, 0.3283045134123634, 0.33240681974326863, 0.32534102160556644, 0.3274916239521083, 0.3296097312487808, 0.3324098243725066, 0.33108717349230077, 0.3280012061198552, 0.33127349293699454, 0.3250723606815525, 0.3229023777678901, 0.3260678982033449, 0.3287627325922835, 0.3277769386768341, 0.32451335443001167, 0.3282572483899547, 0.32231342149715797, 0.31975315416268274, 0.32114329802639346, 0.3216938338443345, 0.3212296711463554, 0.3189682799811457, 0.32119482799487953, 0.35551389175302844, 0.3266779038251615, 0.3170645453181921, 0.31634339953170104, 0.3126642090432784, 0.3137041878174333, 0.3074581130754714, 0.3149835226290366, 0.3124270509271061, 0.30976972539050907, 0.3126848039089465, 0.3062480138797386, 0.3095109491956, 0.3148390076616231, 0.3126902117156515, 0.3070730438419417, 0.30545980381030663, 0.31059429750723, 0.3027879299194205, 0.3022932742594504, 0.30476561247133743, 0.30509519839988036, 0.30357975746486704, 0.30251407053540735, 0.30204081184723797, 0.29903221130371094, 0.30113668564487905, 0.30673247371234147, 0.30169982214768726, 0.29992738190819235, 0.2961500577774702, 0.2969709183363354, 0.296999422796801, 0.2926829594607447, 0.29733191795793235, 0.29327623473078596, 0.2952515126443377, 0.29344984202408325, 0.2921663326959984, 0.2926455809205186, 0.293263713080509, 0.2877642903842178, 0.2916943024770886, 0.28809166509731143, 0.2920973292168449, 0.29237699245705323, 0.29257895636792275, 0.28958744102833317, 0.2941063424828006, 0.28522569437821704, 0.27908474265360367, 0.2862377365430196, 0.283911792817069, 0.28178250789642334, 0.2840295921938092, 0.28337835374416087, 