{"task": {"lambda": 0.5, "alpha": 5, "lr": 1e-06, "wd": 1e-06, "bits": 48}, "result": {"earlyStop": true, "loss": [4.392998559802186, 3.617199376517651, 3.2337784381473766, 2.9894601831249163, 2.8251665275470885, 2.7087196509043374, 2.595106938306023, 2.51553067009823, 2.4420984410772135, 2.3785321677432343, 2.3605193741181316, 2.31475053581537, 2.246001832625445, 2.207466410947781, 2.201713540974785, 2.1471991208838483, 2.131220435102781, 2.1199753041945253, 2.0854212957270004, 2.061610548227441, 2.0317713080667983, 2.0223640846271143, 2.009417359443272, 1.9791744436119116, 1.9560581141827154, 1.9516756032027451, 1.9313170568031424, 1.9170175884284226, 1.9029783416612476, 1.9258524670320398, 1.8590389899179047, 1.8508036829092924, 1.8514941939536262, 1.8426530337801166, 1.8303452639603148, 1.8310882168657638, 1.8404382677639233, 1.807730443629564, 1.8218412469415104, 1.7971292444888283, 1.7795040026014926, 1.7892434956396328, 1.7586615252144195, 1.7592234316409803, 1.7593840173646516, 1.74128057763857, 1.741055392459327, 1.7535081114254745, 1.7268057234731375, 1.7260420500647788, 1.7677998425913792, 1.709249379003749, 1.7326788037431007, 1.6891622356339997, 1.7017739984919042, 1.6862790526128282, 1.6860572672357745, 1.6738147037286384, 1.6971528495059294, 1.6767786896111918, 1.6568942891032088, 1.6723233017266965, 1.6549361929589628, 1.6578485471945184, 1.6513486364308525, 1.6453362212461584, 1.6378921866416931, 1.6398659044621038, 1.6278449460571887, 1.6357807832605697, 1.6322351682419871, 1.6184261593164182, 1.6176638065599929, 1.6082638703724916, 1.683634171298906, 1.6045747948627846, 1.5949975556018305, 1.596038004639102, 1.595140467671787, 1.5835883114852158, 1.5856499756668128, 1.5827977303780763, 1.5764372860099756, 1.574274354997803, 1.574913204592817, 1.5736967862821092, 1.5674955614057242, 1.558980169249516, 1.574545512012407, 1.5515354716894674, 1.556744547159064, 1.5486796825539833, 1.5916250196157717, 1.5487119660657995, 1.5459861206073386, 1.522844216695019, 1.5568457748375686, 1.5285980277786069, 1.536698246995608, 1.5298461972498427, 1.5228764610547645, 1.5316766228745966, 1.5259518436357087, 1.5183208079314698, 1.5151518069061578, 1.5135539267577378, 1.5040269704426037, 1.5060223402345883, 1.5119479707643098, 1.5043930133768157, 1.5012129647474663, 1.525686458045361, 1.500373177376448, 1.4961457448262794, 1.486731548811875, 1.5067443684035657, 1.4834844753438352, 1.4793545308650708, 1.4779691666949029, 1.468945574818873, 1.4736003586474586, 1.4732575042575013, 1.4691284529718698, 1.4636052621930253, 1.4523700320837545, 1.460825661526007, 1.4472841842501771, 1.4517643194572598, 1.4552661498972015, 1.464097005479476, 1.4583600584198446, 1.4443546849138595, 1.4448383041456634, 1.4349689834258135, 1.437937598310265, 1.428696432534386, 1.4421516738685907, 1.4378138649113037, 1.4221803510890287, 1.4268699206557929, 1.4238434781630833, 1.4258549192956849, 1.4321563278927523, 1.41593051015162, 1.4064095071425624, 1.4206400230234744, 1.4113860995161767, 1.408126470797202, 1.4165878082607306, 1.4705207044003057, 1.396271667936269, 1.4059847149194455, 1.4026934869733512, 1.4006501187880833, 1.3948971065236073, 1.3958003798536225, 1.386939878265063, 1.3883000378515207, 1.3803694730295855, 1.3814616971740536, 1.3747540969474643, 1.387521658165782, 1.432207836824305, 1.3840267293009103, 1.3746247627571517, 1.371269115630318, 1.3741975710088132, 1.3781128403018503, 1.3714005742587296, 1.365886112054189, 1.3646013836065929, 1.3787027316934921, 1.3622113475028206, 1.3560172120730083, 1.3627850836982913, 1.3469970877848418, 1.3544406385398378, 1.3470243656752157, 1.3463881226146923, 1.3394171712445277, 1.3399810729657902, 1.3505444772103254, 1.3484805404555564, 1.346686497038486, 1.344619666536649, 1.3436011111035067, 1.3383774716480106, 1.3595420297454386, 1.3305671659170413, 1.3215198411661035, 1.318328157067299, 1.3232341338606441, 1.3195692413285667, 1.3423581754460054, 1.32975806880231, 1.317963237563769, 1.3206604096819372, 1.3170238765431386, 1.3150690779382108, 1.3081721602117313, 1.3130767789541506, 1.3045728630294986, 1.3085273396150738, 1.3102588221138598, 1.3014111150713528, 1.3021417821154875, 1.2994338934328042, 1.3037619602446462, 1.3081964117054845, 1.3081614211493848, 1.2883446552589828, 1.2887749090498568, 1.2982428740052616, 1.3192353377155228, 1.2882155831537994, 1.2816825114628847, 1.2880520654075287, 1.2974524486298655, 1.2747039207640816, 1.2674756856525646, 1.3552177466598212, 1.278738742949916, 1.277401295654914, 1.2861039194406247, 1.2821323024291618, 1.2670796069444394, 1.2808735119361503, 1.2564166901158351, 1.27478429865019, 1.268810488429724, 1.263195593859635, 1.263904646039009, 1.25838252858204, 1.284599480675716, 1.2645950530673944, 1.2525488944614636, 1.2504515501798368, 1.2555280108662212, 1.2508949359842376, 1.2501999870234846, 1.2568826044307035, 1.270061947551428, 1.2490203859759312, 1.238634093135011, 1.2476754515778785, 1.2533955702594681, 1.2361086864097446, 1.2453396733777196, 1.248461330930392, 1.234565247799836, 1.2374201977954191, 1.24113903121621, 1.2418728083664297, 1.2260518120784385, 1.2327772662335752, 1.2311538881530948, 1.2247575127026613, 1.2288528496728224, 1.2232337764957373, 1.227494234255716, 1.2476761165787191, 1.2242841104082032, 1.205560221099386, 1.2259986520397896, 1.216722998841136, 1.2144031293836295, 1.2120237131329143, 1.2233768827190585, 1.203576736298262, 1.2076823392919465, 1.2056687015528773, 1.2159050688439725, 1.2126356760660808, 1.2261438615181868, 1.197998565055576, 1.2083747728782541, 1.1948878873212665, 1.2027611092609518, 1.2037652076459397, 1.1951281752656489, 1.1946527662814832, 1.249334710485795, 1.1879427384804278, 1.1990299384091414, 1.1983692774585648, 1.1926408988587998, 1.1928783482780643, 1.192196517890575, 1.1830608450314577, 1.1980391527507819, 1.1988711754480998, 1.18456451244214, 1.1889767716912663, 1.1894493871459775, 1.1922379837316626, 1.1857507594075858, 1.1691016385368271, 1.2170201960731954, 1.1781705075911446, 1.168454172564488, 1.174667531368779, 1.1738867233781254, 1.169328463135981, 1.1738030013500476, 1.1770411767795974, 1.1699905889291389, 1.1804832336949367, 1.159112292177537, 1.1628021405023687, 1.161717338889253, 1.1601146737150116, 1.1545754589286505, 1.1608118249797355, 1.1657880007051955, 1.1646602811182247, 1.1581937913216798, 1.1587100027530801, 1.1530502028032845, 1.1555132997386597, 1.158951241011713, 1.155359449339848, 1.1482118841479807, 1.1468808747389738, 1.1495038104407929, 1.1355594836321532, 1.1420590414428244, 1.1450070586859011, 1.1418202881719552, 1.141683470676927, 1.1270487207700224, 1.1513221447958666, 1.1435980145253388, 1.14180029315107, 1.1459045538715287, 1.1411703287386428, 1.1247703780730565, 1.1362341382339889, 1.1363367061404621, 1.129756980082568, 1.1269180213703829, 1.1224783635606952, 1.1276124759631998, 1.1183565036923278, 1.128795268781045, 1.1286771035954064, 1.1487666006181754, 1.1181962650780584, 1.1086280930276011, 1.1120620787728066, 1.1217855282273947, 1.1169656494668885, 1.114403162955069, 1.1221108492098602, 1.112584580685578, 1.1117731481790543, 1.1111569100735235, 1.1203599471379728, 1.1060771848641189, 1.110131085503335, 1.1066866858917124, 1.097975580423486, 1.1062317981439478, 1.1084343601091236, 1.1052265725299424, 1.1004390377624362, 1.1079275339257484, 1.0971308467434902, 1.0990662013783175, 1.10069851548064, 1.0927543914785571, 1.092369157017446, 1.0909465864008547, 1.0995934403994505, 1.1016055801335503, 1.0918659836638207, 1.090334096083454, 1.0848856057022132, 1.0872068592146331, 1.08964669908963, 1.0900382048943464, 1.0854419224402483, 1.0866948214231753, 1.0815558909785514, 1.0866577423670714, 1.0836026537067749, 1.078627549257933, 1.0836480037838805, 1.0849026873999952, 1.0641073184270484, 1.0835983262342566, 1.0825658496104034, 1.073209890255741, 1.073443805470186, 1.071973542226296, 1.079580938407019, 1.066792862672432, 1.0581022427946913, 1.0611984484335955, 1.0649995146428837, 