{"task": {"lambda": 2, "alpha": 5, "lr": 1e-05, "wd": 1e-06, "bits": 32}, "result": {"earlyStop": true, "loss": [3.0247879390623056, 2.4365372050042247, 2.2657437283618775, 2.182944611007092, 2.1088451678846396, 2.084511081377665, 2.0254453186895334, 1.9845865690240674, 1.942963374596016, 1.90651956726523, 1.8642416239953508, 1.8589319762061625, 1.825800259323681, 1.7869871761284621, 1.762459969403697, 1.7496452389978896, 1.7239490814653098, 1.7137665736909007, 1.6964369439611249, 1.683220753482744, 1.6435618403495527, 1.6312694263224508, 1.6094359025066973, 1.6121720098981671, 1.5952537188342972, 1.5794386407908272, 1.567229296062507, 1.5369467221054376, 1.5384175356696634, 1.5249506118250828, 1.5127235674390607, 1.491763855896744, 1.4854660256236207, 1.459665569604612, 1.457237017505309, 1.4471156345862968, 1.4343566377373302, 1.4135933226230097, 1.408933750554627, 1.4082614849595463, 1.3871009367353775, 1.3782064260220994, 1.3736724567179586, 1.3600839370605993, 1.3524658270910674, 1.3406242611361485, 1.3262437301523544, 1.3268252494288426, 1.3018671744594388, 1.2967221567443772, 1.2965729680715823, 1.2742538940088421, 1.3293553485589868, 1.2856726547082264, 1.2636240615564234, 1.2400767265581618, 1.2509790366771174, 1.2324217289101844, 1.2401653522369909, 1.2221856502925648, 1.2151929648483502, 1.1962664901625877, 1.1954948405424755, 1.1950885630121417, 1.1852710451565536, 1.1786682728458853, 1.1753480983715432, 1.1805885597771288, 1.1624043876049566, 1.14974319116742, 1.1617008006455851, 1.228894618212008, 1.1498672395360237, 1.134586936118556, 1.1274680056992699, 1.1230973630559211, 1.1101083498375088, 1.1101416261757122, 1.1022804759296716, 1.103575524746203, 1.088517460752936, 1.0892336391935162, 1.087487164665671, 1.073371900062935, 1.0602811130822873, 1.0546980710590588, 1.0696191448791355, 1.0504225837249381, 1.045407634155423, 1.0385916262280708, 1.0455227085188323, 1.0321963283361173, 1.0275739817058338, 1.0272815934583253, 1.0174969154245712, 1.007908133315105, 1.0028871408864564, 1.0022800804353227, 1.0017947630555022, 0.9888435035359626, 0.9905300245565527, 0.9827753112596624, 0.9691541323474809, 1.0145658488367117, 0.9892238676548004, 0.9596246147856993, 0.9633916289198632, 0.9605427834333158, 0.9517989070976481, 0.9485635272428101, 0.9537257435275059, 0.9425821643249661, 0.9380124526865342, 0.9325147201033199, 0.9311365198855307, 0.9248919434407178, 0.9244571436269611, 0.9256628956280503, 0.9173725188947192, 0.9095583116891337, 0.9130596763947431, 0.9013669899865693, 0.9029813741936403, 0.8947849314586789, 0.8923035778251349, 0.8908583387440326, 0.8888071196920732, 0.8736432971907597, 0.8751863042513529, 0.877857949219498, 0.8734949494109434, 0.8628427018137539, 0.8630329008195915, 0.8600654403368632, 0.8645703523766761, 0.8594975442278618, 0.8508545440786025, 0.8443427069806585, 0.8496991197268168, 0.8360159449717578, 0.837934354356691, 0.8368009223657495, 0.8334316868408054, 0.8342878958758186, 0.8256539605996188, 0.8235107905724469, 0.8201827202357498, 0.8142386166488423, 0.811257076906223, 0.8117244331275716, 0.812529549294827, 0.8038302785625645, 0.7924913822435865, 0.8023320757875255, 0.7918317218621572, 0.7918215566406063, 0.794614633508757, 0.7878691711846519, 0.7953664882510316, 0.7834532518012851, 0.7806099515919592, 0.7765649744108611, 0.7825661184741002, 0.7741103277486914, 0.7680661356916615, 0.7713675276905883, 0.8381272063535803, 0.7833960313423007, 0.762360055656994, 0.7606879986968695, 0.7661267361220192, 0.7543609235800949, 0.7651442908773235, 0.7477585834031012, 0.7523394104312447, 0.739016553642703, 0.7480377812011569, 0.7709445404071434, 0.7564989702374327, 0.7440547025671193, 0.7388749376815908, 0.735621804115819, 0.739140051837061, 0.7421509483281303, 0.7300748395569184, 0.7284310530213749, 0.7273532745300555, 0.7316910723845164, 0.7142058114210764, 0.7226301887456108, 0.7264584688579335, 0.7196796662082859, 0.7242606130300784, 0.7152559073532329, 0.7185272428334928, 0.7056967998836555, 0.7120306480164621, 0.710873552105006, 0.7080339205031302, 0.7050478318158317, 0.7029851786061829, 0.6982860179508433, 0.7028266121359432, 0.7324317997577143, 0.708593438653385, 0.6904633956796983, 0.685588873776735, 0.6887148265160766, 0.6855910513915268, 0.6827203336299634, 0.6883820587513494, 0.6784658125218224, 0.6770822782726849, 0.6783340888864854, 0.6839243249565947, 0.6820368801846224, 0.6751493741484249, 0.6747344375825396, 0.66882611840379, 0.6756231007622737, 0.6640877264971826, 0.6639158661459007, 0.666042053232006, 0.6684836704356998, 0.6613398249827179, 0.66345262381376, 0.6510308121933657, 0.6582943522462658, 0.6533148738683439, 0.6553722175897336, 0.651404189712861, 0.6478825290413464, 0.6497373066696466, 0.6481119587140924, 0.6482184359840318, 0.6499476578890109, 0.6478147991732055, 0.6465359447049159, 0.6430430575913074, 0.6379051366273094, 0.639655788155163, 0.6407774774467244, 0.6397873321000267, 0.6266340277358597, 0.628622535981384, 0.6344702021748412, 0.6324719143848793, 0.6285291688114989, 0.6244440522848391, 0.6214710327924466, 0.6241684287202125, 0.6216555418921452, 0.624081062335594, 0.623521571358045, 0.623666772071053, 0.6186230130055371, 0.6132323365001118, 0.6190491289484734, 0.6180485305832881, 0.6068478314315572, 0.6095834234181572, 0.6055261332030389, 0.6056660442960029, 0.6069438685389126, 0.6004325110538333, 0.6017208607757792, 0.6035612915076461, 0.6041208669251087, 0.599843304531247, 0.6088106310835072, 0.5965967406244839, 0.6002275411989174, 0.6010752770246244, 0.5878845681162441, 0.5959118429352256, 0.5863136278063643, 0.5919360021750132, 0.5912874586441937, 0.5888959198605781, 0.5898048696564693, 0.5832128312950041, 0.584951309596791, 0.5810959724818959, 0.5828571804598266, 0.5834327331360649, 0.582145960891948, 0.5772077680802813, 0.5775111007924173, 0.5833760201931, 0.5764589432407828, 0.5809374971717012, 0.5746599237124125, 0.5754064812379724, 0.5636778029741025, 0.5662461969197965, 0.5715581914957832, 0.5737905514006522, 0.5689870101564071, 0.5641700011842391, 0.5619665910215939, 0.5657446495458192, 0.5626439937189514, 0.5618085732647017, 0.5751259677550372, 0.5576119621594747, 0.5628509427986893, 0.5539579035020342, 0.5583255866578981, 0.5644515618389728, 0.5603817759775648, 0.5505854954906538, 0.5514126735575059, 0.5539921744197023, 0.554463093771654, 0.5545899797888363, 0.5478623199696634, 0.5437929051763871, 0.5486744198144651, 0.5532108925136865, 0.5509514510631561, 0.5468068713066625, 0.5453220284452626, 0.5429927695031259, 0.5415986840631447, 0.548896913434945, 0.6049217231133405, 0.5608434215480206, 0.5478561263458401, 0.5355097861850963, 0.5282811296044612, 0.5320916006378099, 0.5337545941857731, 0.5402523588900473, 0.5337674115218368, 0.5357142090797424, 0.5354022231756472, 0.5303726827397066, 0.5312370438786114, 0.5317297335348877, 0.5301558711365157], "map": 0.7828964701576142}, "time": 718.6020653247833}