{"task": {"lambda": 1, "alpha": 1, "lr": 1e-05, "wd": 1e-05, "bits": 32}, "result": {"earlyStop": true, "loss": [1.1075346943210154, 0.9450756872401518, 0.8744074702262878, 0.8410245221035153, 0.8075837656563404, 0.7910375671059477, 0.7687285624298394, 0.7536389582297381, 0.7353855792213889, 0.7303722080062417, 0.7116623199453541, 0.6993857850046719, 0.6926700542954838, 0.6806195647108788, 0.685811484561247, 0.6647304679248848, 0.6508297660187179, 0.6399019164781944, 0.6370328962802887, 0.6309183760016572, 0.6265255914014929, 0.6186237437467949, 0.6071958302282819, 0.5991639909791011, 0.5929009496581321, 0.5886509976550645, 0.580069737107146, 0.5790177741471458, 0.5706377362503725, 0.5694342676331016, 0.5724137571512484, 0.5613916662393832, 0.5858503819680682, 0.5487528630331451, 0.536971891043233, 0.5537822322518218, 0.5369579508608463, 0.5285442863024917, 0.5215656327850678, 0.5219771721783806, 0.5133236699244556, 0.5171887892134049, 0.5147983151323655, 0.5047092843873828, 0.4984521030210981, 0.5005437679150525, 0.4939831360882404, 0.4938615782588136, 0.48522774436894583, 0.4817243861217125, 0.47622282306353253, 0.47359831192914176, 0.4712973435719808, 0.4754011473234962, 0.47785092335121304, 0.46282876765026765, 0.45871541196224735, 0.4512890998054953, 0.45002827749532814, 0.4470886470494317, 0.43884695014532876, 0.44062192387440624, 0.43701300258729975, 0.43359559482219173, 0.4335610410746406, 0.43031487014948155, 0.4282112594913034, 0.417816449760222, 0.4169513802318012, 0.4153878595314774, 0.41025392214457196, 0.4252496005273333, 0.4135279386651282, 0.4145357433487387, 0.4526469263375974, 0.4049115207265405, 0.3976433839575917, 0.39002855560358834, 0.3933295847154131, 0.3908120750212202, 0.3892944170271649, 0.38714563642062394, 0.38583008711244543, 0.3825651775388157, 0.38415807894631926, 0.38015682060344547, 0.3757096932214849, 0.3733443319797516, 0.37262722908281815, 0.37208885129760294, 0.3665766678020066, 0.36809764744019974, 0.36503372706618964, 0.3635749702944475, 0.3580220686454399, 0.3530127505461375, 0.3579435535505706, 0.351906143859321, 0.3547848597461102, 0.35209497458794536, 0.34667091655964943, 0.3452306240797043, 0.34777852366952333, 0.3412051741399017, 0.336420668982992, 0.3381725313032375, 0.334688699128581, 0.3321491745757122, 0.3335864638873175, 0.32884275241225375, 0.33065925421668035, 0.32761476145071144, 0.32481886300386165, 0.324451318266345, 0.32058798857763704, 0.32302286928775265, 0.31845299081475126, 0.3196168945116155, 0.3150835656652264, 0.34609728642538484, 0.3240065390572828, 0.3140343150087431, 0.3073062367883383, 0.31336957946711896, 0.30835364671314464, 0.30829709446897696, 0.3055637846974766, 0.30174460714938595, 0.3011976357768564, 0.3030855401473887, 0.2992724801103274, 0.3156515076464298, 0.3083072497564204, 0.2973293837379007, 0.29681827916818504, 0.2918368351517939, 0.29333798178270754, 0.29204686555792303, 0.2913961615048203, 0.29176824349983066, 0.29163796147879434, 0.2894200440130982, 0.2879243116168415, 0.28647824625174206, 0.28569500440475987, 0.2845560233382618, 0.2816561589054033, 0.2795865488987343, 0.27960488959854723, 0.2806232247282477, 0.2772829637807958, 0.2801006921366149, 0.27684422246381346, 0.2754037519003831, 0.2749343523207833, 0.2708757172028224, 0.27049050699262056, 0.2731882795399311, 0.27448733355484756, 0.2685952535739132, 0.26911015691710455, 0.26680360705244777, 0.2660582974260929, 0.26700174136489047, 0.2620814831233492, 0.26172831566894755, 0.26081042868249554, 0.2620738402885549, 0.2631515270354701, 0.2590591770176794, 0.25669903439633984, 0.2619493267699784, 0.25842170578007606, 0.25685906293345434, 0.2558540164255628, 0.2610162651421977, 0.25573360773862575, 0.25336525457746845, 0.25340890679873673, 0.24990579631983065, 0.25177061528551814, 0.24900718354711346, 0.24775430896118575, 0.2493716755918428, 0.24913748193020915, 0.24737965856112687, 0.2452787597681962, 0.242708886663119, 0.24442028005917868, 0.24326878815305, 0.24064169006020414, 0.2426693414648374, 0.2415723225065306, 0.23982575112113766, 0.2607419636904025, 0.2549010085708955, 0.2379160252418004, 0.2385424229444242, 0.23901248767095454, 0.2368492516232472, 0.23709203185988406, 0.23768308218203338, 0.24380630108655668, 0.2411802750007779, 0.23582307848275877, 0.23224241593304804, 0.2373703291603163, 0.23457728589282317, 0.23201864198142408, 0.23190614902505688, 0.23064936639047137, 0.2303567327120725, 0.22794489913127003, 0.22935435804081897, 0.23193654651735343, 0.2279446285729315, 0.23358383102744235, 0.23197428648378335, 0.2275149687832477, 0.2256845121874529, 0.22606262126389673, 0.22462688240350462, 0.22638504966801287, 0.22512617590380649, 0.22408277439136132, 0.2208924111636246, 0.22396590224668092, 0.2227608541063234, 0.22309041958229214, 0.22016496518078973, 0.2223603965020647, 0.2196845425402417, 0.21756334047691495, 0.2215632989126093, 0.2171941896279653, 0.22093043374080285, 0.21718108244970732, 0.21799803948869892, 0.21555673740073747, 0.21609030693185097, 0.21576168826397726, 0.21652101126371645, 0.21468886280176686, 0.21393079325264575, 0.2137996116105248, 0.2119127126301036, 0.21217278449558744, 0.21228595545478895, 0.21158773539697423, 0.21215000281146928, 0.21038422090750114, 0.21181419199588253, 0.21630698413241142, 0.20760323983781478, 0.20693027184290044, 0.2084112041721157, 0.20807571694547056, 0.2057325468928206, 0.20861761096645803, 0.20679842505384893, 0.20681130389372507, 0.21782633837531595, 0.21807082318792156, 0.2106994206414503, 0.20296245272837432, 0.20251375597481633, 0.20229027405673383, 0.20461324251749935, 0.20307006380137274, 0.20308030469744814, 0.20339708001005882, 0.2012227496095732, 0.20309966714943156, 0.2015503045974993, 0.20072506075980617, 0.20175869032448412, 0.201989692215826, 0.2003795529405276, 0.2001815204526864, 0.19769048004173764, 0.19881922678620206, 0.20000488705494823, 0.19815056435033387, 0.19582677530307396, 0.1964870835928356, 0.19808287217336543, 0.19441133430775473, 0.19837268924011903, 0.19793840278597438, 0.19361994663874307, 0.19279011265904294, 0.19634387423010433, 0.1920554575090315, 0.19302640767658458, 0.19220816387849696, 0.19245250786052032, 0.19309195613159852, 0.1937215855600787, 0.19056482846830405, 0.19001740202599882, 0.1927646544634127, 0.19058211965888155, 0.19152487434592902, 0.19202065131827897, 0.1888796728031308, 0.1881955917559418, 0.18817592076226777, 0.18902956036960378, 0.18785303480484905, 0.1886963587181241, 0.18753031670462852, 0.18775208878750896, 0.18552327075717495, 0.18508783362659753, 0.18714096309507594, 0.18652448262654098, 0.18593131224898732, 0.18513990325086258, 0.18502228736293083, 0.18578300201425366, 0.18679708768339717, 0.18409903873415553, 0.18086385463967042, 0.1837354524462831, 0.18381058936025582, 0.18271363658063552, 0.18105444896454906, 0.18207938326340095, 0.18044395774018532, 0.18114603354650385, 0.18099931028543734, 0.18097147623113558, 0.18208745443353466, 0.17930123765094608, 0.18031970586846857, 0.18007436219383688, 0.17837144069227517, 0.17897016321327172, 0.17754856876882852, 0.18025284917915568, 0.1772705884832962, 0.1784939684119879, 0.17753383020559946, 0.17903031321132884, 0.17640486914737552, 0.17576446223492717, 0.17785060624865925, 0.17419446844096279, 0.17560690787493013, 0.17538167711566477, 0.17518452218934602, 0.17597112673170426, 0.18342932854212968, 0.18252631408326767, 0.17321911936297135, 0.17410982911493264, 0.1720837977733098, 0.17221133031097113, 0.17242956731249304, 0.17401216047651627, 0.17539031862043866, 0.1720447668842241, 0.17277874856018552, 0.17272870052678913, 0.17214680945172028, 0.17319545295892977, 0.1721114922387927, 0.170888003765368, 0.17146452311791627, 0.17082482926985798, 0.1695998483428768, 0.16986174187531658, 0.17157342416398666, 0.1714712858346163, 0.16842894840474223, 0.17066686381311977, 0.17084024408284357, 0.16913365981742448, 0.16840478953193216, 0.16721819618753359, 0.1658389826177382, 0.16745892985194338, 0.16758092872652353, 0.16730570033484815, 