{"task": {"lambda": 2, "alpha": 3, "lr": 0.0001, "wd": 1e-05, "bits": 24}, "result": {"earlyStop": true, "loss": [3.2420165199859468, 1.597246877118653, 1.4415998610795713, 1.4090871577169382, 1.398498285634845, 1.2570996716910718, 1.212929978090174, 1.17649721456509, 1.1168954278908523, 1.0842731939811332, 1.0509902332343308, 1.0235447229123582, 0.9749838686456868, 0.9681291293864157, 0.9073109632613612, 0.9066187791964587, 0.8548534535894207, 0.8260168514999688, 0.8270923863438999, 0.8059300140422934, 0.783559955218259, 0.7743823645161647, 0.8987434848266489, 0.7271717740040199, 0.6982897575579438, 0.6752160764208027, 0.6645858550772947, 0.6494729708807141, 0.6468507533564287, 0.6242580641718471, 0.61977925575247, 0.6175854267442927, 0.5934918753656686, 0.5932508826840157, 0.5745719484254426, 0.590273001614739, 0.547956635262452, 0.5524790810019362, 0.5385015373136482, 0.5328355276701497, 0.5200850633429546, 0.5344075585405031, 0.5221395001691931, 0.4933934457161847, 0.5143215878337037, 0.5076689983115477, 0.5144293344780511, 0.4701330261487587, 0.484165221452713, 0.4553960953273025, 0.46788062447426365, 0.47446288431392, 0.5442285452987633, 0.4394502791703916, 0.44329539262780954, 0.43829432246731775, 0.4419178565343221, 0.4504031255549076, 0.4180770349853179, 0.43930619662883236, 0.4244762758413951, 0.4089493883006713, 0.4141504352583605, 0.4262887633898679, 0.4092669770413754, 0.42072973648707074, 0.383827057539248, 0.38807833457694335, 0.39901648739389345, 0.38135599125834074, 0.4061889502347684, 0.3828156605070713, 0.3836931792252204, 0.36899423482371313, 0.37596960044374655, 0.39482534866707, 0.36972690505139966, 0.36787350914057565, 0.37302741583655863, 0.3562503112297432, 0.35416502651630666, 0.3645169051254497, 0.35276660074790317, 0.3524622075697955, 0.34962808589140576, 0.3502841068833482, 0.33004992630551844, 0.3640958725237379, 0.3323033191994125, 0.3473217250669704, 0.332956262663299, 0.33337636467288523, 0.3294893403848012, 0.3364612033554152, 0.32174745596507015, 0.3353688906805188, 0.31472961692249074, 0.3245713544242522, 0.32544371865543664, 0.30811065230883805, 0.32345981077820646, 0.30372000675575406, 0.3254416330772288, 0.2983462077875932, 0.3132846770333309, 0.3503136447831696, 0.3003440388277465, 0.3021867459311205, 0.3003631742561565, 0.30565977184211507, 0.3103681779375263, 0.2908278843935798, 0.2986210543735355, 0.3021593543828702, 0.31898531463800694, 0.30254753401466444, 0.28575502569768946, 0.288773245817306, 0.29374729096889496, 0.28655844751526327, 0.29422758855656084, 0.2904406552221261, 0.2928292955837998, 0.2902585073721175, 0.27521277306710973, 0.3047526318068598, 0.2761903612637052, 0.28164831578147176, 0.28511635579314887, 0.2815461573647518, 0.27793046364597246, 0.29462294222093094, 0.2755482176355287, 0.2703915901628195, 0.2779543624789107, 0.2771103317831077, 0.2747525137429144, 0.2713776343301231, 0.27456528298995075, 0.2734617193539937, 0.26860280539475234, 0.28087613424834085, 0.2793530231597377, 0.2571331877626625, 0.26965805888175964, 0.2778639775865218, 0.26587560597588034, 0.2642466075280133, 0.2620364200396865, 0.2671089274626152, 0.26189548799804613, 0.26532771423751234, 0.26641443444817675, 0.25539013188259274, 0.2778870039710812, 0.2574942310651143, 0.25149868530969993, 0.2543417606867996, 0.26843522518288854, 0.27102651768455316, 0.25610424377316354, 0.2510800794059155, 0.2508995521302317, 0.2577700381185494, 0.25006674770631043, 0.28401077378029915, 0.25205980328952565, 0.24386447697293526, 0.253528211557982, 0.2526864126032474, 0.25792522100256937, 0.24837247559837267, 0.2559253103008457, 0.24657557028181412, 0.25394174105980816, 0.25786564455312844, 0.24626191033452166, 0.23724325563685567, 0.25200753761272804, 0.24591423337366067, 0.2535381822609434, 0.23751574352967972, 0.2442275629762341, 0.2427966410622877, 0.257057348594946, 0.23805312615107088, 0.24961675250647114, 0.2429028445599126], "map": 0.7769919805078316}, "time": 398.07708525657654}