{"task": {"lambda": 2, "alpha": 1, "lr": 0.0001, "wd": 1e-06, "bits": 32}, "result": {"earlyStop": true, "loss": [2.455931081491358, 1.2710488993747562, 1.0716718598908068, 1.0087230865861856, 0.9322774696583841, 0.9094769382009319, 0.9057551067249447, 0.8276087814101986, 0.8167132419698379, 0.8304345207471474, 0.7419430829730689, 0.7221610148747762, 0.6999682865890802, 0.6797475975518134, 0.668072196782804, 0.623988073830511, 0.6180690865890652, 0.601121756960364, 0.5876429022527209, 0.5633540542102328, 0.5460358051692739, 0.5497981046929079, 0.5539615697720471, 0.5001916815252865, 0.49039433049220665, 0.4833480552131054, 0.4764939399034369, 0.46157558759053546, 0.4582955305482827, 0.4454371841514812, 0.4303965872409297, 0.44317453573731813, 0.4488389696560654, 0.5048691630363464, 0.4069352348645528, 0.40282810026524113, 0.38778839684000205, 0.39778803697988097, 0.3911351602451474, 0.44544683776649774, 0.3672859990129284, 0.3636457627894832, 0.3735696322777692, 0.3673120363085878, 0.36005249590265986, 0.357761176777821, 0.3532450841922386, 0.342875820164587, 0.42960017335181144, 0.32428818298321144, 0.32484715125140023, 0.3253115625942455, 0.3399386435162787, 0.3274054506830141, 0.31460124780150023, 0.32540327982575284, 0.31477182402330284, 0.31702829985057607, 0.3139779912490471, 0.31640221090877757, 0.29690391000579386, 0.33175260763542325, 0.2869377662153805, 0.34008456357553896, 0.2775168895137076, 0.28542600221493664, 0.2879208282512777, 0.2834936234296537, 0.2894386202096939, 0.3006327710315293, 0.26498592725279285, 0.2716527570988618, 0.2787696462051541, 0.28166267684861723, 0.27631837976913826, 0.2729468588151184, 0.2677956343281503, 0.2584957424916473, 0.2596039767650997, 0.28686057703167783, 0.25644531992136266, 0.25785936619721206, 0.2570621362503837, 0.24780237674713135, 0.2557769115356838, 0.24329908542773304, 0.251945862290906, 0.25254812953518885, 0.24324728913751303, 0.24509181885742673, 0.25173000085587593, 0.25312502769862905, 0.22914274161060652, 0.240633031316832, 0.23077061670083626, 0.2397676463804993, 0.2454273557546092, 0.22234863656408646, 0.2430388407379973, 0.22276855625358283, 0.22842314605619393, 0.23656906625803778, 0.2262416578391019, 0.24415494253238043, 0.21763168421446108, 0.23877311161920137, 0.2117269416065777, 0.21586440941866705, 0.21555623017689762, 0.22549728932333926, 0.2198544524463953, 0.21078908122053333, 0.2324492411286223, 0.2136434082891427, 0.21218462638995228, 0.20575710634390512, 0.20664774831019195, 0.21039849811909245, 0.20277136447382907, 0.20664743991459117, 0.23990273738608642, 0.2021752192693598, 0.20079845102394328, 0.19663174749881612, 0.20295539936598608, 0.20651057508646273, 0.19858561982126796, 0.19438140444895802, 0.20640323939276675, 0.19700972648227916, 0.211322837600521, 0.18797740486322664, 0.19264311591784158, 0.24689119966591105, 0.18906030029642815, 0.19755516771007986, 0.18924261921761082, 0.1864381888333489, 0.1868064453204473, 0.21406936236456328, 0.188441389039451, 0.1904646685602618, 0.1825876358677359, 0.204754149796916, 0.1819467217314477, 0.18277468430060967, 0.19760096913167075, 0.17652558681427263, 0.19176372841877096, 0.1828491199834674, 0.18186017885511996, 0.17784501188525967, 0.1830158540431191, 0.186523390751259, 0.18289127244668849, 0.18958627417975782, 0.1835347248935232, 0.17711268336165184], "map": 0.7621359901268971}, "time": 334.3658592700958}