{"task": {"lambda": 1, "alpha": 3, "lr": 1e-05, "wd": 1e-06, "bits": 12}, "result": {"earlyStop": true, "loss": [1.8450760794620888, 1.4402060917779511, 1.375066965234046, 1.316194003119188, 1.275742148067437, 1.2533865237937254, 1.2270761757504707, 1.1960995565442478, 1.1839783495547724, 1.1644807276772517, 1.1451740609664542, 1.1224481814047869, 1.1055805034497206, 1.1061462327545764, 1.0823003757818073, 1.073459314365013, 1.061141269171939, 1.0522775755209082, 1.0417309356670754, 1.01798313768471, 1.0130014115688848, 1.0070815553852157, 0.9894442644481566, 0.9840641813535317, 0.9982393781344095, 0.9720009612102135, 0.9607901698818394, 0.9556596711570141, 0.9373567904911789, 0.9412947343844994, 0.931454090218918, 0.9159009947496302, 0.9146726768390805, 0.9124230134720895, 0.9100205880754134, 0.8991981253904455, 0.8802897491875816, 0.8817483890874713, 0.8711057860477298, 0.8672259742138433, 0.8885527977756426, 0.8583784307919297, 0.8559809356343513, 0.8402922616577616, 0.8371777151729546, 0.8364904148905885, 0.8322294550199135, 0.8294275198497024, 0.8172806805255366, 0.8205274103903303, 0.8098841300051586, 0.8026307514485191, 0.8136649330457052, 0.7975585836113668, 0.793741424294079, 0.8088564101387473, 0.7878738580381169, 0.7760287551026718, 0.7765213940657821, 0.7669092295508758, 0.7637572945917354, 0.7660293532352821, 0.7572970553940418, 0.7592508062428119, 0.7526234791559332, 0.7486372169326333, 0.7387918200270802, 0.7546815720258975, 0.7340768637026057, 0.7545144370957917, 0.7424247028196559, 0.7215870192237929, 0.724902073542277, 0.7189229294365528, 0.7455690836205202, 0.7363117126857534, 0.7165191069829697, 0.7316858838586247, 0.7307059168815613, 0.7068973294660157, 0.7040249141407948, 0.6981038553457634, 0.6974715061631858, 0.7014572234714732, 0.7249270256827859, 0.697359603994033, 0.6863037908778471, 0.6915228092202953, 0.6878429253896078, 0.6811593304954323, 0.6766462127367655, 0.67142833331052, 0.6709983078580276, 0.6694099789156633, 0.6727783437453064, 0.6679774610435262, 0.6612613842475648, 0.6565255183799594, 0.659091110907349, 0.6469383058594722, 0.6736367911684746, 0.6559358350202149, 0.6358008608222008, 0.6366009826169294, 0.6362049151577202, 0.6348117928878934, 0.6342574416422376, 0.6266704485112545, 0.6289140909325843, 0.6255638888653587, 0.6199537953909706, 0.6247904177974252, 0.6192630801130744, 0.6178338910434761, 0.6151699035191068, 0.6145071036675397, 0.6059599325937384, 0.6216569788315717, 0.6101575785992193, 0.5982598636080237, 0.596648061392354, 0.5939470814431415, 0.5996531324059355, 0.5920819350901771, 0.6296523675030353, 0.5896314338726156, 0.5883569068768445, 0.5813889164550632, 0.5820127640869103, 0.5801440080006918, 0.5679153826306848, 0.5791329576396474, 0.5798002948947981, 0.5723676845139148, 0.5722207885746863, 0.5841270486513773, 0.5806778789150948, 0.5603039498422661, 0.5636411274180693, 0.555580742365005, 0.558311763347364, 0.5507513730257165, 0.5527208342271692, 0.5504934399151334, 0.5468001948559985, 0.5658699145504072, 0.5555410426036984, 0.5451688345740823, 0.5413286447817204, 0.5414138968084373, 0.537219801662015, 0.5438492634132797, 0.5380019409691587, 0.5393883425231073, 0.5336805374598971, 0.533560978139148, 0.5286760695424735, 0.5262661710673687, 0.528645751230857, 0.5339049539145302, 0.5229433602562138, 0.5148851878794969, 0.523075507552016, 0.5192347594043788, 0.5193414842965556, 0.5126792370688682, 0.5189664270363602, 0.5193497795684665, 0.5096203097525764, 0.5049946078774976, 0.5093832506852991, 0.5084480760144252, 0.5051777504530608, 0.49851306279500324, 0.5032147214401002, 0.5024924357147778, 0.5045166699325337, 0.502527571776334, 0.4992694974529977, 0.5042494833469391, 0.5036076923795775, 0.49569811365183664, 0.49269454283457176, 0.517831775487638, 0.5026533854942695, 0.48845448417990817, 0.4871713150950039, 0.4890258113543193, 0.49042296146645264, 0.48665931002766477, 0.4859377414572473, 0.4865412649278547, 0.48015842805890474, 0.4855662233689252, 0.48258745845626383, 0.4755011209670235, 0.47485605787997154, 0.47239336356812833, 0.49870750600216435, 0.47449657525502, 0.4700730391869358, 0.4743705327604331, 0.4740982875227928, 0.47219838055909846, 0.465699691398471, 0.4696858095772126, 0.4683832038266986, 0.4677188974969527, 0.4625049715532976, 0.46228916241842155, 0.46418320606736574, 0.4644778353326461, 0.4546352788513782, 0.4577554502323562, 0.4541962013817301, 0.4580565276099186, 0.44950130808294986, 0.4517042441110985, 0.45762105519865076, 0.4464430893753089, 0.4481004327535629, 0.4512661523094364, 0.4493793132258396, 0.4462604549001245, 0.44653597298790426, 0.4469526529896493, 0.4462650630111788, 0.43931228842805414, 0.4425198292615367, 0.4417748924563913, 0.4434385530504526, 0.43592287278642844, 0.43684905022382736, 0.43822307095808144, 0.4338817120182748, 0.43846089290637597, 0.4315939753078947, 0.4333537551117878, 0.4363447690711302, 0.4313557080778421, 0.43249910982216105, 0.4307987082238291, 0.4692326521172243, 0.4323871559372135, 0.431457461679683, 0.4271743136878107, 0.42338477191971796, 0.47942714597664626, 0.4343027270892087, 0.42276913716512565, 0.4212448126545139, 0.41924082151815, 0.4228278559212591, 0.42204948529308917, 0.41595064045167435, 0.42210011184215546, 0.43506095397706124, 0.41801509451048047, 0.4109635186545989, 0.41448136229141086, 0.4200437927947325, 0.41773451251142163, 0.41194171473091723, 0.4105338500995262, 0.40881118192976595, 0.4114769136204439, 0.4066082893633375, 0.4108027941456028, 0.4027794531601317, 0.40692199781244875, 0.4094289155567394, 0.4075728289636911, 0.407900883286607, 0.41127026636226505, 0.4049347891819243, 0.40017971747061787, 0.4021833886702855, 0.40059232185868654, 0.40227345304161893, 0.399661019152286, 0.3975743777027317, 0.39822984516036275, 0.3972076252102852, 0.3961602702152495, 0.3959702013754377, 0.39560218725134344, 0.39402766292001684, 0.39683110997372983, 0.39692961117800546, 0.39065227190069124, 0.3896582034580848, 0.39358172667961494, 0.38950329872907374, 0.3907222239410176, 0.38978995835664226, 0.38763434673641245, 0.3876279627575594, 0.389810944889106, 0.38732663118371774, 0.38592157176896635, 0.38488834088339524, 0.385795509844434, 0.43619850803824034, 0.4406725939582376, 0.38518297818361547, 0.37919007738431293, 0.3831428701386732, 0.37982534661012535, 0.3777865247399199, 0.3822997767551273, 0.3786827305368349, 0.37750643287219254, 0.3776502248411085, 0.37591560155737636, 0.37736329290212367, 0.38416698721109654, 0.38263563198201794, 0.3810393325984478, 0.37196024901726665, 0.37090777109066647, 0.36967695789302096, 0.3736912286749073, 0.38795965617778255, 0.374437581966905, 0.371954824264143, 0.37312235259542276, 0.37069455461174833, 0.370058050050455, 0.37078365800427454, 0.3700890687166476, 0.38408435092252846], "map": 0.7747456085471384}, "time": 697.9464104175568}