{"task": {"lambda": 1, "alpha": 1, "lr": 0.0001, "wd": 1e-06, "bits": 32}, "result": {"earlyStop": true, "loss": [1.9836909548909056, 0.8909944614358977, 0.8273390978574753, 0.7827162228378595, 0.7362376819638645, 0.7125508002206391, 0.6758700860481636, 0.6430475226804322, 0.627579627960336, 0.6029814236304339, 0.5768886781206318, 0.5505677566808813, 0.5272016712263519, 0.5131665924016167, 0.4909110545527701, 0.4716484356744617, 0.4672808340367149, 0.4410080474381353, 0.4258233785044913, 0.44989750957956504, 0.4730811101548812, 0.3851218089169147, 0.3784848872353049, 0.36165836102822246, 0.3620286642336378, 0.3906614038289762, 0.3410051348162632, 0.3296409227392253, 0.33719781070363286, 0.32092159460572633, 0.3264900819928038, 0.30730041540136527, 0.31510477089414407, 0.29950185120105743, 0.3368196814667945, 0.27794555998316, 0.2824845763982511, 0.2881058020626797, 0.2645609640315467, 0.26352908009407566, 0.2705230774248348, 0.2561557862688513, 0.28333795275173934, 0.28864581152504565, 0.25452881496326596, 0.3438294506540485, 0.24895999741320515, 0.2723090610667771, 0.3780599794551438, 0.24170767077628305, 0.23010919637539806, 0.22760911841018527, 0.22350730323324017, 0.22413646532040016, 0.25719305522301616, 0.27692944337339964, 0.2197871909422033, 0.21126112371098762, 0.21124753881903255, 0.2527463532545987, 0.2058308597873239, 0.20352410773436228, 0.2101462121103324, 0.22740506862892823, 0.20059659200556137, 0.2034221832074371, 0.19866591312137305, 0.31871117183975145, 0.18999864161014557, 0.1873580486166711, 0.18620460290534824, 0.18819156990331762, 0.18968410497786953, 0.1960237666087992, 0.1910094411349764, 0.18583902833508512, 0.19381619960654015, 0.18180576580412247, 0.23390292390888812, 0.17278234514535643, 0.16979477072463317, 0.1808584120635893, 0.17400559425061823, 0.17660766796154134, 0.16764266321472093, 0.1690240419086288, 0.1761907308417208, 0.1715622158611522, 0.17163667404184155, 0.16408131855959987, 0.16370034634190447, 0.21625644625986323, 0.15537630971155914, 0.1529968486112707, 0.15878990219504224, 0.17693446196761786, 0.15906089558905245, 0.22809092525173635, 0.15741000806584077, 0.1516141432757471, 0.15533441933346728, 0.1475593535339131, 0.15308083498886987, 0.14924705671329125, 0.15592423402795605, 0.14823581643548667, 0.17305877790147184, 0.14741693700061126, 0.14363082293786256, 0.14718931738068075, 0.2144148136470832, 0.14206037542545327, 0.13492484566043406, 0.13907815121552525, 0.1423946801646083, 0.14755957120773838, 0.1421732196913046, 0.14365812741658268, 0.14769638782622768, 0.1385075099327985, 0.13967560582301197, 0.15878101861944385, 0.13213221348968207, 0.13667087359171287, 0.13764703653606714, 0.13555338138750955, 0.13596782811424313, 0.1394729440410932, 0.1346797256493101, 0.12989816230301762, 0.13283340150819106, 0.143303385552238, 0.12802904639758317, 0.18532288790333504, 0.12433341291605257, 0.1218696969981287, 0.1243112940414279, 0.1253165261199077, 0.12951056717657575, 0.14655090123414993, 0.12076205555714813, 0.12357636373124871, 0.1229843430074991, 0.1238574054019124, 0.1790054821792771, 0.11934131193979114, 0.11392819494301197, 0.11768102339085411, 0.12080319474140803, 0.1360606999666083, 0.11837880569053631, 0.12139932168465034, 0.12208618939507242, 0.1166471447430405, 0.12716509708586862, 0.1270028992610819, 0.1227182168878761], "map": 0.782183289996935}, "time": 333.260134935379}