{"task": {"lambda": 1, "alpha": 1, "lr": 1e-06, "wd": 1e-06, "bits": 12}, "result": {"earlyStop": true, "loss": [1.6067263519062716, 1.388237258382872, 1.276965620470982, 1.2045647653878904, 1.1512964437989628, 1.0939599652500713, 1.0643825536849452, 1.029655759825426, 1.0004619672602297, 0.9813517682692584, 0.9668657212865119, 0.9482658461612814, 0.9307450757307165, 0.919242808047463, 0.9098328854523453, 0.8958664466353023, 0.8826075273693776, 0.8830632608310849, 0.87342549422208, 0.8718935040866628, 0.87027713247374, 0.8466385627786318, 0.8445153429227716, 0.8365468046828812, 0.831071487828797, 0.8236211666873857, 0.823127440962137, 0.8113601279317164, 0.8092607782751906, 0.8111080048131007, 0.7975306984256295, 0.7913594552699257, 0.7888245249495787, 0.8262762801319945, 0.7864400510694466, 0.7789002093029957, 0.774054585718641, 0.772330107642155, 0.772841658077988, 0.785789292232663, 0.7639466686283841, 0.7672474577146418, 0.7539286037870482, 0.7581324179967245, 0.7525542831304026, 0.7591009712686726, 0.7570794107867223, 0.7403511773137486, 0.7438223344438216, 0.7404792957446155, 0.7345167269893721, 0.7394431560647254, 0.726054875727962, 0.7286554902207618, 0.732355884477204, 0.7414100520751056, 0.7284625257347145, 0.7178555130958557, 0.7177947601851296, 0.7100794876323027, 0.7137531979995615, 0.7388168678564184, 0.7173114582604053, 0.7055747392130833, 0.7087411789917478, 0.702790357318579, 0.7038400570551554, 0.7056737264581755, 0.7018275798535815, 0.6961110210886189, 0.7046674151046604, 0.6883325579704023, 0.6937377122687358, 0.6920032442784777, 0.6878220330850751, 0.6831953845479909, 0.6846428869986066, 0.6835353532258202, 0.6787008193193698, 0.7039968125960406, 0.6777395833941067, 0.6782848750259362, 0.6717047518959233, 0.6768928509132535, 0.6732397243088367, 0.672424816325599, 0.6686601258960425, 0.6832489476484411, 0.6663503752035254, 0.6648857491273507, 0.6641424362565956, 0.6635310985878402, 0.6612802482410973, 0.6610336549141828, 0.657779825668709, 0.6532663172658753, 0.651725706224348, 0.6550038328357771, 0.652261528022149, 0.650637365366314, 0.6477983158593085, 0.6429853711058112, 0.6486026337918114, 0.6481145737217922, 0.645625410711064, 0.6423970799820096, 0.6550044078452915, 0.6394785329991696, 0.639622171719869, 0.6418327636578504, 0.637139711894241, 0.6412149410621792, 0.6382983132612472, 0.6338833627455375, 0.6326543554371479, 0.6311132865501385, 0.6263905868080317, 0.6286100172529033, 0.6262969893275523, 0.623682832308844, 0.6231761561597094, 0.6218703793836575, 0.6344044769511503, 0.6196153572961396, 0.6204274400484329, 0.6232637453312967, 0.6188215202852791, 0.621663430742189, 0.6180123453046761, 0.6123896115550808, 0.620598365278805, 0.6263828406146928, 0.6162245806817915, 0.6150789719586279, 0.6096151363031537, 0.6111111953562381, 0.6082201261146396, 0.6090875536787743, 0.6064131183951509, 0.6052058955617979, 0.6181363089411867, 0.6076777892954209, 0.6025884242034426, 0.6040415924553778, 0.598189439551503, 0.6239277112717722, 0.6078461911164078, 0.5981924969191644, 0.5993910788321027, 0.5981697557019252, 0.5939352094542747, 0.5968847461775237, 0.5961011355998469, 0.5933206423240549, 0.5909117651628513, 0.5936039721264559, 0.6288560535393509, 0.5959581545754975, 0.5913295418608422, 0.5878741997568047, 0.5889155566692352, 0.593823465646482, 0.5874468038479487, 0.5976041438532811, 0.6221130373431187, 0.5815215940568962, 0.5804968162932816, 0.5805676801531923, 0.5785787676771482, 0.5830168113404629, 0.5816899640303032, 0.5823123384924496, 0.5829464515634611, 0.5804380508614522, 0.5801528706854465, 0.5836480031995213, 0.5832741418305565, 0.5798165751438514, 0.5969883495686101], "map": 0.7251420610730049}, "time": 378.42272901535034}