{"task": {"lambda": 0.5, "alpha": 1, "lr": 0.0001, "wd": 1e-05, "bits": 24}, "result": {"earlyStop": true, "loss": [1.5577111144860585, 0.7060980595210019, 0.6527126901874355, 0.6223934222670162, 0.612015091028868, 0.5613775159798416, 0.5487282486522899, 0.5146630754073461, 0.49932270599346534, 0.4782405453277569, 0.46646809753249674, 0.4827940911054611, 0.41930149568646563, 0.41060421718101875, 0.39893681132325937, 0.3905033778910543, 0.36995474599740086, 0.34932733590112014, 0.34802472211566626, 0.3404097259044647, 0.3131155955294768, 0.30147093651341456, 0.2974920635129891, 0.31082004250264633, 0.276374405067341, 0.2756749035096636, 0.2634996852161838, 0.2591542683395685, 0.2496670878985349, 0.24464340741727866, 0.2670567123328938, 0.22574058627965404, 0.22532871394765144, 0.24946878718979218, 0.21367715284520505, 0.20873930962646708, 0.21224915163189756, 0.21022525634251388, 0.20667261352726057, 0.1949102901944927, 0.19160737900757321, 0.22474965613846684, 0.1842675580113542, 0.20869499255044788, 0.17650053445615022, 0.20247462873949723, 0.16980468280905603, 0.1698076850643345, 0.16931642891437398, 0.1717267005759127, 0.2100315647674542, 0.16043720708466044, 0.15554034125571156, 0.175574210636756, 0.15491498678046114, 0.15115721845159344, 0.15398249146985074, 0.16230733502729267, 0.14884938650271473, 0.15156148213381862, 0.17275827757868112, 0.13991037376371085, 0.14190174551571116, 0.14079652072898313, 0.14824756607413292, 0.13956274267505198, 0.13676028589115424, 0.15198320296465181, 0.1319491543314036, 0.13548703294466524, 0.12961879591731465, 0.20554012783309994, 0.12235405559048933, 0.12150404631507163, 0.12466743354703866, 0.125862702581228, 0.128569235769557, 0.1246798048708953, 0.1212305200158381, 0.12730591641921624, 0.1294099115857891, 0.11707277800522599, 0.1239894261108894, 0.11642083927404646, 0.11608785690338004, 0.1404566627324504, 0.1102639363676894, 0.1204531855296855, 0.11364924410978954, 0.10838461521209455, 0.11094179362350819, 0.11321417833952342, 0.11034916165997, 0.11313414464102071, 0.13843235877506874, 0.11082219098712884, 0.10338270320904021, 0.1059355412920316, 0.10448440255633756, 0.10576485900902281, 0.11416712563996222, 0.10231547685814839, 0.11026822644121506, 0.13474417872288647, 0.09992579589871799, 0.09971571757512934, 0.11156978837999643, 0.0990483114386306, 0.10100551081054351, 0.09968130684950773, 0.09914244309652086, 0.1310397467630751, 0.09427738993191252, 0.09310712654362707, 0.09621601098892736, 0.09486741404615197, 0.10237816648156035, 0.10833683566135519, 0.09267634321369377, 0.09640428584580328, 0.10840356013938493, 0.0935309872615571, 0.09470062125839439, 0.08988792259319156, 0.10284501693996728, 0.08955659563927089, 0.15375123801184634, 0.08980087819052678, 0.08757310221884765, 0.08514062256789674, 0.08794297307145361, 0.0905745217174876, 0.0953258455676191, 0.08691622269358121, 0.09365609697267122, 0.09255955339062448, 0.13618510610917034, 0.08743489504444833, 0.085217388164179, 0.08218510390496721, 0.0828210519736304, 0.08902167463127304, 0.08658093681522444, 0.08619693491388769, 0.13528304514201248, 0.08323129310327418, 0.08035839188332651, 0.08145096649726231, 0.08386087395689067, 0.0834121152977733, 0.08932331657292795, 0.08885547584470581, 0.08354598970389833, 0.13392519746340958, 0.09408566837801653, 0.07929368886877508, 0.07886509977135003, 0.08222376175370871, 0.08262385749349407, 0.0897905232713503, 0.07866902397397686, 0.08015515867109392, 0.08102474500443421, 0.08721621414902163, 0.13990813906432367, 0.07982738732415087, 0.07526052151532735, 0.07540182838691216, 0.07511406844737482, 0.07725794927454462, 0.08197022660398016, 0.07927691242566295, 0.13321950286626816, 0.0761445155184643, 0.0737523476721025, 0.07453382964812073, 0.07449142167381212, 0.0778109840683493, 0.08313834696423773, 0.07543206843090992, 0.09745785290850144, 0.0740974607201768, 0.07234838312747431, 0.08076270786570568, 0.07434344510821735, 0.07740017793634359, 0.08123412238908749, 0.07372158309262172, 0.07709483196045838, 0.07522948553749159, 0.1264646005835019, 0.07193331617642851, 0.06900814898750361, 0.0715429486305106, 0.07668437297437705, 0.0808338052136641, 0.0688790670669108, 0.06983157744010289, 0.09421192069410109, 0.07174987879161741, 0.0703320285561038, 0.07133108992860013, 0.07263184408200722, 0.0727245301446494, 0.07395544801564778, 0.07558191750271648, 0.07333835557687517], "map": 0.7803187123890996}, "time": 437.2477777004242}