{"task": {"lambda": 1, "alpha": 1, "lr": 0.0001, "wd": 0.0001, "bits": 24}, "result": {"earlyStop": true, "loss": [1.7667314719920064, 0.8387889292310265, 0.7709156780266294, 0.7356709224336287, 0.693171976535928, 0.6649506080384348, 0.6324031367605808, 0.6114225580411798, 0.5854489709816727, 0.5645601910118964, 0.5387030728891784, 0.5622901124697105, 0.5068796361778297, 0.4856545296954174, 0.46726206792335884, 0.45522107797510486, 0.4666215844598471, 0.4253903352746777, 0.41074289615247767, 0.40752671746646657, 0.40078743152758656, 0.381924339807501, 0.36312227418609694, 0.37178609710113675, 0.3457477457967459, 0.34383201599121094, 0.33334656512620403, 0.342162711947572, 0.3254341195319213, 0.3147293809874385, 0.30110833194910314, 0.3032958313238387, 0.29237155148796007, 0.29762919758464773, 0.27773284926718356, 0.2729616195839994, 0.27505922536639604, 0.265115424990654, 0.3003920072726175, 0.25648169686981276, 0.25366612801364824, 0.2487861796044836, 0.2478970639845904, 0.28730205066648185, 0.23600731234924466, 0.24652584788261675, 0.22754794651386784, 0.2704847966339074, 0.22029529877153098, 0.2185185461067686, 0.21849613636732101, 0.2564548417633655, 0.2283001553778555, 0.2050915600038042, 0.21068252009503982, 0.2108109653288243, 0.21243501878252216, 0.21174028428161845, 0.2817487747353666, 0.1930931600577691, 0.191439547959496, 0.1956553222501979, 0.19273881767602527, 0.1954278342571913, 0.20328591026219667, 0.18498274260291866, 0.22059477997176788, 0.18503182279128655, 0.17829985916614532, 0.18210678474575864, 0.1878796655173395, 0.18801732397839135, 0.21687214456352533, 0.17235138135797837, 0.17200324961952135, 0.16658394783735275, 0.1718092005626828, 0.17385523503317551, 0.17826088371814466, 0.16934719301906287, 0.16887212668855986, 0.17499749698475295, 0.16288867855773254, 0.18006434773697572, 0.16258115175307966, 0.15732631934624092, 0.16338521534321354, 0.16010240421575658, 0.16627449629937902, 0.15704934547344843, 0.159958776743973, 0.1587744781783983, 0.15653876945668577, 0.15759514213777057, 0.14974708709062315, 0.15813637437189326, 0.1465365527307286, 0.22231691652068905, 0.14349579197518966, 0.14080059952011295, 0.14480700533764035, 0.1461333378272898, 0.14683837943947783, 0.1444742181429676, 0.14649938477897176, 0.1425176395797262, 0.15337353316592237, 0.14181324693502165, 0.13947788041596318, 0.1519986280039245, 0.14061981819423974, 0.14434911989990404, 0.13997471829255423, 0.1311969812594208, 0.1446340871500034, 0.13852720828179052, 0.13830914362972857, 0.13642074989483638, 0.1305108322378467, 0.14475055506416395, 0.15009398217879089, 0.13128566508199654, 0.16498030714836776, 0.12858898163426155, 0.12847764483269522, 0.12735265683309704, 0.13433104768103243, 0.130370642113335, 0.15545236969403192, 0.12452863580455967, 0.13029004501945832, 0.12740602176271232, 0.1261445606748263, 0.13327988938373678, 0.1386299898811415, 0.12454415748224539, 0.12664621732398576, 0.14336178831610025, 0.1202961400735612, 0.12123302355700848, 0.12575197833425858, 0.12797528826722912, 0.12581420207724853, 0.12706753984093666, 0.12522664812265658, 0.14727518882821589, 0.11798572175058664, 0.12505630973507376, 0.12022229240221136, 0.12565193778159572, 0.12741445907044643, 0.11981095402848486, 0.12257643905924816, 0.12416078398625056, 0.12638950004589325, 0.11873862702472537, 0.12382391350818615], "map": 0.7614092134850446}, "time": 332.6244912147522}