{"task": {"lambda": 0.5, "alpha": 3, "lr": 1e-06, "wd": 0.0001, "bits": 24}, "result": {"earlyStop": true, "loss": [2.9497597725952374, 2.5067822115094054, 2.169568339983622, 2.008612586002724, 1.8302337351967306, 1.7471229808003295, 1.6719260551765853, 1.6635392857532876, 1.5723052647183924, 1.541994070013364, 1.5329875291562547, 1.5009693994241602, 1.4724571140957814, 1.44240216969275, 1.431123486920899, 1.4152819423698912, 1.444674248788871, 1.3821536434047363, 1.3684369313950633, 1.3618901994298487, 1.3521621624628704, 1.3332039494724834, 1.3246350019585853, 1.314972042745235, 1.3067157177948485, 1.2836343283746756, 1.3029887547679977, 1.275007337916131, 1.2684384470476824, 1.258634023806628, 1.252435001672483, 1.2628935785854565, 1.2421312779188156, 1.2317282893494064, 1.227406313606337, 1.2229756233738918, 1.221989584904091, 1.201664749605983, 1.1996199888925927, 1.2043746093324585, 1.2392953973190457, 1.1862361328858955, 1.1797264425777922, 1.1718526985131057, 1.1759019496978498, 1.1745194851183425, 1.1595378293126237, 1.1540692176888971, 1.1507705137425779, 1.140909798005048, 1.1515548270122677, 1.1383907166766185, 1.1423380953424118, 1.1433691546028735, 1.1296840938282948, 1.132973852987383, 1.1356629054335987, 1.1162778635819752, 1.1302936792958016, 1.1107715254320818, 1.111497757189414, 1.107303258542921, 1.1005032024547166, 1.108164596791361, 1.1010007795457746, 1.100395882246541, 1.094689347872547, 1.1029739648688073, 1.087373996482176, 1.114980842552933, 1.1102866974531436, 1.0881680577409034, 1.0950066201827104, 1.0693837296144635, 1.0743570181668973, 1.076525119005465, 1.0704863080207039, 1.0767451428315218, 1.0613632751446145, 1.060934263993712, 1.0729369223117828, 1.05920492550906, 1.049886108321302, 1.0911971120273365, 1.0488501194061017, 1.0573662709371716, 1.042179178665666, 1.0527000988230986, 1.041255966997614, 1.042168150637664, 1.042479984608351, 1.0332496494931334, 1.0331503623256497, 1.0267443618938035, 1.0218183823368128, 1.0278650723836, 1.0294255637655072, 1.0208005009620797, 1.0130208174095434, 1.017974093702494, 1.0195428752431683, 1.0200670747195972, 1.0235325258736516, 1.0043323307352907, 1.0119967451866936, 1.0104186857740085, 1.0131644665026198, 1.008388741489719, 1.0080797102521448, 0.9989733088250253, 0.9992607192081564, 0.9956259727478027, 0.9936398638814103, 0.9926246229340049, 0.9937643633753646, 0.9847758330550849, 0.9837455533298791, 1.0221603068650937, 0.9929072479991352, 0.9794335376982596, 0.9853549999933616, 0.9804483590757146, 0.9763573095494625, 0.9790984348339193, 0.9678232760406008, 0.9789786020330354, 0.9932498990320692, 0.96491308115861, 0.9694236923082202, 0.9652160262944651, 0.9668442113142387, 0.9672505028691947, 0.9651461589862319, 0.9635953990852132, 0.9560094478667951, 0.9603662864834654, 0.9603477561590719, 0.95934177496854, 0.9574950004325193, 0.9617867075345096, 0.9610602166138443, 0.9526758708205878, 0.9509697273081424, 0.9546098942850151, 0.9473620873748088, 0.9451957850479612, 0.9503144766477978, 0.9427067402238939, 0.9372576010577819, 0.9341233229520274, 0.9418008307031557, 0.938850951399289, 0.9488243215224322, 0.9325491173886785, 0.9329297466605317, 0.9335215731578714, 0.9308912501323456, 0.9313701931752411, 0.9501481699008568, 0.9220025948449677, 0.9248912308145972, 0.9490891367781396, 0.9239714944771692, 0.9411941135630888, 0.9248381671952266, 0.9201348533525187, 0.9231970564407461, 0.9211211319939763, 0.9195920857144337, 0.9134706559718824, 0.9147991431402225, 0.912605711350254, 0.9142488127245623, 0.9120031831895604, 0.9152563392531639, 0.9176824104552176, 0.90070358167092, 0.9067441964266347, 0.8991066068410873, 0.9057693043175865, 0.9007383175924712, 0.9080852328562269, 0.9025807764892485, 0.906304366740526, 0.8945336736300412, 0.9003082163193646, 0.8962792473680833, 0.9122202560013416, 0.8887294320499196, 0.9639928212352827, 0.8941488298130971, 0.8884269600989771, 0.8944539988742155, 0.9092237388386446, 0.8910816580641503, 0.8888632473992366, 0.8906334153577393, 0.8900936815668555, 0.8818411456019271, 0.8780806345098159, 0.9043246075218799, 0.8810688378471955, 0.8845133083123787, 0.8713621402195856, 0.8793781535590396, 0.8705027249513888, 0.8738366584567463, 0.9103299741651497, 0.8801553588287503, 0.8700476896529105, 0.8711650690027312, 0.8696657780046556, 0.8681539701772671, 0.8698364294627133, 0.8703779198375403, 0.8609808939052563, 0.8644833798502006, 0.8636748213686195, 0.8719899444019094, 0.8679255790570203, 0.8612724396527982, 0.8602603729449066, 0.8660444855397823, 0.8615556537520652, 0.8566046149707308, 0.8638146963773989, 0.8536741296742477, 0.8503884249458126, 0.8516083362640119, 0.8537390223320793, 0.8461734076925352, 0.8618743104093215, 0.8532563003839231, 0.8463258788573975, 0.8516408015115589, 0.8509961056943033, 0.8481557392606548, 0.8465439525305056, 0.8450680597155702, 0.8449862535093345, 0.8460220183227577, 0.8522249203102261, 0.8407460959518657, 0.8438477977818134, 0.8307023922017976, 0.8395243145379365, 0.8369206626917801, 0.8343538571806515, 0.8365527105097678, 0.8326754797907436, 0.8934557391147987, 0.8325949816727171, 0.83250214700021, 0.8257241300215908, 0.8432808658655953, 0.831510531259518, 0.8260034972838327, 0.831445772858227, 0.8208931970830057, 0.8334903541733237, 0.8302058990971715, 0.8237650420735864, 0.8189640113828229, 0.8257686627261779, 0.8225296408522362, 0.8237931380669276, 0.8235902634321475, 0.8247519272799585, 0.8210650792016703, 0.8141393556314356, 0.8151491573628258, 0.8187983269784965, 0.8118290945011026, 0.8129140860309788, 0.8148274363255968, 0.830476725802702, 0.8167816520321602, 0.8112253277909522, 0.8074899862209955, 0.8108161988795972, 0.8164448586164736, 0.8048678087253197, 0.8082117229407909, 0.8014733914066764, 0.8070371026794115, 0.8032424448459756, 0.8158376824622061, 0.8109206742807931, 0.8023400072957955, 0.8083741274826667, 0.8033739202747158, 0.7985325221921883, 0.800637839179413, 0.7972782823969337, 0.7986170954856218, 0.7929495659236815, 0.8055731163305395, 0.8111181866888907, 0.7966326688434563, 0.7884112491327173, 0.7953371328173899, 0.7875267419160581, 0.790787577921269, 0.7878013868250099, 0.7891385654608408, 0.793510680105172, 0.789033509352628, 0.7943217716380662, 0.7895175982631889, 0.833828971082089, 0.78728744110056, 0.7883970153098013, 0.7865573275907367, 0.7786650036772093, 0.8158459862073263, 0.7818583828561446, 0.782568068627049, 0.7771488990561635, 0.7820873508850733, 0.7833102354232002, 0.7821788183029961, 0.7780081626831317, 0.7795167261478948, 0.7751598299718371, 0.7708187458269736, 0.7726696145300772, 0.7704046720675394, 0.7781521900027406, 0.7734797672898162, 0.7664568251838871, 0.7708234354561451, 0.774008057865442, 0.776892789438659, 0.7687955259108076, 0.7669293538612478, 0.7625176922655573, 0.7723794973948422, 0.7671421833482444, 0.7567826148633864, 0.761231562962719, 0.7653195584813753, 0.7674764280810076, 0.7633737493671623, 0.7636083513498306, 0.7632998209081444, 0.7643177769347733, 0.7647332438066894, 0.7562291867592755, 0.757243272428419, 0.7616104986153397, 0.7589145361208448, 0.7460776105815289, 0.7549013191578435, 0.7616779547111661, 0.7585268366862746, 0.7484389993489957, 0.7546283775100521, 0.7486577536545548, 0.751622944047638, 0.7487597715328721, 0.743981748234992, 0.7493449686204686, 0.7472526365343262, 0.7558663309204812, 0.7395484666613972, 0.7416214722336507, 0.7443213176493552, 0.7486081148187319, 0.7628241397586524, 0.7454944819796319, 0.7388836599740327, 0.7412079356464685, 0.7418626543937945, 0.7480790172429646, 0.7424257245718264, 0.7448831110023985, 0.7422772044060277, 0.7395676760112538, 0.763223972975039, 0.7418491326126397, 0.7399332911944857], "map": 0.7588634424619165}, "time": 813.4871556758881}