{"task": {"lambda": 1, "alpha": 5, "lr": 1e-06, "wd": 1e-06, "bits": 24}, "result": {"earlyStop": true, "loss": [4.768197656846514, 4.040396751142016, 3.4780228593770195, 3.1979755467059565, 2.968567983192556, 2.847792962018181, 2.7295648484837773, 2.6757322730971316, 2.6652564838820814, 2.5472988889497867, 2.5078767280952605, 2.4573502195816412, 2.416057888199301, 2.3846953154778947, 2.3539479497601006, 2.33349843118705, 2.3058699065563726, 2.2819916594262217, 2.323714763510461, 2.278942685501248, 2.2171590643770553, 2.20122424995198, 2.1652083987114477, 2.1603452002300934, 2.1777142520044364, 2.132779876391093, 2.1025596231806514, 2.1650852993422864, 2.1031254202711818, 2.0819246704671897, 2.0627136125284085, 2.056493475741031, 2.0467003887774897, 2.02333008015857, 2.0218559112034593, 2.022497420801836, 2.010174234123791, 2.002530698682748, 1.9829778951757095, 1.975906702233296, 1.9619278831809175, 1.9479397032775132, 1.9343489034503114, 1.9478650583940393, 1.9263021244722254, 1.932352896414551, 1.909783005422237, 1.9826334598017674, 1.9140873650709789, 1.9008660176221062, 1.9932046965056776, 1.8927538725090962, 1.8999559248194975, 1.8719250133224563, 1.8718716525564008, 1.8713073233763378, 1.8664416846107035, 1.8658717374006908, 1.8490860070668014, 1.8513119489538903, 1.8336511774390352, 1.8345955192458396, 1.8320735692977905, 1.8251993530521207, 1.8789128322227329, 1.8153712889727425, 1.8082919261034798, 1.8444224736269783, 1.7977521445821314, 1.7925891543135923, 1.7932008542850906, 1.7912500582489312, 1.789126932036643, 1.780524401103749, 1.7784670071274626, 1.7684080051440818, 1.8029479185740154, 1.759929889849588, 1.7853303610109816, 1.7604610680365096, 1.7434235016504924, 1.7447946842978983, 1.751176995973961, 1.7422790901333678, 1.7475677518283619, 1.755728424764147, 1.739957353063658, 1.7439332055110557, 1.733764463779973, 1.720779992201749, 1.7172802870764452, 1.7136218010210524, 1.7080724490623849, 1.714200224946527, 1.7117610036158095, 1.7035368751077091, 1.7046805275421517, 1.6895907147257936, 1.706910769144694, 1.6854278690674727, 1.687230236974417, 1.677955280624184, 1.6919166504168044, 1.678524174526626, 1.689838451497695, 1.6707180008000018, 1.661886731783549, 1.665107908786512, 1.6645472604854434, 1.6658723424462711, 1.689558557435578, 1.6588358519708408, 1.6538867237521153, 1.6348689455612033, 1.6425486563467513, 1.646558770946428, 1.6319299959668927, 1.6398353155921488, 1.6288512425095427, 1.6443255865106396, 1.6346166244908875, 1.6247118705627965, 1.6470560910655003, 1.6158592461370955, 1.6379371110130758, 1.6258653297143824, 1.6178466239396263, 1.6088927230414223, 1.6141633420598274, 1.6005264479739993, 1.6084372956378787, 1.611520403448273, 1.59780808114538, 1.6077263910396427, 1.5933828704497393, 1.6433455733691944, 1.5938957432905834, 1.6135516938041239, 1.5849232384387184, 1.5918552939798318, 1.5858937022732753, 1.5824960420529048, 1.579024579595117, 1.636980781368181, 1.5706104910841174, 1.5755732246473724, 1.5616867402020622, 1.57380304850784, 1.5689158276015638, 1.5556976070591049, 1.5692936275519578, 1.5589508729822494, 1.557165136816455, 1.5583979987046297, 1.5424365342832078, 1.5624927819943895, 1.5468492645258998, 1.542106546607672, 1.5381835421510772, 1.5440232175237991, 1.528232207193094, 1.5453015165586097, 1.6219242928074855, 1.5396624441240347, 1.5288634831998862, 1.5342983509979995, 1.5329503422858668, 1.5294115309621774, 1.522905333369386, 1.5337241829610337, 1.5353377426371855, 1.5132901297480452, 1.5298675181818944, 1.5198266739938773, 1.511018580957955, 1.5110518926498937, 1.5111474266239242, 1.520423158126719, 1.4974448888325225, 1.5105345553042842, 1.5021167152068193, 1.5080904434708988, 1.503392575418248, 1.4923589550981335, 1.491325284043948, 1.507763243189045, 1.4846278654009688, 1.4949586262889938, 1.4850661254980986, 1.4912118753966164, 1.478475496172905, 1.4886854553923887, 1.4793407852743186, 1.496414397277084, 1.4712300902488185, 1.4809034580693525, 1.5324380304299148, 1.4577615865889717, 1.4813952726476334, 1.4633827311735528, 1.4708844101896472, 1.4683260876758426, 1.469869350393613, 1.4654555347035914, 1.4752822810528325, 1.4620882483089672, 1.4612913862162946, 1.4608340649043812], "map": 0.7476592462136363}, "time": 444.874178647995}