{"task": {"lambda": 1, "alpha": 3, "lr": 1e-05, "wd": 1e-05, "bits": 24}, "result": {"earlyStop": true, "loss": [1.826730022243425, 1.450373498248119, 1.3682293681537403, 1.3091355451181823, 1.2749532139768787, 1.2393041206341164, 1.2519635850307989, 1.1791840969931846, 1.1551074537576413, 1.181687903170492, 1.1352361928598553, 1.1221228846732307, 1.1035688805813884, 1.092562662035811, 1.0706442445516586, 1.0692449013392131, 1.04797002760803, 1.0215894942190133, 1.0174184727902507, 1.005519395657614, 0.9992768221041736, 0.9837874416627136, 0.9729202635147992, 0.9583492355019438, 0.9536571128695619, 0.9419518761775073, 0.9309689320769965, 0.914816856676457, 0.9101240371956545, 0.910954742455015, 0.8903897775738847, 0.8869887862135383, 0.8793969870198006, 0.873934158799695, 0.8698117297654059, 0.8573434731247378, 0.8492048414898854, 0.8404917515376035, 0.8470685321326349, 0.8383195894021614, 0.8234571008121266, 0.8153518076036491, 0.8153417309125265, 0.8041761923654407, 0.7983319166244245, 0.798412448050929, 0.7814663309676975, 0.77202015793791, 0.7696200214764651, 0.7632779446887035, 0.7619370070158267, 0.7495264862390125, 0.7503618840493408, 0.7533100294131859, 0.7446936927005356, 0.7389670093269909, 0.7308368425743252, 0.7277785738309225, 0.7215555595124469, 0.7162852044783387, 0.713146371292133, 0.7098913408961951, 0.7092630103522656, 0.699179541830923, 0.6936450226634157, 0.6880069237713721, 0.6824839185265934, 0.6800087260849336, 0.6772361339307299, 0.6714912726014268, 0.6743863531771828, 0.6665569660710353, 0.658795010663715, 0.6691988648152819, 0.6608212683715072, 0.6505466059726828, 0.6451363543085024, 0.6432769164150837, 0.639936744874599, 0.6289203320355976, 0.62877460014002, 0.6228040094469108, 0.6227028372825361, 0.6231079770653856, 0.6177922198001076, 0.6125256191281712, 0.6078290650073219, 0.6093392784104628, 0.5986044754584631, 0.6033453032666561, 0.5960978756056112, 0.5998410287440992, 0.5913498150367363, 0.5797326731331208, 0.582350825270017, 0.5825675343181572, 0.5741488913110658, 0.5741093339873296, 0.5696280090247884, 0.5680984428115919, 0.5630775032674565, 0.562059031105509, 0.5549239665269852, 0.5576999969049996, 0.5535107978126582, 0.5522743244381512, 0.5527304343733133, 0.5426640973663798, 0.5685386242819768, 0.548552449427399, 0.5376744106704113, 0.5339505964634466, 0.5409518082936605, 0.5263685724314522, 0.5236077190322035, 0.524668199466724, 0.52173092435388, 0.5258580320606044, 0.5186034724408505, 0.512170762700193, 0.5103402226871135, 0.5136301549626332, 0.5061254098134882, 0.5097867788053027, 0.5096165897215114, 0.5007327774576112, 0.5044984081212212, 0.49479161874920713, 0.5024817673599019, 0.49146581689516705, 0.4915669423108007, 0.48504755017804163, 0.49358658872398675, 0.4848721031756962, 0.4847131339358349, 0.4806409288270801, 0.4793243527996774, 0.47633841107873354, 0.4750971855486141, 0.4765094357962702, 0.4722898494379193, 0.466136514702264, 0.46483825760729175, 0.46761641198513554, 0.46575797013207976, 0.46479389787304637, 0.4595726811710526, 0.4576704204082489, 0.4562966136955747, 0.4579265158550412, 0.4508390891201356, 0.45266565592849956, 0.44922834634780884, 0.44522054464209315, 0.4503997903244168, 0.44367022315661114, 0.4393399365100206, 0.4418482312969133, 0.4383462521375394, 0.4387866793309941, 0.4345563561016438, 0.4341393267991496, 0.4367651617994495, 0.43247849187430215, 0.4352510884112003, 0.4310613204451168, 0.43271755704692766, 0.4396759064174166, 0.42760727423078876, 0.42326242462092756, 0.42545300108544964, 0.4248049308856328, 0.422498876265451, 0.416885825641015, 0.41609006754907907, 0.4168875652785395, 0.41583193780160416, 0.41445177486714196, 0.41031787471444, 0.40769261939852847, 0.40926281055983377, 0.40400777282375916, 0.40914255146886785, 0.40494096264535306, 0.4068807307996002, 0.4030601767932667, 0.4030574753003962, 0.40176553878129695, 0.4034887771396076, 0.40175151006848203, 0.3958183582506928, 0.3972613376145269, 0.3927288347599553, 0.39166270371745615, 0.3950679214561687, 0.39280298323023555, 0.3862388015669935, 0.39052215598377527, 0.3873904741862241, 0.3838407008671293, 0.38822157534898494, 0.3840603620982638, 0.38282956577399196, 0.3809548619331098, 0.3809668735838404, 0.38036466784336986, 0.3826401394371893, 0.37915411664574755, 0.37627049856910516, 0.3787800406708437, 0.3773319531305164, 0.37077465974817087, 0.37273547754568215, 0.36837591055561514, 0.3728885513310339, 0.3706018068626815, 0.3669377416372299, 0.36848340840900645, 0.3707672261139926, 0.3635834998944226, 0.3691597101735134, 0.3633232455627591, 0.36671896278858185, 0.3613595401539522, 0.3599696504134758, 0.35769645694424124, 0.36370478102973863, 0.3599754417059468, 0.3563991191924787, 0.3548934889190337, 0.35734959297320423, 0.3557547339621712, 0.3516763685380711, 0.35246441454864014, 0.35077851221841927, 0.3549967764639387, 0.391331268584027, 0.35963332959834265, 0.3493339250631192, 0.3459280814025916, 0.3446628316944721, 0.3495367842854238, 0.3473517897666669, 0.3436744736105788, 0.3450720780620388, 0.3440198601753104, 0.34273864621040867, 0.3433208963742443, 0.3405223366092233, 0.34426918523568734, 0.34080469871268554, 0.33755191284067493, 0.3388577556493236, 0.3378496286915798, 0.3422297072761199, 0.3410686181456435, 0.3369331985127692, 0.33520038557403226, 0.3357326490621941, 0.3348452033949833, 0.3326362640249963, 0.3298577041018243, 0.3354218453168869, 0.3293714096733168, 0.3344435475620569, 0.3349916549289928, 0.33044599405690733, 0.32510963067704557, 0.3284095866130848, 0.32660477710705177, 0.32850854420194436, 0.32587145181263194, 0.32413480416232465, 0.32544148961702984, 0.3247296111840828, 0.3257552297676311, 0.321372866776644, 0.32272811818356606, 0.3248352664066296, 0.3203199689879137, 0.3220783819754918, 0.3201313267151515, 0.32092152360607595, 0.3222545715523701, 0.3176320256555782, 0.3171384001479429, 0.3159617879519276, 0.31573597137250153, 0.31414952888792635, 0.3151476856540231, 0.31399009632421476, 0.31403324621565204, 0.3131206140798681, 0.313474615707117, 0.31540386758598626, 0.3113836657767202, 0.3062736332124355, 0.3092377407878053, 0.313830131409215, 0.3075047800061749, 0.3076729125836316, 0.30520789354455236, 0.3048014374924641, 0.30869818997441556, 0.3041847219654158, 0.3094572848549076, 0.30679242897267434, 0.30369078382557513, 0.30350787470153734, 0.30110032009143456, 0.30383409355200974, 0.2981104857343085, 0.3006024199957941, 0.3014907673293469, 0.29836786114702035, 0.3007219977238599, 0.30092328991375716, 0.30048145032396506, 0.30111094082103057, 0.30275558943257613, 0.29644912057647516, 0.2967437273439239, 0.2962912572365181, 0.29517895158599405, 0.3249675695802651, 0.3048696048996028, 0.29493051066118126, 0.2892727619584869, 0.2937758344353414, 0.2928639840261609, 0.29268308699715373, 0.29290441905750947, 0.2936811526032055, 0.29280953985803265, 0.2922586678874259, 0.28776705060519425, 0.2924637975646, 0.2901989142684376, 0.29145149126941083, 0.2886178662963942, 0.289033379332692, 0.288472265589471, 0.29036109061802134, 0.2851320608865981, 0.2900126471238978, 0.2891072172160242, 0.2902306362110026, 0.2863792128422681, 0.28700214799712687, 0.2835588545775881, 0.2869138518969218, 0.2851540849489324, 0.2842956823753376, 0.28664980361274645, 0.2843933087937972, 0.281647898841138, 0.286126363511179, 0.28056395039254545, 0.2839962886829002, 0.27992989013300223, 0.28134661299340863, 0.28670023410928014, 0.28394059223287244, 0.2758637075038517, 0.2744418677746081, 0.2774542072678314, 0.27365824813936274, 0.27577772429760766, 0.27815082917610806, 0.27571307560976815, 0.2814294979268429, 0.2748354670463824, 0.2759132998831132, 0.2754902694301278, 0.27659155107011985, 0.2742386994992985, 0.2717268601352093, 0.2746093444818375, 0.27299658019168704, 0.27154937810173224, 0.27261042478037817, 0.27204665804610534, 0.27558186562622294, 0.274535016394129, 0.27321258158076045, 0.26906418508174373, 0.2720975811574973, 0.2714395672082901, 0.27133671764065237, 0.2675433340025883, 0.26829328519456525, 