{"task": {"lambda": 1, "alpha": 1, "lr": 1e-06, "wd": 1e-06, "bits": 48}, "result": {"earlyStop": true, "loss": [1.7583366819456512, 1.5074363549550374, 1.3949655832028856, 1.3169832147803961, 1.2597715679336996, 1.2184646398413415, 1.1880695492613549, 1.1610484064794053, 1.1376089436166428, 1.1194357240901274, 1.0989935590940363, 1.08805653628181, 1.0706775790336085, 1.062485559313905, 1.0441996145482157, 1.0379181328941793, 1.0304559030953575, 1.0163608421297634, 1.01322044636689, 1.0049310870030348, 0.9950979988948971, 0.991099499019922, 0.97890665250666, 0.9795787346129324, 0.96730143123982, 0.9681133978507098, 0.9587773201512355, 0.9586463459566528, 0.9533015775914285, 0.9655377549283645, 0.9397614335312563, 0.9412780766393624, 0.932202605640187, 0.9304467486400231, 0.9258663204370761, 0.9324825078833336, 0.9251658320426941, 0.9224909830327127, 0.9150388071350023, 0.914509516136319, 0.9124935175858292, 0.9019202619206672, 0.9038159572610668, 0.9015008976646498, 0.898374060789744, 0.8978912812822005, 0.8923534745094823, 0.8954963987948847, 0.8880537216569863, 0.8868273987489588, 0.8801366423859316, 0.887853721777598, 0.8799493809541067, 0.8753723052202487, 0.8717017074426016, 0.8648269708250084, 0.8672868854859296, 0.8639010991535935, 0.8579787927515367, 0.8595663291566512, 0.858150507889542, 0.8548630984390483, 0.8529371169267916, 0.8495928785380196, 0.8489862604468477, 0.8466742290001289, 0.8449592233872881, 0.8424912077539107, 0.8439380877158221, 0.8435808694830128, 0.8374655597350177, 0.830746742440205, 0.8267038184053758, 0.8314726510468651, 0.8303380111853281, 0.8259413084563088, 0.8215218414278591, 0.8240199614973629, 0.8207582340520971, 0.81504533162304, 0.8160700237049776, 0.818622339589923, 0.8155137656950483, 0.8142763294425666, 0.8115693044428732, 0.8064566418236377, 0.8065824140520657, 0.806854165652219, 0.8054075819604537, 0.8056685632350398, 0.8011052380589878, 0.7989647534548068, 0.8122150161687065, 0.8207319495724696, 0.7900707733397391, 0.7963449914081424, 0.793436760411543, 0.7889719272361082, 0.7904484862206029, 0.7908251770571166, 0.7881376655662761, 0.7906096717890572, 0.7834596008646721, 0.7803108619124282, 0.7812379733020184, 0.7815275870117486, 0.7760587089201983, 0.7759415156701032, 0.7701312414571351, 0.7781531743559182, 0.7931756868081934, 0.7692892235868117, 0.7670942480657615, 0.7710654466759925, 0.7687674982875001, 0.7650586664676666, 0.7598412732283274, 0.7667021803996142, 0.7621422427542069, 0.756532502524993, 0.7590947951756272, 0.7572062006768059, 0.7557014746993196, 0.7641297555437275, 0.7526359213333503, 0.7486922206247554, 0.7543518052381628, 0.7569301023202784, 0.7502622394000783, 0.7490201551540225, 0.74907292805466, 0.7457628954274982, 0.7474013093639823, 0.7469270258557563, 0.7449042008203619, 0.7387742604695114, 0.7348225128416922, 0.7439207966421165, 0.7386749217323229, 0.7375156192802915, 0.7334219789972493, 0.7293988875314301, 0.7294424795636943, 0.7495040379318536, 0.730191171169281, 0.7247828043559018, 0.7293546088770324, 0.7281155948545418, 0.7260716835073396, 0.7248486192787394, 0.7260496844263638, 0.7224123334767771, 0.7193606045900607, 0.7211572019492879, 0.7187300569870892, 0.7199272332238216, 0.7254218576001186, 0.7160556409873214, 0.7151040978291455, 0.7170537628379523, 0.7121360506497177, 0.7123515214405808, 0.7107157634169448, 0.7034197321125105, 0.7140742055341309, 0.7108811478988797, 0.705401822924614, 0.7077751282383414, 0.7024641241513047, 0.7042363934657153, 0.7046117794279959, 0.7035900757593267, 0.7050794187714072, 0.7056228565234764, 0.6982519685053358, 0.7215940543249542, 0.7001802903764388, 0.701074915189369, 0.6933501219632578, 0.691021623856881, 0.7002087065986559, 0.6906418800354004, 0.6927391062764561, 0.6913768356921626, 0.6898587796033597, 0.6889528632164001, 0.688597544151194, 0.6875543909914353, 0.6865753280181511, 0.6861993863302118, 0.6861409994901395, 0.6837248995023615, 0.6876953612355625, 0.683670270092347, 0.6783320518100963, 0.6809098790673649, 0.6815721211480159, 0.67595074281973, 0.6832248305573183, 0.6815150339229434, 0.6775672126050089, 0.6781212889096316, 0.6773264524983424, 0.672266784251905, 0.6772076984246572, 0.6719088045989766, 0.6723275996890723, 0.6715916810082454, 0.6716547678498661, 0.6899403146668976, 0.66586660666793, 0.6655452900073108, 0.6630866282126483, 0.6703438776380876, 0.6641320440114713, 0.661152228420856, 0.668028402562235, 0.6623410538715475, 0.6600623563224194, 0.6645786411621991, 0.6680536585695603, 0.6630856710321763, 0.658034070449717, 0.6575375731084862, 0.6546014304838929, 0.6541029337574454, 0.6587468298042521, 0.6668953755322624, 0.6655317019013798, 0.6554365257422129, 0.6587840768636442, 0.6550318043605954, 0.6525351416830923, 0.6476132244456048, 0.6491299709853005, 0.6502863081062541, 0.6549703934613396, 0.6534663094025032, 0.6462867090515062, 0.6465115634834065, 0.6501236975777382, 0.6446149416413962, 0.6447249119188271, 0.6485012208714205, 0.6533666241402719, 0.6375458284335977, 0.6399414381560158, 0.641474597009958, 0.6396373375958088, 0.6376845167548049, 0.6415961793824738, 0.6361347819660225, 0.6387711921158958, 0.6347249857350892, 0.6329467094996396, 0.6419282093936322, 0.6331629507681903, 0.6340546485255746, 0.6331684332267911, 0.6248270016090542, 0.6280970973711387, 0.6281501349865222, 0.6261199721518684, 0.6305850124826619, 0.6304421933258281, 0.6243604260916803, 0.6241894460776273, 0.6306749366077722, 0.6234268622071135, 0.632700244585673, 0.624888617034052, 0.624826671446071, 0.6212066312630972, 0.6214679736717075, 0.622472463869581, 0.6158352324775621, 0.6168793141841888, 0.623812735080719, 0.6183946366403618, 0.6174931523262286, 0.617755775942522, 0.6222082458290399, 0.6166485588924557, 0.6148628136690926, 0.6093992038684732, 0.6152438784346861, 0.6166349146880356, 0.6129708886146545, 0.6108037776806775, 0.6096110779280756, 0.6102910436251584, 0.6062676401114931, 0.6079451307362201, 0.606353707465471, 0.6051937107946358, 0.6108922514260984, 0.6054245993202808, 0.6104612058284236, 0.6027283820451474, 0.6069004126623565, 0.6082020168210945, 0.5975888768831888, 0.6016707829400605, 0.6058584761385825, 0.6005802101948682, 0.598964197086353, 0.6010265087380129, 0.5965327696472991, 0.598749066100401, 0.600249743344737, 0.5955816210777152, 0.5962595881200304, 0.5969480094956416, 0.5985154246582705, 0.5971148814640793, 0.5943755577592289, 0.5904694202483869, 0.5908946973436019, 0.5944996423581067, 0.5924880913659638, 0.5917929589164024, 0.5873674525349748, 0.5863966053607417, 0.5898850425785663, 0.588124147232841, 0.5902162603303498, 0.5887164987769782, 0.5861142257265016, 0.5873462382484885, 0.5854616892688415, 0.5841461373310463, 0.5878806470655927, 0.5853779917838526, 0.5934132279134264, 0.5858315577109655, 0.5825169025098577, 0.5775881985238954, 0.577597373548676, 0.5777416471757141, 0.578979495401476, 0.5747626207622827, 0.5759519744737476, 0.5778213415075751, 0.5794828341287726, 0.5757540855921951, 0.5727548181426292, 0.5752169355457905, 0.574063742277669, 0.5874507847954246, 0.5720028228619519, 0.5760324722995945, 0.5684571537901374, 0.5683410617650724, 0.5704545057287403, 0.5694549098318699, 0.5727438321884941, 0.572498196480321, 0.5708749177409154, 0.5714370105780807, 0.566908990927771, 0.57048866444943, 0.5648392520698846, 0.5667719204051822, 0.569353007218417, 0.5639026235131657, 0.5651781366151922, 0.5602387411921632, 0.5643586978024128, 0.5630069158825219, 0.5640347512329326, 0.5593931566850812, 0.5623789073205462, 0.561177865839472, 0.5626469780417049, 0.5557184613802854, 0.559408272598304, 0.5617568755851072, 0.55710122924225, 0.5601971254629248, 0.5573826689346164, 0.5617998026165307, 0.5574301621493172, 0.5551050901412964, 0.5538142977976331, 0.5562963906456443, 0.5537176108827778, 0.5531399431181889, 0.5561829323277754, 0.552493713650049, 0.5504716266604031, 0.550949326917237, 0.5515002336572198, 0.5504079171839882, 0.570272274461447, 0.5510213795830222, 0.5521297226933872, 0.5429686752020144, 