{"task": {"lambda": 0.5, "alpha": 5, "lr": 0.0001, "wd": 0.0001, "bits": 12}, "result": {"earlyStop": true, "loss": [3.084504390756289, 1.820592101005947, 1.6894610194014568, 1.577924353234908, 1.5316905706536537, 1.4923450152079265, 1.3909882263225668, 1.3449391436343099, 1.2867960795467974, 1.2849953852447809, 1.3754154995960348, 1.1728682672860575, 1.132492557021917, 1.0857332757875031, 1.0689693429306442, 1.0270463421064264, 1.0184419716105741, 1.0033530633823544, 0.9342243915387228, 0.8866623917631075, 0.9033140323910058, 0.8450648220730763, 0.8195676147645595, 0.8110640951815773, 0.7688811888881758, 0.7740085668423596, 0.771463054360128, 0.7053397943576177, 0.7408100385584083, 0.6762185432747299, 0.6741268704919254, 0.6580160705774438, 0.6362733718957386, 0.6363341583340776, 0.6270831002324235, 0.6405765200946846, 0.5891451527382813, 0.5970219952218673, 0.6209550519638202, 0.5991497606623406, 0.6206978860439039, 0.5352600662439477, 0.5335671989356771, 0.5366481552813568, 0.5160385151119793, 0.5290484822848264, 0.5221774069701924, 0.5213256167138324, 0.4920477152747266, 0.5116213874197474, 0.47717945803614226, 0.48457706705027936, 0.49187053710806605, 0.46265678049302567, 0.524713813820306, 0.44865785217752646, 0.45650847460709365, 0.441244771083196, 0.44666553624704775, 0.515132417865828, 0.41606879877109154, 0.42787859106765075, 0.43744228312782213, 0.42726629227399826, 0.46970538093763237, 0.4177056466247521, 0.395033919635941, 0.4079711346649656, 0.4146287038045771, 0.39346659431854886, 0.4323107150255465, 0.4009365392666237, 0.3989570018123178, 0.3934943968174504, 0.43441720818187674, 0.3738143955375634, 0.37603619022696627, 0.37483903824114334, 0.37675028367369784, 0.40114665104478014, 0.36642028858848646, 0.37643832421185924, 0.3713894742084484, 0.3630727032820384, 0.3662490429831486, 0.38919110362436254, 0.34815336004191755, 0.3587060478680274, 0.34815453869455, 0.3961828324724646, 0.3431991557864582, 0.35223322142572966, 0.34615762005834017, 0.35767604381430385, 0.3385278785637781, 0.34862833397061216, 0.334241812135659, 0.3489040206460392, 0.3316790806312187, 0.3917425325980373, 0.3199462808814703, 0.34498854361328424, 0.3877452308056401, 0.3212042046236057, 0.31915344736155343, 0.32329710879746604, 0.34836913842488737, 0.31591592845963495, 0.31321803874829235, 0.32076626431708244, 0.31464480564874764, 0.31897610893436507, 0.33223682408239325, 0.31975826562619675, 0.3456307380807166, 0.30515380437467615, 0.3208806596550287, 0.36912721994460795, 0.3021699607956643, 0.35735570391019184, 0.35255250144822925, 0.30937905609607697, 0.3044224825559878, 0.2995878967876528, 0.32110609625484426, 0.3009313938080096, 0.2995798566616049, 0.305050119173293, 0.30248889429312126, 0.29774806370922163, 0.30112865625643265, 0.3115646151058814, 0.2911769039198464, 0.29807567085121195, 0.3042498337579708, 0.2982537153304792, 0.30198753581327553, 0.34587786098321277, 0.28932249546051025, 0.2888963375897968, 0.2929832339286804, 0.30004261718953357, 0.2883632755747028, 0.29512501434952604, 0.31084122479546306, 0.2911946533941755, 0.3494319836882984, 0.2958241163515577, 0.28356881848737303, 0.2799292479952176, 0.27671753162262486, 0.29781027927118187, 0.2879025395594391, 0.2752157461409475, 0.3356607053794113, 0.27864011450141085, 0.2754200965750451, 0.2780165483846384, 0.27866392714135785, 0.289767387523955, 0.2755830926345844, 0.27484191808046077, 0.2820623331502372, 0.28680483142242713, 0.2714189635772331, 0.2770883013658664, 0.2752262273547696, 0.28830182610773575, 0.27473242829243344, 0.27821517312059213, 0.29838068023616193, 0.26654620468616486, 0.2713541194212203, 0.2755599872154348, 0.26897800290117074, 0.2711869207959549, 0.2721256818257126, 0.2695052994816911, 0.2975006617751776, 0.2645663096039903, 0.2641538774558142, 0.285360895681615, 0.2555229010827401, 0.26878611509706457, 0.2658480627864015, 0.26913461556621626, 0.2672732387687646, 0.2665613823953797, 0.2672875583464024, 0.2580105511873376, 0.3284275749442624, 0.25383125026436415, 0.24955476338372512, 0.2512255347534722, 0.25692183378280375, 0.25729110325668375, 0.2688813942904566, 0.2690853397635853, 0.2502719003195856, 0.2558123996736957, 0.26065919153830586, 0.2632297747859768, 0.2570538815914416], "map": 0.7858444763188175}, "time": 429.5079839229584}