{"task": {"lambda": 1, "alpha": 1, "lr": 1e-05, "wd": 0.0001, "bits": 32}, "result": {"earlyStop": true, "loss": [1.124687729512944, 0.9343536332541821, 0.8932674772599164, 0.8433597210575553, 0.821484694293901, 0.7995126048723856, 0.7808113168267643, 0.7638661160188562, 0.7476456778890946, 0.730701557561463, 0.7214322715413337, 0.7046054104963938, 0.7012183000059689, 0.6829823538953183, 0.6682465096899107, 0.680104512794345, 0.6558370718768999, 0.6511451601982117, 0.6377909066630345, 0.6321849934026307, 0.6287402405458338, 0.6193543316102496, 0.6060826667383605, 0.5988270555641136, 0.5969961554396386, 0.5906076562755248, 0.5850899868151721, 0.5790855019700294, 0.5694676590900795, 0.568318096446056, 0.5648332109638289, 0.5538847332491594, 0.56612328396124, 0.5490933592412987, 0.5372197519914776, 0.5325053597197813, 0.5338622016065261, 0.5282893817798764, 0.5183227956295013, 0.515022419831332, 0.5136105210757723, 0.5096715440352758, 0.5029912620198493, 0.5016669891044205, 0.49798520055471684, 0.4882877083385692, 0.48801157784228233, 0.4804199960301904, 0.47723128339823556, 0.4747051339523465, 0.4677969304954304, 0.4659845980943418, 0.4613765819984324, 0.4590636783955144, 0.45862625977572274, 0.45505376715286106, 0.4484468119985917, 0.4473365743954976, 0.44145034458123, 0.43895409270828845, 0.4375511951306287, 0.4557640412274529, 0.4366959266218485, 0.4235813594331928, 0.4244203114626454, 0.4227014452803369, 0.41771699195983364, 0.417930487908569, 0.4158187526113847, 0.41456661738601386, 0.41204986209962885, 0.4064779405792554, 0.40209007672235075, 0.40134095035347284, 0.4029346282283465, 0.3971697004402385, 0.39621221259528516, 0.3959817483144648, 0.38835858772782716, 0.390548017095117, 0.3877970821717206, 0.3817341175733828, 0.37598713297469943, 0.3800075699885686, 0.3745260352597517, 0.37595654936397777, 0.36798597346333894, 0.3683183844767365, 0.3700785286286298, 0.36639709858333364, 0.36219361804279626, 0.36378548133607, 0.36104299449453164, 0.3599959153170679, 0.3551015450673945, 0.34963567964002196, 0.35483286252208784, 0.34663014318428786, 0.3492978974884632, 0.341964709408143, 0.34448634701616626, 0.34592342259837133, 0.341951132405038, 0.33831072963920295, 0.3347860720812106, 0.33474930799474906, 0.33319681707550497, 0.3297381421514586, 0.3316367388355966, 0.3282720700782888, 0.32770414066080955, 0.3243357875183517, 0.322603334106651, 0.322799926295, 0.31930649163676245, 0.3186291841899647, 0.31889189984284194, 0.31615826078489717, 0.3132744212360943, 0.3126515962329565, 0.3084276067275627, 0.3104797590012644, 0.3092236442893159, 0.30897123264331444, 0.3049582462100422, 0.3048119772883022, 0.30255383720584944, 0.2988191604906437, 0.3008875414436939, 0.2964980944114573, 0.29610148452076257, 0.29825668329117344, 0.2994391859746447, 0.2922148350991455, 0.2954001534803241, 0.2914324036123706, 0.2898687524538414, 0.2897843648405636, 0.2862770028558432, 0.2848378909276981, 0.28352052309349474, 0.283143063678461, 0.2856758482315961, 0.28805994636872234, 0.28237251206940295, 0.28006813076196935, 0.280633922885446, 0.27717365061535554, 0.2789096107669905, 0.2765327540098452, 0.27934298941902086, 0.27739117981172073, 0.2712939721988697, 0.27320416534648223, 0.27074593831511107, 0.27127641234912125, 0.27044272685752196, 0.27562813957532245, 0.2720559715640311, 0.26629311868957445, 0.26646196374706194, 0.2657528393993191, 0.26547378710671965, 0.262696361570966, 0.2845018985224705, 0.27407768427156937, 0.26309514922254224, 0.2591549771673539, 0.2898164689540863, 0.2703080823024114, 0.2636910630207436, 0.259160671748367, 0.258054944230061, 0.25748609196321637, 0.2583783295224695, 0.2565635284956764, 0.2565642183317858, 0.25728121283007604, 0.25661906512344584, 0.25640199581782025, 0.2542467653459194, 0.2513435617381451, 0.25139962706495733, 0.25114142339603573, 0.24970623441770964, 0.2512204153280632, 0.2505989025036494, 0.2484911684604252, 0.24762787158582725, 0.2445188804584391, 0.2477162667349273, 0.24659704577689076, 0.24936432873501496, 0.24333330083127117, 0.24428551600259893, 0.2521612033540127, 0.2471914116074057, 0.23922329133047776, 0.23784386644176408, 0.2391369667123346, 0.23775492579329247, 0.2380269786306456, 0.23860955325996175, 0.23686636180854312, 0.24145675961877786, 0.23288661855108597, 0.2365655782175999, 0.23371732176518908, 0.23221643911857232, 0.23394526774976768, 0.22771429650339425, 0.22954032409424877, 0.22987706462542215, 0.2287235598938138, 0.22746898599115073, 0.2293538515474282, 0.2266506206463365, 0.22532066396054098, 0.2307307109528897, 0.22870703669739703, 0.22554086835360995, 0.22393725783217186, 0.2236474971560871, 0.24484394461500877, 0.23728284561166577, 0.22514181364985072, 0.24279335316489725, 0.2380688320480141, 0.2254143129376804, 0.22248455721373653, 0.22116420637158787, 0.22032327000416962, 0.21991237413649464, 0.22133778590782016, 0.21871381267613055, 0.22199328272950417, 0.22502420696557737, 0.21851209302743277, 0.2195424922541076, 0.21907823372120952, 0.21669421374213463, 0.21762879514226727, 0.21482530396942998, 0.21497040490309396, 0.21517550959890963, 0.22335767892061495, 0.22255442569068834, 0.21309607256861293, 0.21417216080076554, 0.21286823512876735, 0.21336126648912243, 0.21225502005979127, 0.20994233033236334, 0.2123996071955737, 0.2108085139417181, 0.2118434174095883, 0.20946820460113824, 0.21172935004327811, 0.20994061085523344, 0.20997789531361824, 0.20741808765074787, 0.20826601748372994, 0.21023671445893308, 0.20715447325332492, 0.20679176175126843, 0.2078261498142691, 0.2061765229000765, 0.20808916465908872, 0.20667050150679608, 0.2050128377535764, 0.2040601346422644, 0.20165765300100924, 0.20070266373017254, 0.20301063300347796, 0.20265504337993323, 0.20383226287131215, 0.20060944776324666, 0.2007790066155733, 0.20211531514046238, 0.20088444007377998, 0.20090836695596284, 0.2000532638208539, 0.1973184028676912, 0.19986898203690848, 0.1983578329284986, 0.19698746020303054, 0.1963486177664177, 0.19652949507329978, 0.19652170863221674, 0.19539681398401074, 0.19402703014658948, 0.19565090975340674, 0.1932140521559061, 0.1935146303445685, 0.19484161424870586, 0.19506251373711755, 0.19509495517202452, 0.19386548066840453, 0.191614546027838, 0.1926023508695995, 0.19318261757200839, 0.19251657028992972, 0.1907382309436798, 0.18953435678108066, 0.19024241306618148, 0.19127719162725934, 0.18997191301747865, 0.1883253066563139, 0.18763037785595538, 0.1887232431886243, 0.18999730021345848, 0.19051051519665063, 0.1906039554114435, 0.1881411151558745, 0.18738000839948654, 0.1884523276604858, 0.18794766199939392, 0.18641832251759136, 0.18601431113247777, 0.18471297577900045, 0.18412907626114638, 0.18428733214443804, 0.18428445329853133, 0.18373456860289855, 0.18261476197079116, 0.19198579005166597, 0.21679226469759846, 0.19428739346125545, 0.1842000766419897, 0.1822721626536519, 0.18261518168683147, 0.18127081660079022, 0.18195881358548707, 0.18069975253413706, 0.18086858561225966, 0.17935676872730255, 0.1794285800527124, 0.18189422727799884, 0.181432187118951, 0.1800635920874044, 0.18197383249507232, 0.1809808977094351, 0.18046078363470003, 0.1778263249525837, 0.18163361911680184, 0.17904755385483012, 0.17970805498314837, 0.17980419099330902, 0.17867173780413234, 0.17921007994343252, 0.1788495897370226, 0.17682581153862617, 0.17721308256481208, 0.17659114607993295, 0.17732726914041183, 0.17547303365141736, 0.17291507278295123, 0.17570120271514444, 0.17641730402030198, 0.1755998311381714, 0.1788400291812186, 0.1790495628819746, 0.17274916858649722, 0.17402410068932703, 0.17313054963654162, 0.17248540006431878, 0.1749709692655825, 0.17095330737385095, 0.1736020200392779, 0.17324285793538188, 0.174594925606952, 0.1739427608017828, 0.168908648631152, 0.1696359443606115, 0.17083092925010943, 0.17182375388402565, 0.16982713312494988, 0.17019427567720413, 0.17035668138779847, 0.1705897602380491, 0.1707221316356285, 0.1690569417733772, 0.16997198585201712], "map": 0.773230279980166}, "time": 812.1437451839447}