{"task": {"lambda": 1, "alpha": 3, "lr": 1e-06, "wd": 0.0001, "bits": 12}, "result": {"earlyStop": true, "loss": [3.212466375500548, 2.770275681626563, 2.4441455742892098, 2.250192590788299, 2.0688871244589486, 1.9635821136773801, 1.8741617173540825, 1.8376788578781427, 1.795820911725362, 1.7507065978704714, 1.7127236361597098, 1.6792414381223566, 1.6524373970779718, 1.6307285521544663, 1.6292927884588055, 1.6217269687091602, 1.586050740351864, 1.5792219849193798, 1.5536180182414896, 1.5532497687667024, 1.5456691699869491, 1.537961478326835, 1.5166576197918724, 1.487458444985689, 1.475036902462735, 1.4824701337253345, 1.465216178520053, 1.4680143290875005, 1.4357708417901807, 1.4312317356759428, 1.4255937010634179, 1.4174818098545074, 1.4249055479087083, 1.3990446825822194, 1.4292595620248831, 1.3942864110656814, 1.3815021421395095, 1.3783293839763193, 1.3670120689214444, 1.3651261773763919, 1.3419081174275453, 1.3499792928204817, 1.346333996922362, 1.3396535393069773, 1.3284213896475585, 1.3272647606391532, 1.3266054643135445, 1.3185386923598308, 1.3187930537205117, 1.3101996934297038, 1.2953429610705842, 1.2977102381341599, 1.2910374478966582, 1.290581828531097, 1.2768250773934757, 1.2751631675397648, 1.2692402031491785, 1.2649607050652598, 1.2661294568987453, 1.262733474665997, 1.257861936793608, 1.2568633959573858, 1.2478539832666808, 1.2473945725782245, 1.2424229237378812, 1.2936154533835018, 1.2850566728442323, 1.2790874254469777, 1.2718028870283389, 1.2265002829771416, 1.2304894792682983, 1.2230249801102806, 1.223639112477209, 1.2081787539463418, 1.2332032159263013, 1.2265140881725387, 1.2076813194389437, 1.226138998480404, 1.2025044829237694, 1.2049973615828682, 1.209978766301099, 1.1987027888204538, 1.1940979975111343, 1.1943527194214802, 1.1886368241964602, 1.1856122598344205, 1.183200251822378, 1.1909738913470624, 1.1846766699762905, 1.1699849340845556, 1.1913122698372485, 1.199483758094264, 1.1668832909827138, 1.166960952036521, 1.1685309024418102, 1.1618997773119049, 1.1667144766040878, 1.163308113229041, 1.1592866725781386, 1.1569976643020032, 1.151899600730223, 1.1480197181888656, 1.1450052987418922, 1.1484386333647896, 1.1476665922239715, 1.1398430633194305, 1.1348507101921474, 1.139741882389667, 1.1333716172798007, 1.1327107589618832, 1.1429248101571028, 1.1356946118906432, 1.143370243848539, 1.1253485396212222, 1.1257364101269667, 1.1547934027279125, 1.1211604230544145, 1.124707844911837, 1.1179363048251938, 1.112728452857803, 1.1066017152339804, 1.109715463191855, 1.1407119012346454, 1.1292087108481164, 1.1079886205056135, 1.1123966411048292, 1.1241579511586357, 1.100415943007843, 1.1011786414127724, 1.1034180031103247, 1.0923488557923073, 1.0977750303698521, 1.0922032793362935, 1.0926214260797875, 1.0962293305817772, 1.1395294385797836, 1.0877694212922864, 1.0863096573773552, 1.0876068043358185, 1.0803658892126644, 1.071814139099682, 1.0744672741960077, 1.0833579190805847, 1.0763052774994981, 1.090782593278324, 1.0718244498266893, 1.0792639056841533, 1.0660453733860278, 1.0742420971977944, 1.072005176076702, 1.0660545262051564, 1.0581381309266185, 1.1049751674427706, 1.0665357381689782, 1.0651856812776304, 1.0583411257933169, 1.065159040338853, 1.0574926164220362, 1.0562707045499016, 1.0554234373803233, 1.0503007338619699, 1.060906202769747, 1.0467024956848108, 1.0534298162834317, 1.053313529958912, 1.0528698207116594, 1.049184437037683, 1.0502133796028061, 1.0424744098209868, 1.0454364395609088, 1.0467233689976674, 1.0443369553369635, 1.040912042061488, 1.0358650257774429, 1.032477479355008, 1.0423241882931953, 1.0346259655905705, 1.0319231684301413, 1.0318980053359388, 1.0237759503663755, 1.028365658194411, 1.0245878540125548, 1.0263696923559786, 1.0219170366432153, 1.057019940778321, 1.0209982570479899, 1.0257756967170566, 1.0221753342478883, 1.0095491137574701, 1.0198357409121943, 1.010219868199498, 1.0123626750473882, 1.0139703893778371, 1.008077066026482, 1.0296291860879636, 1.0009896185468226, 1.0058863740049155, 1.0104299070788365, 1.001959833152154, 1.0070004813811357, 1.0148685329100664, 1.005827180018612, 1.0008781000095255, 0.9972486469675513, 1.000034994500525, 0.9984896799512938, 0.9964476172246185, 0.9941471487868065, 0.994738487490252, 0.9876087565048068, 1.007607220434675, 1.004128684015835, 0.9925048105856952, 0.983523941945796, 1.0018031830881156, 0.9913301669499454, 0.9829229643824053, 0.9830536754692302, 0.9883406144731185, 0.9935928968822255, 0.9815839882574829, 0.9801538098676532, 0.985285686803799, 0.9731399232850355, 0.9748579240312764, 0.9833111996744194, 0.9836733721050561, 0.9919664415658689, 0.97469429175059, 0.9730443805456161, 0.978257065894557, 0.9711810078691033, 0.9683319268857732, 0.9662312017936333, 0.9694202717612771, 0.9972338057031819, 0.9697636400952059, 0.9936592590575125, 0.9734325151817471, 0.9645700971869862, 0.9627403576000064, 0.9628142696969649, 0.9811507171275569, 0.9606678737144844, 0.9672061047133278, 0.9588277819109898, 0.995611708538205, 0.9529384120422251, 0.958359936873118, 0.9567653434533699, 0.9575628620736739, 0.9546821281021717, 0.9603848840091743, 0.9567560121124866, 0.954627228718178, 0.9517490469357547, 0.9523069478717505, 0.9466193347584968, 0.9827673774139554, 0.9538894634620816, 0.9549406912981295, 0.9462703428432053, 0.9441903741920695, 0.944448165157262, 0.9556554298774869, 0.9405246942358858, 0.9654544965893614, 0.9483496152302798, 0.944141586913782, 0.9324927959664195, 0.9438759465427959, 0.9474973924019757, 0.9368403738035875, 0.9316960108630797, 0.9362615557277904, 0.9385512168793118, 0.9453040600991717, 0.9345104875517827, 0.9737027918591219, 0.9229170747247397, 0.9288207701608246, 0.9303849459278817, 0.9298982532585368, 0.9289245365881452, 0.9233147646574413, 0.926583837352547, 0.9256675684568929, 0.9222852232701638, 0.9290433143283806, 0.9250140971705025, 0.9157472571321562, 0.954601619757858, 0.9168658560397578, 0.9227826764770583, 0.9248147983761394, 0.9250649307288376, 0.9217415419863719, 0.9175194490189645, 0.9714015278161741, 0.9229881272596472, 0.9141091080565079, 0.9152859469839171, 0.9189451409905565, 0.9201172403260773, 0.9013289178118986, 0.9200689050496793, 0.9288860021852979, 0.9137571179399303, 0.9588733151847241, 0.9121604330983817, 0.9102008211262086, 0.9097138909148235, 0.9043458627135146, 0.9047659872209325, 0.9205978536138347], "map": 0.739736189826936}, "time": 666.811784029007}