{"task": {"lambda": 2, "alpha": 5, "lr": 1e-06, "wd": 0.0001, "bits": 24}, "result": {"earlyStop": true, "loss": [5.2784431167677335, 4.520707195880366, 4.018077943839279, 3.629165434369854, 3.450123296064489, 3.221508914349126, 3.1062567198977753, 2.994650570200939, 3.038795083176856, 2.8539533019065857, 2.819971492477492, 2.760974456282223, 2.7284567151583876, 2.6950446624381867, 2.675216333538878, 2.6284378369649253, 2.602929333845774, 2.6219512060576795, 2.6050981236439124, 2.538406279741549, 2.5309299838309194, 2.486048079588834, 2.4666154004779517, 2.481422513139014, 2.4744024183235918, 2.4645912366754867, 2.426814578327478, 2.404986109803705, 2.399546279626734, 2.3659840272922144, 2.351553696043351, 2.3638288600772035, 2.3159733636706483, 2.314032425483068, 2.306233725127052, 2.3085683163474586, 2.297141245767182, 2.267722423170127, 2.333102964887432, 2.237308842878716, 2.2500189408367754, 2.2413623239479814, 2.2215505423499087, 2.2101994922348096, 2.1963325499319564, 2.1858585342472674, 2.1874406419548333, 2.1868248336455403, 2.168169289827347, 2.1819131701600316, 2.1484781605940237, 2.154218423015931, 2.1522169510523477, 2.1171699908434176, 2.113409384208567, 2.1139420551412247, 2.1031861124085447, 2.095004957680609, 2.1201344424603032, 2.0979094855925617, 2.096943799187155, 2.087051437181585, 2.065870698176178, 2.062202580419241, 2.0487536589304605, 2.053916681046579, 2.0550372857673493, 2.0398599423614203, 2.0360055343777526, 2.035486410061518, 2.0203828823332692, 2.0135607763248333, 2.074201226234436, 2.0131835212894513, 2.0074248617770625, 2.0777187277288998, 1.9957501327290255, 1.9945668899545483, 1.983393393310846, 1.9789559689222598, 1.984230566258524, 1.9648331526447744, 2.064669045747495, 1.961306001625809, 1.9643202388987822, 1.9465530532247879, 1.9391400004718817, 1.9513640567368151, 1.9391641523323806, 1.932687011419558, 1.9399280477972591, 1.9343491126509273, 1.9325592541227155, 1.976979510456908, 1.923128814089532, 1.9203170082148384, 1.9241400162378948, 1.9109400411446889, 1.9027612890098609, 1.9065534153989716, 1.899517598105412, 1.899134001311134, 1.9085166921802597, 1.9025049922513027, 1.894910795431511, 1.8843911412884207, 1.8730448063682108, 1.8926960416868621, 1.875140406921798, 1.8967709190705244, 1.9173928592719285, 1.8738915978693496, 1.8518897125533982, 1.8562897800230513, 1.841633628396427, 1.8391580645944559, 1.8456546798640607, 1.8548235904936696, 1.8283662299315135, 1.8278604366031348, 1.8892612387152279, 1.8298103780138726, 1.8320776522159576, 1.8271094841115616, 1.824855160479452, 1.8316486676534016, 1.824565625073863, 1.818281800139184, 1.8200120744751949, 1.8099748276027978, 1.814293240215264, 1.8030605999862446, 1.8001025780743243, 1.8022871689469206, 1.810061482822194, 1.7927689301032645, 1.7934052920808978, 1.7915208082573086, 1.786273412844714, 1.7770463497030968, 1.7708423833052318, 1.7699155386756449, 1.7758055580597298, 1.7676627425586475, 1.7525510662326627, 1.7684897993709527, 1.7638616786867964, 1.7577878245536018, 1.751684032234491, 1.7513541266614316, 1.7417458798371108, 1.807225089447171, 1.7351331404026817, 1.8280723866294413, 1.735604480785482, 1.7473987446111792, 1.7425844342100854, 1.7752701721939386, 1.7376336835178674, 1.7659190051695879, 1.7213420388745326, 1.7225809079759262, 1.7346905388084113, 1.7227535189366807, 1.7121882987957375, 1.7194934829193003, 1.7198867809538747, 1.7831334062651092, 1.7047469767869687, 1.713921827428481, 1.7010298742383134, 1.7044793706314236, 1.707940864796732, 1.7017558906592576, 1.7039777011263604, 1.6952685894919377, 1.6934209378326641, 1.6856843349980373, 1.6811273057086795, 1.6903360754835839, 1.68137287217028, 1.6920383181057723, 1.678719723925871, 1.6743582469575546, 1.6758669381048166, 1.6869160252458908, 1.6659914290203768, 1.6700429092435276, 1.6727189310625488, 1.6679179826203514, 1.6671278646179275, 1.6536627213160198, 1.6703512014127244, 1.6812593913545795, 1.6460432725794174, 1.6543911683793162, 1.671790139347899, 1.6455804530312033, 1.6575930878227831, 1.6458687720929874, 1.637484728997829, 1.6546941785251392, 1.6401697449824388, 1.6359114237860137, 1.6561079539504706, 1.6730339830996943, 1.6260022316493241, 1.6294811549139958, 1.651925435253218, 1.6402579218733544, 1.6399953318577187, 1.6315369781325846, 1.6235504214670144, 1.6202626771786635, 1.626145688342113, 1.6238861522253822, 1.6231386667373133, 1.6098075251953274, 1.6096010056196475, 1.7003275787129122, 1.6047970898011152, 1.5978049022309921, 1.6203720592984967, 1.6047340444490021, 1.6018169306072534, 1.6022049907375784, 1.5985844509274352, 1.5979327489348019, 1.5907354854485567, 1.603169128590939, 1.5908625768680198, 1.5832399755131965, 1.5974310472899793, 1.6408187782063204, 1.592923814759535, 1.5979627253962498, 1.6159144359476425, 1.5866482415620018, 1.5862513149485868, 1.5705016845581579, 1.5713529458232955, 1.5737200376449847, 1.5749852096333223, 1.5744484984407239, 1.5709618008604236, 1.572077673439886, 1.571098241151548, 1.5750177169547361, 1.5614993998817368, 1.5610239622639674, 1.5647420935771044, 1.5579427309772547, 1.55646140201419, 1.5608211042834264, 1.5764446562411738, 1.5496342667177612, 1.5571373896855933, 1.5370896400189866, 1.5576108822635575, 1.5536314354223364, 1.5863664898217893, 1.5526026797060872, 1.546213225991118, 1.538543151289809, 1.5430718198710798, 1.5447477932069815, 1.5329569502204072, 1.5332298395680446, 1.5447480865553314, 1.5310046281300338, 1.5334474450232936, 1.5310329192993688, 1.5330168137363358, 1.531510235632167, 1.5137660842315823, 1.5179053279114705, 1.5304699703758837, 1.5241228575799979, 1.5454744825176163, 1.531151492806042, 1.522379433407503, 1.5534323500651939, 1.517098803730572, 1.5027820996794046, 1.5141837222903383, 1.5116190466226316, 1.5255910456180573, 1.5122370229047888, 1.5128228424810897, 1.5184439654443778, 1.5283612269981235, 1.5024171769618988, 1.507352294290767, 1.4999357134688134, 1.5084141037043404, 1.5011158854353661, 1.4896748574341045, 1.4993572761030758, 1.4969296177812652, 1.4891237803533965, 1.4917041881411683, 1.491658140631283, 1.4935251182200862, 1.4895673400046778, 1.5528717508503036, 1.492988815494612, 1.494372021333844, 1.4869310394221662, 1.4783539640552856, 1.4813318188283957, 1.489986236188926, 1.4811125911918341, 1.4792087060563706, 1.4777467636501087, 1.4758936628407122, 1.508181055386861, 1.4625733757720274, 1.4716025170157938, 1.4736033000198066, 1.4902176763497146, 1.46389115616387, 1.4703448753730923, 1.4690390667494606, 1.4841289777381748, 1.4615479631751191, 1.4509032222570157, 1.4657597699586082, 1.4839481582828598, 1.4608608434597652, 1.4633418689755833, 1.4587261700162701, 1.4595867868732004, 1.4540919755019395, 1.4511592692019892, 1.4594141198139565, 1.496914058339362], "map": 0.7540944126269384}, "time": 707.7621510028839}