{"task": {"lambda": 1, "alpha": 1, "lr": 1e-05, "wd": 1e-06, "bits": 32}, "result": {"earlyStop": true, "loss": [1.1196399085661943, 0.9163915964902616, 0.8679419963383207, 0.8316438075374154, 0.8072856582847296, 0.778780869993509, 0.7666220851972991, 0.7522613324371039, 0.728501511555092, 0.7165944547045464, 0.7049232253841325, 0.6926567019785151, 0.6803610132021063, 0.6758685602861292, 0.664271780088836, 0.6636778402562235, 0.6495194902607039, 0.6447412453445733, 0.635334887340957, 0.627027127088285, 0.6214853057674333, 0.649041473865509, 0.6056472139031279, 0.5974327170965719, 0.5899517223531124, 0.5897963359659794, 0.5837677705521677, 0.578398792182698, 0.5697158580901576, 0.5645921838049796, 0.5642370342039594, 0.5520848775026845, 0.5524928973001593, 0.5414770029339135, 0.5370436699367037, 0.5270715802907944, 0.525865350576008, 0.5209118595310286, 0.5151494794032153, 0.5138229771572, 0.5089605947335561, 0.5086400152421465, 0.5004428102105272, 0.48953402699793086, 0.49157313564244437, 0.4909408542455411, 0.4831387529186174, 0.48565127685958265, 0.4778704485472511, 0.47154516156981974, 0.47082005178227143, 0.4664244339162228, 0.46082675866052214, 0.4561428540185386, 0.45668693967894014, 0.4548955244176528, 0.445530217944407, 0.4493379347464618, 0.44615821861753274, 0.439587727189064, 0.4347727766223982, 0.4324389032873453, 0.4294430660266502, 0.4258413700496449, 0.4254375494578305, 0.41593868928212746, 0.4170248181212182, 0.41624390991295085, 0.4102640017574909, 0.4118271756405924, 0.4088171048491609, 0.4065098788808374, 0.4029473294230068, 0.3969819913892185, 0.393941945012878, 0.3917032933118297, 0.4014413421060525, 0.39378608675564036, 0.3842674458728117, 0.38277004513086055, 0.38232448813962, 0.3802686723716119, 0.3761799858481276, 0.3712577679577996, 0.3740095838027842, 0.37250234595700804, 0.3678450990541309, 0.36588257142141756, 0.3648273716954624, 0.36145976434151333, 0.35794519925234364, 0.35618993727599874, 0.35618693337720986, 0.35405010773855095, 0.3507385046458712, 0.3453248295129514, 0.34526477432718466, 0.3473471268719318, 0.341335192322731, 0.33965913688435273, 0.33926529831746044, 0.33749400795090434, 0.33512790691034466, 0.32918504903129503, 0.3309217337884155, 0.33213570582516055, 0.33069296707125273, 0.32645265348986086, 0.3301525244525835, 0.328420052633566, 0.32101036053077847, 0.3164105971946436, 0.3216686321824205, 0.317431065381742, 0.31572096780234693, 0.3141307927229825, 0.3125348663797565, 0.31179842966444354, 0.30894484721562443, 0.31084125123771966, 0.3030675366228702, 0.3026520973619293, 0.3018837179623398, 0.30414586236663893, 0.30152652836313437, 0.2978038299901813, 0.30070818843794805, 0.2971317775401415, 0.2948023026772574, 0.2929198902611639, 0.29851625100070356, 0.2970124075517935, 0.2924228401160708, 0.290968355448807, 0.28481489536808985, 0.28659985755004136, 0.28636014315427516, 0.2869829684495926, 0.2899620343072742, 0.2830089492832913, 0.28293199837207794, 0.282357273440735, 0.281033190880336, 0.2791556420863843, 0.29399347246861923, 0.28558602286320106, 0.27568483747103634, 0.27442079811703923, 0.27337102036850125, 0.2727161939529812, 0.27441217911009697, 0.2707539773454853, 0.2707270337086098, 0.27346911588135886, 0.27034488583312316, 0.2686368454905117, 0.27077894672459246, 0.2660629343168408, 0.2636851680045034, 0.26596710115086797, 0.2623778079070297, 0.26448211687452655, 0.26050427278467253, 0.26015090226542714, 0.2582240560475518, 0.260146876468378, 0.2602268051283032, 0.2735983448870042, 0.26798180695257934, 0.2578217319998087, 0.25175412671238767, 0.2518705096022755, 0.25223175304777484, 0.2526937962747088, 0.2515345562030287, 0.25015433863097547, 0.2751077384340997, 0.26087166778012816, 0.25054238619757635, 0.24762286625656427, 0.2467081245838427, 0.24725359532178617, 0.24791532345846587, 0.2445044330522126, 0.24606974189187966, 0.2448911216913485, 0.24398057425723357, 0.2437046646487479, 0.2425620382030805, 0.24279163383385716, 0.24093768190519482, 0.24101592717217465, 0.24055425121503718, 0.2373841422445634, 0.23651770151713314, 0.23946430256553725, 0.2378222670625238, 0.2349183553574132, 0.2351201430839651, 0.23405282827568988, 0.2317464820602361, 0.2328918666816225, 0.23036031308127383, 0.23059143199055804, 0.23087801682014092, 0.2294134935911964, 0.2288909300285227, 0.23017282287279764, 0.2288751885587094, 0.22760515484739752, 0.22641116409909492, 0.22656186597020017, 0.228498046596845, 0.22601619450485005, 0.2249834487835566, 0.22224926291143193, 0.22289690930469364, 0.22286024251404932, 0.22092578918033956, 0.22207700475758196, 0.22289007069433436, 0.22033687081991457, 0.21848399002178043, 0.21808281891486225, 0.21730312149898678, 0.21542881743288508, 0.21969135602315268, 0.21765052176573696, 0.21668823165636436, 0.2156443666009342, 0.2163089604354372, 0.2156503951432658, 0.21362516064854228, 0.2120923119432786, 0.21344592086240358, 0.2123985600968202, 0.21187606979818904, 0.21353380776503506, 0.21357524979348277, 0.21016569406378502, 0.2098851250667198, 0.20885469399246515, 0.20879240859957302, 0.20918402148812426, 0.20940687507390976, 0.2086634681213136, 0.20404745243928013, 0.20779405242087795, 0.20549838361786862, 0.2057406870173473, 0.20365726202726364, 0.20576312816610523, 0.20717984350288615, 0.20406981294645982, 0.20391296186283522, 0.203143909573555, 0.20076169044363731, 0.2013935880625949, 0.20119657864173254, 0.19989987448150037, 0.20260293957065134, 0.20241443286923802, 0.20053836206595102, 0.19920122915623234, 0.19648736379310197, 0.20031404027751848, 0.19830118236588498, 0.19795738379744923, 0.19482721388339996, 0.1955921143001201, 0.19741306789949828, 0.19723327428686852, 0.19766302465223798, 0.1969607437358183, 0.19515024841416115, 0.19728907855118022, 0.19712970128246382, 0.1977225349229925, 0.19233731691743813, 0.19074462032785602, 0.1942079154884114, 0.19276989996433258, 0.19208923771100886, 0.1920793319449705, 0.19123667770741032, 0.19179442539518954, 0.19014828549880608, 0.19038987539562524, 0.18946167476036968, 0.18733957877346114, 0.18980220281610302, 0.19171282327642628, 0.1883633113374897, 0.18841324074595583, 0.18413107097148895, 0.18605528012210248, 0.18817366834949045, 0.18888936527803832, 0.18604122452876148, 0.1896243589181526, 0.18902646297333286, 0.1842748123933287, 0.18439843213441326, 0.1856229238066019, 0.18438057703714744], "map": 0.7733897450110981}, "time": 645.5357105731964}