{"task": {"lambda": 0.5, "alpha": 1, "lr": 0.0001, "wd": 1e-06, "bits": 48}, "result": {"earlyStop": true, "loss": [1.6603536711019629, 0.7498404523905586, 0.6895968399795831, 0.6537902223713258, 0.6166091535021277, 0.5998538571829889, 0.5702507232918459, 0.5501822861386281, 0.5251607740042257, 0.5027071418715459, 0.4904075326288448, 0.45814630973572823, 0.4396531301386216, 0.42874273336401175, 0.406663207154648, 0.3937210306233051, 0.37650209972087073, 0.3594541231206819, 0.3477720873905163, 0.34521452994907603, 0.3227604808760624, 0.3163415403927074, 0.3024056783201648, 0.2952876007732223, 0.2826881154495127, 0.30631956516527664, 0.27020495487194435, 0.2713236120693824, 0.2545657718882841, 0.2539716170114629, 0.2487088592321265, 0.2390389902626767, 0.24367880368349598, 0.23069060067920125, 0.2246981555340337, 0.2794473128868084, 0.21540867931702556, 0.20432391894214294, 0.2108271992674061, 0.20827708904649697, 0.20942573950571172, 0.19763613842866, 0.22433244992120593, 0.1885395339306663, 0.1849620476657269, 0.19094537782902812, 0.18470389132990556, 0.18709250086662815, 0.2342279816375059, 0.17701640082340614, 0.1663542074315688, 0.16554530388584324, 0.19899460322716656, 0.16155080993970236, 0.163648838067756, 0.16565386015994876, 0.16013378153244653, 0.16021610591925828, 0.17756703934248755, 0.15515015215850345, 0.1566652397752977, 0.1489425807022581, 0.1476441859906795, 0.1948570810696658, 0.1409308282914115, 0.1397764612646664, 0.1414397861443314, 0.1477430180883875, 0.14024780603016124, 0.25935276378603545, 0.13981722266066307, 0.1276177272346674, 0.12801630707348094, 0.1387446677567912, 0.1276530867405966, 0.1689392607293877, 0.12687000442369312, 0.2391373614470164, 0.12452898306005142, 0.12074891265993025, 0.12008915198784248, 0.12846149051306294, 0.11989982440775517, 0.12162752376467574, 0.11825428705881624, 0.13397636001600938, 0.13610857199220097, 0.12546679304510938, 0.11761028378033171, 0.15877343655801288, 0.1274234699267967, 0.11105159531329192, 0.1112448677566706, 0.10864881060871423, 0.11722167895412912, 0.16015036550222658, 0.111980280455421, 0.10766586880473529, 0.10820148885250092, 0.11090013238729216, 0.11700565411764033, 0.10886592005251669, 0.1104078230028059, 0.16031066898037405, 0.16486898999588162, 0.10401592111470652, 0.09991243467027065, 0.09940057715364531, 0.10196133250114965, 0.12877573628051608, 0.10971275512494293, 0.12653066466252008, 0.09844163834464316, 0.09650626617903803, 0.1000160538390571, 0.10200824690800087, 0.10740631256325572, 0.12419314076210938, 0.09489669219828119, 0.09676096135494756, 0.10203680271903674, 0.10295057545105617, 0.0981542741258939, 0.10574720376262478, 0.17349927441454402, 0.09200253739368681, 0.0901982874846926, 0.09066254820893793, 0.09185641930968154, 0.09470053002530453, 0.14982159793669103, 0.10706225957940607, 0.08769643290297073, 0.08746530612309773, 0.09009369192462341, 0.09237604851231855, 0.0928521416350907, 0.09090865775942802, 0.09687925897100393, 0.08927388343156553, 0.0924889159699281, 0.09342430590414534, 0.09988117459065773, 0.08495050895155645, 0.08770140486897207, 0.20129239909789143, 0.0857745186224872, 0.08112293938357457, 0.08168981852484684, 0.08095145422746153, 0.08591878779378592, 0.08366249450573734, 0.09917541823404677, 0.08375890326558375, 0.08095634955109335, 0.08601457808239787, 0.08803670195972219, 0.12240343022288061, 0.079128754562607, 0.07856348668243371, 0.09506176488802713, 0.08232624511070111, 0.07821135164475908, 0.11038480830543182, 0.0990044917253887, 0.07810125247958828, 0.07604760070349656, 0.07958862718706038, 0.09701614395952692, 0.07879846579596109, 0.07760901460606678, 0.07911917508817186, 0.08142511729224056, 0.07969596079897646, 0.07693141607531145, 0.17940406472075218, 0.08234441134275175], "map": 0.7946036580093934}, "time": 376.95506501197815}