{"task": {"lambda": 1, "alpha": 1, "lr": 0.0001, "wd": 1e-05, "bits": 12}, "result": {"earlyStop": true, "loss": [2.1563423509691275, 0.8121328254540762, 0.7427827546409532, 0.7064781609703513, 0.6923351936480578, 0.6288961949301701, 0.6059643759154806, 0.5792297193524885, 0.5659798351573009, 0.5711581321323619, 0.5426873444926505, 0.5015174547831217, 0.48263782175148234, 0.4861525305930306, 0.45860329284971835, 0.45408551774772943, 0.4762249416580387, 0.4247043933354172, 0.41515760971050636, 0.39342767920564203, 0.39067554941364363, 0.38068074689191933, 0.3713947289130267, 0.364861299886423, 0.34425048237922146, 0.357654432163519, 0.33614929458674264, 0.33757506179458957, 0.32570737103621167, 0.32242345839154485, 0.30695365486191767, 0.3052438611493391, 0.3084731169191061, 0.29326384938230704, 0.2931094401899506, 0.2837192468783435, 0.32329073957368437, 0.2867811544268739, 0.27007972010794806, 0.2638990510912502, 0.28435729239501206, 0.2657305722435315, 0.2577248160161224, 0.27004164822545706, 0.26018128047386807, 0.2471630687222761, 0.25729896800190794, 0.2918866849413105, 0.24917188432871126, 0.23233317032310308, 0.228585753224644, 0.2335121692980037, 0.2455677206025404, 0.22877900390064015, 0.23043746165200776, 0.23537092714333066, 0.22481377378982656, 0.22034989461741028, 0.21417833937733782, 0.21700463590084337, 0.22760479444382237, 0.23727910220623016, 0.2519065503980599, 0.20906853471316544, 0.21959718740453907, 0.2070455064668375, 0.2073719023781664, 0.20723465501385577, 0.20236609700848074, 0.2142111138970244, 0.19478970970593246, 0.19723351924296686, 0.19822521639220855, 0.20033846824776894, 0.20368804505058363, 0.2183198490563561, 0.18779705347968081, 0.20239761647056131, 0.18090107299241365, 0.19038953361850158, 0.19394233369944142, 0.18116702709127874, 0.18311293583874608, 0.18696286251731947, 0.19015186528364816, 0.17636877342182047, 0.18508751208291335, 0.17649459678168392, 0.1774914001717287, 0.1765469829095345, 0.18375380103494607, 0.174382554476752, 0.1769795610624201, 0.17547386033716156, 0.17309659083976464, 0.17857911518099262, 0.1657345803344951, 0.17734533913579642, 0.21091496392938436, 0.1618818045758149, 0.16323315483682296, 0.16915022523379794, 0.17525151094385222, 0.18571332257752324, 0.16428692463566275, 0.16229250545010848, 0.1618866581542819, 0.16223418537308187, 0.15974273795590682, 0.17103819797436395, 0.15804528065171897, 0.16351473229188546, 0.16227520637068094, 0.16552945577046452, 0.15627447281982385, 0.1599872085978003, 0.1587734060252414, 0.16028331775291293, 0.16283709497428409, 0.16050821630393758, 0.15044626301410152, 0.15365750035818884, 0.15625140034392768, 0.15500348338893816, 0.15912655185835034, 0.1564613773542292, 0.16639375277594023, 0.1521976289211535, 0.15299933878522293, 0.1467038038022378, 0.16006452122739717, 0.15300226372246647, 0.14535649924301633, 0.15545659504976928, 0.14416764019166722, 0.14836217331535675, 0.14960176231083916, 0.14973384134617507, 0.14482106085793645, 0.14753507391787044, 0.1455517790335066, 0.1523606824670352, 0.14517099790129007, 0.1446567103997165, 0.150811189164718], "map": 0.7634488327318479}, "time": 309.56146454811096}