{"task": {"lambda": 1, "alpha": 3, "lr": 1e-06, "wd": 1e-05, "bits": 12}, "result": {"earlyStop": true, "loss": [3.1117530862490335, 2.6678831857793472, 2.3075254103716683, 2.089118693973504, 1.9469364396497315, 1.8659547795267666, 1.7889152630871417, 1.7401280388528226, 1.711982572779936, 1.673857633097499, 1.688107413404128, 1.6595124637379366, 1.6104626012783425, 1.5895818878038257, 1.5727744137539583, 1.5604448040910797, 1.5278672260396622, 1.523560817481256, 1.522650073556339, 1.4966237270364575, 1.4807772791268778, 1.5015441787009145, 1.490766726288141, 1.4835823657465916, 1.4494137086120307, 1.4525754849116008, 1.4165785566848867, 1.4210926107331818, 1.4118186086416245, 1.4042459691272062, 1.399683994989769, 1.3838713995966256, 1.3820648035582375, 1.3758149450900508, 1.3661910760052063, 1.3661606715005987, 1.3600245416164398, 1.3418578923332924, 1.3416821611862557, 1.3335031680032319, 1.3660503660931307, 1.321995890608021, 1.3246140129425947, 1.30229626566756, 1.308893619506967, 1.3140867481044693, 1.2946408586759193, 1.3419143534174152, 1.3085585166426266, 1.2824995739787233, 1.279274113038007, 1.2874451367294086, 1.278349808033775, 1.2729590242984248, 1.2655962638410867, 1.258575945800426, 1.2616377005390091, 1.260595507481519, 1.2479241215715222, 1.2437951705035042, 1.2426817475580703, 1.2438313069881177, 1.272684660612368, 1.260257734971888, 1.2293151678407894, 1.2254934912803126, 1.2270071407159169, 1.2265269253768174, 1.2591967582702637, 1.2138744528387106, 1.233206761818306, 1.2086054390551997, 1.2503344369869607, 1.210311806085063, 1.218309479601243, 1.2089381843220954, 1.2039191664433946, 1.1953085909287136, 1.1993388892973171, 1.1986269346054863, 1.1940404223460777, 1.186334375949467, 1.1938273389549816, 1.1883633265308304, 1.1791428882701724, 1.1790609672373416, 1.2068041294228797, 1.1745832410513186, 1.172197193199513, 1.1772755746747934, 1.1812260162596608, 1.173559728790732, 1.168205322003832, 1.1616570073015549, 1.1593987705076443, 1.1611571043145423, 1.1635156022567374, 1.1478603564056695, 1.1649977553124522, 1.138351688198015, 1.1597318266536676, 1.1466110094505197, 1.1571407902474498, 1.1924618354030685, 1.1353036010382223, 1.1291638478344561, 1.130173176819203, 1.1359007273818933, 1.1275875623904021, 1.14291150079054, 1.1284618237439323, 1.1299796738460952, 1.1235225627235337, 1.1258035395659653, 1.1264488194503037, 1.125085816079495, 1.1239093416461758, 1.1149459481239319, 1.1137682929927228, 1.1101675261469448, 1.1113513699349236, 1.1081068623884052, 1.1012146645316891, 1.1241279536602544, 1.0966913235538147, 1.1074497483524621, 1.1195865343598759, 1.1062997287394953, 1.103712808267743, 1.1124482119784636, 1.0966178938454272, 1.094172281085276, 1.0969967649263495, 1.0858357534104703, 1.0940390255521326, 1.0922584136327107, 1.0863842116851432, 1.0987753856415843, 1.0808484852313995, 1.0940099487117692, 1.0724051729136823, 1.0841520244584364, 1.0864435492777358, 1.0789866362716638, 1.0718837643370909, 1.0726195027430852, 1.076537727140913, 1.0713523921428942, 1.0693933028800815, 1.0741587716574763, 1.0743725884194468, 1.0808642985774022, 1.072691339488123, 1.0611143702385473, 1.0558501102176368, 1.0655580034442977, 1.0605270769081863, 1.0668345128788668, 1.0554434432118547, 1.047768949877982, 1.0899704320757997, 1.0502099055869907, 1.0479050716933083, 1.1012446249232573, 1.0544690258947074, 1.0485980683097653, 1.0507762087326424, 1.0540354812846464, 1.0588795168727052, 1.048791362082257], "map": 0.7316243739171608}, "time": 359.7467589378357}