{"task": {"lambda": 0.5, "alpha": 3, "lr": 0.0001, "wd": 1e-05, "bits": 48}, "result": {"earlyStop": true, "loss": [2.377163570885565, 1.2449635845773361, 1.1329027078315324, 1.0889565290189256, 1.069353913559633, 0.9725313163271138, 0.9455205257616791, 0.8972166984104643, 0.8703462376314051, 0.8454832425888847, 0.7917776633711422, 0.770306149241971, 0.7307133163307228, 0.6924228785084743, 0.6772404992405106, 0.6471295822777, 0.6140696955662147, 0.5944654057715454, 0.5639848098451016, 0.5484046936035156, 0.5202877664682912, 0.49764182637719545, 0.48590704360428977, 0.49565859489581165, 0.45509318218511696, 0.43255407757618847, 0.42203068294945884, 0.40807057829464183, 0.39648038645585376, 0.39510490029465917, 0.38330144478994255, 0.3775983479093103, 0.35427455209633885, 0.34503793906347424, 0.4038838880027042, 0.3551514738915013, 0.4032552525693295, 0.3151790015399456, 0.30927299109159734, 0.3262195645594129, 0.4792671666717997, 0.305557722846667, 0.29129520716036067, 0.28376685930233375, 0.28220879418008465, 0.2840812968857148, 0.34386182386501163, 0.27144299038484987, 0.25955069342664644, 0.3105962987916142, 0.2569551166950488, 0.25420036400650065, 0.306885820247379, 0.26487647836991385, 0.24167154554058523, 0.24201668857359418, 0.24349122655157948, 0.24762714990213805, 0.23849144987031526, 0.23351273510385961, 0.3460819244969125, 0.22093041445694717, 0.2203612451752027, 0.21574614094752892, 0.21686936330561543, 0.21604127480703242, 0.2592140497530208, 0.20865339581288544, 0.20466474750462701, 0.20464168795767954, 0.2509031574807915, 0.20640686198192484, 0.19635719542994218, 0.20214046698574925, 0.19092072794834772, 0.3004939927189958, 0.1856672698084046, 0.18286127494830712, 0.18459896567989798, 0.19025779135671317, 0.23751863530453513, 0.18131695264110378, 0.17761515314672507, 0.17661050736319786, 0.17814420390070654, 0.2542368221808882, 0.17549877701436772, 0.16677861982116512, 0.16779061304587944, 0.1713566815882337, 0.1773662261810957, 0.1743867120468149, 0.2323840633034706, 0.16999010507966958, 0.1601731869227746, 0.16453852694408566, 0.1760647403551083, 0.16155795490040498, 0.15852642241938442, 0.18529907540947782, 0.15957787413807475, 0.15665611551672803, 0.15587145981251024, 0.1657335061360808, 0.1593587157480857, 0.29048358809714225, 0.15481318474984637, 0.1451665601309608, 0.13989382120324115, 0.1479310653373307, 0.14483913180290484, 0.14430181915853538, 0.15034362454624736, 0.14987041793909728, 0.2576663593451182, 0.16310257084813773, 0.13745116413223976, 0.13592258782363406, 0.13520459648148686, 0.1361240331156581, 0.2064806742264944, 0.14050855093142567, 0.1341096476889124, 0.13259450090574285, 0.20003562888094023, 0.13668988659685732, 0.1337448640489111, 0.13010579435264363, 0.13214688967255986, 0.1335668774212108, 0.20554847503994025, 0.15478994704636873, 0.12919069271461636, 0.15239030151974922, 0.12808914438766592, 0.12542292475700378, 0.1277341972671303, 0.13492950453769928, 0.131808562386854, 0.13935877134402594, 0.12355216862816437, 0.13351880934308558, 0.13389982341551313, 0.12995937831845938, 0.1940828523799485, 0.12238153493871876, 0.12069927053708657, 0.12399994289758158, 0.12174413214419402, 0.17760244143359802, 0.1205162791279601, 0.11588248055355221, 0.11666765188177426, 0.16908463594668052, 0.13189220727950918, 0.11575981572854753, 0.11651511125120462, 0.11605075929386943, 0.16357603114025265, 0.11256744613980546, 0.11223538103056889, 0.19090617302001692, 0.12611786005835907, 0.11196100375815934, 0.112816455755748, 0.11115904371528064, 0.11345025195794947, 0.11655179586480646, 0.1198774156909363, 0.11910954687525244, 0.11385643058547787, 0.1264320525760744, 0.14649889486677506, 0.11778036147063854, 0.13417893933022723, 0.10722368604996625, 0.10638234413721982, 0.10973871828002088, 0.11492559781261519, 0.11072300308767487, 0.1623545046530518, 0.10676682053827773, 0.10442983797367882, 0.10419509114295829, 0.10733575519977831, 0.12279742174580985, 0.11033350799013586, 0.10583926204080675, 0.10652730497075062, 0.17113899541836158, 0.10332219887013529, 0.1004064024663439, 0.102191641488496, 0.10440758447728905, 0.10528470166757994, 0.1039617152190676, 0.1490481834785611, 0.11031368031513457, 0.0978145773212115, 0.09775938670717034, 0.09812608275416435, 0.13928966158453157, 0.10362610556915694, 0.09609730337180343, 0.09655100019539103, 0.1055578804191421, 0.21619751757266475, 0.10045702784669165, 0.0949875157253415, 0.09426420810175877, 0.09500657248438574, 0.09547567447903109, 0.098005692310193, 0.1274099351436484, 0.09527228129845039, 0.09530821617911844, 0.09787540356902515, 0.10492182201614567, 0.1401957052887655, 0.09432561863579002], "map": 0.8141457392338479}, "time": 466.806875705719}