{"task": {"lambda": 2, "alpha": 5, "lr": 1e-06, "wd": 1e-05, "bits": 48}, "result": {"earlyStop": true, "loss": [5.1929603160596365, 4.425025601013034, 3.957849627616359, 3.6654203639310947, 3.450852530844071, 3.2906593727130518, 3.1801325094466115, 3.076928303522222, 3.008493924842161, 2.943195422490438, 2.9007457284366382, 2.8444915343733395, 2.7865571075794744, 2.7646823689049365, 2.7121249752886154, 2.6841331837224027, 2.664992389725704, 2.6381400718408474, 2.6165146406959083, 2.5798402627309165, 2.5615189122218713, 2.5470366022166084, 2.531704651374443, 2.5004166539977577, 2.4704454810011622, 2.4785392892126943, 2.4978330462586644, 2.4373894953260233, 2.42065351266487, 2.4112558949227427, 2.3980101615774867, 2.3810449546458674, 2.37301853240705, 2.3566216136894975, 2.349424960566502, 2.3366113047973784, 2.3253603460741976, 2.3309792911305145, 2.3076803193372837, 2.3069454443221, 2.295876506496878, 2.2833609119349836, 2.271911402543386, 2.263361648017285, 2.3124413350049187, 2.2477272328208473, 2.2460934379521538, 2.23842749525519, 2.266616279003667, 2.2138948650921093, 2.2145686944325766, 2.2184273495393643, 2.213807196009393, 2.1958108532662486, 2.1817174962922636, 2.2004077726719427, 2.173516802928027, 2.170897451101565, 2.15964047406234, 2.16780031078002, 2.1596235235532126, 2.142284237870983, 2.1423913789730444, 2.1279452291189456, 2.14264930229561, 2.115637316423304, 2.1025750438372293, 2.10795331585641, 2.0926080544789634, 2.1088578385465286, 2.088571573005003, 2.087275867368661, 2.0958536302342132, 2.075023041636336, 2.061748745394688, 2.071676883043027, 2.0674452980359397, 2.0457652953325534, 2.0530400983258787, 2.0510002766169753, 2.0380676353678986, 2.0467920946139917, 2.0425696852160433, 2.038572471515805, 2.02357410975531, 2.018053780583774, 2.0183358917049334, 1.9945578621883018, 2.002923722360648, 2.008466858489841, 1.9843955881455366, 1.9934953042105132, 1.9927255932022543, 1.9821302955057107, 1.9793746015604805, 2.020174456577675, 1.9760478004521014, 1.9863912311254763, 1.9631093495032366, 1.9708848665742313, 1.959652841091156, 2.039030715530994, 1.9546317154285955, 1.9737269200530707, 1.9549153604928184, 1.953966175808626, 1.9522058356042002, 1.9422887575392629, 1.938370515902837, 1.9501848057204603, 1.9278029606622809, 1.93108825005737, 1.963891309850356, 1.9221598657907224, 1.9210911626909293, 1.9146511361879461, 1.9035338835389006, 1.9112529883197709, 1.9895018315782733, 1.8995197742593055, 1.8968095002221126, 1.8984692558354022, 1.8858804656010049, 1.8912597298622131, 1.9040272539737177, 1.900476895126642, 1.871008597168268, 1.8765182541865928, 1.876935516502343, 1.9032087840285956, 1.877870876415103, 1.8664047846607132, 1.8817342239267685, 1.8595848410737281, 1.874864704468671, 1.863692437316857, 1.8650035355605332, 1.8517040341508155, 1.8334748160605336, 1.8462815004236557, 1.853941958324582, 1.8443637583770005, 1.8462438431440615, 1.8417842762143004, 1.8454280811197616, 1.842402326710084, 1.8347553470555473, 1.90092040978226, 1.8227919071328407, 1.8197312553723652, 1.811245571164524, 1.8213554164942574, 1.8225807378105088, 1.8201778051899928, 1.8176428663964366, 1.8146389792947208, 1.8965909878412883, 1.7974094275166006, 1.794620229917414, 1.800619729009329, 1.8001390263146044, 1.7960545163528592, 1.7948495698910134, 1.8125927915760116, 1.786145300841799, 1.7812053385902853, 1.7843828575283873, 1.7805702540219999, 1.7866665837811488, 1.7776263747729508, 1.7616370928053762, 1.7654447234144397, 1.7652646694697587, 1.7681708604681725, 1.7667135461872698, 1.7567059894402821, 1.76342780566683, 1.7525768496242224, 1.752807786651686, 1.756604480977152, 1.790397744552762, 1.747115785000371, 1.7459678334348343, 1.775850267971263, 1.7552616315729477, 1.7301338683156406, 1.745710433698168, 1.7411135376668443, 1.8137525951161104, 1.7294565684655134, 1.7152413316801483, 1.738165323640786, 1.7297233354811574, 1.7217158786222047, 1.7156155763887893, 1.7285766706747168, 1.711818406979243, 1.725423192276674, 1.7043662579620587, 1.711670810101079, 1.7177234467338114, 1.708199967356289, 1.704048303412456, 1.7034198717743743, 1.6927919376130198, 1.7053751857841717, 1.7048744535913654, 1.6855034337324255, 1.706281820348665, 1.7057881074793197, 1.6833090682824452, 1.6886739654868257, 1.6942318368191813, 1.677545196869794, 1.68710016152438, 1.681312175358043, 1.721164207832486, 1.688420064309064, 1.6841187547234928, 1.6686494385494905, 1.6654742412707384, 1.6914085149765015, 1.6757520577486824, 1.678569364197114, 1.654295957555958, 1.6630803013549131, 1.690125212949865, 1.6639737708895814, 1.6571034298223608, 1.6553622969225341, 1.6606617698482438, 1.6551734623955745, 1.6634473508479548, 1.6506080779374814, 1.6542426990527732, 1.6549801966723274, 1.642408273383683, 1.6376450593565024, 1.6532205682174832, 1.6240336147009158, 1.6320448108747894, 1.6377178033192952, 1.6389423865897983, 1.6289151398574604, 1.6287503417800455, 1.6303808829363655, 1.634209022802465, 1.624130150266722, 1.675721385899712, 1.6185325723068387, 1.6153320261076385, 1.6060954805682688, 1.6085397244668473, 1.627668977952471, 1.6133217794053696, 1.6118427398158055, 1.6122800140988593, 1.6086373264883078, 1.6121624801673142, 1.5993823981752582, 1.6032405425520504, 1.5968543992323034, 1.6864901804456525, 1.6024268076700323, 1.6057123559362747, 1.60161475574269, 1.6007748783803453, 1.5955656772735072, 1.5910830708111035, 1.5898328785802804, 1.580849423128016, 1.590456797211778, 1.6025518482806635, 1.5915409291491789, 1.5868626365474625, 1.5954358291392232, 1.5743000372952105, 1.567700734909843, 1.5859608358027888, 1.5819295247395833, 1.5741539848785775, 1.5840999256162083, 1.5683887098349778, 1.5610217598139071, 1.587683473147598, 1.5685356545682048, 1.5648576605553721, 1.583916514527564, 1.5654023459144668, 1.565224693101995, 1.5571276714988784, 1.5649428040373559, 1.5553966544422448, 1.5543021460374196, 1.5440127685958265, 1.5648769970033682, 1.5536380608876545, 1.5554898328640883, 1.5393008256659788, 1.550664502031663, 1.539766334435519, 1.5460560099751341, 1.5653509111965405, 1.5295728819043029, 1.5729337135950725, 1.5325850219118828, 1.5421236122355741, 1.5322240754669787, 1.67190949122111, 1.5790656571294748, 1.5226058136014378, 1.5386789026213628, 1.533907680534849, 1.5256984818215464, 1.5216108946239246, 1.5281120889327104, 1.5284667599434947, 1.5195066490594078, 1.5101623844866658, 1.5319776307134068, 1.5268616676330566, 1.5832510976230396, 1.5159620946528864, 1.5122334133176243, 1.508613485915988, 1.5014612744836247, 1.5038967529932659, 1.511129824554219, 1.5890785853068035, 1.544261287240421, 1.5171062081467872, 1.4995249018949621, 1.5171843469142914, 1.5012001456583248, 1.499814837586646, 1.5017177293113633, 1.564786483259762, 1.5123677849769592, 1.5001304710612577, 1.4956460758751513, 1.5216523525761623, 1.5071604473918092, 1.4998109960088544, 1.4989134032352298, 1.496129134122063, 1.4925946055674086, 1.4871385687706518, 1.4948949989150553, 1.490481640778336, 1.4866113043298907, 1.495926520988053, 1.4802179003463072, 1.4810535492850285, 1.4801575845363093, 1.470997021478765, 1.472397336772844, 1.4956297313465792, 1.4720047244838639, 1.507228857161952, 1.468307609651603, 1.4764303693584366, 1.4668325226680905, 1.466280843112983, 1.4824353748676824, 1.4712063944807239, 1.4672420287833494, 1.4702763592495638, 1.4597982548031152, 1.4754586698962193, 1.4547704242023767, 1.478124218828538, 1.49540222158619, 1.4535677567416547, 1.457180712737289, 1.4450161784302955, 1.450912690045787, 1.4492590637768017, 1.4538216474009495, 1.4520212061264937, 1.4511822876976985, 1.452063638789981, 1.4420521136592417, 1.4388273884268368, 1.4505980505662806, 1.4483728385439105, 1.4489578078774845, 1.4508450428644817, 1.44234366218249, 1.4294128552371381, 1.4191536348240048, 1.4388133848414701, 1.4390718820048314, 1.4402753663998025, 1.4335826448365754, 1.4309467048037285, 1.4403330128566891, 1.432729053146699, 1.434624095173443, 1.4702080838820513, 1.4235381010700674],