{"task": {"lambda": 1, "alpha": 1, "lr": 1e-05, "wd": 1e-06, "bits": 24}, "result": {"earlyStop": true, "loss": [1.066250149525848, 0.8844628784002042, 0.8304110671959671, 0.7929210204119775, 0.7689272811015447, 0.7585130322213266, 0.7314964401371339, 0.7117716494728538, 0.7046281175286162, 0.6901358143956053, 0.6832904126129898, 0.671185218820385, 0.6591166482836592, 0.6418460072839961, 0.6371891352475858, 0.6258564696592444, 0.6163753057811775, 0.6250154796768638, 0.6219666833971061, 0.5999562883493947, 0.5926211914595436, 0.5857379529990402, 0.5790295790807873, 0.5774305386870515, 0.5751483861137839, 0.5659111168454675, 0.5617302924978966, 0.5498719986747292, 0.549652090843986, 0.5437641634660608, 0.5397286266088486, 0.5322895020830865, 0.5230098445625866, 0.5156277632888626, 0.5156402514845717, 0.5106330421917579, 0.5157519111446306, 0.5055241751320222, 0.4995855878965527, 0.4927169744874917, 0.49172309888344184, 0.48487312536613614, 0.4843363215525945, 0.4763849249073103, 0.4731919885266061, 0.47014014130713894, 0.46155910880542267, 0.4682861455515319, 0.4597806918854807, 0.4551728908337799, 0.4495685755037794, 0.4500310456051546, 0.4429330863789016, 0.4428383569214858, 0.43628064294656116, 0.44076042052577524, 0.43131022096848953, 0.42749619191768123, 0.42448411998795527, 0.42091427845697776, 0.419536496202151, 0.4154728110514435, 0.41243461461043823, 0.41117123324497074, 0.4062615657846133, 0.4050031362795362, 0.40078418278226663, 0.4264225603318682, 0.4118631113977993, 0.4001292191884097, 0.40376319838505165, 0.3977426322651844, 0.39411811501372096, 0.3869337334352381, 0.38245460098864986, 0.38229817108196373, 0.38218772206820695, 0.3781249543615416, 0.3806363119214189, 0.377680703997612, 0.3746655437291837, 0.37197702042028014, 0.36784296278275697, 0.36585727553157243, 0.36349287950525094, 0.3655167575560364, 0.36545638652408824, 0.35987382572071225, 0.35795874543049755, 0.35190171543873994, 0.3541644436179423, 0.35281867490095253, 0.34784038262624367, 0.3477838334499621, 0.3523332555504406, 0.3467567247502944, 0.3418455746243982, 0.37197038151469886, 0.35740503960964726, 0.34049809826355354, 0.33417318410733166, 0.33344262560793, 0.33645470498823654, 0.3313993002269782, 0.33185633491067323, 0.3318793583734363, 0.3255436662949768, 0.3282599241710177, 0.34556037947243334, 0.3441883173643374, 0.3238133744281881, 0.31955791936785566, 0.32123929232943293, 0.31983277260088455, 0.31795639048020047, 0.31555113181764005, 0.31735633722707335, 0.3125396404488414, 0.3138238691231784, 0.3135071201067345, 0.30766693429619657, 0.31022434038858787, 0.30889979077904833, 0.30572693429741205, 0.3059421462171218, 0.30351447357850914, 0.30419645473068835, 0.30303073499132605, 0.30031515774773615, 0.29915304277457444, 0.3015986774481979, 0.2979798787364773, 0.2956509011633256, 0.29186368134676244, 0.2943655242230378, 0.2914548202180395, 0.2909926111791648, 0.28857533940497565, 0.2911638521096286, 0.28629401501487284, 0.2849913018883443, 0.2835686168834275, 0.28849656938337814, 0.28406479048962685, 0.2826059134859665, 0.2807120017561258, 0.27946770001275867, 0.27791187634655073, 0.2785569362196268, 0.27871668660173227, 0.2772968247825024, 0.2752162936855765, 0.275238261357242, 0.2798541956672482, 0.27684760064471003, 0.26986947334280204, 0.2703813675279711, 0.26605080404118, 0.26733168638220023, 0.2758338597475314, 0.2666956262991709, 0.2692280090322681, 0.27103151614759485, 0.2631209131841566, 0.2658793613606808, 0.2615852262459549, 0.26486633893321543, 0.2626359370701453, 0.26142247693211423, 0.25897496515044977, 0.259983711382922, 0.2607772638108216, 0.2547740496548952, 0.2595682223053539, 0.25780406462795596, 0.2560964897274971, 0.25670524978754566, 0.2516620297934495, 0.25491849420701757, 0.25213545034913454, 0.2540862563194013, 0.25272733835028666, 0.2510678794454126, 0.2529611838798897, 0.2500147822440839, 0.24892129895149492, 0.2467372863023889, 0.24552561985511406, 0.24765482617943896, 0.24521535050635243, 0.24435315544114394, 0.2440140548289991, 0.2427448313318047, 0.24276988558909474, 0.24360855566520317, 0.24693098167578378, 0.24818642130669424, 0.24163530153386734, 0.23763013368143754, 0.23890916652539196, 0.23987922569115958, 0.23753626980617934, 0.23711582317071803, 0.2369781590852083, 0.23551798305090735, 0.23485173387270347, 0.23566833050811992, 0.23361225484632978, 0.23418430662622639, 0.2341671876755415, 0.23624572683783138, 0.23566890376455643, 0.23120173081463458, 0.22899487344365493, 0.2300160993255821, 0.2329055469702272, 0.22988132139046988, 0.2271950202537518, 0.22806536888375, 0.225554937387214, 0.22767584581001132, 0.2287577042977015, 0.22647477438052496, 0.22689396683491914, 0.22504445822799907, 0.2241359965181818, 0.22400545679471073, 0.22226514170567194, 0.22531744253401662, 0.22049804718471042, 0.22007369980508207, 0.22100387425983653, 0.2228604201592651, 0.2261887929018806, 0.22792648597090853, 0.21778318461249857, 0.219180411567875, 0.21651115619084416, 0.217322117265533, 0.21679171963649638, 0.2165678342183431, 0.21653083653426639, 0.21653095968798095, 0.21658587733320162, 0.22330243096632116, 0.2246024192256086, 0.21514223106935912, 0.21280664862955317, 0.2130052029502158, 0.2105622941664621, 0.2107883816694512, 0.21415640910466513, 0.2132617666148672, 0.21480807252958709, 0.21378011723943785, 0.20948963378574334, 0.21152468683088527, 0.21329638683328442, 0.21014144432310963, 0.20962436321903677, 0.20650278667316718, 0.20836786911183713, 0.20858419993344476, 0.20906959035817316, 0.20823105643777287, 0.20746599970495, 0.20853753446363935, 0.20561471493805156, 0.20742359815859326, 0.20871107367908254, 0.21001004354626523, 0.20441747047737532, 0.20363622911128343, 0.20474327706238804, 0.2027879462522619, 0.20339680083242118, 0.2055513990276, 0.20281675268037647, 0.20374204569003163, 0.20366539762300603, 0.20192022680067548, 0.20028813227134593, 0.2010373516994364, 0.2018045328703581, 0.19853932498132482, 0.20063420268250445, 0.20071403258571438, 0.19839525931313925, 0.19761628657579422, 0.19820844645009322, 0.1963577078399705, 0.1966737980643908, 0.19707605096639372, 0.19780918707450232, 0.19634686030593573, 0.19552742324623407, 0.19462499563016145, 0.19298878918383636, 0.19203967104355493, 0.19574149077137312, 0.19359713997326644, 0.1948215159423211, 0.19444037374912523, 0.1932942158743447, 0.19421278232452915, 0.19342981746383742, 0.19159249464670816, 0.19176681135215012, 0.19321241390471364, 0.18992585279777938, 0.1899691538191309, 0.18865526116946163, 0.18894541395061157, 0.18682767626117258, 0.18908400146984586, 0.1895741043137569, 0.18817219408411606, 0.18881572286287943, 0.18893760822567285, 0.18871788592899547, 0.18628668492915584, 0.18804907959465886, 0.18831482003716862, 0.18842660153613372, 0.1866623505073435, 0.18446727834788024, 0.1856304528374298, 0.18466604822406582, 0.19024040009461196, 0.1875892744637003, 0.18377960290686757, 0.18121812689830274, 0.18434020526268902, 0.18495852412546382, 0.1835512066004323, 0.18312044427091, 0.18314732019515598, 0.18340541685328765, 0.18554957839203814, 0.1835525696184121, 0.18283264631149815, 0.17998344933285432, 0.18044423691782296, 0.18051346113868788, 0.1814019067906866, 0.17830766489108404, 0.1790550150999836, 0.18021493200577943, 0.17990889750859318, 0.17936915626712874, 0.17905285194808362, 0.17740313394689092, 0.18004733455531738, 0.17876246615367777, 0.1775022172460369, 0.18364803989728293, 0.18309877411115402, 0.17683502856422872, 0.17591160334938882, 0.17433089733708138, 0.1774232594990263, 0.17484248195793115, 0.17479642042342355, 0.17811084436435326, 0.17999269769472234, 0.17408033694122352, 0.1743206561488264, 0.17502046712473326, 0.17557129877455094, 0.17670864918652704, 0.17884798961527207, 0.18309766214852238, 0.17406845034337512, 0.17420215641751008, 0.174347677359394, 0.17323239293752932, 0.17403932719254026, 0.17204206853228457, 0.17098655493236056, 0.17235480833287334, 0.17232507160481284, 0.1724921783395842, 0.1722730393795406, 0.17167188848058382, 