{"task": {"lambda": 2, "alpha": 3, "lr": 1e-06, "wd": 0.0001, "bits": 48}, "result": {"earlyStop": true, "loss": [3.583048621813456, 3.093294059529024, 2.77519996025983, 2.5991935589734245, 2.4815717468074725, 2.390806427188948, 2.322195892240487, 2.2683974282414305, 2.229758250947092, 2.1928477497661816, 2.1569931682418373, 2.126236481993806, 2.100867236361784, 2.0748849090407875, 2.0377893599809385, 2.0143712022725273, 2.01201245247149, 1.9886469081336378, 1.9627069421842986, 1.9633413412991692, 1.9258955939143312, 1.9151726587145936, 1.907594269397212, 1.8949856138696857, 1.8750900836551891, 1.8688425421714783, 1.8505014765496348, 1.8431682890536738, 1.823544794437932, 1.8153002028371774, 1.8225298079789853, 1.799714052209667, 1.7973413993330563, 1.7809463505651437, 1.765022152779149, 1.7564296173114402, 1.754658983034246, 1.7446264577846902, 1.7428979581477595, 1.7371094238524343, 1.7346864985484702, 1.7183678313797595, 1.7234044822992063, 1.7057098255437964, 1.7035765893319075, 1.6986215605455286, 1.6983250286064895, 1.68764897070679, 1.6823343494359184, 1.6718163396797927, 1.6688373147272597, 1.6609263034427868, 1.655695432541417, 1.6477697520863777, 1.647326786144107, 1.6505770122303682, 1.6337302975794847, 1.6234885267182892, 1.6278954358661877, 1.6114511232750088, 1.597941693722033, 1.6191723954443837, 1.6081134688620473, 1.5920362904960035, 1.5950661810005413, 1.5980823238690693, 1.5872222617560743, 1.588296300055934, 1.5979980604321349, 1.5850279681822832, 1.5731515779214746, 1.5649068466588563, 1.5609609028872322, 1.5649949791384679, 1.5589511137382657, 1.5575848058158277, 1.5460658254576665, 1.5476926670354956, 1.542224318373437, 1.5479437077746672, 1.5375165203038383, 1.5242422620455425, 1.525645733463998, 1.526957978220547, 1.5226704630197263, 1.5203554601061577, 1.5159877410121994, 1.508791262028264, 1.499468198593925, 1.502629720697216, 1.5120695139847549, 1.5014531939637428, 1.4962221611948574, 1.4928156908820658, 1.4897578218403984, 1.494216917776594, 1.4785137626470304, 1.4724571868485095, 1.4773734054144692, 1.4687857879143136, 1.4628539704809003, 1.4667640883548587, 1.4588094587419547, 1.4581042504778094, 1.45523891787903, 1.4559290081846947, 1.4632808168729146, 1.462001254745558, 1.4620605601983911, 1.4487496988446105, 1.4336524985584558, 1.4260410754119648, 1.440928560845992, 1.4336873444856382, 1.4287955141534991, 1.427040673938452, 1.4523448336358165, 1.4397700440649892, 1.4228574633598328, 1.4296497328608644, 1.4201084474722545, 1.4162823908469255, 1.4175214615522647, 1.4213478635339176, 1.41556636726155, 1.4099827245169996, 1.4089309280993891, 1.4112584520788753, 1.3958169969857908, 1.3954673479585087, 1.3943645743762745, 1.3954012838064456, 1.4038196521646835, 1.3883620716777503, 1.38901089219486, 1.3852744569965438, 1.3856272913661658, 1.378093323286842, 1.3696820841116064, 1.388875491478864, 1.3808387646488114, 1.3790224071811228, 1.3670273867307925, 1.3796668344852971, 1.368025960291133, 1.373908982557409, 1.3644063256534875, 1.3541227713519453, 1.3582225675676383, 1.347017398067549, 1.39438389563093, 1.3650211937287275, 1.35791494215236, 1.3588074352227004, 1.3376186519276863, 1.3473040461540222, 1.341439833828047, 1.3540892589326, 1.3345093984229892, 1.3359451720527573, 1.34094820653691, 1.3453258322734458, 1.3424187074689304, 1.3344185492571663, 1.342968392605875, 1.3338762615241258, 1.3289063707286237, 1.3282249125779844, 1.319124262122547, 1.3162551241762497, 1.3197686350813098, 1.3181056380271912, 1.3355303184658873, 1.3135615633983238, 1.3110445439815521, 1.3194993208436405, 1.3068115898207122, 1.3096325724732643, 1.302253274940977, 1.29729584385367, 1.2987683228417939, 1.3002261975232292, 1.3035301320693071, 1.299015538365233, 1.2994555959514542, 1.294158378652498, 1.2848649387266122, 1.2953102682151048, 1.2835757083752577, 1.2985997971366434, 1.2912894475693797, 1.2859410257900463, 1.2816508190304625, 1.2795160371883243, 1.2786397659311108, 1.2733483922247792, 1.2856027822868497, 1.277918982739542, 1.271638877251569, 1.2654317021369934, 1.2639079263397293, 1.2607174766998666, 1.271569429659376, 1.264089918019725, 1.25348787038934, 1.2546201827479344, 1.258011455045027, 1.2536828062113594, 1.2602336202182023, 1.2612735874512617, 1.2546298246757657, 1.3174044863850463, 1.2544323924709768, 1.248992478730632, 1.253220607252682, 1.2439501723822426, 1.2519518616152745, 1.2375649044326706, 1.242403070716297, 1.2478461265563965, 1.2444401342494815, 1.2433626581640804, 1.2424038029184528, 1.242338943715189, 1.2325916991514319, 1.2302681973167495, 1.2278591008747326, 1.2408007172977222, 1.2298697057892294, 1.2257639035290362, 1.2261314660895104, 1.2169513959510654, 1.2187506293549257, 1.2211839416447807, 1.248826971241072, 1.2283013901289772, 1.2300369038301355, 1.2253814994120131, 1.2221433958586525, 1.2148910772566701, 1.2103784236253476, 1.2067138523447747, 1.2201283013119417, 1.2095796939204722, 1.208350359809165, 1.2095678203246172, 1.2104438794594186, 1.204226751537884, 1.2048207533125783, 1.1980254241064483, 1.197581530786028, 1.2069359047740114, 1.2000199550507116, 1.2005492372840059, 1.2007132640071945, 1.1958352975985582, 1.197805842932533, 1.1968121744838416, 1.1794530100682203, 1.1925240176565506, 1.1951156539075516, 1.1878668227616478, 1.1903053627294653, 1.192723744055804, 1.1766910173144995, 1.1883290024364697, 1.1801997154366737, 1.1798501575694365, 1.174837014838761, 1.1754250549802594, 1.2134735011586957, 1.173071327162724, 1.1780181281706865, 1.1731679328516418, 1.1713173418652778, 1.1729727854915695, 1.1991479875994664, 1.1659672856330872, 1.1673412743736715, 1.1632585484607547, 1.1690401627736933, 1.1611640190376955, 1.1611286956889957, 1.163638523980683, 1.162350517277624, 1.1566639267930798, 1.146687608723547, 1.1601744118858786, 1.1519990090061636, 1.1609810964733946, 1.1604313675095053, 1.1598117106101091, 1.1497209516226077, 1.1528600454330444, 1.1452210469573152, 1.1537924280353622, 1.1511452753169864, 1.1467498272073036, 1.1413862360458749, 1.1401612443082474, 1.1466914552683924, 1.1568682848238478, 1.1386958758036296, 1.147995005051295, 1.137241883020775, 1.1395771620320339, 1.1359140715178322, 1.1362515284734613, 1.1277087751556845, 1.1284682931853276, 1.1246103141822068, 1.1289974223164951, 1.1299085096985686, 1.1258453335247787, 1.1297022565907122, 1.1290527062088835, 1.1198178453772676, 1.1292013695427017, 1.139688858798906, 1.1146356194627052, 1.1210559729267568, 1.1285931678379284, 1.1221598754910862, 1.1122482220331829, 1.1177395623104245, 1.1200203451455808, 1.1185664049550599, 1.1435933452026517, 1.110269564039567, 1.1178110224359177, 1.1028110145353804, 1.1178904421189253, 1.1075455674938126, 1.1045026153910393, 1.108551392368242, 1.1028417325487323, 1.1107713685316198, 1.0999887217493618, 1.1063106621012968, 1.1016406148087745, 1.1002131542738747, 1.0939121868680506, 1.0969696097514208, 1.1074226627162858, 1.088975329025119, 1.0924287140369415, 1.0953584155615639, 1.0897448676473953, 1.0960906872562333, 1.0904340031100255, 1.0976769456676407, 1.1501066544476677, 1.092870951867571, 1.0887498066705816, 1.088024233486138, 1.0934688980672873, 1.0868322405160642, 1.0836762125585593, 1.087685906419567, 1.0840366073683196, 1.0813858772025389, 1.0819412136779112, 1.0706399831117368, 1.083848970193489, 1.0813361166738997, 1.064252954487707, 1.0805320494315203, 1.0753970315643386, 1.0667857159586513, 1.0764388366072786, 1.0741699156807918, 1.0785207012120415, 1.0749906488493377, 1.0700915783059364, 1.069357539508857, 1.0620274783349504, 1.0757748110621583, 1.0691090366419624, 1.0682560556075151, 1.0635422444811053, 1.0622946193405227, 1.0691548182683832, 1.0590791345811357, 1.0645476164771062, 1.0603406189703475, 1.0541145871667301, 1.061290075965956, 1.0617419972139246, 1.0522747010576958, 1.0479914166179358, 1.0582795400245517, 1.0521590277260424, 1.0512256143139858, 1.0517257042959625, 1.050777997456345, 1.041884992929066, 1.047973445817536, 1.0557530767777388, 1.0399109239087385, 