{"task": {"lambda": 0.5, "alpha": 3, "lr": 1e-05, "wd": 1e-05, "bits": 48}, "result": {"earlyStop": true, "loss": [1.6364247109375747, 1.3403380992365819, 1.241874868963279, 1.196570496933133, 1.1865715688350154, 1.1400112731783998, 1.1120798655000388, 1.0852246737363291, 1.0634395208428888, 1.0564890945074605, 1.0574077659962224, 1.0256764947199355, 1.0010337934774511, 0.9875888336522907, 0.9660002004866507, 0.9574994401020163, 0.9458629956432417, 0.9268038573802686, 0.916608686540641, 0.9106851769428627, 0.8858707602701935, 0.8781247498357997, 0.8709564395979339, 0.8567998546595667, 0.8488946370050019, 0.8395831666740716, 0.8275061856005707, 0.8176836853518206, 0.8047225706133188, 0.8086065232169395, 0.7926747620690102, 0.7817946146516239, 0.7705596101050284, 0.76291560323215, 0.7644600467939003, 0.7547001321526134, 0.7450493413443658, 0.731028576984125, 0.7276048040857502, 0.7272230959406086, 0.7142732315788082, 0.7044576149360806, 0.7041766307517594, 0.6998811882792735, 0.6870089281423419, 0.6831319226938135, 0.6756542839255988, 0.6740532286611258, 0.6640543388385399, 0.6650317924864152, 0.6540747720236871, 0.6440764960705065, 0.6384504785140356, 0.6290665409144234, 0.6303569671570086, 0.6210204583464884, 0.61473688658546, 0.6251643446146273, 0.6181420347854203, 0.603501765897461, 0.5973808902735803, 0.5984801246839411, 0.5942860222330281, 0.5870193069179853, 0.5835656735534761, 0.5751774838449908, 0.5767374187707901, 0.5700120709690393, 0.5652938756872626, 0.5641092836272483, 0.5519841212560149, 0.5567155787173439, 0.5517113410374698, 0.5487461088626993, 0.5385005396662974, 0.530721960698857, 0.5332812802756534, 0.5267941571918189, 0.5230881827426892, 0.5197508969143325, 0.5170109239863414, 0.5154597854205206, 0.5150030912721858, 0.5035332391659418, 0.4992060488929935, 0.5009448937341279, 0.49369700881196005, 0.4917513722298192, 0.515168825785319, 0.49411340160112754, 0.4818240531227168, 0.5103374106042525, 0.49052776746890125, 0.4700384594353975, 0.46620549349223867, 0.4684248975678986, 0.46813856240581064, 0.4616674874343124, 0.4637744756890278, 0.45758805935289343, 0.45817696960533366, 0.4513585684346218, 0.44763069409950107, 0.444835172272196, 0.44613712500123415, 0.4417170227742663, 0.4419521985977304, 0.4326563936238195, 0.4356088598861414, 0.4467129023636089, 0.4392160390521966, 0.4282695931546828, 0.4234333391867432, 0.4187563349511109, 0.4250076641054714, 0.41687556721416175, 0.41479238195746554, 0.408826303978761, 0.4122496706013586, 0.4069945654448341, 0.4049127835269068, 0.40012240453678016, 0.3999386380116145, 0.3975084229719405, 0.39942367696294595, 0.3993012122079438, 0.392807516689394, 0.39029258577262654, 0.38834821199085195, 0.3842136000885683, 0.3856147104034237, 0.3804771423924203, 0.37885618764980167, 0.3789391868254718, 0.3765871963080238, 0.37397389727480274, 0.39014752413712295, 0.41106316797873554, 0.3779458871074751, 0.3675164608102219, 0.37333452409388973, 0.3877961086291893, 0.3767060728049746, 0.36503077722063254, 0.3610566048061146, 0.3609077311029621, 0.36127740349255355, 0.357622932861833, 0.35168670044810163, 0.3582501519544452, 0.352075204837556, 0.3550346782978843, 0.3525568315503644, 0.34967491308263704, 0.3446250591500133, 0.3482037937524272, 0.3447761485973994, 0.3427196901802923, 0.34088117789988426, 0.33799441976874484, 0.33354028957147225, 0.33889709529923456, 0.33775700248923957, 0.3347093670391569, 0.3296479516315694, 0.3264414463557449, 0.33033861044575186, 0.3255808820911482, 0.32652243475119275, 0.3249314919698472, 0.3247779691044022, 0.31809788927728055, 0.31740303498272804, 0.3214314384203331, 0.3160640755120446, 0.3199213585432838, 0.31669816915311066, 0.312486052951392, 0.3107557067391919, 0.31019695819008586, 0.30687611155650196, 0.3063342721731055, 0.30544252971223756, 0.30470309698698567, 0.3080549139310332, 0.301975358496694, 0.3015692125932843, 0.296688946146591, 0.2998302546786327, 0.2986510340489593, 0.29685328623243407, 0.29113514677566643, 0.29277680522086574, 0.2942925901973949, 0.2938731825527023, 0.2902952130226528, 0.2882560148981272, 0.296014619808571, 0.29442719530825523, 0.29001069857793693, 0.28949743611555473, 0.2847101150774488, 0.2836662783634429, 0.2823922514331107, 0.282629330368603, 0.27886566059554324, 0.2774107675341999, 0.28957459681174336, 0.2930598036915648, 0.27724465859286923, 0.2716514710702148, 0.27504812926054, 0.2773173910145666, 0.2724151693138422, 0.2710452440614794, 0.272721207317184, 0.2737350130782408, 0.2728195054566159, 0.265435610331741, 0.2687899239507376, 0.2660333366662848, 0.2639714771626042, 0.2678729149640775, 0.26616988798566893, 0.2644208047319861, 0.26142873059885174, 0.28259776561867955, 0.2680898840520896, 0.2620660868637702, 0.26091157192108677, 0.25864629242934434, 0.2598976032698856, 0.2572026765521835, 0.2593148904396038, 0.25488266538755566, 0.2554061951882699, 0.25653315474297483, 0.2541454672521236, 0.25478039550430637, 0.25418971084496556, 0.25007641067107517, 0.24683160334825516, 0.2520876231731153, 0.2508905325450149, 0.24610400769640417, 0.24800805762117983, 0.24877767776157342, 0.2448689069818048, 0.24518214063901528, 0.24392449928849352, 0.24299158477315716, 0.2450482627632571, 0.24273695972035914, 0.24352389574050903, 0.24397082407684886, 0.24071381314128054, 0.23686290678440355, 0.2429532452541239, 0.23798861997384652, 0.23517080045798244, 0.23498234138184904, 0.23430014051058712, 0.23470567152196287, 0.23342034498266145, 0.23723416410240472, 0.23623565905818752, 0.23065163326614044, 0.23227026371979245, 0.2306674022008391, 0.23011906269718618, 0.2286867559248326, 0.22841041622792974, 0.23148201522873899, 0.2418051843403601, 0.22955849021673203, 0.22610780698995964, 0.22428272649937986, 0.22463525554128722, 0.22441437051576726, 0.22445674240589142, 0.22783233050037832, 0.2226681376204771, 0.22429610876476064, 0.21981914326840757, 0.2233766403560545, 0.22122955132348865, 0.22186620285113653, 0.22022697198040345, 0.2203974593795982, 0.22045223268808103, 0.21862006742580264, 0.21875939328296512, 0.22036059697469076, 0.2172523620812332, 0.2180509855057679, 0.21556796571787665, 0.213878952405032, 0.21332836516347586, 0.21105754565374524, 0.21212030676942245, 0.21408591025015888, 0.21276448447914684, 0.21332257241010666, 0.21161081875656165, 0.21087848833378622, 0.2098320705049178, 0.21366212560850031, 0.20961809815729365, 0.20951000279655643, 0.20789430305069567, 0.204999817279624, 0.20384511329671917, 0.20788433154424033, 0.20391608146475812, 0.2053914635496981, 0.2062435801707062, 0.20722425509901607, 0.20271964268941506, 0.20540273277198567, 0.19875513163267397, 0.2031497340284142, 0.1983282858250188, 0.19899105339073667, 0.20242690835513322, 0.20103014070613712, 0.20466749749931634, 0.19512630246725737, 0.19898760998073747, 0.19682605345459545, 0.19783058601851558, 0.19758081414243756, 0.19389022375438728, 0.1986450754544314, 0.19122814051076478, 0.19374007476018926, 0.19823911201720143, 0.19646172283911237, 0.19416211048762003, 0.19316679838241316, 0.1929179722187566, 0.19473333262345371, 0.19412849025399076, 0.19072059848729303, 0.1928399935656903, 0.19265756493105607, 0.18884756167729697, 0.18881150364291435, 0.19105766289958767, 0.19046213054189495, 0.18690806758754394, 0.23010744972556246, 0.20482945953514062, 0.19001215827815673, 0.1878507492296836, 0.18696126020422169, 0.1859564521149093, 0.18680944059993707, 0.18417797003890954, 0.18557928224989012, 0.1847671125741566, 0.1831154219952284, 0.18509099807809382, 0.18198908324919494, 0.1847555989436075, 0.18449242062428417, 0.18607814683049334, 0.18273145004230387, 0.1818645789342768, 0.18134237752825605, 0.18069181226047815, 0.18080592082411634, 0.18179402675698786, 0.18008314431005834, 0.18112885265373715, 0.1794439484091366, 0.17825046853691923, 0.1769617401866936, 0.17861690386837603, 0.18024974404012456, 0.17967227283938259, 0.1791173900459327, 0.1797036049412746, 0.17984027663866678, 0.1763549014633777, 0.1752583410810022, 0.17510333883703924, 0.17360925966618107, 