{"task": {"lambda": 0.5, "alpha": 1, "lr": 0.0001, "wd": 0.0001, "bits": 32}, "result": {"earlyStop": true, "loss": [1.7708682686674828, 0.7642452944727505, 0.6869374875928841, 0.6551693040950626, 0.6214806352760277, 0.5966275159050437, 0.5784232131406373, 0.5839971496778376, 0.5273969775321437, 0.510360083451458, 0.49478745109894695, 0.4714898037559846, 0.4579206440670818, 0.46017372958800373, 0.4725496421257655, 0.3969235515185431, 0.38424159133551167, 0.36980638404687244, 0.355544280479936, 0.34697917410556006, 0.3357837735583969, 0.325591397636077, 0.3144284393273148, 0.30671170967466693, 0.3132252002171442, 0.2794238434118383, 0.2763657692600699, 0.2688171948288001, 0.336604090590103, 0.2509409773583506, 0.2431079103227924, 0.24225070575873056, 0.2606859806121564, 0.23600748882574193, 0.22684566355219074, 0.22463173097839542, 0.22846229462062612, 0.216053785646663, 0.21928722645137824, 0.2116060990328882, 0.2011389136314392, 0.23194058473203696, 0.18797897094605015, 0.1868475199330087, 0.19282396897381426, 0.18761179866451844, 0.1891866557154001, 0.22431793845459527, 0.17456836940026751, 0.1706698998516681, 0.17420914082550534, 0.16764041693771586, 0.17177307459653593, 0.22797287211698644, 0.20553205629774168, 0.16299798208124497, 0.15515152905501572, 0.15252278526039684, 0.1494557400252305, 0.15294623447983874, 0.15515842887700773, 0.14911415961151028, 0.14664102637884663, 0.16999867587697273, 0.13874262688206693, 0.13589167594909668, 0.14832398050702086, 0.13648260720804625, 0.13876427797710195, 0.15816708814864064, 0.14636785653876325, 0.13085207262752102, 0.12557178662688123, 0.1274054351390577, 0.13214329951534085, 0.18427863125415408, 0.1217896661483774, 0.11608834557381331, 0.11607432296024818, 0.11878540688285641, 0.23403424711204043, 0.11985579542085237, 0.10969313445921038, 0.11226578509690714, 0.11115062200263434, 0.11261270644471925, 0.11213396409270811, 0.12011128810106539, 0.11772857577193017, 0.11285702025919568, 0.1229583036665823, 0.110568693309438, 0.11184039259073782], "map": 0.7835419034517105}, "time": 198.38982725143433}