{"task": {"lambda": 0.5, "alpha": 3, "lr": 0.0001, "wd": 1e-06, "bits": 48}, "result": {"earlyStop": true, "loss": [2.255220798885121, 1.2230043306070215, 1.1326615077023412, 1.054233003188582, 1.006617409633655, 0.9540800487293917, 0.9225292240872103, 0.8996012194776067, 0.818097663860695, 0.7870743485058055, 0.7512197111751518, 0.721023388060869, 0.7004771247213962, 0.654532408305243, 0.616398366789023, 0.5899154602312574, 0.5665546576766407, 0.5418803224376604, 0.5358537542177182, 0.5029855239040711, 0.4834174031720442, 0.4594690132082677, 0.4482821369288014, 0.4343498524497537, 0.43807326023485144, 0.40270043646588044, 0.40056435077213776, 0.3911658681783022, 0.4273996034673616, 0.4705208833603298, 0.35519444591858806, 0.3451580165647993, 0.34516069117714376, 0.3263397618543868, 0.3256104663014412, 0.38951894991538105, 0.3133149640817268, 0.3028644752853057, 0.29295897133210125, 0.31448767655620385, 0.28841459868001, 0.2973831309115185, 0.2887541585985352, 0.27964597487566517, 0.2685573124418072, 0.2717400795104457, 0.2582235935271955, 0.28275157511234283, 0.259371344073146, 0.2644614458960645, 0.2411765289657256, 0.24326067578558827, 0.30622852608269335, 0.2344262299000048, 0.2262614249598746, 0.34766073115900453, 0.21806628695305655, 0.21646511160275517, 0.2141373887950299, 0.21244255424130196, 0.2243662983471272, 0.21509310033391504, 0.20989571803925083, 0.21378660815603592, 0.2570650177259071, 0.20260400295841927, 0.19597189961110845, 0.20022583124684354, 0.20513482260353424, 0.1956209284709949, 0.19560757191742167, 0.2807364030649849, 0.18847052928279429, 0.1829221219408746, 0.17800293862819672, 0.18155024500161993, 0.1948203286703895, 0.19143141002631656, 0.27865535736668345, 0.18183578090632663, 0.16745463495745377, 0.16950581880176768, 0.17081382198660983, 0.17008625058566823, 0.17833295376861796, 0.18343165034756942, 0.16993935245509242, 0.1681740045839665, 0.28865189426669885, 0.159239376438599, 0.15692806886691674, 0.15469962358474731, 0.1583629966366525, 0.1591218357869223, 0.17270809046778024, 0.16059492090169122, 0.15542022840065114, 0.1603233703211242, 0.16521941987322827, 0.234530970454216, 0.14875179909023584, 0.1457203828967085, 0.14810118926506416, 0.14861139056144976, 0.1687408077220122, 0.1460766181641934, 0.1455934201093281, 0.20855173453980802, 0.14162961320549833, 0.14172393565668778, 0.14405943511747846, 0.1622258909777099, 0.14552725369439407, 0.14674943276480132, 0.1416420165230246, 0.14546163489713387, 0.1396824602110713, 0.17276958463823094, 0.2738118887531991, 0.15035584488627957, 0.14136775787554534, 0.13765325470297946, 0.13310853965288283, 0.13720715893249885, 0.1325567139714372, 0.20225275256762318, 0.14769143333622053, 0.1268908568457061, 0.1270491692657564, 0.12880224486192068, 0.1315306521513883, 0.12907021719158865, 0.13635000294330074, 0.12986730955833314, 0.1309055049045413, 0.13106016003910234, 0.15684144330375335, 0.1253756403776945, 0.12444244902215752, 0.12804608704412684, 0.13302858619421137, 0.12678463216505798, 0.12960994163272427, 0.12682648981903114, 0.12649045402512832, 0.1283098294892732, 0.21747896988310067, 0.11836449648527538, 0.11502823511175081, 0.11501286361439556, 0.1195759291158003, 0.12223754414156371, 0.1212387248581531, 0.1235019778650181, 0.1319702167575266, 0.11794813006531958, 0.11898764222860336, 0.12207483909293718, 0.1171598862491402, 0.11683648831996263], "map": 0.8046732328733728}, "time": 339.58328318595886}