{"task": {"lambda": 1, "alpha": 3, "lr": 1e-06, "wd": 0.0001, "bits": 24}, "result": {"earlyStop": true, "loss": [3.188049877391142, 2.7156830698836085, 2.4458634876737406, 2.2436468367483102, 2.138936262504727, 2.0125308621163462, 1.9418907679763495, 1.8604340407193876, 1.83044732318205, 1.8066129333832686, 1.7267521596422382, 1.7232905205558329, 1.6704349611319749, 1.641738865889755, 1.6060308919233435, 1.6086858283070957, 1.5796428942212872, 1.5633892709133672, 1.544746403016296, 1.5508239432877184, 1.528090427903568, 1.4989083602147943, 1.5301568741891898, 1.48789156944144, 1.503953678935182, 1.4655513190755658, 1.4549886864774368, 1.4430123146842508, 1.4482265856920504, 1.4291350122760325, 1.4759822522892672, 1.4237550613926906, 1.4069605276865118, 1.396509139269006, 1.400063927267112, 1.393824518603437, 1.3823383199233634, 1.3740705830209397, 1.373827019742891, 1.366219334158243, 1.364706698585959, 1.3575052730008668, 1.341975761979234, 1.3790459726371018, 1.34070200575333, 1.3381497298969942, 1.3369342439314897, 1.313005676456526, 1.3290294362049477, 1.3112403800090153, 1.3109514789254058, 1.2952955937853046, 1.30886769119431, 1.2960309655058617, 1.2878707133087457, 1.291930299763586, 1.2886302067952997, 1.3228057529412063, 1.2749114270303763, 1.2718002901357763, 1.2654798749615164, 1.2793456128999299, 1.2608400384585063, 1.2567172710802041, 1.2524873439003439, 1.2577630322353512, 1.2538486643164766, 1.2564098951863307, 1.2371326638203042, 1.2284555394275516, 1.235018702698689, 1.2291024514273101, 1.2492603449260486, 1.2274384749870675, 1.2224196119635713, 1.2209718598454606, 1.2258780855758518, 1.248419958002427, 1.2021289511638529, 1.2117689064904755, 1.2068712869111229, 1.2046294618470996, 1.2109221804375743, 1.198483527875414, 1.2036817623119729, 1.1902363595424914, 1.19118839969822, 1.1838186494275635, 1.1837047905314202, 1.191134472688039, 1.170045507012629, 1.1699888881515055, 1.1772203918765574, 1.1753697821906968, 1.163289308255794, 1.176443616549174, 1.1717380887153102, 1.1618013171588673, 1.1643152625537385, 1.1576897694784052, 1.1575813299300624, 1.1573818536365734, 1.149469276853636, 1.1607617291749692, 1.151078894442203, 1.1483732862215417, 1.133934654733714, 1.1418515543142955, 1.1383073703915465, 1.1456691768823886, 1.133076626296137, 1.1387298948624556, 1.1329107097550934, 1.1294688559045978, 1.1210922765381195, 1.1265002734520857, 1.124166731740914, 1.1251697458472907, 1.1218788863397111, 1.124778439016903, 1.125411078041675, 1.1110508441925049, 1.1173596493169373, 1.1622404280830831, 1.1127637683176528, 1.107005495358916, 1.0988677398246878, 1.1034505770486944, 1.1093705839970533, 1.0984215993507236, 1.101331170283112, 1.1050876717941434, 1.0921671524936079, 1.0909939758917864, 1.0934336112410414, 1.079945392760576, 1.0897044182992448, 1.0889890719862545, 1.0894913953893326, 1.0870821791536667, 1.0792471497666603, 1.0788936889639087, 1.0966220065659167, 1.0757465233989791, 1.0796227624603347, 1.079479867044617, 1.0775665979759366, 1.0642337614999098, 1.0712158808521195, 1.068372598757931, 1.1045529047648113, 1.0660163427100462, 1.0622641526016534, 1.092353688735588, 1.068579099926294, 1.0627261610592114, 1.0916787339191811, 1.060750587313783, 1.0591585104371988, 1.0798023752137726, 1.049936403830846, 1.0688302470188515, 1.0539402614037197, 1.0456188960986978, 1.047903646441067, 1.0405234145183189, 1.049700742258745, 1.047390639781952, 1.04507013278849, 1.0437763979037602, 1.0378986599982953, 1.0401237975148594, 1.0453258869694728, 1.029550082543317, 1.037027890775718, 1.0306997509563671, 1.0303432099959429, 1.026750052092122, 1.0330893967081518, 1.0179251493776547, 1.0226715376564102, 1.0243285342174417, 1.0250305100983264, 1.0253465710317387, 1.0247980572429358, 1.0233074899982004, 1.0177790364798378, 1.0215012153574066, 1.0388623814956814, 1.009201890989846, 1.0084562158467723, 1.0115859213412977, 1.0045312540788276, 1.0023704510109097, 1.0117037004115534, 1.0010861488533955, 0.9996906004700006, 1.0030060728975372, 1.0060070361576827, 1.0009709371655595, 0.9981892891958648, 1.0021648997185277, 0.9908334265152613, 0.9960239193603104, 1.0181001342979132, 0.9954252885837181, 0.9888985624500349, 1.0154761321404402, 0.9957291875399795, 0.9961687107296551, 0.9771514105446198, 1.007532930841633, 0.9850415914666419, 0.9883294537955639, 0.9814741693291009, 0.9760550272231009, 0.9845871931197596, 0.9688972129541285, 0.9739220691662208, 0.9818743455643747, 0.9765466445801305, 0.9807782091346442, 0.9787003605389127, 0.9718429364410102, 0.9817210167062049, 0.9711451425271875, 0.9760789520600263, 0.9989323019981384], "map": 0.7447643048481648}, "time": 480.8645963668823}