{"task": {"lambda": 1, "alpha": 1, "lr": 0.0001, "wd": 1e-05, "bits": 32}, "result": {"earlyStop": true, "loss": [1.986734341172611, 0.9053584933280945, 0.8437953369290221, 0.7894656517926384, 0.7525409857432047, 0.7458402794950149, 0.713649428358265, 0.657080256471447, 0.6322354019856921, 0.6206296264540916, 0.5771781463249057, 0.5774885199817956, 0.5350353536652583, 0.530747616407918, 0.5028030048398411, 0.48180971791346866, 0.47043416444577424, 0.4456179700061387, 0.4477560143260395, 0.41629409059589983, 0.4028971294562022, 0.38411697131745953, 0.3824011999018052, 0.3707020224309435, 0.35128968282073153, 0.34069475823757694, 0.3782576272885005, 0.32407988520229564, 0.3219154471275853, 0.3116925256509407, 0.31272131306867973, 0.3257833280984093, 0.29141807190927804, 0.2952351245810004, 0.3049602379985884, 0.34904046970255237, 0.27976003902799945, 0.2725379918428028, 0.2608933152229178, 0.29660191313893186, 0.2606046042021583, 0.2503182318280725, 0.2468285522624558, 0.24866402879649518, 0.26380229872815747, 0.24272838497863097, 0.23313974793635162, 0.24635045055080862, 0.2692306991301331, 0.22358712524760002, 0.21773717829994127, 0.23425129727990018, 0.21953077994140924, 0.22015882239622228, 0.22470858254853418, 0.2078004663481432, 0.22148601360180797, 0.2733243651249829, 0.2775902204653796, 0.20559510384120194, 0.20778372591617061, 0.2824663478954166, 0.19672648550248614, 0.18980299579162224, 0.18541745359406753, 0.19174535338785134, 0.18816711066984662, 0.1953433046446127, 0.23463997756149255, 0.18122546681586435, 0.1783173195287293, 0.17973008693433276, 0.18670893971826516, 0.17918570427333608, 0.22391909419321546, 0.17623698638350355, 0.1735273798306783, 0.17993131104637594, 0.17497487344286022, 0.17376313168628543, 0.18227213402004802, 0.16534736723292107, 0.18561172616832397, 0.1639780997864756, 0.1580082236551771, 0.17268886417150497, 0.1662213901678721, 0.1902171462482097, 0.1564996162904244, 0.15687228395950562, 0.2184706147687108, 0.15159772818579392, 0.14983325013343027, 0.14720483036602244, 0.15315252367187948, 0.1653863610882385, 0.14623680725401522, 0.15228048069219963, 0.19959652014807158, 0.1423978523588648, 0.14518314081372, 0.14396817354010602, 0.17024566744472466, 0.14465046805493972, 0.13852735258200588, 0.14428078061809727, 0.14562688563384263, 0.14487264655968723, 0.1492441385692241, 0.21479529814392911, 0.17111306009339353, 0.13656765558556014, 0.13365119374265857, 0.13403015963587106, 0.13413998601483365, 0.13510489668331893, 0.1389458572455481, 0.17789350420820946, 0.14003580268107207, 0.13249404531191378, 0.12892343772246556, 0.13218081596435285, 0.1417818970101721, 0.1271903126263151, 0.1517681556881643, 0.13392826388863957, 0.12537688929952828, 0.12917594626253726, 0.16278699566336238, 0.12516828378041586, 0.12460878023914262, 0.12850585459348032, 0.12934858278900968, 0.1260347283061813, 0.13263178368409476, 0.13107837071897938, 0.130153142061888, 0.12574089457299195, 0.12306293633346464, 0.16643951511850544, 0.1183210566055541, 0.11823639171380623, 0.1199282678026779, 0.1187568965057532, 0.13619617336228781, 0.11884279424945514, 0.17277108249711057, 0.131149512660854, 0.11233655480193157, 0.1113763283572945, 0.11597683426796221, 0.11729212901463695, 0.12986344975583694, 0.11714763486502218, 0.11167339125976843, 0.1266720739065432, 0.11697558941794377, 0.1227553648983731, 0.12448563236816257, 0.11505781815332525], "map": 0.7667928820762945}, "time": 340.02933645248413}