{"task": {"lambda": 0.5, "alpha": 1, "lr": 1e-06, "wd": 0.0001, "bits": 12}, "result": {"earlyStop": true, "loss": [1.2712610831447677, 1.07912803514331, 0.9989318637286916, 0.9430795288553425, 0.9213510973780763, 0.8807920696688634, 0.859101862299676, 0.8418019498680153, 0.8251245252641977, 0.8124877167683021, 0.8048779976134207, 0.787701710766437, 0.7770881357730604, 0.7668869568436754, 0.7606043684131959, 0.7539561040261212, 0.7459180413507948, 0.7335239590383044, 0.7275776404376123, 0.7468204159362644, 0.7189780394820606, 0.7119428899650481, 0.713882587704004, 0.7085531961684134, 0.6993814970494485, 0.6949056880731209, 0.6879221281292391, 0.6922076543172201, 0.68018891063391, 0.6853699917886772, 0.6875891849106434, 0.6701146782028908, 0.6705143948396047, 0.6646907948980144, 0.665196053537668, 0.6593043707749423, 0.6572764343490788, 0.6503201655897439, 0.6470768521813786, 0.6478983666382584, 0.6485117317414751, 0.6439585576162619, 0.6396735927053526, 0.6329082222838028, 0.630583309513681, 0.6319937768812273, 0.6323896687404782, 0.6297817586683759, 0.6245774560991455, 0.6255119372816647, 0.6192098838441512, 0.6201560649217344, 0.615804553324101, 0.6177741528726092, 0.6042412858383328, 0.6067291693944558, 0.6196008938200334, 0.6054990817518795, 0.6029804863181769, 0.6242102437159595, 0.5982164131367907, 0.6042390214461907, 0.606212738682242, 0.6064299280736961, 0.5904062656210918, 0.5909978206835541, 0.587319148813977, 0.5885480833696384, 0.5871044106635392, 0.5915823508711422, 0.5826071632259032, 0.5833361481919008, 0.5962636435733122, 0.5784902528804892, 0.5744275368896186, 0.5816293376333573, 0.5784105535815743, 0.5721577446834714, 0.5727689590524224, 0.5759676541475689, 0.5693379953211429, 0.5747830020446404, 0.5690653037791159, 0.5672848446696412, 0.5702999199137968, 0.5643587574070575, 0.5608018424873259, 0.5565252288007269, 0.5606751479938918, 0.5583995925445183, 0.5561484869788674, 0.5607194246030321, 0.5522665591800914, 0.5545521863535339, 0.551065191480459, 0.5491142940579676, 0.5513422831016428, 0.5480790868693707, 0.5503383220410815, 0.5455568296944394, 0.5451517064197391, 0.5428137104300892, 0.5471207610532349, 0.5408675843009761, 0.539417542663275, 0.5400395095348358, 0.5365258656880435, 0.5326147657983443, 0.5370412302367827, 0.5273294904652763, 0.5313445595549602, 0.5321107072865262, 0.5291601124347425, 0.5482757237612033, 0.526072181615175, 0.5266920287235111, 0.5275364190924401, 0.5266868501317268, 0.523621597564688, 0.522854233489317, 0.5191555420557658, 0.5228649488851136, 0.5164096154564736, 0.5210220235235551, 0.5164155891420794, 0.520570521115088, 0.5198013040364957, 0.5140840130693772, 0.5177334628853143, 0.5125831719122681, 0.5089674726420758, 0.5112058247129122, 0.5094346918311774, 0.5108835200468699, 0.50559876917624, 0.505113826955066, 0.5019746947230077, 0.5035453356948554, 0.5038863394190284, 0.5059275000410921, 0.5022961570351732, 0.50436610947637, 0.5021320036521145, 0.4995498820847156, 0.49921297092063754, 0.5021001670290443, 0.500453000851706, 0.4942016706747167, 0.5074438458564234, 0.4926939758599973, 0.4963119737073487, 0.4952810899007554, 0.49304226742071267, 0.4932962793345545, 0.4921047446482322, 0.4889967269172855, 0.4903487247579238, 0.4934394657611847, 0.4844045165707083, 0.4879271526839219, 0.4892698693655285, 0.49624037859486597, 0.48701754636039923, 0.4928341449475756, 0.4830339147764094, 0.48010168589797675, 0.48162590756135826, 0.48071131928294314, 0.4789730783771066, 0.4777352554248829, 0.48099178996156244, 0.4764393535899181, 0.47679756384562044, 0.4780549810213201, 0.47968928442866193, 0.4783258853005428, 0.4736853409923759, 0.47562431617110384, 0.49600281960823955, 0.4717635991526585, 0.4729261111979391, 0.471301621373962, 0.47157130741021214, 0.470402052005132, 0.46823478716553424, 0.4722283765965817, 0.48567910580074086, 0.465016216477927, 0.466551085459251, 0.46891307158797396, 0.4633592362789547, 0.465089739975976, 0.4635627772293839, 0.4648040010064256, 0.46309920133767174, 0.4643028853278534, 0.4627501191753967, 0.4623189638642704, 0.46041035009365455, 0.4585653243988168, 0.4649501378629722, 0.4591010545983034, 0.4603717404545522, 0.4597126169531953, 0.4569390183862518, 0.4556138364999902, 0.4566211859677352, 0.4595796340236477, 0.452807306585943, 0.4556768450374697, 0.4564310592763564, 0.45220890670430425, 0.45369623630654576, 0.4487812616953663, 0.45683124836753397, 0.45432010526750605, 0.45035207695236396, 0.4534390510297289, 0.4655220298206105, 0.44681429380879684, 0.4484822208098337, 0.44626154925893335, 0.44747038989090454, 0.444653942304499, 0.4482194575316766, 0.443622139154696, 0.44547921842804145, 0.46216296623734865, 0.44740332283225714, 0.4423219847912882, 0.44275372577648536, 0.44437531089665844, 0.4407028490860088, 0.4399542656599307, 0.44160793940810594, 0.4395712955909617, 0.4387153451349221, 0.43899642646897075, 0.43727102912231985, 0.4495623696084116, 0.44159411916545793, 0.43571147410308614, 0.43564528869647606, 0.4354625652525939, 0.43823756715830636, 0.4358503631516999, 0.43455106940339594, 0.4332650785937029, 0.43808003544223073, 0.43593527844139174, 0.42949993280219095, 0.4346906542778015, 0.4337458844278373, 0.4313262376715155, 0.4315834457383436, 0.43069641438185, 0.42607598328122903, 0.42725494693891675, 0.42931856784750433, 0.4278827975778019, 0.42674478377197306, 0.42684685891749813, 0.42831006120232973, 0.42561102059541966, 0.42892953768080355, 0.42798158424157723, 0.42544256333334773, 0.4256747646951208, 0.4232192065055464, 0.42461586466022566, 0.4230230929804783, 0.43898866223353966, 0.42198091533546356, 0.4483373544964136, 0.42372454527546377, 0.42141201916862936, 0.4190659024843983, 0.4194241144931784, 0.4168258404322699, 0.41491709554604456, 0.4165417376686545, 0.4314831892649333, 0.4166506758215381, 0.4181402251124382, 0.41821081381218106, 0.4177341857085041, 0.41787752187719535, 0.4154027818756945, 0.41452941313093783, 0.4138962934706725, 0.41442520638891295, 0.41951167817209284, 0.41388673057743147, 0.41365496244500666, 0.4159245794894649, 0.4100740953330316, 0.41340698637798723, 0.41244904200236004, 0.41101909618751675, 0.4128670454317448, 0.4095557841892336, 0.4101790407416867, 0.409287920915613, 0.4084502199993414, 0.40975766599762675, 0.4104735093081699, 0.40958443517778437, 0.41051921365307825, 0.4067103160070438, 0.40942340797069027, 0.4066533282691357, 0.40526118991421717, 0.4043620421605952, 0.4056992823002385, 0.4059364716796314, 0.40934937958623846, 0.41039064935609404, 0.40486791481574375, 0.40063268749737274, 0.4030312968819749, 0.40401654296061573, 0.3997505384625173, 0.4030299963904362, 0.4035332337314007, 0.3990996561798395, 0.3995560485066152, 0.4013618461641611, 0.39924081349197554, 0.39842943043685425, 0.40003912662174185, 0.4041115472129747, 0.3964104231666116, 0.3979953206052967, 0.39996154387207594, 0.4106053143155341, 0.3966672588504997, 0.39418327413937626, 0.4178805789526771, 0.40188897649447125, 0.3934765107491437, 0.39819513232100245, 0.3958086038337034, 0.3949321100817007, 0.3945857853281732, 0.39321570478233636, 0.39488399832272064, 0.39665595734236286, 0.39566536905134425, 0.4075164298216502, 0.39229511571865455, 0.3899692750590689, 0.39360515977822097, 0.3928412117210089, 0.39075761639020024, 0.3938138747916502, 0.390984597159367, 0.3873835917489201, 0.39121344451810797, 0.387365477050052, 0.3902227583469129, 0.388991169777571, 0.387030556213622, 0.386281095518201, 0.3955289452683692, 0.3878134885693298, 0.3865596652030945, 0.38689791615687164, 0.3865102232963431, 0.3964623008288589, 0.3860253176706679, 0.38744527948837654, 0.3846636382388134, 0.3929535664764105, 0.38123357117029966, 0.3827020388607885, 0.3849569483130586, 0.38296086516450434, 0.38806889688267426, 0.3807782841955914, 0.3815510780641846, 0.38180973599938783, 0.38050460596294966, 0.3815123193404254, 0.3810470645480296, 0.38170189702627705, 0.3846097975677135, 0.3820018020330691, 0.3779391549965915, 0.37697090544537004, 0.3837387217026131, 0.3817295261165675, 