{"task": {"lambda": 2, "alpha": 5, "lr": 1e-06, "wd": 1e-05, "bits": 32}, "result": {"earlyStop": true, "loss": [5.291311334161198, 4.59715265269373, 4.182249910691205, 3.845553460074406, 3.6002024645898856, 3.4068583378604815, 3.246179848325019, 3.1340732013477997, 3.0133946409412458, 2.9463508993971583, 2.873179904386109, 2.8171193365957223, 2.856821345347984, 2.7426250004300883, 2.6867780463368285, 2.660483213031993, 2.6319447229890263, 2.6563560728933298, 2.652728136848001, 2.5585599144299827, 2.5494457015804217, 2.5091968564426197, 2.5009575416060055, 2.5563135147094727, 2.461409463601954, 2.445633977067237, 2.423717959254396, 2.412495131586112, 2.378684175949471, 2.374511391508813, 2.3495711228426766, 2.4353686851613663, 2.3309951073983135, 2.322969626562268, 2.2982864800621483, 2.34498243004668, 2.2899171686639974, 2.275518145046982, 2.2569361270642747, 2.3207601121827666, 2.252727297006869, 2.236760107909932, 2.2491234809744594, 2.2359161797691796, 2.2172613582190346, 2.224506247277353, 2.2014556714132723, 2.1909597936798546, 2.1938877783569635, 2.1860922142571093, 2.1735173756001043, 2.1640253265698752, 2.154238630743588, 2.146134786746081, 2.134753590705348, 2.1383742468029845, 2.124917551582935, 2.132550203332714, 2.1223064777897855, 2.190883676211039, 2.1289194495070216, 2.1123466795566035, 2.107408046722412, 2.0898071585917006, 2.078125993410746, 2.0905001256980147, 2.1049154506010166, 2.0858680827944887, 2.080446872056699, 2.057504589651145, 2.053318002644707, 2.042190715378406, 2.04494673130559, 2.0462342792866277, 2.035855357553445, 2.0833982977212644, 2.032665084390079, 2.0637674027798223, 2.0930289614434336, 2.0189481506160663, 2.0122440726149318, 2.0093620886989667, 2.0059243428940867, 1.9976497087992875, 1.9963027478433122, 2.0010428639019238, 1.9852530804334902, 1.976193488812914, 1.9906195238524793, 1.9751007843251323, 1.978328930981019, 2.0097157020194856, 1.9625632423980564, 1.9588636230019962, 1.9566125168519861, 1.9439001919007768, 1.9585864806876463, 1.9492260375443626, 1.9716547891205431, 1.9432508758470124, 1.9322657059220707, 1.9348083360522401, 1.918146292368571, 1.9211692810058594, 1.916146176702836, 1.9183554672727399, 1.9095872476989149, 1.9064843204675936, 1.8951669779478335, 1.9055785729604608, 1.8945951987715328, 1.9012184119692035, 1.8795586672483706, 1.874993344148, 1.8797815547269934, 1.921176933774761, 1.8864045213250553, 1.8824899687486536, 1.862943353021846, 1.8682768438376633, 1.8527502224725836, 1.8724128148135017, 1.8550160468793382, 1.8618352483300602, 1.865416080343957, 1.853522741911458, 1.8475271077717053, 1.8620124190461402, 1.835074408381593, 1.8487683914455713, 1.82641587304134, 1.8389302924567579, 1.8228307898138083, 1.831128645176981, 1.8187997498933006, 1.855458327368194, 1.8092234532038372, 1.819152683019638, 1.807829007214191, 1.8070749862521303, 1.7961305076000738, 1.8165271486721786, 1.8001061087729884, 1.8013928620254291, 1.8028887288243163, 1.791822024420196, 1.7821941539353015, 1.782417708752202, 1.7840947245850283, 1.7813752749386955, 1.7747110969880049, 1.7846279448153926, 1.8182456002515905, 1.766832576078527, 1.7720670653324502, 1.7638475310568715, 1.7688512767062468, 1.759495198726654, 1.7574194026928323, 1.7640202372681861, 1.7473073952338274, 1.7613900572645897, 1.74665748722413, 1.7472866160028122, 1.7947393515530754, 1.7432536038697934, 1.7353093653332954, 1.742820662610671, 1.7485368596572501, 1.728911717148388, 1.718262813839258, 1.7200577282438092, 1.7193537208379484, 1.737783714836719, 1.7144605681007983, 1.7143815983744228, 1.7056046811973347, 1.7140867003038818, 1.728298798495648, 1.7177348732948303, 1.7176831890554989, 1.713782593315723, 1.7020240279973722, 1.6961802524678848, 1.7058518003014957, 1.6938815414905548, 1.6904232490296458, 1.705310024467169, 1.6968582412775826, 1.69245679472007, 1.6858079012702494, 1.6830683578463161, 1.6865720935896331, 1.683474035239687, 1.6756068988173616, 1.678426186243693, 1.6739348412728776, 1.6719104425579894, 1.6621382873432309, 1.6623481167297738, 1.671756593620076, 1.6627888916169895, 1.6694219042273128, 1.751693889206531, 1.662682996076696, 1.65555314690459, 1.6423918990527882, 1.6510276186699961, 1.6430187400649576, 1.6458273307949889, 1.6384109334618437, 1.636774929715138, 1.6504028836886089, 1.6453711378808116, 1.70273163505629, 1.640867945025949, 1.6376831075724434, 1.6396780084161198, 1.6326577371242, 1.63571911407452, 1.6378214674837448, 1.630626705347323, 1.6244663426689072, 1.6322091075719571, 1.6383945439376084, 1.6658392536873912, 1.6204755896446752, 1.6264181417577408, 1.6249724766787361, 1.6197157326866598, 1.6207347640804215, 1.6109369765309727, 1.611101514568516, 1.6025733240679199, 1.6168520479810005, 1.5993981945748423, 1.5905430804865033, 1.6055929578986823, 1.5988775667022257, 1.6235569715499878, 1.5931987242371428, 1.5880579656245661, 1.5882848694044, 1.587351940426172, 1.6034842495824777, 1.6993294837428075, 1.5914182657120275, 1.5882043406075121, 1.591735557013867, 1.5965886256274056, 1.5744546914801878, 1.5852665235014523, 1.576374893094979, 1.578028220172022, 1.5759028763163323, 1.5710960813597137, 1.580212330116945, 1.588173410471748, 1.5692615310351055, 1.5667193567051607, 1.56138503668355, 1.5681037137321396, 1.5591984402899648, 1.5514022965057224, 1.5561126569906871, 1.5574626384996901, 1.5647328501822901, 1.5572327918866102, 1.5617218263009016, 1.5496238744726367, 1.5577534051502453, 1.5454573011865802, 1.545396057706253, 1.5398850359168708, 1.6094557771495743, 1.534737316416759, 1.536026126613804, 1.549987726351794, 1.5257151433650185, 1.5443224299187754, 1.5378481360042797, 1.5310097506233291, 1.527996840430241, 1.5421999301396163, 1.5129123248305976, 1.5324608373875712, 1.5255836902880202, 1.5212288417068183, 1.532581429271137, 1.5128815793523602, 1.5134052756954641, 1.51626222040139, 1.538585062120475, 1.5170309555296804, 1.5044080293646045, 1.5440118195963841, 1.558662398188722, 1.5215859156028897, 1.5086305164823346, 1.4973210616438997, 1.5073288901179445, 1.5063125257398569, 1.5034864930545582, 1.503810985999949, 1.4876872920522504, 1.504215061080222, 1.4944000653192109, 1.5090056044213913, 1.5605088297058554, 1.5731025022618912, 1.5020897774135364, 1.5037121001411886, 1.5020564297835033, 1.52109860088311, 1.486142976026909, 1.49088353619856, 1.4790627170427173, 1.4904087992275463, 1.497214189347099, 1.5126514224445118, 1.476118217496311, 1.4870925113266589, 1.4829434682341183, 1.4818863927149306, 1.482735754812465, 1.5420595360737221, 1.4862871433005613, 1.4818530462536157, 1.480649464855007, 1.4791448911031086, 1.4703401257010067, 1.474677798794765, 1.466027038938859, 1.4668529664768892, 1.4723518853094064, 1.4579776104758768, 1.4989363843319463, 1.4615548796513502, 1.459548083006167, 1.5041459284576715, 1.474596292364831, 1.4570937513136397, 1.45070478144814, 1.4517175970124263, 1.4532437990693485, 1.5552819990644269, 1.451965365339728, 1.45548399318667, 1.4452120544863682, 1.439478410809648, 1.437021725318011, 1.52937510434319, 1.4591275149700689, 1.4376190246320237, 1.4412990124786602, 1.4993676180933035, 1.4463406181802936, 1.441161976141088, 1.4422104311924355, 1.4408902186973422, 1.4419055715495466], "map": 0.7571887402294205}, "time": 765.5302662849426}