{"task": {"lambda": 1, "alpha": 1, "lr": 1e-06, "wd": 1e-05, "bits": 24}, "result": {"earlyStop": true, "loss": [1.6437709021802043, 1.4191729940620124, 1.308382927202711, 1.227236602820602, 1.1892605739481308, 1.1345248087948443, 1.1311131972892612, 1.0941092605684317, 1.0668405452195335, 1.0490784347057343, 1.033585804350236, 1.0295592990576052, 1.0060446344169915, 0.9897450007059995, 0.982370418660781, 0.9715933443284502, 0.9621744862958497, 0.9484439083174163, 0.9416419028067121, 0.9409156167039684, 0.9318726442608178, 0.9199960447993933, 0.9125324587027231, 0.9041464416419759, 0.8984304505820367, 0.9073694360022452, 0.8904472396654242, 0.8855355352747674, 0.8749661416399712, 0.8792767156572903, 0.8698983671618443, 0.8658847320897907, 0.8588143852995891, 0.8563467223270267, 0.8499099471989799, 0.8522284299719567, 0.8450192663015104, 0.8375117293759888, 0.8519915085212857, 0.8287589699029922, 0.8247690779321334, 0.8246093418668298, 0.8201611182268929, 0.8182146490788927, 0.8142771826070898, 0.8266833705060622, 0.8117428141481736, 0.8058601533081017, 0.8053623449568655, 0.8011362377335044, 0.8019075662482018, 0.807349212029401, 0.7943031752810759, 0.7938024045205584, 0.7937374903875238, 0.7865902533133825, 0.7835933972223132, 0.7841412559443829, 0.7775885950700909, 0.7782938518360549, 0.7755626142024994, 0.766286239027977, 0.771697120923622, 0.7723271946112314, 0.7683001820947609, 0.7624540965931088, 0.7636831572242812, 0.7646986725283604, 0.7562260014169356, 0.7567375480544334, 0.7508364030543495, 0.746464234941146, 0.740890295774329, 0.7413035523073346, 0.7430802507727754, 0.7435159239114499, 0.7390532160506529, 0.7357013985222461, 0.7392787214587716, 0.7317589611983767, 0.7326624568770913, 0.7273945995405608, 0.7232693249688429, 0.726820647132163, 0.7381008875136282, 0.7272864924926384, 0.7159360390083462, 0.718000125651266, 0.719915075045006, 0.7223686593420365, 0.714952807508263, 0.7157957565550711, 0.712162515111998, 0.7087145915218428, 0.7089521610269359, 0.7107869567824345, 0.7022161974626429, 0.7000341403718088, 0.7096794247627258, 0.6982580215907565, 0.6964424106420255, 0.7212993502616882, 0.691940053713088, 0.6915017944924972, 0.6966980350952522, 0.6900046748273513, 0.6833447624070972, 0.6842839726630379, 0.6842034538002575, 0.6857005486301347, 0.6855405095745536, 0.6828203446724835, 0.6825666585389305, 0.6786404851020551, 0.68165170211418, 0.6840033794150633, 0.6751575230383405, 0.6737472967189901, 0.6767887186770346, 0.6684706663968516, 0.6703685066279244, 0.6690578641844731, 0.6695193887925616, 0.6662600598498887, 0.6700617822946286, 0.6691674782949335, 0.665666381518046, 0.6604361317905725, 0.6574427646164801, 0.6582148624401466, 0.6603064081248116, 0.6560338092785255, 0.6561435151333902, 0.6491132758411706, 0.6628596689186844, 0.652721986466763, 0.6485315105494331, 0.6554742128241295, 0.6491897322383582, 0.6476801151738447, 0.6434512971078649, 0.647224018386766, 0.6442979878070307, 0.6435026497233147, 0.6517640264595256, 0.6410886645317078, 0.6335790095960393, 0.6368152700802859, 0.6383043232501722, 0.6334168639253167, 0.6336746785570594, 0.6489286229890936, 0.6295807040205189, 0.6294083881611917, 0.6344453061328215, 0.6271571955260109, 0.6311646378507801, 0.6248934277716804, 0.6342958585888732, 0.6513203984382105, 0.6245902525443657, 0.6246627352985681, 0.6221940327508777, 0.6223617882705202, 0.6283006679778006, 0.6273526280534034, 0.6164546366415772, 0.6207245047770295, 0.6223281440781612, 0.6197282876454148, 0.6161717898121067, 0.6173307466156343, 0.617721130158387, 0.6099383163393712, 0.6108349934220314, 0.6421847997927198, 0.6168739047704959, 0.6116335257595661, 0.6344719172692767, 0.6089391392820022, 0.6042319387197495, 0.6127155522505442, 0.6054616383477753, 0.6124238143948948, 0.6070804438170265, 0.6064447298938153, 0.6033178366282407, 0.6022481000890919, 0.6082063974703059, 0.6024235384721383, 0.5999624644424401, 0.6003580075853011, 0.6007504521631727, 0.6007476080866421, 0.6001624900336359, 0.5964054874345368, 0.5955739294489225, 0.59965353298421, 0.5956426943634071, 0.5964040995812884, 0.5958182729926764, 0.5939265092213949, 0.5951975373660817, 0.5939265378549987, 0.5882324833495944, 0.5906072004753, 0.585841137696715, 0.588177872931256, 0.6189570602248696, 0.5900783138532265, 0.5887820492772495, 0.5833541029224208, 0.5862993647654852, 0.5920540930009356, 0.5834782477103028, 0.5805284716919357, 0.5774333450724097, 0.579827742249358, 0.5789998649966484, 0.5795152646069434, 0.5868328745458641, 0.5757811461009231, 0.5725615410243764, 0.5775313564375335, 0.5716918660145179, 0.5721840671464509, 0.5731919402000951, 0.5704682635910371, 0.5741722797061882, 0.5703401197405422, 0.5696047807441038, 0.5713856988677791, 0.5687517000764024, 0.5699041704921162, 0.5690376673843346, 0.5641666948795319, 0.5651325124735925, 0.5652366040968427, 0.5645642333170947, 0.5656447059967938, 0.5713882592378878, 0.5664967064763985, 0.5794131709080116, 0.5569419391891536, 0.5629056470066893, 0.5637445373862398, 0.5630566775798798, 0.566872134512546, 0.5538530530882817, 0.5576180999769884, 0.5585599376582632, 0.557503829984104, 0.5568242563920862, 0.5555611895579918, 0.5595605729841718, 0.5501900849973455, 0.548841672639052, 0.5603020308064479, 0.5505998710206911, 0.5500892818558449, 0.5512353853852141, 0.5499266178584566, 0.5534843036941454, 0.5479542060809977, 0.5524443867159825, 0.546534474866063, 0.547852967299667, 0.5480750606340521, 0.5437088649646908, 0.5587010366075179, 0.5423807831955891, 0.543814109528766, 0.5436618354390649, 0.5415074917323449, 0.5441445068401449, 0.564148100567799, 0.5600013218674005, 0.5398955701612959, 0.5434177167275372, 0.5453532133616653, 0.5418977246564978, 0.5379674160013012, 0.5377675578290341, 0.5383535679064545, 0.5410509051061144, 0.5398029208767647, 0.5395009184584898, 0.5495373857956306, 0.5353653241021961, 0.5413178392485076, 0.5402856001666948, 0.5334359788719345, 0.5311287318666776, 0.5280478763229707, 0.5337492379487729, 0.5310403786453546, 0.5331315906608806, 0.5303728841975623, 0.5299525766396055, 0.5328899364845425, 0.5277700710530374, 0.5279124998578838, 0.5281634365811068, 0.5242982661607218, 0.5265112747164333, 0.5275603909702862, 0.5248746427835203, 0.5254254063554838, 0.5253329554609224, 0.5217484793826646, 0.5197313392863554, 0.5249538258010266, 0.5221930377039254, 0.524400494262284, 0.5239601894920948, 0.5302531204971612, 0.5208393314889833, 0.5198394650337743, 0.5175736192979065, 0.5179682499637791, 0.5154574577714882, 0.5171902655970817, 0.5167866726132, 0.5318493089255165, 0.5150562603684032, 0.5127562047804103, 0.5146085719267527, 0.5156247002236983, 0.5154912229262146, 0.5172059258409575, 0.5173872545653698, 0.5115473553830502, 0.5114663652345246, 0.5088214123365926, 0.5115791500783434, 0.5059985950881359, 0.5082493319230921, 0.5106337795070574, 0.509086616629479, 0.509767395900745, 0.513032952652258, 0.5083603441130882, 0.5067243318931729, 0.5074192621544296, 0.5142318220699534, 0.5033862747105897, 0.5038707072243971, 0.49980808882152333, 0.5123009821947884, 0.5095919455383339, 0.5207010519270804, 0.5031909594933192, 0.5040710699908874, 0.5057446851449854, 0.5029137049819908, 0.5005835227522195, 0.502047617353645, 0.5052106745687186], "map": 0.7487287523636631}, "time": 756.0480425357819}