{"task": {"lambda": 1, "alpha": 1, "lr": 1e-06, "wd": 1e-06, "bits": 32}, "result": {"earlyStop": true, "loss": [1.8170943774429023, 1.5487857273980683, 1.4008402508847855, 1.3003495253768622, 1.2364699945730322, 1.1877424518267314, 1.1503753556924707, 1.1217797293382532, 1.1040534061544083, 1.0827874266633801, 1.0691869726368026, 1.057004805873422, 1.0425213762358123, 1.0244839162218804, 1.0172398078675364, 1.0300117941463696, 1.0053061959790248, 0.9883835736443015, 0.979563867928935, 0.9734960128279293, 0.9677313069502512, 0.9571340405473522, 0.9566610362015519, 0.9452565458475375, 0.9384449790505802, 0.9323762047524545, 0.9340163013514351, 0.9157317701508018, 0.9132926297538421, 0.9100010786570755, 0.9017729893618939, 0.8996477354975307, 0.8949871039858052, 0.8889422317345937, 0.8875987985554863, 0.8764778889861762, 0.8784593156739777, 0.8717753688494364, 0.8669280573433521, 0.8665585734096228, 0.8591284120784086, 0.8572444915771484, 0.8569677226683673, 0.8483543553773094, 0.8460382100413827, 0.8443004933058047, 0.8450476562275606, 0.8394999737833061, 0.8358453675812366, 0.8321743560772316, 0.8274787944905898, 0.8247291398983375, 0.8244970680451861, 0.8289803991130754, 0.8197912825088874, 0.8106099215208316, 0.8149075192563674, 0.8063853534997678, 0.8048813115147984, 0.8106672851478353, 0.8012897722861346, 0.7990090169158637, 0.8098420243637234, 0.7930183217805975, 0.7986613640598222, 0.7891720401890138, 0.7844754176981309, 0.7834535618038738, 0.7860364656822354, 0.779743574997958, 0.7767185159758025, 0.7795763401424184, 0.777993942008299, 0.7729659816798042, 0.7756780263255624, 0.7650288951163199, 0.7849746533468658, 0.7895739207080766, 0.7619582730181077, 0.7621760333285612, 0.7564936049428641, 0.7604488987548679, 0.755199016309252, 0.7556605976001889, 0.7533356512294096, 0.7498111169712216, 0.7499346546098298, 0.750745190709245, 0.7494100606908985, 0.7439156244782841, 0.7438952987100563, 0.7460544693703745, 0.738300739550123, 0.7379942396107841, 0.7326695211962158, 0.737263090470258, 0.7314200477272856, 0.7302523372220058, 0.7269254396943485, 0.7493240541102839, 0.730425507998934, 0.7185910805767658, 0.7231980340153563, 0.727753691813525, 0.7189104223952574, 0.7189012982097327, 0.716127921553219, 0.7207988821992687, 0.713629334288485, 0.7130645902133456, 0.7131104235555611, 0.711749789761562, 0.7105439802010854, 0.716203604258743, 0.7070312114322886, 0.7054067026166355, 0.7013104557991028, 0.704982269044016, 0.7113188809039546, 0.6979748565776676, 0.6949275556732627, 0.6967917058397742, 0.7033359408378601, 0.6970720314512066, 0.692212489305758, 0.6993325685753542, 0.6889730814625236, 0.6900235502158895, 0.6927120358336205, 0.6860799231365615, 0.6888660893720739, 0.6849193497031343, 0.6898687180935168, 0.6845657769955841, 0.6848254940089058, 0.675137639337895, 0.6859853174172196, 0.6772060014453589, 0.6782109550401276, 0.6734273500886618, 0.6728098144133886, 0.6706711457056158, 0.6712082519250757, 0.6775382926651076, 0.6697213652671552, 0.6723886856845781, 0.6718345266931197, 0.6659501551413068, 0.6660180571032506, 0.6696026827774796, 0.6622297407365313, 0.6641305600311241, 0.6635622236074186, 0.661822014579586, 0.6623149625226563, 0.6614816410868776, 0.6570707138846902, 0.6652892839674857, 0.6562486413647147, 0.6544237262478062, 0.6587735098951003, 0.6529428538154153, 0.6521297579302507, 0.6492974866254657, 0.6574968006096634, 0.6467951284904107, 0.6434329350789388, 0.6489418733353708, 0.6468303799629211, 0.6457367884177788, 0.6478127059983272, 0.6429815233922472, 0.6399398247400919, 0.6424898154595319, 0.6419999240075841, 0.6371432063626308, 0.6361830000783882, 0.6382960271017224, 0.6391254236885145, 0.6364541725785124, 0.6490121635736203, 0.630466410926744, 0.6403665916592467, 0.6319997304794835, 0.6290961442624822, 0.6314340648697871, 0.6324517002292708, 0.6262881378917133, 0.6283953972891265, 0.626948356628418, 0.6264644335297977, 0.6259616601700876, 0.6254646082719167, 0.6330050983849693, 0.6212877870774737, 0.6222869394456639, 0.6265652898479911, 0.6230278725133223, 0.6165746155322767, 0.6189297688942329, 0.6139314782385733, 0.6174534886491065, 0.619004468123118, 0.6132761339346567, 0.6158439315417233, 0.6188336493922215, 0.6225509374749427, 0.6141072184431786, 0.6234355522137062, 0.6143258143873775, 0.6070611213936525, 0.6107929173637839, 0.6071336956000796, 0.61450788787767, 0.6134971631508247, 0.6136983416828454, 0.6047238780587327, 0.604725155175901, 0.6068677905143476, 0.6050462734465506, 0.6032092802080453, 0.6042881473606708, 0.6003239151893878, 0.600745269188694, 0.6021566916914547, 0.6007464665408228, 0.5979411041035372, 0.597734713086895, 0.6016211553531534, 0.5964598810555888, 0.6012021864161772, 0.5953643316147375, 0.5938573064757329, 0.5930460028204263, 0.5913620649599561, 0.5938887376995647, 0.5926090388321409, 0.5966139914942723, 0.5923571200931773, 0.5933126754620496, 0.6015265993043488, 0.5883268071155922, 0.5911687022330714, 0.5877037311301512, 0.5923393655057047, 0.5856109512787239, 0.5882245693721023, 0.5865945027155035, 0.5831657864299475, 0.5824368254226797, 0.581110863124623, 0.5850082355387071, 0.5903657587135539, 0.5820223247888041, 0.5811707657926223, 0.6023097359666637, 0.5784912039251888, 0.5726627340795947, 0.5764791568120321, 0.5776351304615245, 0.574067662013512, 0.5790088340347889, 0.5785715281963348, 0.5784090073669658, 0.5756584616268382, 0.5752381699926713, 0.5739486854450375, 0.5750255900270799], "map": 0.7485403906761645}, "time": 570.2598338127136}