{"task": {"lambda": 2, "alpha": 1, "lr": 1e-06, "wd": 1e-06, "bits": 12}, "result": {"earlyStop": true, "loss": [2.143205105089674, 1.8890603079515345, 1.7109607434740253, 1.5783821800175835, 1.4874512635025323, 1.4207058700860715, 1.3659542004267375, 1.3244792339848537, 1.276942227693165, 1.2483520052012276, 1.2205660810657577, 1.187556135303834, 1.1626870573735704, 1.1469401144513898, 1.1231676871870078, 1.1008233816600312, 1.0976174204957252, 1.0797848339174307, 1.0731540848227108, 1.0591551135568058, 1.0424713165152306, 1.052575286696939, 1.036716693756627, 1.0430949844566046, 1.0079223630475063, 0.9997309747279859, 0.9972850066774032, 0.9836502808566187, 0.986937452765072, 0.983583443889431, 0.9927434430402868, 0.9634605872572637, 0.9703662243543887, 0.9569438158297071, 0.9538116139524123, 0.9509558934791416, 0.9457475391088748, 0.9453324161323846, 0.9347288994228139, 0.9350604309755213, 0.9494622793852114, 0.9161388856523177, 0.91413114176077, 0.937576041502111, 0.9172989562445996, 0.9095647171431896, 0.9052514877973818, 0.9041291288301057, 0.8990542549712985, 0.8925468974253711, 0.8927202487693113, 0.8830178350794549, 0.8798016435375401, 0.873420456460878, 0.8705232716074177, 0.8698016890123779, 0.8688183479449328, 0.8635363047029457, 0.8598187267780304, 0.8537531319786521, 0.8491589570162343, 0.846642327074911, 0.8612111853618248, 0.8453488496004367, 0.8424057089814952, 0.8379794300771227, 0.8637120618539698, 0.8352961066891166, 0.8438683958614573, 0.8238669443948596, 0.8224784448450687, 0.8257730042233187, 0.8189805836654177, 0.819604331371831, 0.826249056002673, 0.8329776396938399, 0.8098152729810453, 0.8105842307502148, 0.8078871655697916, 0.8077574863153345, 0.823341055243623, 0.8016390762492722, 0.8102550214412165, 0.7981236267323587, 0.7953329933624641, 0.8187170531235489, 0.7929372460234398, 0.799730168838127, 0.7893519027560365, 0.7995179716278525, 0.7846207969328937, 0.7861065031851039, 0.7850792308648428, 0.7806337674458822, 0.794099487510382, 0.7894264144055984, 0.7756480448970607, 0.7682507832845052, 0.7893320170103335, 0.7703416822295562, 0.7825284319765428, 0.7692352168115915, 0.7718216572322097, 0.7646869496971953, 0.7687040637521183, 0.7705846417183969, 0.7653873323225507, 0.7592693009212905, 0.7873041676540001, 0.7585478442556718, 0.7567130169447731, 0.760054209653069, 0.7483439720874908, 0.7514610281761955, 0.7532893249801561, 0.7502072067821727, 0.7531228123926649, 0.7516650160153707, 0.7428860164740506, 0.7726630895745521, 0.7513641948793449, 0.7419760066504572, 0.7453128508493012, 0.7365559009360332, 0.7359350542811787, 0.7389395944043702, 0.7324162983134681, 0.7352080017912621, 0.7367720627317241, 0.73716274488206, 0.7415566198966083, 0.7312238888413298, 0.7348846369514278, 0.7449399069243786, 0.7420714158637851, 0.744295759528291, 0.7230706600581899, 0.7235389173615212, 0.7313392805118187, 0.7174347811469844, 0.7226968533268162, 0.7225713764919954, 0.7179320437066695, 0.733214259147644, 0.7383459771380705, 0.7105717691136342, 0.7160172690363491, 0.7368951182739407, 0.714388373727892, 0.7117715363993364, 0.7315064072608948, 0.7089309750818739, 0.7193250644440744, 0.7038400731250352, 0.708664142910172, 0.720416343679615, 0.7301284402024513, 0.7132687393356772, 0.7013905398985919, 0.6981294461909462, 0.7021714273621055, 0.7229570173749736, 0.7027616950811124, 0.7078891513394374, 0.7070015809115242, 0.6958268720145319, 0.6955442115956662, 0.7221341273363899, 0.7169985046573714, 0.6884710040746951, 0.6908303852759156, 0.7187737799158284, 0.6849708035588264, 0.708344979613435, 0.703500324604558, 0.6836578523119291, 0.6876577729103612, 0.7061129761677162, 0.6856793749566171, 0.6884887320738212, 0.6808510152440445, 0.7004150514509163, 0.6836248501843097, 0.6815135064078313, 0.682998903241812, 0.6841229998013553, 0.6825641896210465, 0.6731487775550169, 0.6770957346056022, 0.6863021102606082, 0.6940596045232287, 0.6738433716636077, 0.6702842085677034, 0.6786682634961372, 0.6738667810956637, 0.6734922221478294, 0.6935391426086426, 0.670437849911989, 0.680473740194358, 0.6854145450919282, 0.6676928926916683, 0.6675880297141916, 0.693735821574342, 0.6678851024777281, 0.6690735933827419, 0.6632713374553942, 0.6678212997960109, 0.6642451753803328, 0.6926518012495602, 0.6611139487986472, 0.6650148174341988, 0.6598519922471514, 0.6568455807134217, 0.6545089643959906, 0.6813887007096234, 0.6691306128221399, 0.6589689079452964, 0.6631025099286846, 0.6648158910227757, 0.6504727102377835, 0.6523185419101342, 0.653070863847639, 0.6493669646043404, 0.6504063188445335, 0.650546738914415, 0.6542308838928447, 0.6546283288329255, 0.6475021640459696, 0.6490464932193943, 0.6461529731750488, 0.6581011794361413, 0.6455789719726525, 0.6450530267229267, 0.6448423430031421, 0.6477077176757887, 0.6622019153015286, 0.6410320845304751, 0.6425405802095637, 0.6451311438691383, 0.6608362355652977, 0.6384387200369555, 0.6360091933724927, 0.6408546952640309, 0.6588396827379862, 0.6407104666326561, 0.635264158541081, 0.637735618095772, 0.6402878378536186, 0.6340930257357803, 0.6385616151725545, 0.6345320586480346, 0.6353422902962741, 0.634373824970395, 0.6378676891326904, 0.6303568800874785, 0.6354415510215011, 0.628726483560076, 0.628535388731489, 0.6426542003949484, 0.6276978041027107, 0.6366966939439961, 0.6258311201544369, 0.6248142498673177, 0.6253422878536523, 0.6275167652204925, 0.6261531532395119, 0.6232719972145324, 0.6231710551416173, 0.624455436187632, 0.6304598018234852, 0.6273987036125332, 0.6271297879078809, 0.6233205766070122, 0.6199209126187306, 0.6189571513849146, 0.6197443147208176, 0.6328474201408087, 0.6219161217119179, 0.6164346370919078, 0.6190950882201102, 0.6192877748433281, 0.6185226119032093, 0.623440716196509, 0.6256565311375786, 0.6087936618748833, 0.6141701527670318, 0.614448618070752, 0.6173093470872617, 0.6140743143418256, 0.6121713606750264, 0.605078193925175, 0.6155619101197112, 0.6110845035782048, 0.6108423849823428, 0.6074288884798685, 0.6110729037546644, 0.6018899443979356, 0.6194005070948133, 0.6205459079321693, 0.6061309470849878, 0.6077969681982901, 0.6033566290257024, 0.6054606285749697, 0.6064194665819991, 0.6071565764791825, 0.6011589549335778, 0.6076880559033039, 0.6115340900187399, 0.6000205865677666, 0.6202116982609618, 0.6034805456212923, 0.6008941458136428, 0.6035049081433053, 0.5991008880676008, 0.6015686696650935, 0.5992424862057555, 0.5973025276964786, 0.6018178562323252, 0.6080881310444252, 0.596514601041289, 0.5977376267021778, 0.5955354105315956, 0.5925015611391441, 0.5961166567662183, 0.5925358858178643, 0.5945187024041718, 0.590612418219155, 0.5993354694516051, 0.5950223014635199, 0.5910466982453477, 0.5999534527460734, 0.5888567210412493, 0.590931215414814, 0.6008480728841296, 0.5911263805978438, 0.5979461763419357, 0.5910346151566973, 0.5921553396711162, 0.5893521679967058, 0.5867930583509744, 0.5995260576407114, 0.5844424794994149, 0.5836865314665962, 0.5854658434788386, 0.5826098620891571, 0.5832151729686588, 0.5846075234459895, 0.6104364289956934, 0.5865330912318885, 0.5812861723642723, 0.5814835189604292, 0.5857289766564089, 0.5780363911214996, 0.582485433010494, 0.5772420546295596, 0.5828086605259016, 0.5796189728905173, 0.581660749281154, 0.577188555224269, 0.583760513978846, 0.5796478785136167, 0.5765687545724943, 0.5769285933644164, 0.576923618421835, 0.575169594264498, 0.5763508776823679, 0.5810538612160028, 0.5802484779965644, 0.575661406213162, 0.5767999826108708, 0.5725494415736666, 0.5695639670479531, 0.575404722608772, 0.5724430376408147, 0.5789966881275177, 0.5718127727216366, 0.5716729950086743, 0.5700210908464357, 0.5708386021501878, 0.5679523959463718, 0.5684190573645573, 0.5639865183654953, 0.5697787532619402, 0.5675889601310095, 0.5674733998728734, 0.5881911486971612, 0.5769417379416671, 0.5652960481889108, 0.5751824390654471, 0.5666014423557356, 0.5723978316082674, 0.5875434717711281], "map": 0.7104962332633507}, "time": 831.2378380298615}