{"task": {"lambda": 2, "alpha": 1, "lr": 0.0001, "wd": 1e-05, "bits": 32}, "result": {"earlyStop": true, "loss": [2.24388425841051, 1.1404801829188478, 1.0328323747597488, 0.9539965364862891, 0.9114925756173975, 0.8734636306762695, 0.8164364339089861, 0.787848562002182, 0.7537143277186974, 0.7430691777491102, 0.7856511590527553, 0.6691961043021258, 0.6618571322338254, 0.6763736909511042, 0.6620502435401374, 0.5803893056570315, 0.5805051005354115, 0.6266173834309858, 0.5459863444169363, 0.5260240838808172, 0.5283424591316896, 0.6168460518706078, 0.48257412863712684, 0.47331421427866993, 0.47412584663606155, 0.45363454374612544, 0.49370597098387925, 0.44681985705506566, 0.4375319568549885, 0.42658717433611554, 0.41674681796747093, 0.4052579971212967, 0.4140678644180298, 0.4592782551167058, 0.3847323530444912, 0.3846981183570974, 0.3776051028102052, 0.39459922559121074, 0.36295149957432465, 0.35506510939083846, 0.36165865233131483, 0.3523525358999477, 0.3682585419977413, 0.3298622610814431, 0.32786917715680364, 0.35040877730238673, 0.4120907510320346, 0.32157763809550044, 0.30907010214001523, 0.38016011142263223, 0.39620519896932677, 0.308959246266122, 0.2967214622333938, 0.30956778251657296, 0.30567731635243284, 0.3710641934006822, 0.38461703295801203, 0.2905664271583744, 0.2808673737534121, 0.2770453340866986, 0.2785339314563602, 0.2867267330487569, 0.2837216258049011, 0.2796613769788368, 0.3013480028101042, 0.2771320465733023, 0.26956041887694715, 0.25982486295933815, 0.2761300659062816, 0.27968276540438336, 0.2507812807372972, 0.2529682026189916, 0.26902103044238745, 0.24666917061104493, 0.28585849848448064, 0.36754073655488445, 0.23699508855740228, 0.23289252116399653, 0.2322406947028403, 0.2301264887346941, 0.23692974886473486, 0.28335123319251865, 0.22260908767873167, 0.2260961287161883, 0.24436329363607892, 0.22547988096872965, 0.23465751871174456, 0.2375825665452901, 0.23103096394562253, 0.2165344652591967, 0.23155008723922804, 0.22134433219245836, 0.2474907655634132, 0.2106285995128108, 0.2167928540239147, 0.2294646990211571, 0.2059868657413651, 0.2077649928191129, 0.21316724986422295, 0.2069103174349841, 0.21909652884099998, 0.20796447291093714, 0.1989949326597008, 0.20765423175750994, 0.20476714857653075, 0.2274884442780532, 0.19210637550727994, 0.24149459921846203, 0.24724542042788336, 0.19609864757341497, 0.19312093596832425, 0.1906620845490811, 0.19339847009555966, 0.19360902679024958, 0.18503113879876978, 0.20732334402261995, 0.185171720736167, 0.23219909270604452, 0.17599419197615454, 0.18197024832753575, 0.2201419604175231, 0.1779686541241758, 0.17856324814698277, 0.1764530966094896, 0.20088185632930083, 0.17550820199882283, 0.18347778536525428, 0.19602487250870348, 0.17809455330465354, 0.1740625781171462, 0.18645787443600448, 0.186087096730868, 0.20596000698267244, 0.17872769137223563, 0.16465083480465645, 0.17066551058315763, 0.1709770490141476, 0.19737949386677323, 0.16598347589081408, 0.16382031076971224, 0.17870623855760284, 0.1626296557632147, 0.17315225098647324, 0.17185025676792742, 0.16716430880421518, 0.1643632854170659, 0.21150806400121427, 0.16610395557740154, 0.15429029891303941, 0.1573974298788052, 0.162769396953723, 0.1645314994395948, 0.1620223065290381, 0.16634583195634917, 0.1685083629746063, 0.15907504245200577, 0.16330590975635192, 0.16632775787044973, 0.15208579271155245, 0.15485664924570158, 0.17568637123879263, 0.15461720606567814, 0.15519835493143866, 0.16434120912762248, 0.15022285808535182, 0.1622820749294524, 0.14616953815315284, 0.15528738308770984, 0.1600610827844517, 0.16944982155280955, 0.14688016477899224, 0.15613641005520726, 0.15561767032041268, 0.15017209567275702, 0.14975004745464698, 0.15247492667506723, 0.14905148320922665], "map": 0.7565463355310957}, "time": 372.6874420642853}