{"task": {"lambda": 1, "alpha": 5, "lr": 0.0001, "wd": 1e-05, "bits": 48}, "result": {"earlyStop": true, "loss": [3.292995972376244, 1.9394784482086407, 1.7827597587716346, 1.6602123817976784, 1.5897839507635902, 1.4964468441173142, 1.4467398378194547, 1.3722142734948326, 1.2976373667810477, 1.256809224685033, 1.1997334250048095, 1.1387016670961005, 1.096657011146639, 1.046486401090435, 0.9965485790196587, 0.9578881193609798, 0.9239214915855258, 0.8763644797544853, 0.855045262797206, 0.8241474879722969, 0.7852661828784382, 0.7665694309215919, 0.766010562578837, 0.8971727972521502, 0.7170283531441408, 0.6775389410117093, 0.6760972465078036, 0.6474565425339867, 0.6483082520026787, 0.6125680985403996, 0.6034987361407748, 0.6620670630067003, 0.5683084267611597, 0.5652871254612418, 0.5739431620812884, 0.5530960860789991, 0.5388364920429155, 0.5324661988838046, 0.778812947810865, 0.4990795982234618, 0.48632701004252715, 0.4804902836388233, 0.47164322654990587, 0.4816829553421806, 0.4762870517431521, 0.46803339088664336, 0.46251368741778764, 0.5182317951146294, 0.44009409026772367, 0.4431625297840904, 0.43243177994793536, 0.41944271063103394, 0.4383842439628115, 0.4111027799400629, 0.4405558229077096, 0.40408699886471616, 0.3988180639697056, 0.39831316675625594, 0.39405521195308835, 0.46336673696835834, 0.3962375466145721, 0.35920871794223785, 0.36169326743658853, 0.3914346347252528, 0.37431711601276024, 0.4063599322940789, 0.34983167841153984, 0.34535614678672716, 0.44619591504919764, 0.3421132243147083, 0.3267003218917286, 0.32589590125808526, 0.33690829808805506, 0.3593148968967737, 0.3562820445673138, 0.32109630443886217, 0.3203547284299252, 0.42432141070272406, 0.3018656066235374, 0.29738272726535797, 0.3071877862892899, 0.30832189526043685, 0.3073404137702549, 0.31686312529970617, 0.42656812568505603, 0.31365641834689123, 0.2827984052253704, 0.29431472689497706, 0.28605612703398164, 0.2915015115457423, 0.3189057181863224, 0.2746569064317965, 0.28046977812168644, 0.33700504738326165, 0.2762097240078683, 0.2719864541409062, 0.2788324183693119, 0.3243040500902662, 0.285102125768568, 0.2653949681450339, 0.264196629179459, 0.424265752528228, 0.2776296346210966, 0.2531057859168333, 0.24627866800509246, 0.267075331772075, 0.2599566914871627, 0.29632069038994174, 0.2565406806328717, 0.2501132017841526, 0.28876830710499896, 0.2479425166167465, 0.25427058324509977, 0.24918773185973073, 0.2581948811809222], "map": 0.8082586056206545}, "time": 244.5546703338623}