{"task": {"alpha": 5, "lr": 1e-05, "wd": 0.0001, "bits": 24}, "result": {"time stopage": true, "loss": [1227.2115844726563, 1205.1855645751953, 1163.095684814453, 1145.458950805664, 1125.8563677978516, 1102.7070959472655, 1073.709735107422, 1045.676799926758, 1043.3732604980469, 1012.9444128417969, 989.9194989013672, 995.2180712890626, 985.627036743164, 949.0507086181641, 955.4565814208985, 947.3608099365234, 933.2130200195312, 924.954476928711, 921.9671838378906, 906.4062091064453, 891.3180407714843, 878.6583148193359, 882.8516711425781, 877.924677734375, 859.8822241210937, 833.8795126342774, 845.0867468261719, 834.6290454101562, 838.0156921386719, 833.4652868652344, 826.8682977294922, 825.5253930664062, 795.8419506835937, 796.357919921875, 798.4487884521484, 801.0884643554688, 790.5459204101562, 783.9613568115234, 781.4098040771485, 777.8207739257813, 771.2560629272461, 777.1837133789063, 759.3202471923828, 754.1750610351562, 741.8469030761719, 753.0929797363282, 745.0443322753906, 748.785661315918, 737.8536074829102, 732.7201611328124, 724.0650866699219, 728.1126235961914, 712.9817004394531, 717.6061660766602, 716.1859097290039, 707.4918026733399, 704.345454711914, 688.6020043945313, 697.9385211181641, 686.821442565918, 694.5324182128907, 683.066240234375, 685.1626412963867, 696.5784030151367, 690.6836605834961, 689.7507202148438, 662.8497323608399, 670.2950607299805, 660.2440353393555, 647.0645129394532, 668.3648919677735, 659.372385559082, 647.0282034301758, 664.285280456543, 651.8486724853516, 650.8108825683594, 643.9586431884766, 641.2741864013672, 640.2725119018555, 633.1997937011719, 648.1398022460937, 623.0772387695313, 624.6970422363281, 641.5689221191407, 632.6372509765625, 641.4673181152343, 616.1787789916992, 616.2538845825195, 622.1761962890625, 623.9386904907227, 620.77099609375, 621.5279153442383, 611.1747448730468, 610.0627017211914, 603.4882717895508, 615.4490182495117, 609.613013305664, 608.5834875488281, 611.5527700805665, 601.0062319946289, 616.4111541748047, 592.8224633789063, 595.7740505981445, 597.1118435668945, 591.8899282836915, 580.603030090332, 574.8612982177734, 592.8201467895508, 578.352041015625, 577.6477362060547, 582.4612231445312, 581.0537289428711, 567.8092962646484, 574.9361932373047, 567.306432800293, 574.0082907104493, 571.8173257446289, 568.6841003417969, 566.4615097045898, 562.5009240722657, 568.1692623901367, 572.7118069458007, 559.8403308105469, 560.6226870727539, 557.7090321350098, 557.7776632690429, 562.9804937744141, 562.1604879760743, 554.4799263000489, 548.3583865356445, 549.3665065002441, 560.5715069580078, 556.4189797973632, 551.9114138793946, 548.0980120849609, 550.968550567627, 542.7500881958008, 546.4535760498047, 548.2316006469727, 542.0028338623047, 539.841318359375, 539.326631011963, 542.4322186279297, 537.103045501709, 538.749873046875, 534.2374749755859, 526.4047305297852, 524.131803894043, 530.0588832092285, 530.4690971374512, 534.6597821044921, 525.899447631836, 519.7996559143066, 521.4295712280274, 527.25447265625, 522.5214221191407, 530.046106262207, 524.6162409973144, 527.4390014648437, 526.2120135498047, 510.90343170166017, 512.2712400817871, 514.55763671875, 504.329404296875, 516.8581474304199, 516.2424411010742, 495.03192443847655, 509.34944732666014, 501.00871215820314, 511.7659811401367, 504.84944381713865, 511.755869140625, 494.2242658996582, 504.0966473388672, 508.46486892700193, 494.1848449707031, 504.02801162719726, 504.11071624755857, 498.11500534057615, 490.8376976013184, 486.045290222168, 498.6533349609375, 491.2666111755371, 489.1857127380371, 494.7075323486328, 487.13622497558595], "map": 0.7173265469826368}, "time": 1802.6215982437134}