{"task": {"alpha": 1, "lr": 1e-06, "wd": 1e-05, "bits": 24}, "result": {"earlyStop": true, "loss": [232.29575103759765, 231.8985743713379, 226.9267190551758, 224.94841049194335, 227.67803833007812, 221.55548309326173, 217.19685455322266, 214.19116943359376, 211.28978729248047, 213.98890197753906, 209.5910075378418, 210.4302227783203, 207.83401611328125, 208.7440507507324, 202.42442687988282, 204.4768832397461, 199.94120239257813, 202.53744537353515, 196.9590689086914, 193.70816177368164, 197.20605834960938, 195.80506134033203, 193.98730346679687, 191.7313668823242, 191.62432189941407, 189.25197723388672, 191.5477911376953, 187.34810653686523, 186.10963012695314, 186.20693710327149, 187.83559509277345, 186.42795959472656, 185.64426651000977, 182.17467102050782, 181.12481506347658, 183.30142166137696, 184.1395930480957, 183.64032485961914, 180.0116455078125, 178.19451232910157, 178.99076126098632, 178.3948359680176, 178.13287124633788, 176.55127227783203, 178.34113479614257, 175.2280130004883, 173.46681297302246, 171.7497373199463, 176.25957550048827, 173.62951583862304, 173.80227928161622, 173.60494773864747, 170.96307098388672, 172.33795318603515, 169.77432121276854, 172.80850151062012, 172.22877395629882, 170.21676963806152, 168.68482109069825, 166.1546614074707, 170.4560654449463, 169.17043693542482, 165.41982566833497, 167.3312971496582, 163.2143003845215, 164.72041122436522, 165.43864105224608, 164.91768661499023, 163.0488917541504, 163.75815002441405, 163.3583832550049, 160.89652381896974, 162.51039901733398, 162.89620391845702, 160.918330078125, 159.48693908691405, 161.18541038513183, 162.01779777526855, 160.60955642700196, 159.8941040802002, 158.8030453491211, 160.84692985534667, 161.52956062316895, 161.1177766418457, 157.61717926025392, 156.98717720031738, 157.4612567138672, 158.15931007385254, 159.57001945495605, 157.746522064209, 158.20825523376465, 157.41563751220704, 154.9104502105713, 157.9961402130127, 155.0320546722412, 154.51328308105468, 154.53184204101564, 151.73207862854005, 155.7212070465088, 153.2113927459717, 153.25383056640624, 152.2279660797119, 152.8749452972412, 155.7631064605713, 153.36763870239258, 151.5964218902588, 152.85495193481447, 152.8598555755615, 150.3999697113037, 153.36083404541014, 153.54433609008788, 150.62971084594727, 154.28739944458007, 149.12077491760255, 150.33054565429688, 151.19770378112793, 148.24721466064454, 150.27307670593262, 149.9577707672119, 150.28471641540528, 150.8915232849121, 148.65481941223143, 150.73437599182128, 148.43283058166503, 148.1051368713379, 149.73032363891602, 146.43017333984375, 144.8572428894043, 146.19041435241698, 149.63645278930665, 144.80920906066893, 146.66621505737305, 146.22050621032716, 146.12850379943848, 147.80164894104004, 142.83735122680665, 145.238989944458, 144.9251887512207, 147.041382522583, 143.00641151428223, 143.80356353759765, 144.26515579223633, 140.15266181945802, 143.02401535034178, 142.3662136077881, 143.03216415405274, 143.32471664428712, 142.14070755004883, 142.21995559692382, 145.71686584472656, 140.1943808746338, 141.4431301879883, 143.5698383331299], "map": 0.5153567169565434}, "time": 1530.6193602085114}