{"task": {"alpha": 1, "lr": 0.0001, "wd": 1e-05, "bits": 12}, "result": {"earlyStop": true, "loss": [126.83412391662597, 110.08392440795899, 101.58874336242675, 98.89472068786621, 95.87587310791015, 90.07411727905273, 86.47799884796143, 84.28698394775391, 82.95489692687988, 81.17233673095703, 78.5583920097351, 78.68814353942871, 79.28600704193116, 75.74183906555176, 74.37178394317627, 74.94655925750732, 71.79587577819824, 72.78002208709717, 70.45720705032349, 69.09514114379883, 68.04321096420288, 66.81658866882324, 66.03733715057373, 65.66108791351319, 64.88670761108398, 62.89457111358642, 62.213796291351315, 62.66007457733154, 59.844156131744384, 58.54335063934326, 57.77665321350098, 54.28246307373047, 54.8052841758728, 53.29811664581299, 51.53183944702148, 50.04747325897217, 48.57791416168213, 46.32438221931457, 44.91930034637451, 44.44198728561401, 42.92271381378174, 40.419635152816774, 38.81346892356873, 39.46768929481507, 37.32729280471802, 34.93553764343262, 33.498761200904845, 33.03953074932098, 28.800372161865234, 30.82621428489685, 29.216939449310303, 27.04379019975662, 26.678277423381804, 24.301800327301024, 23.676998567581176, 21.826700737476347, 22.11770215511322, 19.53815207004547, 19.93170315504074, 16.889388666152954, 15.849557414054871, 16.006404972076417, 15.936441054344177, 15.346569151878358, 14.356621963977814, 14.000367107391357, 12.048451957702637, 12.52851744890213, 11.699065082073211, 10.868682289123536, 10.382860856056213, 10.017361974716186, 8.93388028383255, 9.514347639083862, 8.631680026054383, 7.869651000499726, 6.592353179454803, 7.0246070909500125, 7.330866909027099, 7.0578642439842225, 6.287396538257599, 6.277924635410309, 5.156323635578156, 6.006904110908509, 6.1888602304458615, 5.458365604877472, 5.121094617843628, 4.361933732032776, 5.249812197685242, 4.6574640107154845, 4.032481741905213, 4.504023087024689, 3.4605854511260987, 4.823896820545197, 3.231237885951996, 5.43838924407959, 2.935030210018158, 3.2217210268974306, 5.287485370635986, 1.8828453946113586, 3.8924731278419493, 3.674765901565552, 2.747440083026886, 3.238020145893097, 3.4425860953330996, 2.1432529425621034, 4.350188558101654, 2.1577811431884766, 2.5517322778701783, 2.921411271095276], "map": 0.6607163367039175}, "time": 885.7613377571106}