{"task": {"alpha": 5, "lr": 1e-05, "wd": 1e-05, "bits": 32}, "result": {"time stopage": true, "loss": [1236.7800842285155, 1197.0657543945313, 1168.9806671142578, 1137.0672680664063, 1116.1183917236328, 1099.9673248291015, 1067.597319946289, 1037.8207904052733, 1028.855750732422, 1020.0367572021485, 1016.3553533935547, 981.2288446044922, 973.3488995361328, 969.3529638671876, 952.4609149169922, 941.3770251464844, 923.993648071289, 930.3405505371094, 905.4454913330078, 893.2510467529297, 886.4603485107422, 885.1854949951172, 869.9459765625, 858.7432513427734, 870.3818481445312, 843.8372326660157, 850.3293524169922, 837.3453118896484, 816.2452490234375, 815.3218438720703, 811.8478704833984, 796.3740692138672, 801.7142498779297, 789.2839498901367, 793.7347546386719, 794.3743994140625, 788.0875234985351, 784.5691101074219, 774.4944750976563, 755.3182171630859, 752.4762835693359, 749.8543795776367, 753.6499096679687, 748.0092156982422, 746.7128942871094, 743.3421182250977, 733.6163815307617, 732.3490621948242, 728.6276043701172, 716.421417541504, 715.5792883300782, 712.7208642578125, 711.9669943237304, 708.5430236816406, 704.2767596435547, 697.6863772583008, 698.8865670776368, 689.9090744018555, 685.1425735473633, 683.8264945983886, 679.0868469238281, 672.8929586791992, 670.5320941162109, 672.8176834106446, 662.9017840576172, 660.4170263671875, 677.0276037597656, 665.1662759399414, 663.7198052978515, 648.3484426879883, 650.3569711303711, 647.6405862426758, 663.4128424072265, 633.5867248535156, 646.5545788574219, 636.0874227905274, 626.3730184936524, 637.2446838378906, 630.9044497680665, 642.7925518798828, 622.7196279907226, 638.3001058959961, 625.4314505004883, 613.867119140625, 629.3898074340821, 617.4438317871094, 608.3753686523437, 612.9546197509766, 608.5005499267578, 609.363920288086, 605.2579275512695, 609.6838415527344, 607.7774447631836, 607.760361328125, 596.4133926391602, 606.9343496704101, 584.148197631836, 581.5093685913085, 581.5088162231445, 587.699973449707, 583.8570526123046, 587.9086401367188, 575.0888339233398, 572.3961624145508, 571.6279962158203, 574.5742770385742, 579.7778527832031, 569.6476351928711, 571.6030392456055, 568.84041015625, 565.3450061035156, 578.1519168090821, 565.0113067626953, 559.5845983886719, 561.1329644775391, 550.7878982543946, 570.7472619628907, 561.2866665649414, 552.2581915283204, 547.687942199707, 552.59021484375, 554.029906616211, 559.9191818237305, 541.264906616211, 548.1994940185547, 551.5424438476563, 546.2850076293945, 542.5246765136719, 546.1756384277344, 542.3537753295899, 536.1832104492188, 543.0998712158203, 532.4268632507324, 543.2224774169922, 526.3712652587891, 530.1477517700196, 532.4249880981446, 537.419476928711, 529.3364813232422, 532.3152015686035, 515.4458636474609, 530.3301974487305, 531.1250366210937, 510.43386993408205, 531.7120730590821, 518.8902020263672, 516.6517282104492, 521.2588815307618, 517.7216891479492, 516.8888516235352, 514.7484944152832, 514.8692016601562, 512.1882510375976, 507.51878173828123, 516.6774775695801, 509.57680313110353, 505.80932510375976, 509.80703887939455, 502.6770782470703, 505.53157196044924, 502.911630859375, 508.89489593505857, 499.08756698608397, 490.8512222290039, 500.12565063476563, 496.99778442382814, 484.3401226806641, 489.2125392150879, 493.10840042114256, 500.11280242919923, 486.8908673095703, 483.37308990478516, 485.0712564086914, 490.41566680908204, 480.05835815429685, 498.3621856689453, 487.62711730957034, 483.1804516601562, 481.1763446044922, 491.4490155029297, 480.0071453857422, 485.1697230529785, 478.0415956115723, 479.3994743347168, 483.81410247802734, 474.8403596496582, 476.0833071899414, 474.3263336181641, 468.2747793579102], "map": 0.7122823471707997}, "time": 1808.7574903964996}