{"task": {"alpha": 3, "lr": 0.0001, "wd": 1e-05, "bits": 24}, "result": {"earlyStop": true, "loss": [511.0442483520508, 423.9841375732422, 400.4323550415039, 376.5921061706543, 361.69853469848636, 345.4382165527344, 337.6885711669922, 323.4963606262207, 312.12945907592774, 311.68970275878905, 303.3679190063477, 294.5114318847656, 280.416150970459, 282.3657323455811, 274.323797454834, 272.90316635131836, 263.2092135620117, 260.14719871521, 259.3172484588623, 248.6795637512207, 246.74889663696288, 249.19430892944337, 242.67058822631836, 240.6872538757324, 237.7262064361572, 235.30361358642577, 228.51304664611817, 228.03743980407714, 231.1195866394043, 230.49240425109863, 219.71860336303712, 212.67774696350097, 214.34360916137695, 214.44294784545897, 206.2081983947754, 205.40670501708985, 203.60223686218262, 194.8371420288086, 193.05789184570312, 189.9858957672119, 188.8274129486084, 185.0834115600586, 180.39509925842285, 184.25901649475097, 173.63680168151856, 172.54265636444092, 164.1230404663086, 160.2619255065918, 154.11713930130006, 154.72897563934328, 150.74232429504394, 141.55014636993408, 141.95400798797607, 135.26650917053223, 136.26028461456298, 126.55954586029053, 121.53110900878906, 114.07837837219239, 109.77659643173217, 113.1528105545044, 111.08458957672119, 99.51272605895996, 108.11187431335449, 96.20681774139405, 91.48093673706055, 89.97940940856934, 83.18011257171631, 86.13291088104248, 78.46444736480713, 70.94788417816162, 75.62824152946472, 63.737931423187256, 61.12302822113037, 61.23285265445709, 57.19121062278747, 52.36708574295044, 53.334176244735715, 50.542667627334595, 50.545877618789675, 42.20394114017486, 39.29387396812439, 46.63141339302063, 37.01345888137817, 37.35856748104096, 35.02555060863495, 32.705453386306765, 30.40002594947815, 32.66222809314728, 26.789088792800904, 25.553591361045836, 25.171410942077635, 20.808722643852235, 21.709001212120057, 22.764619760513305, 22.66683045387268, 20.865286827087402, 17.29279791355133, 14.879411363601685, 22.097197999954222, 14.763317885398864, 16.725397834777834, 11.464295406341552, 17.0587526512146, 14.002935042381287, 15.263443818092346, 10.84988965034485, 11.874883728027344, 15.52258903503418, 10.93242772102356, 8.99388620853424, 14.138122248649598, 7.8931948804855345, 11.029587607383728, 8.0647958278656, 12.941943182945252, 8.667633061408997, 9.916828846931457, 6.159018054008484, 8.405301766395569, 9.220467319488526, 4.646939806938171, 9.119661889076234, 6.648717703819275, 9.867792682647705, 6.517093935012817, 10.20865221977234, 3.9880856895446777, 5.053655834197998, 9.606367173194885, 6.961310563087463, 4.541447081565857, 7.463697981834412, 4.061839122772216, 3.876435718536377, 2.0657464981079103, 14.314768323898315, 3.439524893760681, 3.0514870738983153, 6.596961479187012, 4.743629312515258, 2.7781808090209963, 5.176726303100586, 5.564928846359253, 2.2180324363708497, 5.579616193771362], "map": 0.7703076722344803}, "time": 1190.855250120163}