{"task": {"alpha": 3, "lr": 1e-06, "wd": 1e-05, "bits": 12}, "result": {"time stopage": true, "loss": [746.9178155517578, 741.888505859375, 753.5378295898438, 737.0554187011719, 736.3563232421875, 740.6193029785156, 737.3079797363281, 740.4727764892579, 731.2812237548828, 722.0515380859375, 722.9969793701172, 722.3153179931641, 721.6703253173828, 720.0490795898437, 715.2842193603516, 710.3659002685547, 717.4747521972656, 713.6037145996094, 718.3456433105468, 709.0169610595703, 716.7311242675781, 708.2478216552735, 711.640982055664, 706.8662384033203, 695.126259765625, 707.8031616210938, 696.4734637451172, 697.3404522705079, 690.7729174804688, 694.2333404541016, 685.2880590820313, 677.1299450683593, 680.4676568603516, 684.1352319335938, 683.0374578857422, 670.4907073974609, 683.4896899414063, 680.8682861328125, 679.6391448974609, 674.0837280273438, 673.2406170654297, 665.3422198486328, 665.5900946044922, 668.8163018798828, 660.6390460205079, 668.3283996582031, 663.6227801513672, 655.80150390625, 667.3407873535157, 651.3506512451172, 655.153056640625, 661.3581353759765, 659.5450888061523, 649.1504571533203, 650.6044598388672, 649.7913659667969, 646.5445916748047, 649.1378894042969, 637.8515417480469, 641.7435333251954, 647.2145861816406, 632.8128594970703, 639.8478369140626, 637.4848165893554, 630.2750964355469, 636.3892681884765, 642.3456860351563, 633.516010131836, 631.3696176147461, 630.122398071289, 630.6978384399414, 621.7238626098633, 632.1889556884765, 622.6934140014648, 633.6737115478516, 621.5478186035157, 620.5898376464844, 622.7143182373047, 608.2769030761718, 620.8795989990234, 609.1288034057617, 619.2712915039062, 616.904912109375, 605.1412258911133, 616.5170599365234, 619.2209420776367, 612.0450128173828, 611.6726843261719, 615.1209066772461, 609.9877114868164, 611.6118942260742, 597.5167465209961, 609.8825247192383, 604.7922866821289, 597.4105435180664, 594.4606872558594, 597.8233978271485, 598.5395401000976, 605.1448803710938, 593.1586239624023, 592.1475482177734, 591.2547326660156, 597.5494058227539, 596.0660223388672, 592.5730072021485, 579.5505969238282, 589.6323391723632, 588.4461209106445, 578.3043167114258, 593.9756628417969, 583.5824514770508, 579.5410787963867, 581.2148202514649, 573.9347082519531, 583.0476342773437, 584.1646273803711, 592.3113211059571, 572.9873593139648, 579.0322708129883, 583.077308959961, 584.1011407470703, 568.9659982299804, 578.9307723999024, 571.86119140625, 571.9886697387695, 571.3878128051758, 571.0123263549805, 568.0107327270508, 572.3720559692383, 580.2535781860352, 571.003772277832, 567.7044366455078, 569.4004421997071, 562.5922912597656, 570.7276998901367, 563.0313873291016, 564.9423107910156, 559.0576614379883, 568.9131884765625, 572.7098727416992, 561.1147351074219, 566.9626947021484, 563.8656900024414, 561.2220642089844, 554.6686422729492, 565.3002438354492, 553.8584442138672, 562.4255780029297, 547.7347344970703, 545.9560610961914, 556.9758679199218, 552.7532434082032, 548.3976846313476, 551.6445208740234, 548.807717590332, 543.3406887817383, 549.2582565307617, 552.791491394043, 556.9973822021484, 547.9181622314453, 548.6318460083007, 552.6411041259765, 543.1811499023438, 548.275270690918, 546.7665454101563, 540.2625759887695, 541.3295770263671, 542.3320098876953, 544.5207012939453, 538.4572409057618, 534.3365258789063, 545.4369924926758, 539.3438391113282, 537.3457678222657, 539.1284103393555, 536.2392431640625, 540.7393170166016], "map": 0.497105211688251}, "time": 1803.3315014839172}