{"task": {"alpha": 3, "lr": 0.0001, "wd": 1e-06, "bits": 48}, "result": {"earlyStop": true, "loss": [486.3557177734375, 410.0962866210937, 377.6230990600586, 362.7188375854492, 340.98239120483396, 334.02586013793945, 317.23545349121093, 312.2265901184082, 302.08035736083986, 295.78418212890625, 282.7825231933594, 273.9341960144043, 272.86320571899415, 273.18357009887694, 256.2694052124023, 250.23885734558107, 256.0893656921387, 244.67773315429687, 246.75154426574707, 243.7161700439453, 234.10772628784179, 235.79928367614747, 235.48496978759766, 230.9251424407959, 225.39658195495605, 224.90527709960938, 224.2936099243164, 219.45089881896973, 211.3286302947998, 211.66959548950194, 214.10191398620606, 207.08436531066894, 207.03909729003905, 201.9686834716797, 200.18699897766112, 194.29621879577635, 190.53131443023682, 188.0612808227539, 190.51075317382814, 182.87134941101075, 181.7252133178711, 177.26131036758423, 174.81007694244386, 173.11158493041992, 163.02882987976074, 157.02553161621094, 154.01448463439942, 155.6027247619629, 147.0268109893799, 146.13363697052003, 136.86547063827516, 131.21551013946532, 131.5396940612793, 127.23170475006104, 128.68825843811035, 120.99188255310058, 120.72733257293702, 114.73601135253907, 109.08000747680664, 97.49975994110108, 95.62386642456055, 93.04920030593873, 93.86369541168213, 87.15459983825684, 85.68082733154297, 81.56488327026368, 77.2312278175354, 70.68107604980469, 72.80787046432495, 66.77283160209656, 65.2372473526001, 60.77165465354919, 60.51749694824219, 58.87593420028686, 50.586361255645755, 54.991413278579714, 51.58285146713257, 42.73381224632263, 45.08530180931091, 43.15188977241516, 38.34673155784607, 40.35494038581848, 38.74029170036316, 30.579469933509827, 35.52937358856201, 29.043782892227174, 30.692717533111573, 28.136588048934936, 28.15944948196411, 24.243051900863648, 23.489146528244017, 25.884367055892945, 22.663266139030455, 20.082173891067505, 23.632460947036744, 18.887480554580687, 19.567702808380126, 16.661086435317994, 16.692290172576904, 15.584800024032592, 14.547291040420532, 15.51186176300049, 12.316917781829835, 16.85851954460144, 14.136913847923278, 12.079886865615844, 15.159620895385743, 10.013947257995605, 14.705345802307129, 10.588134765625, 11.158442440032958, 11.075772714614867, 7.877564172744751, 9.184844398498536, 12.125159502029419, 5.49112940788269, 12.054236917495727, 7.028348169326782, 10.688658056259156, 6.437834510803222, 11.925917520523072, 6.207020359039307, 7.5532990741729735, 4.715387544631958, 9.15208095550537, 9.870800228118897, 6.201270008087159, 9.103372793197632, 6.716592931747437, 4.411277618408203, 5.0705042552948, 5.251985425949097, 10.740294189453126, 7.547910270690918, 2.596704807281494, 2.4053111362457273, 9.314620161056519, 4.625544843673706, 3.1675543785095215, 7.265541324615478, 5.240967493057251, 4.227759189605713, 3.298937368392944, 8.804866456985474, 2.9673359775543213, 5.759621744155884], "map": 0.7697416806552253}, "time": 1223.3651473522186}