{"task": {"alpha": 1, "lr": 1e-06, "wd": 1e-05, "bits": 48}, "result": {"earlyStop": true, "loss": [234.68855239868165, 226.04042785644532, 224.53146881103515, 225.57026626586915, 219.0602406311035, 216.80910446166993, 215.06065567016603, 215.60403717041015, 210.9729069519043, 208.4375749206543, 210.20054183959962, 205.38515258789062, 206.52907089233398, 203.491912689209, 201.24126174926758, 197.26943389892577, 198.3311474609375, 195.96091735839843, 194.41901336669923, 197.0466452026367, 192.63765182495118, 192.13248001098634, 190.22972915649413, 190.22700286865233, 189.23998260498047, 189.28044982910157, 189.06714187622072, 187.5443132019043, 185.09383033752442, 186.79050521850587, 181.84603744506836, 181.76511367797852, 179.32818992614747, 181.87827850341796, 179.85094299316407, 180.5982908630371, 177.3001365661621, 177.24406326293945, 175.54830940246583, 177.03264350891112, 173.72226463317872, 177.4097415161133, 176.56688079833984, 173.55994750976564, 173.36628768920897, 174.00062187194825, 171.01896560668945, 171.06246047973633, 170.61165199279785, 169.98449432373047, 170.96582328796387, 166.83709495544434, 167.64554275512694, 171.81560173034669, 167.70221031188964, 165.16160202026367, 163.8475040435791, 163.63151390075683, 165.82450752258302, 161.5875975036621, 160.41371139526368, 163.82659271240234, 162.10227653503418, 162.78536979675292, 162.72929748535157, 162.6494441986084, 161.51435676574707, 161.29198753356934, 159.93950546264648, 158.9393182373047, 161.3501326751709, 159.71154388427735, 160.51315254211426, 158.4705648803711, 157.03727104187013, 156.64843925476075, 157.0304539489746, 155.7443988800049, 156.1048385620117, 155.172642288208, 157.86429206848143, 155.25228813171387, 156.82110221862794, 153.6876219177246, 155.04336387634277, 154.8814239501953, 156.16526412963867, 155.821196975708, 150.6704705810547, 155.50590507507323, 151.4270297241211, 149.97611877441406, 150.6326456451416, 149.4047021484375, 154.08213569641114, 152.56390144348146, 149.74106788635254, 150.58469291687013, 149.63898880004882, 153.902763671875, 149.96758155822755, 151.54329483032225, 150.861046295166, 150.570089263916], "map": 0.5227121686678663}, "time": 1038.9637806415558}