{"task": {"alpha": 5, "lr": 1e-06, "wd": 0.0001, "bits": 48}, "result": {"earlyStop": true, "loss": [1267.942205810547, 1270.9851098632812, 1272.6689038085938, 1252.2401904296876, 1252.039736328125, 1243.3755297851562, 1236.9515759277344, 1238.0288635253905, 1251.2132824707032, 1212.805682373047, 1221.8555944824218, 1218.3751416015625, 1212.7397412109376, 1220.6216857910156, 1206.4917614746093, 1208.9643957519531, 1222.1729528808594, 1231.1523400878907, 1206.1633044433593, 1208.911141357422, 1211.0377124023437, 1186.0584735107423, 1197.5244677734374, 1187.9497802734375, 1195.233740234375, 1196.5758795166016, 1189.3943719482422, 1174.6448516845703, 1169.6027380371095, 1177.382222290039, 1171.5718103027343, 1166.7858947753907, 1172.591460571289, 1146.2632946777344, 1145.7652642822266, 1150.747620239258, 1143.8633520507813, 1143.9780639648438, 1138.42408203125, 1136.677896118164, 1147.9188098144532, 1124.394019165039, 1131.719955444336, 1133.5221765136719, 1117.0256103515626, 1114.6297857666016, 1111.8737622070312, 1126.3162145996093, 1113.1714575195313, 1103.992230834961, 1120.8999877929687, 1122.8616577148437, 1106.9568774414063, 1116.8479431152343, 1118.5450811767578, 1099.8048614501954, 1090.2503009033203, 1110.6359301757811, 1099.9909100341797, 1078.994931640625, 1087.7537585449218, 1092.2109661865234, 1101.0062084960937, 1069.2732891845703, 1071.811763305664, 1077.0796337890624, 1081.1974133300782, 1069.8098455810548, 1068.7762725830078, 1060.4391107177735, 1075.1842791748047, 1058.7033966064453, 1067.0662493896484, 1059.2054168701172, 1065.0650732421875, 1056.2725006103515, 1052.9478216552734, 1041.194599609375, 1063.596205444336, 1056.4177362060548, 1046.3839636230468, 1053.238023071289, 1031.3528924560546, 1040.8781854248048, 1028.912562866211, 1053.1288800048828, 1035.384912109375, 1028.2068334960939, 1044.1087432861327, 1035.7265930175781, 1021.1140728759766, 1021.9332690429687, 1027.3538806152344, 1029.483713989258, 1025.9891870117187, 1024.2853881835938, 1008.493862915039, 1017.2618017578125, 1017.9506842041015, 1003.4510278320313, 1023.0084338378906, 1000.0416552734375, 1014.6795233154297, 1009.3081945800782, 998.1495727539062, 1004.114140625, 994.1437725830078, 991.9633612060547, 998.2374139404296, 994.0701843261719, 999.3470349121094, 983.8574853515624, 994.5326940917969, 986.7674035644532, 990.8517687988282, 990.2344860839844, 976.8759173583984, 995.3888653564453, 964.9050622558593, 982.9529333496093, 990.7132556152344, 974.7711706542968, 989.2788977050782, 982.0072979736328, 963.6166119384766, 964.0941619873047, 968.0352142333984, 976.1449249267578, 969.8342236328125, 947.9837811279297, 944.8579827880859, 958.8015960693359, 971.9128302001953, 966.585693359375, 961.1960772705078, 963.5754327392578, 966.4503955078125, 955.8584942626953, 958.0289666748047, 962.7660052490235, 961.3734027099609], "map": 0.5550195439427622}, "time": 1458.9976298809052}