{"task": {"alpha": 3, "lr": 0.0001, "wd": 0.0001, "bits": 48}, "result": {"earlyStop": true, "loss": [484.3282550048828, 398.35664428710936, 379.86036239624025, 354.4999272155762, 338.89518447875975, 319.9604858398437, 315.9497113800049, 302.9429553222656, 296.35945190429686, 285.4518536376953, 280.0897755432129, 272.6275634765625, 270.652453918457, 257.74081924438474, 253.9887059020996, 255.95009887695312, 242.70629669189452, 244.48660278320312, 245.7761745452881, 238.5702571105957, 230.4457109069824, 233.4946824645996, 226.773388671875, 226.61404052734375, 220.19392532348633, 219.0079029083252, 219.19775131225586, 212.5110456085205, 211.288564453125, 207.10180877685548, 204.45206504821778, 201.33299682617186, 201.59896232604981, 196.21913307189942, 195.23921005249022, 186.80652477264405, 188.01877452850343, 188.2599269104004, 177.99507720947267, 173.9453874206543, 172.58522315979005, 169.3327244567871, 163.90628540039063, 156.9367142868042, 159.93489631652832, 147.94131912231444, 150.7094023513794, 138.49680213928224, 135.75686252593994, 128.04323236465453, 129.28926486968993, 120.52711235046387, 118.92943733215333, 117.7250725364685, 113.83866415977478, 108.49900236129761, 101.19815395355225, 102.23402885437012, 91.05147820472718, 88.9106428527832, 85.53028692245483, 80.01319300651551, 82.78064357757569, 70.44574100494384, 71.58223484039307, 67.92284810066224, 64.27608461380005, 62.28488464355469, 61.947020893096926, 51.44188833236694, 51.95345217704773, 54.077849798202514, 46.50235970497131, 45.75709372520447, 42.55999083518982, 40.189316749572754, 37.290599765777586, 32.62080216407776, 29.461419553756713, 33.56210469245911, 29.588083972930907, 31.663484382629395, 28.689428300857543, 22.32723669052124, 22.735619583129882, 22.08771155834198, 22.379360027313233, 20.63088722229004, 22.756621589660643, 22.88738715171814, 14.856989941596986, 16.43119493484497, 15.59274070739746, 18.140295820236204, 13.800057897567749, 16.29176902770996, 11.822320718765258, 12.93154224395752, 15.595038051605224, 11.708331899642944, 11.979636631011964, 10.39206247329712, 10.765509510040284, 6.616049919128418, 12.906731882095336, 12.240561790466309, 6.91907525062561, 11.09056357383728, 11.110928544998169, 7.04381178855896, 8.329784727096557, 10.410085926055908, 7.343330812454224, 6.69108733177185], "map": 0.7758786953697561}, "time": 945.435259103775}