{"hp": {"lambda": 4, "alpha": 2, "lr": 1e-06, "wd": 1e-05, "bits": 12}, "loss": [2.917533988952637, 2.5380338048934936, 2.4227007961273195, 2.3262057399749754, 2.200579605102539, 2.0438362765312195, 1.9154638791084289, 1.836892488002777, 1.778177936077118, 1.7370075964927674, 1.7052900314331054, 1.6743395447731018, 1.6545946192741394, 1.6295464730262756, 1.6174589943885804, 1.600875108242035, 1.588504343032837, 1.5760167002677918, 1.5660860776901244, 1.5526649928092957, 1.543513298034668, 1.536643581390381, 1.5218439388275147, 1.5159300875663757, 1.5057147669792175, 1.496862654685974, 1.4881292152404786, 1.483500187397003, 1.4713477611541748, 1.4686019134521484, 1.4597300791740417, 1.4540345191955566, 1.4487209820747375, 1.4436544871330261, 1.4359390544891357, 1.429924612045288, 1.4237727689743043, 1.4236496233940124, 1.4149018001556397, 1.411978075504303, 1.4089858961105346, 1.404822826385498, 1.3979224181175232, 1.4015307426452637, 1.395166265964508, 1.3901285886764527, 1.3873988890647888, 1.3858602595329286, 1.3825015687942506, 1.3794471788406373, 1.3753608131408692, 1.373118588924408, 1.3719177174568176, 1.3727338552474975, 1.3686645412445069, 1.3631546521186828, 1.364039692878723, 1.3566843056678772, 1.3546722221374512, 1.352375898361206, 1.3485998487472535, 1.3481160354614259, 1.3479871082305908, 1.3455690598487855, 1.3400525903701783, 1.3408297204971313, 1.3367973446846009, 1.3355036211013793, 1.3334831523895263, 1.3341922330856324, 1.32829087972641, 1.3270210218429566, 1.3272994136810303, 1.3310091423988342, 1.3216694188117981, 1.3222884225845337, 1.319563753604889, 1.3165021300315858, 1.3190116834640504, 1.3169662499427794, 1.3144768071174622, 1.3107997488975525, 1.310863208770752, 1.3049454879760742, 1.3030264568328858, 1.3054307389259339, 1.3022426438331605, 1.3012372541427613, 1.296750979423523, 1.2987430238723754, 1.2972651052474975, 1.2980502915382386, 1.2919177579879761, 1.2916574931144715, 1.289164321422577, 1.2906222009658814, 1.2857411432266235, 1.2862820196151734, 1.2846044421195983, 1.282224943637848, 1.2812759804725646, 1.282026662826538, 1.281495132446289, 1.281145257949829, 1.2767475414276124, 1.27481516122818, 1.2751799511909485, 1.2760075950622558, 1.27144455909729, 1.2682107615470886, 1.276004295349121, 1.2687826561927795, 1.2694582796096803, 1.2670554757118224, 1.2614646315574647, 1.2660248517990111, 1.2647932600975036, 1.2628648090362549, 1.2606533360481262, 1.2632759237289428, 1.256603512763977, 1.2538707518577576, 1.2570108556747437, 1.2547294855117799, 1.2510593438148498, 1.2556385207176208, 1.2519544124603272, 1.2518247890472411, 1.2480589771270751, 1.2484250497817992, 1.2515579986572265, 1.247135636806488, 1.2504996252059937, 1.2448182702064514, 1.2490528988838197, 1.2419442915916443, 1.2413851261138915, 1.2401805567741393, 1.2424675107002259, 1.236088306903839, 1.2352994394302368, 1.2372309041023255, 1.2338319063186645, 1.231349515914917, 1.2339566040039063, 1.2361532044410706, 1.2347280073165894, 1.2290684866905213, 1.231424331665039, 1.2307253074645996, 1.2254231643676758, 1.2287726378440857, 1.2246410250663757, 1.2248265385627746, 1.2187350058555604, 1.2219001412391663, 1.227411653995514, 1.22022971868515, 1.2171342468261719, 1.2215631341934203, 1.2209572052955628, 1.2202644085884093, 1.2190640711784362, 1.2126953673362733, 1.2214727449417113, 1.2105222964286804, 1.21451762676239, 1.2149187111854554, 1.2089669013023376, 1.2150172758102418, 1.2118745350837707, 1.2077760744094848, 1.2121903538703918, 1.2069541692733765, 1.2069109106063842, 1.2054841828346252, 1.2029029846191406, 1.2042987799644471, 1.2035556387901307, 1.1999778389930724, 1.1980985116958618, 1.205352098941803, 1.2006376099586487, 1.2010815620422364, 1.1995918536186219, 1.1986954283714295, 1.1965566492080688, 1.1935757565498353, 1.1980200362205506, 1.1972068405151368, 1.194534592628479, 1.1955682682991027, 1.1917058300971985, 1.190179009437561, 1.1950876927375793, 1.1870581245422362, 1.1914145827293396, 1.1873875856399536, 1.1870951628684998, 1.1859575581550599, 1.192493646144867, 1.1863004970550537, 1.1880044984817504, 1.1839906930923463, 1.1860775113105775, 1.1828731465339661, 1.1854675316810608, 1.180349407196045, 1.1804201292991638, 1.1844844651222228, 1.1818199396133422, 1.179557728767395, 1.1779186296463013, 1.1804468846321106, 1.1796943044662476, 1.176996991634369, 1.1738912105560302, 1.1790515542030335, 1.1752389907836913, 1.1768931078910827, 1.175034866333008, 1.1761913394927979, 1.1752983617782593, 1.1709096813201905, 1.170706512928009, 1.1691023230552673, 1.167733063697815, 1.1670647597312926, 1.172571280002594, 1.1724210453033448, 1.1679222416877746, 1.1685244488716124, 1.1661479902267455, 1.1651754903793334, 1.1707741189002991, 1.1664197421073914, 1.1618144774436951, 1.166361439228058, 1.1612113285064698, 1.1633986330032349, 1.1692544984817506, 1.159284269809723, 1.1607122826576233, 1.1585155963897704, 1.1638783764839173, 1.159246599674225, 1.1594039440155028, 1.1570311093330383, 1.1593092107772827, 1.1583323645591737, 1.154993097782135, 1.1577175617218018, 1.1545983242988587, 1.1510490012168884, 1.1503881454467773, 1.1540731477737427, 1.1522735524177552, 1.1557628512382507, 1.1486211943626403, 1.1526251912117005, 1.1520508933067322, 1.1473384809494018, 1.1493842029571533, 1.1525226736068725, 1.1463173460960387, 1.1499088144302367, 1.1481382608413697, 1.143761019706726, 1.1469229912757875, 1.1463140106201173, 1.1429247760772705, 1.1404616153240204, 1.1482112216949463, 1.1417038536071777, 1.1435512328147888, 1.1389091229438781, 1.1415194010734557, 1.139697526693344, 1.1418445336818694, 1.1401862835884093, 1.1393840408325195, 1.139452440738678, 1.1414848840236664, 1.141144154071808, 1.1371874260902404, 1.1347272539138793, 1.1339923214912415, 1.1387561392784118, 1.1383224153518676, 1.1366126561164855, 1.136401536464691, 1.1326542448997499, 1.1377589583396912, 1.13702650308609, 1.1309699416160583, 1.1295034432411193, 1.1315090441703797, 1.132201075553894, 1.1337476778030395, 1.1302876043319703, 1.131479320526123, 1.1271823143959045, 1.1279509782791137, 1.1279694724082947, 1.1289942574501037, 1.1242124080657958, 1.1266568303108215, 1.1255059671401977, 1.1249359583854674, 1.1246626949310303, 1.1237325000762939, 1.1238956296443938, 1.1220748782157899, 1.1284436345100404, 1.1212266445159913, 1.1227363395690917, 1.1204595184326172, 1.1195979833602905, 1.1211093187332153, 1.122366577386856, 1.118017406463623, 1.1196421551704407, 1.1182344830036164, 1.1239378666877746, 1.1178590619564057, 1.1156328129768371, 1.1181137657165527, 1.1166425728797913, 1.1178176772594453, 1.116587562561035, 1.1140471088886261, 1.1189300870895387, 1.114028207063675, 1.114316155910492, 1.1190060591697693, 1.1133315229415894, 1.1142312240600587, 1.1106610465049744, 1.1114295411109925, 1.1121505618095398, 1.1098964858055114, 1.1068753337860107, 1.1111142754554748, 1.1081234097480774, 1.1075185942649841, 1.108167200088501, 1.1068164825439453, 1.1071857476234437, 1.107174918651581, 1.1054670083522797, 1.104192979335785, 1.106751139163971, 1.1068607914447783, 1.1040989398956298, 1.1043307077884674, 1.1041243398189544, 1.1001369857788086, 1.1056615841388702, 1.1052857041358948, 1.1018070566654206, 1.1015774559974671, 1.1002638721466065, 1.1040178406238557, 1.0998156261444092, 1.0991597366333008, 1.0959534931182862, 1.1022539591789247, 1.10095033288002, 1.1008311605453491, 1.099632159471512, 1.0995382761955261, 1.0979386138916016, 1.096372399330139, 1.0970240235328674, 1.093459210395813, 1.094879012107849, 1.098186763525009, 1.0972709989547729, 1.0931909382343292, 1.0899655628204346, 1.090346748828888, 1.0916947722434998, 1.093461151123047, 1.089391438961029, 1.0914944994449616, 1.0886018192768097, 1.0883055531978607, 1.0890745735168457, 1.0875498294830321, 1.0914128267765044, 1.092450053691864, 1.0907955062389374, 1.092187715768814, 1.0849099636077881, 1.0891094493865967, 1.0907409501075744, 1.0873297822475434, 1.0850059461593629, 1.0840022325515748, 1.0832577598094941, 