{"hp": {"lambda": 2, "alpha": 4, "lr": 0.0001, "wd": 1e-06, "bits": 12}, "loss": [3.3384109783172606, 1.660709490776062, 1.5353096580505372, 1.4444385194778442, 1.3694349384307862, 1.313363220691681, 1.2637600123882293, 1.232480354309082, 1.198999730348587, 1.1655654656887053, 1.12170658826828, 1.1101954317092895, 1.0618358767032623, 1.0439906167984008, 1.0336256551742553, 1.0021671164035797, 0.9742491972446442, 0.9553560936450958, 0.9466964411735534, 0.9273854959011077, 0.8799103415012359, 0.8863928985595703, 0.8657393145561219, 0.838736766576767, 0.82665114402771, 0.8036557734012604, 0.8067613136768341, 0.7955462193489075, 0.7671020770072937, 0.772350480556488, 0.7269678068161011, 0.7259992456436157, 0.7316622018814087, 0.7173887526988983, 0.6815622091293335, 0.7032817614078521, 0.6732551491260529, 0.6726339673995971, 0.6605665504932403, 0.6552381205558777, 0.6377208614349366, 0.644694197177887, 0.6184083306789399, 0.6137598723173141, 0.6077613246440887, 0.5882384848594665, 0.5974904662370681, 0.58968858897686, 0.5642336583137513, 0.5554544073343277, 0.5640385639667511, 0.5706097036600113, 0.5317790871858596, 0.5689291477203369, 0.5197933673858642, 0.5250795388221741, 0.5291517615318299, 0.5219857358932495, 0.49167541205883025, 0.5131251853704453, 0.5001622253656387, 0.5178385299444198, 0.4777178704738617, 0.4801643991470337, 0.4753007608652115, 0.47796815514564517, 0.463921120762825, 0.47061690092086794, 0.46315364480018617, 0.4659902709722519, 0.44778921604156496, 0.45079335689544675, 0.42639893770217896, 0.45620409786701205, 0.4149294453859329, 0.4309659880399704, 0.4386652535200119, 0.42664732456207277, 0.4187004029750824, 0.4117923951148987, 0.40922332406044004, 0.40968980491161344, 0.4090571916103363, 0.38447472095489504, 0.40135287046432494, 0.40698647379875186, 0.38280734717845916, 0.3865267390012741, 0.38233703255653384, 0.3655038487911224, 0.37953001022338867, 0.3834221339225769, 0.3892700493335724, 0.3489637613296509, 0.3695475381612778, 0.3572856444120407, 0.3835417240858078, 0.34866909086704256, 0.3596436059474945, 0.3589847069978714, 0.3586085450649261, 0.33384266316890715, 0.3397792595624924, 0.33426987528800967, 0.3472540336847305, 0.34470802545547485, 0.33254040122032164, 0.32584829568862916, 0.3446701747179031, 0.31743243664503096, 0.3251229757070541, 0.3225780448317528, 0.33097236305475236, 0.3125568097829819, 0.3258246973156929, 0.30546129077672957, 0.3314533957839012, 0.2999986144900322, 0.303691543340683, 0.31937636613845827, 0.3140650337934494, 0.2869237524271011, 0.30579179763793946, 0.2986404177546501, 0.2875704103708267, 0.29305963397026064, 0.2980558285117149, 0.3028967437148094, 0.2944042679667473, 0.28807338565588, 0.2828387555480003, 0.2761414650082588, 0.28534308284521104, 0.282778377532959, 0.274588069319725, 0.2836147356033325, 0.27583471924066544, 0.2744626140594482, 0.2752452263236046, 0.2674582603573799, 0.26757473051548003, 0.2796992042660713, 0.2642207482457161, 0.2639389380812645, 0.2603558152914047, 0.250636947453022, 0.27686639577150346, 0.26354925364255904, 0.255755914747715, 0.255082203745842, 0.2647466975450516, 0.245615151822567, 0.26339899003505707, 0.2534774330258369, 0.2549370241165161, 0.24226583778858185, 0.2586304324865341, 0.24346243917942048, 0.2503633576631546, 0.24552736461162566, 0.24093624204397202, 0.24429724663496016, 0.24703593611717223, 0.2327411115169525, 0.23999882787466048, 0.25540833234786986, 0.230473815202713, 0.23555871218442917, 0.23762421905994416, 0.23641840517520904, 0.23104241251945495, 0.2287486055493355, 0.2542692384123802, 0.21845494359731674, 0.2294118183851242, 0.2359026378393173, 0.23119519412517547, 0.2180560979247093, 0.24228555470705032, 0.21188632905483246, 0.23220306605100632, 0.21487795948982238, 0.2293004325032234, 0.220158449113369, 0.22468906551599502, 0.2326929873228073, 0.2114965522289276, 0.21705118894577027, 0.21162880927324296, 0.21532827943563462, 0.2207119482755661, 0.22060291707515717, 0.2127550944685936, 0.21932846546173096, 0.20760879993438722, 0.21125896364450455, 0.21669087767601014, 0.199675575196743, 0.22455325543880464, 0.19323075234889983, 0.21019681185483932, 0.2148958283662796, 0.20631202071905136, 0.20611811339855193, 0.20646085739135742, 0.19638239234685897, 0.20708047449588776, 0.19962364077568054, 0.20601615011692048, 0.1963530796766281, 0.21825986057519914, 0.18622881561517715, 0.20003477990627289, 0.19313303053379058, 0.20997210413217546, 0.20145006358623505, 0.19670102804899214, 0.18930990666151046, 0.19403881788253785, 0.19244361013174058, 0.19796350240707397, 0.18043925419449805, 0.2146787601709366, 0.18885791420936585, 0.1951511776447296, 0.20459000676870345, 0.17619096785783767, 0.19109493017196655, 0.18385894179344178, 0.19336936891078949, 0.19524290710687636, 0.17532308340072633, 0.1819070917367935, 0.19665627866983415, 0.18619635164737702, 0.18739459455013274, 0.18710746377706527, 0.18287040501832963, 0.18168844133615494, 0.1778678548336029, 0.19293076187372207, 0.18699099272489547, 0.18102737367153168, 0.1867247751355171, 0.16482951417565345, 0.18879427015781403, 0.1711816082894802, 0.18615463256835937, 0.18959165185689927, 0.18163527712225913, 0.168467927724123, 0.16729587703943252, 0.18377659782767297, 0.18670665889978408, 0.1613465143740177, 0.1793573223054409, 0.1735745295882225, 0.1784397032856941, 0.18395439714193343, 0.16709866747260094, 0.16658590376377105, 0.19115443468093873, 0.15588204190135002, 0.1694132998585701, 0.183644081056118, 0.16967726305127143, 0.15706179350614546, 0.17299147114157676, 0.18053839176893235, 0.15197891145944595, 0.16076570197939874, 0.18909754991531372, 0.1667918610572815, 0.16034435570240022, 0.17850462317466737, 0.15776220291852952, 0.1596527026593685, 0.1687705983221531, 0.17265901565551758, 0.1590738156437874, 0.17065983518958092, 0.15830757319927216, 0.17881670624017715, 0.1617937733232975, 0.16585941314697267, 0.1588694290816784, 0.1619216626882553, 0.165324996560812, 0.15164877861738205, 0.17056489616632461, 0.15974966958165168, 0.1609770818054676, 0.15216125190258026, 0.16325961127877237, 0.1559134069085121, 0.17279549926519394, 0.15406533524394037, 0.16929543495178223, 0.15867338120937347, 0.16132974684238433, 0.15269714191555978, 0.15498919785022736, 0.15498277842998504, 0.15899833917617798, 0.16142006561160088, 0.14729562014341355, 0.1576070137321949, 0.158359397649765, 0.15167147606611253, 0.15662598446011544, 0.17319897592067718, 0.1403255432844162, 0.15115998715162277, 0.14271701425313948, 0.16708764523267747, 0.15291451320052146, 0.1508053094148636, 0.15239700108766555, 0.16573566243052482, 0.13071903228759765, 0.1623314343392849, 0.14710876539349557, 0.14793392583727838, 0.14413918793201447, 0.16103312209248544, 0.14568024188280104, 0.16760234996676446, 0.13778443068265914, 0.1485723827779293, 0.1514402560889721, 0.14483104050159454, 0.14638778015971185, 0.14037798210978508, 0.16537998169660567, 0.13336578100919724, 0.15467412933707236, 0.14651398345828057, 0.14711185723543166, 0.13214368134737015, 0.16041099444031715], "map": 0.8265142760695141}