{"hp": {"lambda": 0.5, "alpha": 1, "lr": 0.0001, "wd": 0.0001, "bits": 12}, "loss": [1.086733022928238, 0.5419295042753219, 0.4926374113559723, 0.46202331423759463, 0.4412291693687439, 0.41940103769302367, 0.4000127476453781, 0.38481326460838317, 0.37171572327613833, 0.35459608733654024, 0.33769663751125334, 0.3267219316959381, 0.3245527824759483, 0.30499579429626467, 0.29678609788417815, 0.2836777174472809, 0.27725083112716675, 0.2685169741511345, 0.26605054616928103, 0.25470081508159637, 0.24539508163928986, 0.2433106681704521, 0.23221766233444213, 0.2257884293794632, 0.22432579427957536, 0.2136722159385681, 0.2123673987388611, 0.2053477731347084, 0.2008366033434868, 0.20044052064418794, 0.1905208107829094, 0.18157293558120727, 0.18647803068161012, 0.17695740312337876, 0.17652495831251144, 0.17238438606262207, 0.16622608929872512, 0.16448650941252707, 0.15856829330325126, 0.155725007802248, 0.15499841362237932, 0.1493867738544941, 0.14902140498161315, 0.14358533143997193, 0.14703182399272918, 0.13423935666680337, 0.13094877034425736, 0.13798047855496406, 0.13386816531419754, 0.12935509592294692, 0.1263406616449356, 0.12263559639453887, 0.12151000306010246, 0.12360761985182762, 0.1160028275847435, 0.11699483677744865, 0.11142076089978219, 0.11636758983135223, 0.11073647797107697, 0.11596935078501701, 0.10464503690600395, 0.10131886437535285, 0.10389630481600762, 0.10184431076049805, 0.09950192078948021, 0.10139998510479926, 0.09950317233800889, 0.09541437402367592, 0.10137996375560761, 0.09113250613212585, 0.09312764137983322, 0.09080319970846176, 0.08824793264269828, 0.09058696180582046, 0.08824051842093468, 0.09563501253724098, 0.08021114125847817, 0.08987426720559596, 0.07761225961148739, 0.08561848938465118, 0.09172100782394409, 0.08008375912904739, 0.07238875150680542, 0.07973068296909332, 0.07842675648629666, 0.0787866173684597, 0.07717073038220405, 0.07228830531239509, 0.07796006485819816, 0.07626990720629692, 0.0713644739240408, 0.07753709748387337, 0.06673151582479477, 0.07084070146083832, 0.06939778864383697, 0.07112774565815926, 0.06377959117293358, 0.06887086980044842, 0.06764265410602092, 0.06457759030163288, 0.06608492128551006, 0.07709561824798584, 0.059208871722221376, 0.06211884863674641, 0.06480690464377403, 0.06480009451508523, 0.059778971672058104, 0.06232105858623981, 0.06357879593968391, 0.05991917319595814, 0.05745016850531101, 0.06092801891267299, 0.05851236842572689, 0.057307185456156734, 0.05856595113873482, 0.057557421028614046, 0.056231671050190925, 0.057324549034237865, 0.06124425835907459, 0.058530238792300224, 0.04901215877383947, 0.06040359914302826, 0.052144544795155526, 0.056370414420962335, 0.052523013651371, 0.05460281260311604, 0.04868716910481453, 0.052964759059250355, 0.05522266924381256, 0.04869885325431824, 0.052579341381788255, 0.050694180130958555, 0.04947110615670681, 0.052217707335948944, 0.048909313455224035, 0.046255344972014424, 0.06147622667253017, 0.03872625682502985, 0.047675941437482834, 0.04952897161245346, 0.049055130928754805, 0.05154005095362663, 0.04273863859474659, 0.04409776646643877, 0.05980500780045986, 0.03674486979842186, 0.04639315910637379, 0.04975324407219887, 0.046956353336572644, 0.04276818227022886, 0.054833466671407226, 0.03896677881479263, 0.043981746174395084, 0.04210863996297121, 0.04742267668247223, 0.04933327056467533, 0.03651112150400877, 0.04523433201014995, 0.03692095197737217, 0.04514002077281475, 0.04149218168109656, 0.04764094848185778, 0.03950405966490507, 0.040205894783139226, 0.048216434866189956, 0.044507464282214644, 0.03346612021327019, 0.03853688292205334, 0.04563215702772141, 0.037684875130653384, 0.03842088423669338, 0.04046121206134558, 0.04608049087226391, 0.03645679458975792, 0.03603465113788843, 0.04573544830083847, 0.03923086170107126, 0.033245178684592244, 0.0423701012134552, 0.03517850324511528, 0.04907739974558353, 0.032579824514687064, 0.03597752247005701, 0.03749001704156399, 0.0376900327578187, 0.03474551178514958, 0.04108568482100963, 0.031510000713169575, 0.0368683947622776, 0.04254429191350937, 0.032108063735067846, 0.07152096476405859, 0.02668598882853985, 0.026480524614453316, 0.03626450516283512, 0.030015558861196043, 0.032686224430799486, 0.03949606359004974, 0.03199497651308775, 0.04413985293358565, 0.030927550792694092, 0.030612414442002772, 0.03719019196927548, 0.03144856251776219, 0.03485821928828955, 0.03102266661822796, 0.04307365987449884, 0.031965702399611474, 0.04112585876137018, 0.027781543396413325, 0.033686070181429384, 0.03759410910308361, 0.03004025138914585, 0.03988752618432045], "map": 0.8282343319088423}