{"hp": {"lambda": 0.5, "alpha": 0.5, "lr": 0.0001, "wd": 1e-06, "bits": 12}, "loss": [1.246693943142891, 0.45521803259849547, 0.4123214846849442, 0.38303316831588746, 0.3661492925882339, 0.352599338889122, 0.3381363433599472, 0.327132323384285, 0.3232391160726547, 0.3005954584479332, 0.2881707373261452, 0.28596803843975066, 0.2766210088133812, 0.2689519676566124, 0.25894286334514616, 0.24770693898200988, 0.24451450288295745, 0.23596094965934752, 0.23189105093479156, 0.22109175503253936, 0.21586201816797257, 0.20923136204481124, 0.20346698880195618, 0.19842429101467132, 0.1934644916653633, 0.18398429155349733, 0.1959212988615036, 0.17571903884410858, 0.17550423502922058, 0.16692591696977616, 0.17210833817720414, 0.16262512743473054, 0.16579822152853013, 0.15557000815868377, 0.15292366459965706, 0.14659642934799194, 0.14637465596199037, 0.14763599053025245, 0.145598633736372, 0.13981275483965874, 0.13649879649281502, 0.1292320804297924, 0.13343940496444703, 0.13433363243937493, 0.1251594054698944, 0.12060451954603195, 0.13398553043603897, 0.11959902703762054, 0.11632616981863976, 0.1136740691959858, 0.11831560865044594, 0.10741085037589074, 0.12007421016693115, 0.10620692923665047, 0.10568447664380073, 0.10559213042259216, 0.10508377134799957, 0.1020085383951664, 0.10202223524451255, 0.0997560527920723, 0.0975051112473011, 0.0979184377193451, 0.09993527084589005, 0.09064508453011513, 0.09293189704418182, 0.09492374300956725, 0.09004684120416641, 0.08709178194403648, 0.08777740806341171, 0.08641581356525421, 0.08760186992585658, 0.08355313397943974, 0.0833532278239727, 0.08292488485574723, 0.08330945484340191, 0.0766431736946106, 0.0848411687463522, 0.07664639197289944, 0.07882886350154877, 0.0778400381654501, 0.0738190906494856, 0.07568123437464237, 0.07255728401243687, 0.07274983763694763, 0.07124023333191871, 0.07682328969240189, 0.06694487094879151, 0.07357794359326363, 0.06511913254857063, 0.06723856367170811, 0.0701807565242052, 0.06482596673071385, 0.06726341553032399, 0.06928775556385518, 0.06265889883041381, 0.06310650698840618, 0.06424760535359382, 0.060997676327824595, 0.0634986176341772, 0.05921320743858814, 0.06361811228096485, 0.05891340613365173, 0.061606862023472785, 0.057368216812610624, 0.05946743443608284, 0.058302971422672274, 0.060334616824984554, 0.05421531274914741, 0.05655093595385551, 0.05660247765481472, 0.056234491169452665, 0.05563738889992237, 0.05209798611700535, 0.0535889458656311, 0.05411524996161461, 0.05205512322485447, 0.05303825050592423, 0.05729582399129868, 0.045902888253331185, 0.05280359424650669, 0.04941801100969315, 0.049592833891510965, 0.05361335247755051, 0.049607017859816555, 0.050722135975956914, 0.04693087562918663, 0.04912939846515656, 0.05199552044272423, 0.046629320830106735, 0.054967653080821036, 0.039769449084997174, 0.04676351718604565, 0.0481454761326313, 0.04372332215309143, 0.04774418815970421, 0.04192171920090914, 0.045236971452832224, 0.045395952574908735, 0.04418862730264664, 0.04372630178928375, 0.043972845524549484, 0.04588012121617794, 0.04834262154996395, 0.04097426522523165, 0.0411387237533927, 0.03928910233080387, 0.04508263494819403, 0.03802568163722753, 0.047144440934062004, 0.040464643985033036, 0.040477480888366696, 0.03972497157752514, 0.03990450508892536, 0.04105368100106716, 0.04290017258375883, 0.037551606707274914, 0.03749035105109215, 0.04528316102921963, 0.03460657626390457, 0.044637083187699315, 0.034493080228567126, 0.03763332061469555, 0.03629878409206867, 0.04152493748813867, 0.034751178920269014, 0.03489340230822563, 0.04207829013466835, 0.033760622441768647, 0.03798642415553331, 0.03734656300395727, 0.03755410823971033, 0.034907345101237296, 0.03492067750543356, 0.0361632027104497, 0.03628806941211224, 0.039402241855859756, 0.03181978918612003, 0.03391466911882162, 0.03642214275896549, 0.031945591941475865, 0.03680241834372282, 0.044117023162543775, 0.027641721740365027, 0.03416520182043314, 0.03548850152641535, 0.03154691372066736, 0.034005734957754614, 0.034006348624825475, 0.034334658086299895, 0.03268132343888283, 0.036658901013433935, 0.0274944219738245, 0.047875598259270194, 0.023471163809299467, 0.03366129074245691, 0.02906475353986025, 0.034156006388366224, 0.03699741542339325, 0.027842976376414297, 0.034214534349739555, 0.02896136846393347, 0.028594236485660077, 0.031714697815477845, 0.032733630873262885, 0.028559201397001743, 0.0333070208504796, 0.027513058371841908, 0.033461585976183414, 0.03442463759332895, 0.026181489415466785, 0.03272881954908371, 0.028420255854725837, 0.029068796411156655, 0.02860671639442444], "map": 0.8191338842010876}