{"hp": {"lambda": 4, "alpha": 1, "lr": 0.0001, "wd": 1e-06, "bits": 12}, "loss": [3.8313885927200317, 0.9866028618812561, 0.9018595445156098, 0.8587752950191497, 0.8283831369876862, 0.7976224434375763, 0.799019901752472, 0.7755161440372467, 0.7548749876022339, 0.7416765344142914, 0.7140163695812225, 0.7287822914123535, 0.691912682056427, 0.6872667038440704, 0.6654623413085937, 0.6770267879962921, 0.6381159460544586, 0.6456334793567657, 0.6296230745315552, 0.6271111655235291, 0.6057221412658691, 0.6006010246276855, 0.5884155648946762, 0.5889125472307205, 0.576440200805664, 0.5620777702331543, 0.5566131246089935, 0.560250129699707, 0.5398195952177047, 0.5416034203767777, 0.5215345799922944, 0.5186959779262543, 0.5187858289480209, 0.5107455790042877, 0.49196852326393126, 0.5042472875118256, 0.49268459022045136, 0.4850475865602493, 0.4740524512529373, 0.4713886272907257, 0.47176564574241636, 0.4676168256998062, 0.4592717677354813, 0.4491397613286972, 0.4460091894865036, 0.4433007162809372, 0.42907130122184756, 0.4422528076171875, 0.4323328107595444, 0.4296855002641678, 0.42164618134498594, 0.41508070945739745, 0.40191355884075164, 0.4081198930740356, 0.41432065427303316, 0.39506515324115754, 0.40086417853832246, 0.38324311256408694, 0.395840231180191, 0.38840391874313357, 0.38158340990543366, 0.3742343133687973, 0.3830645340681076, 0.3679064381122589, 0.37705455303192137, 0.3648762160539627, 0.35999083518981934, 0.36823899269104005, 0.35641867280006406, 0.3545819252729416, 0.3492054522037506, 0.35949761271476743, 0.3426992237567902, 0.34365111887454985, 0.34171832144260406, 0.3406624937057495, 0.3408860182762146, 0.33194713294506073, 0.33500592470169066, 0.32860138893127444, 0.3301314336061478, 0.31985427141189576, 0.32304314494132996, 0.3286647230386734, 0.3191968014836311, 0.32973008930683134, 0.30507239162921906, 0.31915351092815397, 0.3090048670768738, 0.3102321514487267, 0.3019464531540871, 0.3224102413654327, 0.2972880485653877, 0.2970903390645981, 0.3066083410382271, 0.2968327167630196, 0.2992326068878174, 0.3038190519809723, 0.2929470205307007, 0.28913353562355043, 0.29035459339618686, 0.297213599383831, 0.2861002716422081, 0.287461154460907, 0.2874726828932762, 0.28289333134889605, 0.2874394780397415, 0.28227418214082717, 0.28370638817548754, 0.27549449026584627, 0.27662984490394593, 0.2819627442955971, 0.2806972840428352, 0.26113745480775835, 0.27597280621528625, 0.2817449530959129, 0.2689666944742203, 0.26077273339033125, 0.28048220932483675, 0.2596237310767174, 0.26557594001293183, 0.2688079994916916, 0.26082381039857866, 0.26417028456926345, 0.26108517438173295, 0.2625442910194397, 0.2567054271697998, 0.2579929935932159, 0.25669451773166657, 0.2596293494105339, 0.24991051346063614, 0.26848797738552094, 0.24270208835601806, 0.260781854391098, 0.2453568696975708, 0.24634829849004747, 0.2491910657286644, 0.2562423628568649, 0.2414320781826973, 0.255171799659729, 0.2440330219268799, 0.25183641850948335, 0.2448832532763481, 0.238364080786705, 0.249300656914711, 0.23179478734731673, 0.25126855105161666, 0.24205661356449126, 0.2434612548351288, 0.24034366875886917, 0.23174986124038696, 0.23918619960546494, 0.23862146139144896, 0.24083248823881148, 0.2314454832673073, 0.2364158460497856, 0.23574260294437407, 0.2374437630176544, 0.22393200188875198, 0.23724697381258011, 0.22236912995576857, 0.23488441437482835, 0.2335396307706833, 0.22453617602586745, 0.2318833839893341, 0.22762860000133514, 0.227309907078743, 0.2255190110206604, 0.22919277489185333, 0.22647646367549895, 0.22847737044095992, 0.2201160967350006, 0.2211871302127838, 0.23187142312526704, 0.22093216001987456, 0.22543189018964768, 0.21682980179786682, 0.22263278752565385, 0.2217990615963936, 0.22297272115945815, 0.21954794108867645, 0.2177360823750496, 0.21871656715869903, 0.2205997210741043, 0.20942250281572342, 0.2190814831852913, 0.21728882253170012, 0.21903729557991028, 0.21212029457092285, 0.2268204751610756, 0.20858395367860794, 0.222946617603302, 0.21226961851119996, 0.2188473942875862, 0.21188578128814697, 0.2104928210377693, 0.217200208902359, 0.21128785431385042, 0.20788139164447783, 0.2169075205922127, 0.21781086981296538, 0.2059331354498863, 0.2067404070496559, 0.20367261797189712, 0.21664870500564576, 0.2104896402359009, 0.21316142082214357, 0.19964893400669098, 0.2026193681359291, 0.2161011055111885, 0.2035110455751419, 0.21276471465826036, 0.2044725787639618, 0.21045418083667755, 0.20062863051891328, 0.21548505425453185, 0.19842619627714156, 0.20496261477470398, 0.20772237956523895, 0.19943465381860734, 0.20150266587734222, 0.20802928179502486, 0.20152238816022872, 0.20929158180952073, 0.2020964053273201, 0.203441241979599, 0.20549303382635117, 0.19820813328027725, 0.1977504774928093, 0.20228047043085098, 0.20139850586652755, 0.19884690374135972, 0.2114558646082878, 0.18851771235466003, 0.21112498432397842, 0.1856556087732315, 0.19703690111637115, 0.21305644869804383, 0.18519908785820008, 0.1980204176902771, 0.20486338824033737, 0.19143219649791718, 0.20110047191381455, 0.19411500930786132, 0.2026161113381386, 0.19637299358844756, 0.19736772149801254, 0.18855503767728807, 0.1988137710094452, 0.19493907690048218, 0.18983542948961257, 0.19391107112169265, 0.20094534039497375, 0.19229877203702928, 0.1858861318230629, 0.199434357881546, 0.18772622764110566, 0.19761360794305802, 0.19174353510141373], "map": 0.5616239638276809}