{"hp": {"lambda": 4, "alpha": 2, "lr": 1e-05, "wd": 1e-05, "bits": 12}, "loss": [1.9629009532928468, 1.5619144082069396, 1.4620635795593262, 1.3769526600837707, 1.3338209676742554, 1.3090099477767945, 1.2854314875602721, 1.2629025793075561, 1.2460458707809448, 1.2312363195419311, 1.2157968997955322, 1.203714919090271, 1.1926964950561523, 1.1813298106193542, 1.1756538820266724, 1.1630773591995238, 1.1521702003479004, 1.1434386086463928, 1.1356403410434723, 1.1253718638420105, 1.119939546585083, 1.1173551344871522, 1.1063074839115143, 1.1021383106708527, 1.0920226085186004, 1.0890169274806976, 1.085826085805893, 1.082965830564499, 1.0721364200115204, 1.0705145502090454, 1.0628391110897064, 1.0615793311595916, 1.0532845950126648, 1.0505824434757232, 1.0462563145160675, 1.0427221369743347, 1.039447032213211, 1.0316183006763457, 1.0269467377662658, 1.0229941070079804, 1.017682454586029, 1.019464579820633, 1.0182837271690368, 1.0111510932445527, 1.0045123958587647, 1.0085717225074768, 0.9965315461158752, 1.00089137673378, 0.9980168640613556, 0.9881253051757812, 0.989962010383606, 0.9817410147190094, 0.9792013549804688, 0.9460608375072479, 0.9288085341453552, 0.9194968104362488, 0.9126664137840271, 0.9094191706180572, 0.9049662220478057, 0.8981037187576294, 0.8967644333839416, 0.8914004611968994, 0.8871883571147918, 0.8865450894832612, 0.8793623042106629, 0.8769391179084778, 0.8680671072006225, 0.8701797509193421, 0.8657897794246674, 0.8642660188674927, 0.8611439132690429, 0.8570093131065368, 0.8563789093494415, 0.8464046156406403, 0.8520131123065948, 0.8446423482894897, 0.8394672238826751, 0.8439674365520478, 0.8396336841583252, 0.8359106814861298, 0.83454913854599, 0.833276960849762, 0.8296639990806579, 0.8259197306632996, 0.8244069766998291, 0.823278683423996, 0.8176443123817444, 0.813780062198639, 0.8131598651409149, 0.8159037613868714, 0.8106521260738373, 0.8090065431594848, 0.8027388238906861, 0.8050307440757751, 0.8009466409683228, 0.7973821187019348, 0.7963885772228241, 0.7915633988380432, 0.7945268738269806, 0.7869293296337128, 0.7873346948623657, 0.7831628620624542, 0.7856070363521576, 0.7815217614173889, 0.7819810640811921, 0.7791852104663849, 0.7808648252487183, 0.7762543225288391, 0.7694164252281189, 0.7710855877399445, 0.7695779228210449, 0.7653246438503265, 0.7642300224304199, 0.7638534379005432, 0.7627803707122802, 0.762353847026825, 0.7576949346065521, 0.7568573689460755, 0.7552749466896057, 0.7538664495944977, 0.75148362159729, 0.7501371383666993, 0.749118126630783, 0.7467861354351044, 0.748416131734848, 0.7473249042034149, 0.7424670255184174, 0.7406827366352081, 0.7389889025688171, 0.7382197797298431, 0.7337986147403717, 0.7342332673072814, 0.7335107541084289, 0.7351688802242279, 0.726376222372055, 0.7231057667732239, 0.7260371267795562, 0.7250491845607757, 0.7258808851242066, 0.722467554807663, 0.71759526014328, 0.7164654064178467, 0.7185452151298523, 0.7171568107604981, 0.7182354748249054, 0.7134961462020875, 0.7134290564060212, 0.7098063492774963, 0.7061685156822205, 0.7070141708850861, 0.7072588908672333, 0.7062562620639801, 0.704815514087677, 0.703886935710907, 0.7023758661746978, 0.7021894133090973, 0.6990136456489563, 0.6973351132869721, 0.696537846326828, 0.6960967516899109, 0.6914576649665832, 0.693279515504837, 0.6939270496368408, 0.6897206807136536, 0.6912144780158996, 0.6869661557674408, 0.6859929716587067, 0.6870600366592408, 0.6844676756858825, 0.6844041240215302, 0.6815341949462891, 0.6800824499130249, 0.6785361778736114, 0.6773499059677124, 0.6787521743774414, 0.6784344983100891, 0.6755603849887848, 0.673081339597702, 0.6719929254055024, 0.6708354234695435, 0.6706725561618805, 0.6709807455539704, 0.6677161204814911, 0.6646082937717438, 0.667471684217453, 0.6654103362560272, 0.6679673564434051, 0.6612678647041321, 0.6612659966945649, 0.6598769080638885, 0.6598287403583527, 0.6606938409805297, 0.6575006926059723, 0.6564150905609131, 0.6557111549377441, 0.6549328315258026, 0.6578084993362426, 0.6470562279224396, 0.6547557818889618, 0.6502386355400085, 0.6481650841236114, 0.6475323832035065, 0.6470338082313538, 0.6486993932723999, 0.6473725664615632, 0.6465185368061066, 0.644689735174179, 0.644478634595871, 0.6431528496742248, 0.6421383225917816, 0.6383956706523896, 0.637437732219696, 0.6407159304618836, 0.6379035711288452, 0.6367452478408814, 0.6388463723659515, 0.6300470316410065, 0.6342290353775024, 0.6314773213863373, 0.6361756753921509, 0.63383753657341, 0.6332745826244355, 0.6280251979827881, 0.6285628259181977, 0.626461170911789, 0.6264182579517364, 0.6236840236186981, 0.629912040233612, 0.6223376226425171, 0.6255650353431702, 0.6229164874553681, 0.6210394334793091, 0.6252345728874207, 0.6193381249904633, 0.6168752086162567, 0.6174817740917206, 0.6202729749679565, 0.6199054408073426, 0.6162426114082337, 0.613859589099884, 0.6175626075267792, 0.6131514573097229, 0.6137970364093781, 0.6130060017108917, 0.6103261375427246, 0.6121666026115418, 0.6091656458377838, 0.6081173229217529, 0.6079341411590576, 0.6091345763206482, 0.608463476896286, 0.6066944491863251, 0.6035115993022919, 0.6038841915130615, 0.6060414111614227, 0.6025832796096802, 0.6048733425140381, 0.6041015708446502, 0.6006484663486481, 0.6029518461227417, 0.5997288918495178, 0.5962769186496735, 0.5975629198551178, 0.5960345542430878, 0.5982896196842193, 0.594218612909317, 0.5938332545757293, 0.5954492259025573, 0.5916878938674927, 0.5935438203811646, 0.5897854554653168, 0.5899606895446777, 0.59136887550354, 0.5874222815036774, 0.5872214472293854, 0.590488086938858, 0.5858629024028779, 0.5911550199985505, 0.5873555588722229, 0.5864540612697602, 0.5833099842071533, 0.5875138103961944, 0.5824624991416931, 0.5819011729955673, 0.5820561707019806, 0.5848502409458161, 0.5789436030387879, 0.5790545451641083, 0.5821109163761139, 0.581266473531723, 0.5774882590770721, 0.5788035333156586, 0.5753954863548278, 0.575663423538208, 0.5751343667507172, 0.5743969660997391, 0.5759312891960144, 0.5745400333404541, 0.5743551921844482, 0.5768091881275177, 0.5728272914886474, 0.5754344582557678, 0.5694450533390045, 0.5725048065185547, 0.5681215488910675, 0.5690153801441192, 0.5672161507606507, 0.5679528748989106, 0.5691964274644852, 0.5670548212528229, 0.5668794929981231, 0.5690035676956177, 0.5650783252716064, 0.5665834331512452, 0.5662866270542145, 0.5625724750757217, 0.5600823318958282, 0.5586923348903656, 0.5636529147624969, 0.5606219643354415, 0.561330840587616, 0.5597628939151764, 0.5619330680370331, 0.5575666832923889, 0.5623626101016999, 0.5590288960933685, 0.5575900530815124, 0.5579043436050415, 0.5569631803035736, 0.5548463261127472, 0.5553610688447952, 0.5546292829513549, 0.5503379064798355, 0.556288657784462, 0.5557126361131668, 0.5492556822299958, 0.5529744720458984, 0.5519692981243134, 0.5494302105903626, 0.5499517911672592, 0.5508458042144775, 0.549201198220253, 0.5510368686914444, 0.547118359208107, 0.5519061344861984, 0.5446212875843048, 0.5483605599403382, 0.547825471162796, 0.5426156991720199, 0.5455665755271911, 0.5454718255996704, 0.5410410606861115, 0.5450650179386138, 0.5399939876794815, 0.5412041389942169, 0.5442930960655212, 0.5416904747486114, 0.5402210873365402, 0.540931978225708, 0.5392503958940505, 0.5407618427276611, 0.5411943638324738, 0.5399200046062469, 0.5373511010408402, 0.5376558423042297, 0.5388787436485291, 0.5363509321212768, 0.5363983601331711, 0.5386556434631348, 0.5361965024471282, 0.5372454905509949, 0.5340522253513336, 0.5359500706195831, 0.5349030238389969, 0.5319501286745072, 0.5327858024835587, 0.5300632572174072, 0.5322350776195526, 0.5313827192783356, 0.5337228685617447, 0.5297416812181472, 0.5276920473575593, 0.5297179162502289, 0.5301755380630493, 0.527978435754776, 0.5296365159749985, 0.5269552630186081, 0.5286061125993728, 0.5273806089162827, 0.5248873460292817, 0.5260136103630066, 0.5270296096801758, 0.5205468964576722, 0.5236146277189255, 0.5241605681180954, 0.5249835872650146, 0.524225817322731, 0.5278379827737808, 