{"hp": {"lambda": 4, "alpha": 2, "lr": 1e-05, "wd": 0.0001, "bits": 12}, "loss": [1.9110615468025207, 1.4681888580322267, 1.3716393685340882, 1.3146895098686218, 1.2696455430984497, 1.233352074623108, 1.2093372178077697, 1.1865554976463317, 1.1588816487789153, 1.1373482656478882, 1.1203491711616516, 1.1045846581459045, 1.0887021219730377, 1.073700464963913, 1.0602332067489624, 1.0499101889133453, 1.043724648952484, 1.0310319209098815, 1.020368686914444, 1.0133767426013947, 1.006140297651291, 0.9966825318336486, 0.99029531955719, 0.979825119972229, 0.9733321452140808, 0.9676122379302978, 0.960552635192871, 0.9564771366119384, 0.9453317892551422, 0.938071117401123, 0.9378712928295135, 0.9356002271175384, 0.9280506408214569, 0.921867538690567, 0.9176180577278137, 0.9103771722316742, 0.9040563178062438, 0.9047791576385498, 0.8999693036079407, 0.8972361004352569, 0.8901158952713013, 0.8831448137760163, 0.8830951857566833, 0.8774113333225251, 0.8709031009674072, 0.8664499747753144, 0.868224002122879, 0.863319560289383, 0.8553632545471191, 0.8552483582496643, 0.8502608895301819, 0.8438415443897247, 0.8411602079868317, 0.8389293456077576, 0.8366295266151428, 0.8337993168830872, 0.8330989682674408, 0.8266431617736817, 0.8287358045578003, 0.8237359416484833, 0.8184649646282196, 0.8129061162471771, 0.8138860177993774, 0.8094684541225433, 0.8033090007305145, 0.8062904143333435, 0.8023831605911255, 0.8030431354045868, 0.7997285640239715, 0.7930384445190429, 0.7932647299766541, 0.7910291588306427, 0.7879594743251801, 0.7842231333255768, 0.7841063058376312, 0.7823932266235352, 0.7769347417354584, 0.7774283516407013, 0.7734580969810486, 0.7713494729995728, 0.7682359099388123, 0.7673939967155456, 0.7695725762844086, 0.767534396648407, 0.7673711204528808, 0.7600406789779663, 0.7601915311813354, 0.7579937732219696, 0.7555274963378906, 0.7509081447124482, 0.7491310071945191, 0.751804792881012, 0.7480176615715027, 0.7459422588348389, 0.7398030114173889, 0.7413325476646423, 0.7392682290077209, 0.7345223355293274, 0.7354407620429992, 0.7360735630989075, 0.7327067601680756, 0.7331104946136474, 0.7323552513122559, 0.7279267358779907, 0.7266285693645478, 0.7257433140277862, 0.7227473819255829, 0.720678733587265, 0.7223040533065795, 0.7191367495059967, 0.7152303087711335, 0.7159426653385162, 0.7164010965824127, 0.7124178957939148, 0.7119042587280273, 0.7113275527954102, 0.7033768761157989, 0.7044659698009491, 0.7046717727184295, 0.7008251285552979, 0.6980296850204468, 0.6996380770206452, 0.6951812410354614, 0.6968904304504394, 0.6965910053253174, 0.6924099123477936, 0.6936779832839965, 0.6896825754642486, 0.6912321269512176, 0.6925929546356201, 0.6885383808612824, 0.6874352431297303, 0.6867139089107513, 0.6817376792430878, 0.6804665577411652, 0.6775783157348633, 0.6787169682979584, 0.6809779298305512, 0.6801709461212159, 0.6730605781078338, 0.6729727494716644, 0.6715020358562469, 0.6739445328712463, 0.6697815918922424, 0.6707681584358215, 0.6678339612483978, 0.6649951946735382, 0.6638277900218964, 0.6659354293346404, 0.6625067818164826, 0.6586134564876557, 0.6608205759525299, 0.6576752984523773, 0.6574972283840179, 0.6582925772666931, 0.6544527876377105, 0.6579317200183868, 0.6509409952163696, 0.6519829726219177, 0.6465926778316498, 0.6492607581615448, 0.6478061652183533, 0.6456129741668701, 0.6490908944606781, 0.6454681670665741, 0.64721675157547, 0.6398484814167023, 0.6418611001968384, 0.6429140067100525, 0.641988615989685, 0.6405407011508941, 0.641026395559311, 0.6368346667289734, 0.6384596693515777, 0.6364859449863434, 0.6348317849636078, 0.6324642944335938, 0.6339769220352173, 0.6351453876495361, 0.6296299695968628, 0.625159524679184, 0.6300704121589661, 0.6254281544685364, 0.6253105390071869, 0.628212286233902, 0.6211232209205627, 0.6195446145534516, 0.6211117935180664, 0.6195842742919921, 0.6232951295375824, 0.6189258539676666, 0.620760509967804, 0.6158897864818573, 0.6167328107357025, 0.6181430566310883, 0.6160091817378998, 0.6155406093597412, 0.6114284706115722, 0.6128677690029144, 0.6146122074127197, 0.6112194180488586, 0.6144425737857818, 0.6117638456821441, 0.6056392824649811, 0.6069092190265656, 0.6062997806072236, 0.6059448683261871, 0.6067715966701508, 0.603840036392212, 0.6044182747602462, 0.602081116437912, 0.6044689178466797, 0.5989059245586396, 0.5965765988826752, 0.6026338946819305, 0.5974754750728607, 0.595651911497116, 0.5987091779708862, 0.5922473585605621, 0.5967091548442841, 0.5952801740169525, 0.5903923749923706, 0.5923645889759064, 0.5897654497623444, 0.5909619402885437, 0.5889837157726288, 0.5884490847587586, 0.5865999484062194, 0.5879567432403564, 0.590756447315216, 0.5872128748893738, 0.5844630026817321, 0.5840322506427765, 0.5827369916439057, 0.5831323730945587, 0.5804311192035675, 0.5848121225833893, 0.5791081237792969, 0.5813456559181214, 0.5822344183921814, 0.5807015669345855, 0.5795048880577087, 0.581709030866623, 0.5774625039100647, 0.5762215793132782, 0.5744407749176026, 0.5775497961044311, 0.5754602110385895, 0.57377037525177, 0.5746746909618378, 0.5768251371383667, 0.5700655698776245, 0.5744347929954529, 0.5687478905916215, 0.5725766265392304, 0.5667102742195129, 0.5660458755493164, 0.5678211641311646, 0.567509428858757, 0.5660088980197906, 0.5633061563968659, 0.5628883564472198, 0.5615300846099853, 0.566548724770546, 0.564663153886795, 0.562064129114151, 0.5624354273080826, 0.5589145660400391, 0.5606401515007019, 0.5606723004579544, 0.5593718093633652, 0.5599236023426056, 0.5557190853357316, 0.5540143740177155, 0.5594613802433014, 0.5558708214759827, 0.5567539131641388, 0.5553163534402847, 0.5552792274951934, 0.5520415234565735, 0.5542846077680588, 0.5560839986801147, 0.550559607744217, 0.5510168695449829, 0.551237165927887, 0.5519414776563645, 0.5472525119781494, 0.5487907958030701, 0.5483657115697861, 0.54719930768013, 0.5463861298561096, 0.5457555258274078, 0.5469460308551788, 0.544019278883934, 0.5456903612613678, 0.5436221712827682, 0.5473678088188172, 0.543625517487526, 0.5435315501689911, 0.5400608485937118, 0.5401451909542083, 0.542630677819252, 0.5401361185312271, 0.5419740551710128, 0.5400745105743409, 0.5385516375303269, 0.5409754550457001, 0.5382270705699921, 0.5353052294254304, 0.5367460644245148, 0.53983160674572, 0.5344844216108322, 0.538456038236618, 0.5307379198074341, 0.5347600048780441, 0.5354500305652619, 0.5357398700714111, 0.5366718292236328, 0.5327174323797226, 0.5319984388351441, 0.5297396498918533, 0.5346241223812104, 0.528820453286171, 0.5329742985963821, 0.5277966976165771, 0.5277912348508835, 0.5308711236715317, 0.5260234886407852, 0.5276515102386474, 0.5280078536272049, 0.5261707943677902, 0.5292249321937561, 0.5271130156517029, 0.5242962622642517, 0.5260706514120101, 0.5270534914731979, 0.5255695360898972, 0.5201750606298446, 0.5238259607553482, 0.5248277902603149, 0.5193417221307755, 0.523438737988472, 0.5158127045631409, 0.5211015099287033, 0.5209944325685502, 0.5221598446369171, 0.5193071407079697, 0.5198768538236618, 0.51739701628685, 0.5236375331878662, 0.5192218297719955, 0.519441333413124, 0.519527370929718, 0.5189053732156753, 0.5154922950267792, 0.5184475642442703, 0.5135092782974243, 0.5127268481254578, 0.5151544004678726, 0.5185103726387024, 0.5126137566566468, 0.5134902703762054, 0.5124451094865798, 0.5157354301214219, 0.5106089562177658, 0.5161405062675476, 0.5123395162820816, 0.5129975008964539, 0.5115584117174149, 0.5079171931743622, 0.510656498670578, 0.515403864979744, 0.5098962777853012, 0.5109369850158691, 0.5109478378295899, 0.5095376855134964, 0.5104978466033936, 0.5074002546072006, 0.5078743606805801, 0.5040315926074982, 0.506389485001564, 0.5046120339632034, 0.5050817328691483, 0.5055816900730133, 0.506402754187584, 0.5067060685157776, 0.5027781903743744, 0.5060354959964752, 0.5047251391410827, 0.5054322814941407, 0.5009511983394623, 0.5008864188194275, 0.5039352828264236, 0.5025346946716308, 0.5043563342094421, 0.5012739604711532, 0.49851267755031586, 0.5055759072303772, 