{"hp": {"lambda": 1, "alpha": 2, "lr": 0.0001, "wd": 1e-05, "bits": 12}, "loss": [1.6173337066173554, 0.8628612172603607, 0.7842671847343445, 0.7402499794960022, 0.6914818418025971, 0.6665937185287476, 0.6277856183052063, 0.6138381868600845, 0.5964975941181183, 0.5838371407985687, 0.5478126460313797, 0.5370407891273499, 0.5130208247900009, 0.4935611522197723, 0.4919785690307617, 0.4674068820476532, 0.46762869715690614, 0.44953804194927216, 0.43621288120746615, 0.42349675834178924, 0.40916774690151214, 0.41056072890758516, 0.4013561648130417, 0.3829889404773712, 0.3878518933057785, 0.36999964475631714, 0.3653373020887375, 0.35741978585720063, 0.36362736582756044, 0.3368406370282173, 0.3374584075808525, 0.33154777824878695, 0.32057847797870637, 0.3210678708553314, 0.3153349927067757, 0.3037771573662758, 0.30565579026937484, 0.2896250832080841, 0.288934753537178, 0.286972274184227, 0.278355051279068, 0.2760950616002083, 0.2714228677749634, 0.2664557093381882, 0.27222904920578, 0.253874674141407, 0.25309514075517653, 0.26089615255594256, 0.24146394163370133, 0.23573934972286226, 0.2343578642606735, 0.23587412923574447, 0.2347099733352661, 0.22986163884401323, 0.22614681720733643, 0.2130730327963829, 0.22662047803401947, 0.21638275265693666, 0.21326286524534224, 0.21133048593997955, 0.19975200921297073, 0.20645755529403687, 0.20241769164800644, 0.19581305116415024, 0.19997987180948257, 0.19215355634689332, 0.18698486655950547, 0.18712567269802094, 0.18560921639204025, 0.19571588486433028, 0.17647931963205338, 0.16904743194580077, 0.1815181016921997, 0.17098335042595864, 0.17178938388824463, 0.16370681062340736, 0.17517491579055786, 0.16347729206085204, 0.15801666229963302, 0.16849577695131301, 0.1514803358912468, 0.16429940700531007, 0.15397166848182678, 0.15626829236745834, 0.14984507128596306, 0.14746783748269082, 0.1487837889790535, 0.15784916937351226, 0.13919588446617126, 0.1513270303606987, 0.13634876817464828, 0.14603047981858253, 0.1368433155119419, 0.13504863351583482, 0.14176753491163255, 0.13862812936306, 0.13331250950694085, 0.13900217965245246, 0.12633777499198914, 0.12252212345600128, 0.14105480134487153, 0.12138559132814407, 0.1314134256541729, 0.11958730563521386, 0.12342091992497445, 0.12576228752732277, 0.1206693696975708, 0.1267070849239826, 0.11968707516789437, 0.11272648483514786, 0.12300842106342316, 0.11950684174895286, 0.10899709343910217, 0.1189002476632595, 0.11771001234650612, 0.10409406408667564, 0.11879462257027626, 0.10576763644814491, 0.11268244683742523, 0.11487889617681503, 0.10288939908146859, 0.10396469548344613, 0.11126480311155319, 0.11400857344269752, 0.0981665387749672, 0.10159589290618896, 0.10762596353888512, 0.10488621219992637, 0.10261192858219147, 0.09776022613048553, 0.09600058376789093, 0.09883886158466339, 0.10276368409395217, 0.09565752625465393, 0.09870053380727768, 0.09469255119562149, 0.10224879205226899, 0.08810441806912422, 0.0958913180232048, 0.08869310051202774, 0.09504991076886654, 0.09695011556148529, 0.09098683014512061, 0.0887601125240326, 0.09507430218160152, 0.09026911228895187, 0.08737129829823971, 0.08735256731510162, 0.08580040074884891, 0.09512960143387318, 0.0800789599865675, 0.08914216965436936, 0.0884982331097126, 0.0817070660740137, 0.09000683024525642, 0.08041330605745316, 0.08519393607974052, 0.08311011612415314, 0.08417278975248337, 0.08462863184511661, 0.07862663067877293, 0.08189690925180912, 0.0820366296172142, 0.08272313304245472, 0.07336535528302193, 0.08348919689655304, 0.07868807166814804, 0.07927993319928646, 0.07923743493855, 0.09130044117569923, 0.07110477238893509, 0.07578029192984104, 0.0783501535654068, 0.07845162771642208, 0.07982843980193138, 0.07366080649197101, 0.06670814827084541, 0.07581289060413837, 0.0753955290466547, 0.07172906562685967, 0.07365113772451877, 0.07814573526382446, 0.06770710214972496, 0.07898490145802498, 0.06752930194139481, 0.07304272688925266, 0.07384187154471875, 0.06790689282119274, 0.07073897637426853, 0.07465517550706863, 0.07814690865576267, 0.06414352320134639, 0.06989517316222191, 0.06620180033147335, 0.07296531230211258, 0.06457655102014542, 0.0667712651193142, 0.06492504432797432, 0.06911367923021317, 0.07325235277414321, 0.062124151289463046, 0.06938901469111443, 0.06316388212144375, 0.07122292339801789, 0.06196525938808918, 0.06649305373430252, 0.06923966258764266, 0.05812844917178154, 0.06808723844587802, 0.06123967036604881, 0.0769431596249342, 0.06386410303413868, 0.05536463402211666, 0.05999831758439541, 0.07221834920346737, 0.057867276892066, 0.06686771534383297, 0.058974271938204766, 0.07559868574142456, 0.04663721665740013, 0.07023014411330224, 0.056085403934121134, 0.060765620097517965, 0.06230035305023193, 0.06362518645823002, 0.05502712525427342, 0.06196782544255257, 0.05911762669682503, 0.056156144887208936, 0.06012838609516621, 0.06010903373360634, 0.05922218546271324, 0.05848655581474304, 0.061014228239655494, 0.06323992095887661, 0.051770500093698504, 0.05597992993891239, 0.05693008527159691, 0.06694833993911743, 0.04676942482590676], "map": 0.805166798811246}