{"hp": {"lambda": 4, "alpha": 4, "lr": 0.0001, "wd": 1e-05, "bits": 12}, "loss": [4.423520603179932, 2.063759036064148, 1.9020711660385132, 1.806080858707428, 1.7467359113693237, 1.7064677858352661, 1.658089509010315, 1.6167186617851257, 1.5709244084358216, 1.5622898364067077, 1.5083242058753967, 1.4937143540382385, 1.4567292380332946, 1.4435057353973388, 1.409679617881775, 1.3894956421852112, 1.358818030357361, 1.3619047927856445, 1.3296829605102538, 1.2832123637199402, 1.2946376991271973, 1.2691794109344483, 1.2465221309661865, 1.2191485702991485, 1.219832091331482, 1.2213518524169922, 1.171863489151001, 1.1647062921524047, 1.1402789378166198, 1.1462988185882568, 1.129285342693329, 1.1061788630485534, 1.0975886285305023, 1.0796746516227722, 1.0715631425380707, 1.0763930118083953, 1.052439682483673, 1.038603264093399, 1.0243948316574096, 1.0500875103473664, 0.9891967368125916, 0.9883516919612885, 0.9943298268318176, 1.0003841400146485, 0.9754829823970794, 0.9609090328216553, 0.9692237174510956, 0.9490174448490143, 0.9332424628734589, 0.9410088610649109, 0.9238739728927612, 0.9018942475318908, 0.9110164308547973, 0.9007641577720642, 0.896631509065628, 0.8735757565498352, 0.873833246231079, 0.88153364777565, 0.8792108857631683, 0.8519297313690185, 0.8467743003368378, 0.8454548728466034, 0.8230376541614532, 0.8543056285381317, 0.8328804409503937, 0.8190371215343475, 0.8061829316616058, 0.8059742438793183, 0.8097774636745453, 0.7845442736148834, 0.7858849668502808, 0.7851732325553894, 0.7724578404426574, 0.7839456844329834, 0.7630325174331665, 0.7683494639396667, 0.7490396475791932, 0.7513788831233978, 0.757697480916977, 0.7368609929084777, 0.744225527048111, 0.7398860847949982, 0.7365488910675049, 0.6886955094337464, 0.7464209604263305, 0.7279161393642426, 0.7052325963973999, 0.6913958644866943, 0.7091416883468628, 0.7104621255397796, 0.6932111883163452, 0.687511442899704, 0.6859174346923829, 0.6782878983020783, 0.6828099584579468, 0.6948727488517761, 0.6451843988895416, 0.6899018669128418, 0.6638932013511658, 0.6578034484386444, 0.6607951211929322, 0.6572552514076233, 0.6484344780445099, 0.6542634201049805, 0.6482190871238709, 0.6445635771751403, 0.6191886609792709, 0.6557576704025269, 0.6392047107219696, 0.6302574217319489, 0.6307386147975922, 0.6436705482006073, 0.625987713932991, 0.6142971873283386, 0.6180803412199021, 0.6027433168888092, 0.6316048914194107, 0.5979885482788085, 0.6087625163793564, 0.6100503200292587, 0.6141089755296707, 0.571843638420105, 0.6241652739048004, 0.5884041810035705, 0.5697517025470734, 0.6050415909290314, 0.6102769583463669, 0.5800693142414093, 0.5688612204790116, 0.5845213729143143, 0.5928618258237839, 0.5893110281229019, 0.5744937616586685, 0.5716160774230957, 0.5664620155096054, 0.5747019439935684, 0.5835124516487121, 0.5267631042003632, 0.602841529250145, 0.5639641809463501, 0.5759527176618576, 0.5378841316699982, 0.5490220135450363, 0.5803508788347245, 0.5437848168611527, 0.5607187747955322, 0.5426547479629517, 0.5499581658840179, 0.5516161620616913, 0.5425009244680404, 0.5258740711212159, 0.5596523237228394, 0.5411909949779511, 0.5501700884103775, 0.5200749343633652, 0.5484879910945892, 0.5290935850143432, 0.530067949295044, 0.5440994703769684, 0.525498041510582, 0.5304779154062271, 0.5384894984960557, 0.5189522778987885, 0.5285715824365615, 0.5074198371171952, 0.5209520137310029, 0.5355437421798706, 0.5176918214559555, 0.5141208302974701, 0.5306328892707824, 0.5209861105680466, 0.5077819645404815, 0.527726280093193, 0.48898985981941223, 0.4990794885158539, 0.5294162315130234, 0.5002358120679855, 0.5025873768329621, 0.5053536480665207, 0.4931409096717834, 0.5100066727399826, 0.4985638475418091, 0.49958449363708496, 0.502569043636322, 0.511205080151558, 0.48876769840717316, 0.49690034449100495, 0.487167329788208, 0.4945951563119888, 0.49712660372257234, 0.503671503663063, 0.4879860031604767, 0.5065947484970093, 0.47577137768268585, 0.49625066816806795, 0.4704518860578537, 0.4913493251800537, 0.48596774160861966, 0.4879681634902954, 0.4852208352088928, 0.4738974106311798, 0.5010411554574966, 0.45920642733573913, 0.4929565697908401, 0.45514372289180755, 0.5017644208669663, 0.4443566119670868, 0.4970821714401245, 0.48252893388271334, 0.48024932622909544, 0.4590414500236511, 0.46955262660980224, 0.48622492492198943, 0.45113266408443453, 0.48544909954071047, 0.4596656584739685, 0.46786846697330475, 0.45726077258586884, 0.4914469963312149, 0.4479526448249817, 0.4790933692455292, 0.4531593519449234, 0.4661403924226761, 0.4508432751893997, 0.4644623774290085, 0.460613369345665, 0.4549564516544342], "map": 0.6828348797345898}