{"hp": {"lambda": 4, "alpha": 4, "lr": 1e-06, "wd": 0.0001, "bits": 12}, "loss": [4.94069356918335, 4.333804750442505, 4.186028757095337, 4.043915548324585, 3.86639271736145, 3.638032145500183, 3.3768645191192626, 3.1534081363677977, 3.0005960035324097, 2.8770355463027952, 2.776825337409973, 2.70569947719574, 2.65155189037323, 2.5877656030654905, 2.5352080821990968, 2.4908318185806273, 2.4487708044052123, 2.4121733045578004, 2.3789834356307984, 2.3437525463104247, 2.312695207595825, 2.297941179275513, 2.2699874448776245, 2.2368930411338805, 2.213938822746277, 2.2058784055709837, 2.1900125765800476, 2.1695963501930238, 2.158819215297699, 2.14802561044693, 2.131963450908661, 2.1192285442352294, 2.1079921436309816, 2.0947837829589844, 2.081108205318451, 2.072432734966278, 2.06364599943161, 2.058127372264862, 2.0456896829605102, 2.0316368532180786, 2.030680389404297, 2.023723514080048, 2.0139337086677553, 2.0054240560531618, 1.9962994408607484, 1.9910246586799623, 1.9811015486717225, 1.9800661730766296, 1.9726249647140504, 1.9599662375450135, 1.9484281420707703, 1.9580061960220336, 1.9474144029617309, 1.937545986175537, 1.9371666479110718, 1.9292267632484437, 1.9187400937080383, 1.919723858833313, 1.9151533365249633, 1.9082169508934022, 1.9050017094612122, 1.9021303915977479, 1.8919716715812682, 1.897070119380951, 1.881190712451935, 1.8822631072998046, 1.8758462500572204, 1.8723765563964845, 1.8613755083084107, 1.8645522975921631, 1.8506440758705138, 1.8544085121154785, 1.8459660983085633, 1.8566133093833923, 1.8443354487419128, 1.8331420254707336, 1.830625329017639, 1.83103768825531, 1.832739930152893, 1.8249726843833924, 1.815622684955597, 1.8170574927330017, 1.8146324825286866, 1.8037855553627014, 1.797630705833435, 1.7995144891738892, 1.7940690040588378, 1.7884138989448548, 1.7889588499069213, 1.7910808634757995, 1.780048770904541, 1.7729684710502625, 1.7749270009994507, 1.764321141242981, 1.7675158023834228, 1.7669061064720153, 1.7646205568313598, 1.756964042186737, 1.7549876403808593, 1.758173747062683, 1.7505482196807862, 1.7482106518745422, 1.7435927152633668, 1.740980315208435, 1.7360377430915832, 1.733755488395691, 1.7352786421775819, 1.726886010169983, 1.7279970836639404, 1.7225021648406982, 1.7210972452163695, 1.7127561712265014, 1.712472357749939, 1.7101318788528443, 1.7069364309310913, 1.7080567789077759, 1.7006297039985656, 1.7013566994667053, 1.6934957790374756, 1.6973475885391236, 1.6902380633354186, 1.6809171080589294, 1.6779918885231018, 1.683029670715332, 1.6846414470672608, 1.681523928642273, 1.6781286931037902, 1.6702320551872254, 1.6766853213310242, 1.664814705848694, 1.6714089965820313, 1.6696334338188172, 1.6654772233963013, 1.662597496509552, 1.6563423895835876, 1.6528472876548768, 1.6529781317710877, 1.654666395187378, 1.655161383152008, 1.6440894436836242, 1.6429060363769532, 1.6411000561714173, 1.6397527861595154, 1.635427300930023, 1.638075532913208, 1.6342328214645385, 1.633287661075592, 1.6273306393623352, 1.6206212306022645, 1.6293064785003661, 1.6259260511398315, 1.6257751059532166, 1.6227311134338378, 1.6246769332885742, 1.6150192832946777, 1.6155749559402466, 1.6123712468147278, 1.6164581489562988, 1.61166654586792, 1.61017347574234, 1.6035863304138183, 1.5998842334747314, 1.605795645713806, 1.6001396536827088, 1.6001697921752929, 1.5960444355010985, 1.593893702030182, 1.5899955987930299, 1.5975470876693725, 1.586872169971466, 1.5860517883300782, 1.5885741472244264, 1.5888754272460937, 1.5816917657852172, 1.583282241821289, 1.5809032940864562, 1.5776860809326172, 1.5861631655693054, 1.5715577220916748, 1.570166323184967, 1.5748111581802369, 1.5744642949104308, 1.5676056194305419, 1.5698910331726075, 1.5649924731254579, 1.5606250643730164, 1.5609826612472535, 1.5625349950790406, 1.5592100167274474, 1.5600708079338075, 1.555333104133606, 1.5624569702148436, 1.5506136631965637, 1.5493354320526123, 1.5495154643058777, 1.5504971623420716, 1.545080807209015, 1.5445978760719299, 1.5488183307647705, 1.5461958122253419, 1.541746323108673, 1.5410679173469544, 1.5290332221984864, 1.536528058052063, 1.537034661769867, 1.5360185265541078, 1.538639714717865, 1.5380593061447143, 1.5287460923194884, 1.5319856572151185, 1.528333864212036, 1.5230035662651062, 1.5322688221931458, 1.5251040863990784, 1.5268617272377014, 1.528044638633728, 1.5159286236763, 1.5165629649162293, 1.5148041987419127, 1.5196870374679565, 1.5202552461624146, 1.5157350420951843, 1.5143345713615417, 1.5098237705230713, 1.5100229907035827, 1.5095934057235718, 1.505321683883667, 1.50766086101532, 1.510990900993347, 1.5075371670722961, 1.5022851037979126, 1.4960740780830384, 1.4979137039184571, 1.4950581145286561, 1.4954755234718322, 1.4965795803070068, 1.4941586971282959, 1.4970452833175658, 1.5004384803771973, 1.4936817574501038, 1.4931160616874695, 1.4823956847190858, 1.484280939102173, 1.484695372581482, 1.4875032091140747, 1.483513355255127, 1.484829318523407, 1.4863211989402771, 1.479303903579712, 1.4774604558944702, 1.4746566367149354, 1.4694936847686768, 1.4815086317062378, 1.4744947052001953, 1.4780892419815064, 1.478246579170227, 1.4780464124679566, 1.4737054634094238, 1.4690077924728393, 1.4751142835617066, 1.4641588926315308, 1.468482618331909, 1.4720130348205567, 1.4679101181030274, 1.4599553084373473, 1.467965133190155, 1.4653362369537353, 1.4634997153282165, 1.458549871444702, 1.4624278378486633, 1.4629773449897767, 1.4520463562011718, 1.4547938179969788, 1.4488961577415467, 1.4530330276489258, 1.4543344211578368, 1.451125874519348, 1.450245223045349, 1.4524715805053712, 1.4510527682304382, 1.450645501613617, 1.450249397754669, 1.4464770770072937, 1.4428511762619018, 1.4455787801742555, 1.432246015071869, 1.4379383850097656, 1.4377261424064636, 1.433647723197937, 1.4348199677467346, 1.4332534241676331, 1.4367222023010253, 1.4306911754608154, 1.4376748132705688, 1.432151973247528, 1.4257520461082458, 1.4286329412460328, 1.4367486667633056, 1.435726294517517, 1.4226884746551514, 1.4257334136962891, 1.4355006289482117, 1.4233151197433471, 1.4294690442085267, 1.417322940826416, 1.431506633758545, 1.421655547618866, 1.415438950061798, 1.4190479946136474, 1.4163181591033935, 1.4161716151237487, 1.4186711955070495, 1.4159519529342652, 1.4135315227508545, 1.4154113388061524, 1.4169639182090759, 1.4103064918518067, 1.4126725959777833, 1.4150884294509887, 1.4170356678962708, 1.4151967000961303, 1.4087875580787659, 1.4078344202041626, 1.4078102445602416, 1.41082688331604, 1.4033389282226563, 1.4028857421875, 1.4024420881271362, 1.3928352522850036, 1.4075621938705445, 1.3947494912147522, 1.400262930393219, 1.4001824617385865, 1.3915425825119019, 1.3935857105255127, 1.3972169375419616, 1.3983836436271668, 1.3975446605682373, 1.3898038458824158, 1.391899802684784, 1.3906234049797057, 1.3965153646469117, 1.393024866580963, 1.3866611099243165, 1.3853552198410035, 1.3915657329559326, 1.3876766681671142, 1.3926057982444764, 1.3914935183525086, 1.3835854887962342, 1.3893736696243286, 1.3806375741958619, 1.3820334196090698, 1.383362715244293, 1.3804928326606751, 1.3812061190605163, 1.381178548336029, 1.3779501008987427, 1.3838858962059022, 1.383335587978363, 1.382555561065674, 1.371153016090393, 1.3761427760124207, 1.3748599839210511, 1.3747045183181763, 1.3750843811035156, 1.3755640888214111, 1.3732210302352905, 1.3663271498680114, 1.3699078345298767, 1.3725725793838501, 1.3630386209487915, 1.3686546897888183, 1.3674936628341674, 1.3662661981582642, 1.3609644508361816, 1.3641124629974366, 1.3518325996398926, 1.3627764534950257, 1.3574899411201478, 1.3533594942092895, 1.3622448325157166, 1.357646119594574, 1.351766049861908, 1.356238145828247, 1.361617500782013, 1.36116938829422, 1.35839008808136, 1.3584220433235168, 1.3600946307182311, 1.3599785447120667, 1.3509565281867981, 1.358150930404663, 1.3527051949501037, 1.3589063954353333, 1.353779718875885, 1.3549213576316834, 1.3503558731079102, 1.350210223197937, 1.3482271862030029, 1.3478676223754882, 1.3484401893615723, 