{"hp": {"lambda": 0.5, "alpha": 0.5, "lr": 0.0001, "wd": 1e-05, "bits": 12}, "loss": [1.3027649629116058, 0.48196392953395845, 0.4315461218357086, 0.3988572829961777, 0.37806743264198306, 0.3558785969018936, 0.34824265718460085, 0.33781695246696475, 0.3202277675271034, 0.31595261573791505, 0.3046041598916054, 0.28869195073843, 0.28865311175584796, 0.2761218982934952, 0.25829308092594144, 0.26205367982387545, 0.24543702751398086, 0.23997515082359314, 0.2390240028500557, 0.23081250250339508, 0.22557446539402007, 0.214525485932827, 0.20646822333335876, 0.20148554265499116, 0.20049405038356782, 0.19389012455940247, 0.191586936712265, 0.18825870335102082, 0.18699546098709108, 0.1725337278842926, 0.1737544873356819, 0.17082574605941772, 0.1668563736975193, 0.16154923170804977, 0.16163054823875428, 0.15525554478168488, 0.1526624593138695, 0.15308094203472136, 0.14359330132603645, 0.14879011660814284, 0.142206562012434, 0.13953411519527437, 0.13462381631135942, 0.13465294420719146, 0.13355738520622254, 0.12572625085711478, 0.1293409776687622, 0.1295802392065525, 0.12311195746064187, 0.1211152932047844, 0.12082793340086936, 0.11030583500862122, 0.11584434390068055, 0.11654410287737846, 0.10979736492037773, 0.10891032546758651, 0.10529956996440887, 0.10683966040611267, 0.10200919345021248, 0.10212744250893593, 0.10263672590255737, 0.10189950689673424, 0.09297132834792138, 0.0932873597741127, 0.0962702678143978, 0.10143272757530213, 0.08673884853720665, 0.08813943848013878, 0.08759622022509575, 0.08727556228637695, 0.08244800865650177, 0.09483609870076179, 0.08020377904176712, 0.0808645536005497, 0.08033848024904727, 0.08297572955489159, 0.07828689269721507, 0.07995793983340263, 0.07836163364350796, 0.07693716265261173, 0.07610566414892674, 0.07552465215325356, 0.07121917866170406, 0.07063232004642486, 0.07054474666714668, 0.07297912821173667, 0.06454938903450966, 0.07279509775340558, 0.06836920879781246, 0.06666672512888909, 0.06685968585312367, 0.06378005266189575, 0.06476057879626751, 0.06862572327256203, 0.06280798383057118, 0.0593565259873867, 0.06275285132229329, 0.0621519985049963, 0.06318009234964847, 0.05990213170647621, 0.055649407655000684, 0.061159319952130316, 0.05860000766813755, 0.05958110526204109, 0.0534479696303606, 0.05637741647660732, 0.05622985906898975, 0.05724892035126686, 0.053616688922047614, 0.05606370635330677, 0.052576135694980625, 0.05129519321024418, 0.05016954459249973, 0.053690914809703824, 0.04876564115285873, 0.0525240645557642, 0.05109755553305149, 0.052674206420779225, 0.04818951971828937, 0.04920429527759552, 0.05266138605773449, 0.0463476150482893, 0.044495979398489, 0.056746004447340966, 0.04122850969433785, 0.04364069275557995, 0.051498044170439246, 0.04491639144718647, 0.041566081680357456, 0.04716532312333584, 0.04365230068564415, 0.045410416647791864, 0.04389089621603489, 0.0474313772469759, 0.03966874688863754, 0.040207977183163164, 0.04376055460423231, 0.043452371917665, 0.040015396662056446, 0.040939703173935416, 0.04007531631737948, 0.04498997803777456, 0.045342010334134104, 0.03530211694538593, 0.044286982901394364, 0.0369435116276145, 0.03494426228106022, 0.040535139627754686, 0.0411762847751379, 0.03660772368311882, 0.03611565034836531, 0.04083577483892441, 0.03760951589792967, 0.03536959148943424, 0.04243045575916767, 0.036115522533655166, 0.03910609040409327, 0.03450180325657129, 0.03489285338670015, 0.0362524826079607, 0.03330060917884112, 0.039773942977190016, 0.03595076307654381, 0.03118696715682745, 0.03378313384950161, 0.037124549597501756, 0.0372783075645566, 0.02878929704427719, 0.039418768361210825, 0.02898504488170147, 0.03442972917109728, 0.03343051828444004, 0.03469255678355694, 0.03246494948863983, 0.030219335556030274, 0.03264322329312563, 0.03140261691063642, 0.035863274447619914, 0.030839899703860283, 0.030514055863022804, 0.03658630881458521, 0.035976928398013114, 0.02527803532779217, 0.030185234621167182, 0.030887648910284043, 0.02758496217429638, 0.03067454047501087, 0.03163277953863144, 0.030114370435476302, 0.030335859693586827, 0.03440141011029482, 0.025628656074404718, 0.029517984800040722, 0.026695089749991893, 0.03282762721180916, 0.0342430117353797, 0.024436347670853138, 0.031683665923774244, 0.026255191043019294, 0.026684524267911913, 0.03065681505948305, 0.028654946610331536, 0.029890440180897714, 0.027055903673171997, 0.02908004567027092, 0.026247604489326476, 0.026684782803058624, 0.027386589385569097, 0.02653002370148897, 0.02984094452112913, 0.02876175556331873, 0.028209606669843196, 0.023102049082517624, 0.026302066743373872, 0.025441469475626945, 0.03078031785786152, 0.02431876940652728, 0.02402006072923541, 0.026977752968668937, 0.029842026755213736, 0.0227384633384645, 0.02917966719716787, 0.02957869989797473, 0.02053268885239959, 0.023745632879436016, 0.029203472770750524, 0.02360891444608569, 0.027193692922592164, 0.02270578233525157, 0.025699588637799024, 0.02645272321999073, 0.021793774496763944, 0.023530784510076046, 0.027704085484147073, 0.021639416851103307, 0.024685678407549858, 0.024239297322928906, 0.030252173598855733, 0.02057134460657835, 0.023056228030472994, 0.02204809308052063, 0.023922349363565444, 0.024921919517219067, 0.021254531890153885], "map": 0.8283870435458597}