{"hp": {"lambda": 4, "alpha": 1, "lr": 1e-05, "wd": 0.0001, "bits": 12}, "loss": [1.4453616952896118, 1.075681630373001, 1.0106544280052185, 0.9772126805782319, 0.9473170185089111, 0.928186160326004, 0.9091818463802338, 0.8928193140029907, 0.88022421002388, 0.8653448557853699, 0.8510798120498657, 0.8364805710315705, 0.8242560887336731, 0.8118892073631286, 0.8015007126331329, 0.7937216126918792, 0.783054769039154, 0.7725328373908996, 0.7689772462844848, 0.7613735151290894, 0.7540353846549988, 0.7475494420528412, 0.7431604516506195, 0.7364355146884918, 0.7361759090423584, 0.729550598859787, 0.7258472275733948, 0.7192301595211029, 0.7159327185153961, 0.7113670408725739, 0.7072545266151429, 0.7028714120388031, 0.7002529931068421, 0.6928429913520813, 0.6919403779506683, 0.6880378305912018, 0.6856960523128509, 0.6837484192848206, 0.6809565389156341, 0.6776161813735961, 0.6724939727783203, 0.6717096889019012, 0.6680862712860107, 0.6669950556755065, 0.6641297149658203, 0.6579379308223724, 0.6588422882556916, 0.6555889570713043, 0.6562397611141205, 0.6496355295181274, 0.6509359085559845, 0.6458435583114625, 0.6433337581157684, 0.6419854116439819, 0.6380259788036347, 0.6364212954044342, 0.6351257479190826, 0.6339565312862396, 0.6313367187976837, 0.6293596410751343, 0.6286997449398041, 0.6231627893447876, 0.62407968044281, 0.6217655718326569, 0.6195943129062652, 0.6169724690914155, 0.6167620182037353, 0.6143700897693634, 0.6132074582576752, 0.6116787767410279, 0.6083855378627777, 0.6075147604942321, 0.6081990694999695, 0.6067537075281143, 0.6031797516345978, 0.6025076997280121, 0.6018559849262237, 0.5978936481475831, 0.6002458965778351, 0.5953868281841278, 0.5933615636825561, 0.5917410683631897, 0.5933276212215424, 0.5932374793291092, 0.5907415127754212, 0.5836554557085037, 0.5873922038078309, 0.5848641800880432, 0.5831605052947998, 0.5847551512718201, 0.583906819820404, 0.5801543343067169, 0.5789200139045715, 0.5792965757846832, 0.5769445919990539, 0.5735384464263916, 0.5751981651782989, 0.5699184149503708, 0.5741170966625213, 0.572880597114563, 0.5697348207235337, 0.5676723897457123, 0.565200269818306, 0.566149833202362, 0.564766828417778, 0.5660778993368148, 0.562558320760727, 0.5613151174783707, 0.5574014556407928, 0.5600544780492782, 0.5596474838256836, 0.5573185348510742, 0.556599051952362, 0.5538398879766464, 0.5522961151599884, 0.5547734713554382, 0.5538082844018937, 0.5517397820949554, 0.5499745321273803, 0.5479688227176667, 0.5468386536836625, 0.548821667432785, 0.5444496393203735, 0.545107815861702, 0.5438606071472168, 0.5452059447765351, 0.5423778450489044, 0.5427435225248337, 0.5419081223011016, 0.5406470584869385, 0.5376678222417831, 0.5357222962379455, 0.5374778497219086, 0.5367257046699524, 0.5361887979507446, 0.5361915284395218, 0.5336552453041077, 0.5370051676034927, 0.5312175112962723, 0.5312528365850449, 0.5290192592144013, 0.5306774359941483, 0.5284549218416214, 0.5266198110580445, 0.5278958261013031, 0.5302850425243377, 0.5242350775003434, 0.5253513658046722, 0.52083143055439, 0.5253451609611511, 0.5235452181100846, 0.5221066933870315, 0.518999518752098, 0.5235843342542649, 0.5188783943653107, 0.5215612238645554, 0.5182404738664627, 0.5170696026086807, 0.5157912176847458, 0.5162260389328003, 0.5153969544172287, 0.5139202517271042, 0.5135025727748871, 0.5143100273609161, 0.5117565858364105, 0.513248890042305, 0.5118219423294067, 0.509580118060112, 0.5089111077785492, 0.5085365617275238, 0.508266670703888, 0.5080046731233597, 0.5060584676265717, 0.5068009048700333, 0.5040753704309463, 0.5046816998720169, 0.5081405836343765, 0.5040857237577439, 0.5013378256559372, 0.5010098135471344, 0.4991540294885635, 0.5001401644945145, 0.5044032549858093, 0.49784737944602964, 0.497601323723793, 0.4977051955461502, 0.4994255292415619, 0.49899266958236693, 0.4980804336071014, 0.4947186428308487, 0.4978795272111893, 0.4944552683830261, 0.49313627660274506, 0.4943223512172699, 0.4926010936498642, 0.49210830211639406, 0.49219233214855196, 0.4923551231622696, 0.4912316381931305, 0.4975545859336853, 0.48964379608631137, 0.48690308034420016, 0.48889025270938874, 0.48916652202606203, 0.4874131441116333, 0.48561072409152983, 0.4861979365348816, 0.4856009197235107, 0.4848832893371582, 0.48198551416397095, 0.4842338466644287, 0.48383558452129366, 0.48113708436489105, 0.483864706158638, 0.48111206471920015, 0.4832044672966003, 0.48047942578792574, 0.4813621813058853, 0.48037177324295044, 0.4802605497837067, 0.481489964723587, 0.47947136223316195, 0.4789831048250198, 0.4743685615062714, 0.47517884194850923, 0.47437822580337524, 0.477118439078331, 0.47429990947246553, 0.47370814383029936, 0.4730362492799759, 0.473366025686264, 0.47371140599250794, 0.4716923540830612, 0.47062044084072113, 0.4704858863353729, 0.47161890387535094, 0.47253515660762785, 0.46669664442539216, 0.46812220573425295, 0.47009983777999875, 0.4667167592048645, 0.4666802948713303, 0.46681723177433015, 0.4673776853084564, 0.46428785800933836, 0.46412749409675597, 0.46650472342967986, 0.46413242280483247, 0.4658217775821686, 0.4638510155677795, 0.4639612454175949, 0.4649805122613907, 0.46166741490364077, 0.46025644183158876, 0.4629800093173981, 0.4623677188158035, 0.4620895177125931, 0.46016394317150117, 0.4608310598134995, 0.4618713146448135, 0.45742537319660187, 0.45922796189785003, 0.46050071775913237, 0.45949179530143736, 0.4592146235704422, 0.45649334907531736, 0.45692591011524203, 0.4562533783912659, 0.45524311184883115, 0.45628212749958036, 0.45551660358905793, 0.45407790124416353, 0.45575519919395446, 0.4558057391643524, 0.45490197598934173, 0.45559109687805177, 0.4556418353319168, 0.4490756690502167, 0.4539437735080719, 0.45126444697380064, 0.45212225973606107, 0.45250093936920166, 0.45048185825347903, 0.44854731261730196, 0.44846303284168243, 0.4535427850484848, 0.4469903713464737, 0.45116420805454255, 0.4487218248844147, 0.447372755408287, 0.4475861930847168, 0.4471139252185822, 0.4440784114599228, 0.44487937927246096, 0.4459322255849838, 0.4458665585517883, 0.44342168033123014, 0.44680566728115084, 0.4444094467163086, 0.4450618606805801, 0.44418731272220613, 0.4430670511722565, 0.4446455752849579, 0.44659785747528075, 0.44495126128196716, 0.44239618599414826, 0.44483280897140504, 0.4403099304437637, 0.4411169803142548, 0.44111644744873046, 0.43907218039035795, 0.44125528454780577, 0.4390968185663223, 0.4411754530668259, 0.43628515660762784, 0.43730279088020324, 0.43977707147598266, 0.4402171391248703, 0.4387217438220978, 0.4387274783849716, 0.43599054753780364, 0.4358913910388946, 0.4380905616283417, 0.43860111594200135, 0.43387418031692504, 0.43785676956176756, 0.4370476281642914, 0.4355374050140381, 0.43455725848674776, 0.43572293519973754, 0.4332833099365234, 0.43305284082889556, 0.43131848752498625, 0.43392538011074067, 0.43405615627765654, 0.4342631793022156, 0.4313674974441528, 0.4307207518815994, 0.43288646519184115, 0.4318440502882004, 0.4325248920917511, 0.4283544951677322, 0.4311701875925064, 0.432253737449646, 0.4307148796319962, 0.428148056268692, 0.42874837458133697, 0.4269299525022507, 0.4277348214387894, 0.4257694762945175, 0.42864644587039946, 0.42679161608219146, 0.4281207901239395, 0.4249973630905151, 0.42699830889701845, 0.42810096859931945, 0.4261464619636536, 0.424302436709404, 0.4259141653776169, 0.42735087394714355, 0.4260884958505631, 0.425852352976799, 0.4274685090780258, 0.4250880241394043, 0.42513127863407135, 0.4238085454702377, 0.4259710419178009, 0.42398582756519315, 0.4242395377159119, 0.4219079691171646, 0.42472978830337527, 0.42058669865131376, 0.4224542599916458, 0.42149481356143953, 0.42232524991035464, 0.4223294109106064, 0.4246257323026657, 0.420814311504364, 0.42058502256870267, 0.42132673144340516, 0.4209273284673691, 0.41959144473075866, 0.42079688906669616, 0.4211786961555481, 0.42080207347869875, 0.41758654177188875, 0.42025086581707, 0.4192564159631729, 0.4172544348239899, 0.417085195183754, 0.4203318822383881, 0.4175687426328659, 