{"hp": {"lambda": 4, "alpha": 2, "lr": 0.0001, "wd": 0.0001, "bits": 12}, "loss": [3.1631946110725404, 1.3285554003715516, 1.2270776534080505, 1.1915244674682617, 1.1377854204177857, 1.0955960929393769, 1.106436141729355, 1.0567443656921387, 1.0429508733749389, 0.9946748280525207, 0.9967634904384614, 0.980139946937561, 0.9585252034664155, 0.9347235512733459, 0.9247143268585205, 0.9190286314487457, 0.880645444393158, 0.8886007642745972, 0.8606443190574646, 0.8441077446937562, 0.8360926592350006, 0.8350981271266937, 0.8137682616710663, 0.8058494019508362, 0.7828988063335419, 0.7870732641220093, 0.7740488779544831, 0.7640491199493408, 0.7410711681842804, 0.7622786641120911, 0.7344525003433228, 0.7189440202713012, 0.714294353723526, 0.7081385600566864, 0.7013753402233124, 0.6871502315998077, 0.6922537410259246, 0.6741948747634887, 0.677722727060318, 0.666238225698471, 0.6582294702529907, 0.6391561233997345, 0.6339479732513428, 0.6427764797210693, 0.6235046482086182, 0.6220756220817566, 0.6049508333206177, 0.6172915744781494, 0.6092479813098908, 0.6044882380962372, 0.5866837447881699, 0.5830163598060608, 0.6034336763620377, 0.5624658161401749, 0.5669271564483642, 0.567918067574501, 0.5738862842321396, 0.548534837961197, 0.563746372461319, 0.5504604184627533, 0.5297095394134521, 0.5547475504875183, 0.536695477962494, 0.523052504658699, 0.530789116024971, 0.528760199546814, 0.5130777019262314, 0.5203026765584946, 0.5127514690160752, 0.5083408963680267, 0.506426910161972, 0.4980971378087997, 0.4902463358640671, 0.509535420536995, 0.47413159608840943, 0.49702610313892365, 0.48360133469104766, 0.47331353843212126, 0.4700725567340851, 0.48534336090087893, 0.47001252830028534, 0.4778322994709015, 0.44734748542308805, 0.477584193944931, 0.45320224583148955, 0.45817503035068513, 0.45293077230453493, 0.4520790219306946, 0.45907666623592375, 0.4411305928230286, 0.448731803894043, 0.4285054761171341, 0.4392824524641037, 0.42990489542484284, 0.4392626518011093, 0.42199407815933226, 0.4393265807628632, 0.41955691039562226, 0.41605218887329104, 0.43428287148475647, 0.41424154222011567, 0.4085652655363083, 0.4224746686220169, 0.4158945709466934, 0.4055056941509247, 0.4105615520477295, 0.40494658529758454, 0.40332812309265137, 0.4030495697259903, 0.3957922273874283, 0.3990427500009537, 0.3953365880250931, 0.3926489388942718, 0.3977902978658676, 0.3888431477546692, 0.3970007652044296, 0.3791936928033829, 0.38397068202495577, 0.39261683225631716, 0.380854868888855, 0.37357083082199094, 0.38335356295108797, 0.38282524585723876, 0.37633641600608825, 0.36871681332588196, 0.37135768711566924, 0.3727960222959518, 0.3768842327594757, 0.3673249477148056, 0.3689099931716919, 0.3670812100172043, 0.35953996658325194, 0.3632245534658432, 0.3666580641269684, 0.354552943110466, 0.3525249433517456, 0.3652105098962784, 0.3503373610973358, 0.36148548424243926, 0.3571639281511307, 0.3407152432203293, 0.3584293013811111, 0.33897690773010253, 0.35270120918750764, 0.3532190412282944, 0.34094668507575987, 0.34319242715835574, 0.3357436090707779, 0.35704056799411776, 0.3332786309719086, 0.33899491250514985, 0.3392447930574417, 0.32962243735790253, 0.3427621239423752, 0.3500180649757385, 0.3257185101509094, 0.33159879863262176, 0.3425771790742874, 0.32842817187309264, 0.3291370540857315, 0.3267540055513382, 0.3265605413913727, 0.33615088105201724, 0.3219733744859695, 0.3239537248015404, 0.3210159879922867, 0.3241900020837784, 0.333219376206398, 0.3171136918663979, 0.31911621034145354, 0.3262448161840439, 0.32181219041347503, 0.3051415115594864, 0.3296326214075089, 0.31381466835737226, 0.31093398660421373, 0.3137743031978607, 0.3174603086709976, 0.3073084741830826, 0.3091773360967636, 0.30437652587890623, 0.3260565459728241, 0.3106853151321411, 0.29708062052726747, 0.3124160498380661, 0.30704525113105774, 0.2908710488677025, 0.30516852647066117, 0.2979110342264175, 0.3126357725262642, 0.305434952378273, 0.2947444799542427, 0.30670003831386566, 0.2940003252029419, 0.3088641232252121, 0.2860660570859909, 0.3020423749089241, 0.29916568100452423, 0.2940120241045952, 0.3010083103179932, 0.28985467106103896, 0.30348055839538574, 0.2892688947916031, 0.29324547171592713, 0.3038634097576141, 0.2780331403017044, 0.29824704766273497, 0.2885920944809914, 0.2886390608549118, 0.2906425669789314, 0.2831403660774231, 0.28467036962509157, 0.2853828430175781, 0.29324666887521744, 0.28488050937652587, 0.2854740458726883, 0.28571269124746324, 0.28260714054107666, 0.2861658290028572, 0.2788224369287491, 0.2828905698657036, 0.27779495328664777, 0.2791339322924614, 0.28101965188980105, 0.27051549404859543, 0.28960074841976163, 0.27272458404302596, 0.2816077893972397, 0.27815856516361237, 0.2720802953839302, 0.2845959222316742, 0.26829706102609635, 0.2801202547550201, 0.2685096475481987, 0.2772040471434593, 0.2635990056395531, 0.2837943035364151, 0.27522813200950624, 0.27031656831502915, 0.27145838022232055, 0.2718183270096779, 0.2669238066673279, 0.2736789959669113, 0.27884966760873797, 0.2626641118526459, 0.26473956167697904, 0.275006058216095, 0.26955587178468704, 0.26645041137933734, 0.2621737000346184, 0.26907777577638625, 0.26071055352687833, 0.27803137212991713, 0.26262772619724273, 0.25799051582813265, 0.25921819239854815, 0.26225816309452055, 0.25997680842876436, 0.2732328522205353, 0.25902113169431684, 0.2596322423219681, 0.2639095187187195, 0.25977395445108414, 0.2585105648636818, 0.26741183072328567, 0.25777866303920743, 0.2634573620557785, 0.2583467024564743, 0.25521172225475314, 0.26096330732107165, 0.2642393136024475, 0.25973393440246584, 0.2598633247613907, 0.24874600797891616, 0.2566072911024094, 0.26218596667051314, 0.2501822826266289, 0.2536370486021042, 0.2609826418757439, 0.24957378953695297, 0.2630173954367638, 0.2509356594085693, 0.25142657160758974, 0.24774162352085113, 0.2608403542637825, 0.24951648861169815, 0.25776646435260775, 0.24855902314186096, 0.2617990311980247, 0.24877727061510085, 0.24393628656864166, 0.25521936744451523, 0.2567884188890457, 0.24427521228790283, 0.2536380422115326, 0.2477467727661133, 0.24817147672176362, 0.2503670266270637, 0.24698583632707596, 0.25081319123506546, 0.25256688803434374, 0.24712384819984437, 0.24407272100448607, 0.24833730190992356, 0.2466122993826866, 0.24571000576019286, 0.24520868122577666, 0.24955321788787843, 0.24672653317451476, 0.25163827300071717, 0.23906958162784575, 0.24897472590208053, 0.2503591626882553, 0.24056881189346313, 0.2520083311200142, 0.24257394224405288, 0.2462444105744362, 0.23945167243480683, 0.24368140548467637, 0.23767737716436385, 0.2512081441283226, 0.24078998684883118, 0.24645510762929917, 0.2442393818497658, 0.23947256565093994, 0.24486397713422775, 0.2463603413105011, 0.2336687308549881, 0.24457632184028624, 0.2487403556704521, 0.22909073621034623, 0.24486846923828126, 0.23697218030691147, 0.24243404030799864, 0.2401931557059288, 0.23648611694574356, 0.2517827773094177, 0.2246083840727806, 0.24259074836969374, 0.2386874735355377, 0.2389460524916649, 0.23300944447517394, 0.23643266558647155, 0.24488168507814406, 0.2366388589143753, 0.23854729920625686, 0.23462176591157913, 0.23770383477211, 0.23783028602600098, 0.24646706253290177, 0.22556548327207565, 0.24844627648591996, 0.22789783656597137, 0.23875356405973436, 0.24103000193834304, 0.22105236113071441, 0.24128577142953872, 0.23650787323713302, 0.22840771049261094, 0.23583649158477782, 0.23718364745378495, 0.22463631570339204, 0.24404254525899888, 0.22790175586938857, 0.2364300447702408, 0.23543594509363175, 0.22840917229652405, 0.23429815232753753, 0.23664601713418962, 0.22861339300870895, 0.22842196941375734, 0.2380446422100067, 0.22297095775604248, 0.23327708274126052, 0.2312549704313278, 0.2353431251645088], "map": 0.6385257065269347}