{"hp": {"lambda": 4, "alpha": 0.5, "lr": 0.0001, "wd": 1e-05, "bits": 12}, "loss": [3.076110737323761, 0.8444961202144623, 0.7894294810295105, 0.7669902229309082, 0.7374757194519043, 0.730928807258606, 0.7130173003673553, 0.6984481692314148, 0.6771272695064545, 0.6771794879436492, 0.6611156857013702, 0.6419066321849823, 0.6433992421627045, 0.6250069296360016, 0.6274880188703537, 0.6025196987390519, 0.6038801127672195, 0.5748432576656342, 0.5764557397365571, 0.5662804180383683, 0.5523477971553803, 0.5399736022949219, 0.536235226392746, 0.5286045980453491, 0.5121666169166565, 0.516626764535904, 0.5115721118450165, 0.49962543666362763, 0.482631613612175, 0.49387492358684537, 0.4745396953821182, 0.4739266973733902, 0.4652938485145569, 0.4666195785999298, 0.46152541518211365, 0.4406395936012268, 0.4541729253530502, 0.4485841065645218, 0.42856982350349426, 0.43365553736686707, 0.42605400025844575, 0.41977831661701204, 0.41989867746829984, 0.41174797594547274, 0.4096224403381348, 0.4158910197019577, 0.3933503437042236, 0.39931854605674744, 0.4012917184829712, 0.3911298549175262, 0.38902592062950136, 0.39035693287849427, 0.38140482366085054, 0.37070264339447023, 0.37155654191970827, 0.3758419519662857, 0.3713668727874756, 0.36132576286792756, 0.3627840328216553, 0.3610271942615509, 0.35373337507247926, 0.3520653051137924, 0.35075789570808413, 0.3485439443588257, 0.3480119246244431, 0.3418699944019318, 0.34545003771781924, 0.3304263216257095, 0.3354630374908447, 0.34032453954219816, 0.3285171490907669, 0.32642635226249694, 0.3219930046796799, 0.33101804316043854, 0.31886140793561935, 0.31027188450098037, 0.32703312873840334, 0.31680520296096804, 0.3108906251192093, 0.3123125222325325, 0.3124085620045662, 0.31144137263298033, 0.30979291915893553, 0.3007301488518715, 0.2975849774479866, 0.3178527170419693, 0.3010586914420128, 0.2918395674228668, 0.2980146950483322, 0.29669510006904604, 0.2988792112469673, 0.2945277535915375, 0.2913348749279976, 0.2849471229314804, 0.29015168100595473, 0.2849524337053299, 0.28761914640665054, 0.2861033219099045, 0.2859562310576439, 0.2808879464864731, 0.2817388653755188, 0.27500846415758134, 0.27630513697862624, 0.2827086383104324, 0.27515118330717087, 0.27899941951036455, 0.2712602648139, 0.2788516375422478, 0.2628100201487541, 0.2759554633498192, 0.2646526622772217, 0.2697170454263687, 0.2663365098834038, 0.27490983992815016, 0.25225360572338107, 0.27331289410591125, 0.2610729917883873, 0.2624524635076523, 0.26282122761011123, 0.26693693935871127, 0.25633235663175585, 0.2633126774430275, 0.2546932905912399, 0.25390677094459535, 0.26264550149440763, 0.24951424956321716, 0.2631527554988861, 0.257017517387867, 0.2509503698348999, 0.2559382066130638, 0.2561214464902878, 0.24847310215234755, 0.2536121600866318, 0.2439859277009964, 0.255960488319397, 0.25268231958150866, 0.24334281533956528, 0.24833050042390822, 0.2441336166858673, 0.24946623146533967, 0.2533060756325722, 0.23536980986595155, 0.2509197184443474, 0.2454352769255638, 0.2433306023478508, 0.24410024911165237, 0.23863275855779648, 0.24518742471933364, 0.24134816408157347, 0.23610141396522522, 0.23804180949926376, 0.24076012045145034, 0.24031098335981368, 0.23870513170957566, 0.24244000017642975, 0.2423646941781044, 0.23551736772060394, 0.2342359507083893, 0.2428861850500107, 0.23268121719360352, 0.23475583851337434, 0.2334928807616234, 0.23154930233955384, 0.24158676356077194, 0.22275863349437713, 0.23462136030197145, 0.23370342433452607, 0.22733007043600081, 0.2337851917743683, 0.2362276518344879, 0.22774473696947098, 0.2322918289899826, 0.22952990025281905, 0.22725797951221466, 0.23254352331161499, 0.229045287668705, 0.22857843905687333, 0.22952167212963104, 0.22254732757806778, 0.2284925788640976, 0.22489239692687987, 0.22579225331544875, 0.228498477935791, 0.2237411066889763, 0.22412867337465286, 0.2327185019850731, 0.22281223356723787, 0.21655239313840866, 0.23138104498386383, 0.2221257930994034, 0.2244970890879631, 0.2268018764257431, 0.21912420332431792, 0.22529750913381577, 0.21842314302921295, 0.22307554006576538, 0.22240116834640503, 0.21985611140727998, 0.22608317255973817, 0.2137990975379944, 0.22676564395427704, 0.21819266468286513, 0.2238934114575386, 0.21847921162843703, 0.21620928943157197, 0.22285554975271224, 0.21519217282533645, 0.2189497509598732, 0.2192485100030899, 0.21998025208711625, 0.21778720796108245, 0.2163139235973358, 0.21559607684612275, 0.21881326377391816, 0.2107451617717743, 0.21949298292398453, 0.21934506565332412, 0.21505201876163482, 0.21578788459300996, 0.218515040576458, 0.21355311453342438, 0.21651004612445832, 0.2164659982919693, 0.21130799680948256, 0.21919850498437882, 0.21594021826982499, 0.207346128821373, 0.21826473832130433, 0.2142259708046913, 0.2109871479868889, 0.21394663155078888, 0.21323844254016877, 0.21400729507207872, 0.2146605980396271, 0.20757261037826538, 0.2145303651690483, 0.21322270542383193, 0.20980201035737991, 0.21198014587163924, 0.21361929595470427, 0.21044546693563462, 0.21394202262163162, 0.20930460900068282, 0.21147406190633775, 0.20475820541381837, 0.21212755918502807, 0.21248534858226775, 0.2092567589879036, 0.20882576644420625, 0.21165648669004442, 0.2035066795349121, 0.21110313832759858, 0.20972855836153032, 0.21504395753145217, 0.2031566894054413, 0.20492132008075714, 0.2140492779016495, 0.20214614987373353, 0.21227648079395295, 0.20730577081441878, 0.20355812042951585, 0.20343996047973634, 0.21517882436513902, 0.2077286970615387, 0.2082272469997406, 0.20894261956214905, 0.2034287506341934, 0.20364794611930848, 0.2051689913868904, 0.20770758897066116, 0.20875245481729507, 0.20545825332403184, 0.20631570428609847, 0.20809337764978408, 0.20028444558382033, 0.21085285097360612, 0.20495354562997817, 0.20088469475507736, 0.20783043831586837, 0.19710769683122634, 0.2112586697936058, 0.19948080271482468, 0.21182815223932266, 0.19959933072328567, 0.20020774513483047, 0.20673765808343889, 0.20251167118549346, 0.2071453696489334, 0.20402087420225143, 0.20560039103031158, 0.19912297040224075, 0.21035987317562102, 0.1966879504919052, 0.20482005923986435, 0.20524278700351714, 0.203818399310112, 0.19770124614238738, 0.20364910572767259, 0.20766736209392547, 0.19921695977449416, 0.2006395775079727, 0.2079410034418106, 0.20366953521966935, 0.19626689583063125, 0.20434583783149718, 0.20316682130098343, 0.2013837653398514, 0.2038304603099823, 0.19853960752487182, 0.20318044632673263, 0.2057696196436882, 0.19687970638275146, 0.19761428862810135, 0.2057962676882744, 0.20197642028331755, 0.1939458155632019, 0.20422745674848555, 0.2011696517467499, 0.20246753722429275, 0.201181358397007, 0.19798743814229966, 0.20334675461053847, 0.1961415958404541, 0.20239932119846343, 0.19954312831163407, 0.2019345071911812, 0.19445617973804474, 0.2051855143904686, 0.19433193355798722, 0.20481164902448654, 0.1974134761095047, 0.19559358954429626, 0.2027893602848053, 0.1976846721768379, 0.20298131465911864, 0.1944540697336197], "map": 0.43644930056119935}