{"hp": {"lambda": 2, "alpha": 1, "lr": 1e-05, "wd": 1e-05, "bits": 12}, "loss": [1.1142405736446381, 0.8128134238719941, 0.7623137354850769, 0.728878093957901, 0.7076043462753296, 0.6860374510288239, 0.6735713446140289, 0.6570536971092225, 0.6461974632740021, 0.6337782323360444, 0.6290149688720703, 0.6174802422523499, 0.6125420367717743, 0.5999379658699036, 0.5963338059186936, 0.5905843687057495, 0.5801268649101258, 0.5735710221529007, 0.566107302904129, 0.5644282400608063, 0.5569199639558792, 0.5511616307497025, 0.5449397426843643, 0.5433366990089417, 0.5369364976882934, 0.5308054041862488, 0.5262833034992218, 0.5232137644290924, 0.5214977079629898, 0.5163798618316651, 0.5128383594751358, 0.5072565323114395, 0.50397196829319, 0.5017371112108231, 0.4986189752817154, 0.493033384680748, 0.49297182738780976, 0.48700073480606076, 0.4849049371480942, 0.4835867547988892, 0.4791622632741928, 0.4772438132762909, 0.47634303152561186, 0.4715839993953705, 0.4703963553905487, 0.4670527535676956, 0.46352938055992127, 0.4602709949016571, 0.45977063715457916, 0.45615345537662505, 0.45161518394947053, 0.45221147179603577, 0.4488117563724518, 0.44575120627880094, 0.4448761457204819, 0.4430430376529694, 0.44124675273895264, 0.43916511178016665, 0.4384838616847992, 0.43469827830791474, 0.4337995368242264, 0.4322448110580444, 0.42718558132648465, 0.42356964349746706, 0.42564927160739896, 0.42498167753219607, 0.42183292508125303, 0.4183830600976944, 0.4191502034664154, 0.4165398842096329, 0.41454712867736815, 0.41269175231456756, 0.4091572415828705, 0.40915178894996646, 0.40703255593776705, 0.4052549242973328, 0.40566036880016326, 0.40233748853206636, 0.39925834953784944, 0.3993461143970489, 0.3985469311475754, 0.3972175174951553, 0.39643463015556335, 0.3911259478330612, 0.39134705722332, 0.3899614441394806, 0.3889436328411102, 0.38740095376968386, 0.38627197802066804, 0.38622371196746824, 0.38428022801876066, 0.38200992166996, 0.38188748717308046, 0.38214687407016756, 0.3799950695037842, 0.37447392344474795, 0.376858589053154, 0.3752963507175446, 0.37167583346366884, 0.3735934364795685, 0.3720253521203995, 0.36916207015514374, 0.36949254214763644, 0.36449068069458007, 0.36745873868465423, 0.3640058523416519, 0.36271533370018005, 0.3620287638902664, 0.36172896683216094, 0.3597282522916794, 0.3574905610084534, 0.35843360364437105, 0.3567729038000107, 0.35623045146465304, 0.35474194765090944, 0.35577576875686645, 0.3516347944736481, 0.3525649052858353, 0.35169305086135866, 0.34837429761886596, 0.34798219203948977, 0.34737261176109313, 0.34654622852802275, 0.3455835086107254, 0.34532668232917785, 0.34527406573295594, 0.34113249838352205, 0.34177628040313723, 0.3410386723279953, 0.33922328233718874, 0.33978314220905304, 0.3371641182899475, 0.33760681927204134, 0.3355088686943054, 0.33528594076633456, 0.3320061266422272, 0.33342100083827975, 0.3321888756752014, 0.33116902351379396, 0.33190666675567626, 0.3303187453746796, 0.32823124289512634, 0.3299328964948654, 0.32540989756584165, 0.32517214834690095, 0.32612401962280274, 0.32554035127162934, 0.32363651514053343, 0.3225523120164871, 0.32187353491783144, 0.322535360455513, 0.32104511141777037, 0.31999281704425814, 0.31866622865200045, 0.3169424247741699, 0.3170714563131332, 0.31684141635894775, 0.31488867342472077, 0.3131288677453995, 0.3143094646930695, 0.31503721356391906, 0.3117785406112671, 0.31033824920654296, 0.31273315846920013, 0.30818277955055234, 0.3086513090133667, 0.3084209102392197, 0.3073007321357727, 0.30826721370220184, 0.30748554050922394, 0.30479165554046633, 0.3055977338552475, 0.302491697371006, 0.3029450926184654, 0.3021166557073593, 0.3000073176622391, 0.30214948534965513, 0.301364398598671, 0.30013668090105056, 0.29943257331848144, 0.2987768560647964, 0.2969301950931549, 0.2967875221371651, 0.2967380246520042, 0.2976148742437363, 0.29648618698120116, 0.2949941939115524, 0.2938202890753746, 0.293176828622818, 0.2941537970304489, 0.2910716438293457, 0.2908696335554123, 0.2915597879886627, 0.29062238335609436, 0.2894619435071945, 0.289975478053093, 0.28822327792644503, 0.2862685313820839, 0.2869206339120865, 0.286192127764225, 0.2850795018672943, 0.2848041820526123, 0.2860297742486, 0.28396998703479764, 0.28170837193727494, 0.28379956156015396, 0.2810041382908821, 0.28103102177381517, 0.28163889855146407, 0.2791714996099472, 0.27932280659675596, 0.2790670800209045, 0.2817811954021454, 0.27919564306735994, 0.27903286010026934, 0.276895797252655, 0.27672037184238435, 0.27685831874608996, 0.27682582318782806, 0.273722757101059, 0.27584337890148164, 0.2733297994732857, 0.2729124930500984, 0.2724712410569191, 0.27080725491046903, 0.2725871106982231, 0.271045355796814, 0.26927769631147386, 0.2695409378409386, 0.26966882169246675, 0.26932322651147844, 0.26718144804239274, 0.2671085923910141, 0.26764058887958525, 0.2674142080545425, 0.2661198404431343, 0.2668021222949028, 0.26518219590187075, 0.2657366639375687, 0.26591993391513824, 0.2652201521396637, 0.2623652750253677, 0.26358716636896135, 0.26277486473321915, 0.26180806666612627, 0.25949611186981203, 0.26164347112178804, 0.26092039674520495, 0.25968666553497316, 0.259660182595253, 0.259599948823452, 0.25826686292886736, 0.2586324602365494, 0.256974073946476, 0.2578557628393173, 0.2550052139163017, 0.2557467991113663, 0.25514370858669283, 0.2540074333548546, 0.2545973062515259, 0.2546844908595085, 0.2523100394010544, 0.2542217257618904, 0.25359794169664385, 0.25268754065036775, 0.25276255756616595, 0.2503353011608124, 0.2519857695698738, 0.2508569732308388, 0.24996025174856185, 0.2504854476451874, 0.24960203915834428, 0.24887400418519973, 0.24862443417310714, 0.24767951995134355, 0.24854474633932114, 0.24795663833618165, 0.24725433200597763, 0.24737862199544908, 0.2473728522658348, 0.24523696094751357, 0.24540384948253632, 0.24432002753019333, 0.24500289380550386, 0.24485952496528626, 0.24438530713319778, 0.24388766914606094, 0.24356184273958206, 0.24239380806684493, 0.2417876586318016, 0.2422140681743622, 0.24191032588481903, 0.2424944806098938, 0.24149472564458846, 0.2403277325630188, 0.24038807094097137, 0.24029065936803817, 0.23944973886013032, 0.23907637268304824, 0.2382519754767418, 0.23813779950141906, 0.23904358744621276, 0.23864495933055876, 0.23741700559854506, 0.23716373473405838, 0.23757719695568086, 0.23741457849740982, 0.23569469183683395, 0.23506987124681472, 0.2347932732105255, 0.2350766986608505, 0.2338669019937515, 0.23342773586511611, 0.23395597100257873, 0.23383768320083617, 0.23304850846529007, 0.23280515462160112, 0.233616661131382, 0.23131251186132432, 0.23310514956712722, 0.23290853172540665, 0.23157593458890915, 0.2307655155658722, 0.23099107027053833, 0.2299485385417938, 0.2306938123703003, 0.22950538933277131, 0.2298881822824478, 0.22847441136837005, 0.2310969826579094, 0.22691573858261108, 0.22996241152286528, 0.22711303263902663, 0.22821977496147156, 0.22830050945281982, 0.22767334192991256, 0.2279066288471222, 0.22574291706085206, 0.22756133556365968, 0.22510267466306685, 0.22774021685123444, 0.22643914818763733, 0.22473356038331985, 0.22426499783992768, 0.22385340809822082, 0.2256544905900955, 0.22524234384298325, 0.22418971985578537, 0.22570885539054872, 0.22254235446453094, 0.22251612067222595, 0.22164246171712876, 0.22339915215969086, 0.22110074877738953, 0.22319284945726395, 0.22099346965551375, 0.21909226566553117, 0.22225703924894333, 0.21993889808654785, 0.21921499609947204, 0.22010142236948013, 0.21958478271961213, 0.22111461251974107, 0.21882619589567184, 0.2201418623328209, 0.2184497344493866, 0.21835881352424621, 0.2189727121591568, 0.21890900552272796, 0.21708246380090712, 0.21847264379262923, 0.217624172270298, 0.21711959809064865, 0.21616603553295136, 0.21721953779459, 0.21739424169063568, 0.21714412957429885, 0.21382909744977951, 0.21455554217100142, 0.2142808073759079, 0.2146952524781227, 0.21593602061271666, 0.21416654646396638, 0.2144901144504547, 0.21388307005167007, 0.21428516805171965, 0.21516168653964995, 