{"hp": {"lambda": 4, "alpha": 4, "lr": 1e-05, "wd": 0.0001, "bits": 12}, "loss": [3.073400740623474, 2.508572597503662, 2.3806830072402954, 2.2964831972122193, 2.216928265094757, 2.172152006626129, 2.122160358428955, 2.092417039871216, 2.064782326221466, 2.0300616693496703, 2.001506540775299, 1.9768827486038207, 1.9521818995475768, 1.9232132935523987, 1.8913253569602966, 1.8727540707588195, 1.8604352164268494, 1.8362908697128295, 1.8237565493583678, 1.806730191707611, 1.790851833820343, 1.7863078951835631, 1.7687741971015931, 1.7547277212142944, 1.7449897813796997, 1.7359703707695007, 1.72853910446167, 1.7165234899520874, 1.7023543214797974, 1.6899774074554443, 1.6865124368667603, 1.681434042453766, 1.6681344866752625, 1.6662074279785157, 1.6550930261611938, 1.6532532858848572, 1.6422364735603332, 1.6331940388679504, 1.627735550403595, 1.6238849687576293, 1.6087574648857117, 1.6104733109474183, 1.5983997225761413, 1.6012052702903747, 1.5877834415435792, 1.5886714768409729, 1.5825917100906373, 1.5714709901809691, 1.5655444192886352, 1.557207360267639, 1.5569853067398072, 1.5440366196632385, 1.5431989693641663, 1.5422594118118287, 1.5307186365127563, 1.5299997162818908, 1.52924720287323, 1.5197469353675843, 1.5141184067726134, 1.518497233390808, 1.5131915783882142, 1.5104792046546935, 1.5022543716430663, 1.4962098050117492, 1.4927674102783204, 1.485682864189148, 1.4776691246032714, 1.4864129614830017, 1.4733773136138917, 1.4710751223564147, 1.4635492086410522, 1.4561072659492493, 1.4599830985069275, 1.4586032080650329, 1.449938805103302, 1.4488176059722901, 1.4475497794151306, 1.4365768361091613, 1.439911515712738, 1.4289719343185425, 1.4232019114494323, 1.4235947799682618, 1.426759192943573, 1.415677354335785, 1.4141601824760437, 1.4160021948814392, 1.4127035188674926, 1.4040651297569275, 1.4002601313591003, 1.400673725605011, 1.3927415704727173, 1.393736140727997, 1.3928853249549866, 1.391404402256012, 1.3845510697364807, 1.3819150233268738, 1.3839909791946412, 1.3788412833213806, 1.3754198360443115, 1.367271330356598, 1.3687132501602173, 1.358208703994751, 1.3658565258979798, 1.3620300388336182, 1.360614550113678, 1.3639051485061646, 1.35153879404068, 1.3534749817848206, 1.3518227005004884, 1.3389951634407042, 1.3468859744071962, 1.3387249064445497, 1.3377912306785584, 1.3319552159309387, 1.3324057340621949, 1.3254020619392395, 1.326479833126068, 1.3183349251747132, 1.319159779548645, 1.3148944664001465, 1.3107735562324523, 1.3117841696739196, 1.3108701586723328, 1.310287718772888, 1.3083283615112304, 1.3070110869407654, 1.30005197763443, 1.2936577248573302, 1.2969296622276305, 1.2917911553382873, 1.290444915294647, 1.2886492013931274, 1.2931309247016907, 1.2816344690322876, 1.2849231266975403, 1.280390224456787, 1.2802490830421447, 1.2799366736412048, 1.2680677771568298, 1.2686387133598327, 1.271151602268219, 1.2707885956764222, 1.2602893686294556, 1.2597110986709594, 1.2575138211250305, 1.2662268447875977, 1.253588728904724, 1.2583420372009277, 1.2518224716186523, 1.2467478036880493, 1.250429286956787, 1.2435310363769532, 1.2403444576263427, 1.2471520566940308, 1.2466084480285644, 1.2339048314094543, 1.236670892238617, 1.2332962274551391, 1.2331482791900634, 1.228758761882782, 1.2281544947624206, 1.2262232303619385, 1.231595103740692, 1.224649338722229, 1.2212171959877014, 1.2206319379806518, 1.2137954998016358, 1.211837363243103, 1.2139689660072326, 1.2169339418411256, 1.20826251745224, 1.2003850722312928, 1.2071725702285767, 1.1994357514381409, 1.2043578290939332, 1.1994454073905945, 1.200600917339325, 1.200935094356537, 1.1973608589172364, 1.190696964263916, 1.192687451839447, 1.1925401139259337, 1.1875927877426147, 1.1903446173667909, 1.1808383107185363, 1.179188072681427, 1.181211893558502, 1.1754705643653869, 1.178353567123413, 1.185156192779541, 1.1737942934036254, 1.1757417392730714, 1.1699150586128235, 1.1699831199645996, 1.1700250458717347, 1.1641238927841187, 1.1590353322029114, 1.1605153226852416, 1.1592852687835693, 1.1587576365470886, 1.155354826450348, 1.153947458267212, 1.1492677855491638, 1.148378667831421, 1.1573531436920166, 1.1479760766029359, 1.147219111919403, 1.1474179828166962, 1.144974044561386, 1.1417021417617799, 1.1354897665977477, 1.1417173767089843, 1.1385881543159484, 1.1332010340690613, 1.1367055249214173, 1.1318139553070068, 1.1275763535499572, 1.1309995245933533, 1.126415343284607, 1.1254461479187012, 1.1203209042549134, 1.1186212301254272, 1.1258743703365326, 1.1219788360595704, 1.1218945503234863, 1.1219919228553772, 1.1119838738441468, 1.1154095029830933, 1.1132808387279511, 1.1098400163650513, 1.1054354202747345, 1.1094458854198457, 1.106075837612152, 1.1051794648170472, 1.100591242313385, 1.1029466533660888, 1.1022383379936218, 1.1024442720413208, 1.104935073852539, 1.0938333916664122, 1.0987931084632874, 1.0907242178916932, 1.0949152779579163, 1.0932460951805114, 1.0925608992576599, 1.0910799050331115, 1.094312195777893, 1.0898673355579376, 1.0848397517204285, 1.0805740332603455, 1.0846963846683502, 1.0809506213665008, 1.083199328184128, 1.0771479499340058, 1.0734740447998048, 1.0790207588672638, 1.0750806903839112, 1.066944774389267, 1.0662610709667206, 1.0738567519187927, 1.0678980445861816, 1.0711771380901336, 1.0684555780887603, 1.067946001291275, 1.0647698497772218, 1.0642966723442078, 1.06100683093071, 1.060594108104706, 1.0645424497127534, 1.0582103097438813, 1.0562554132938384, 1.0465546870231628, 1.0537412333488465, 1.0541533768177032, 1.0536235117912292, 1.0458799254894258, 1.0501774871349334, 1.0432650208473206, 1.0450786852836609, 1.0433780372142791, 1.0475784075260162, 1.0471293532848358, 1.0385152697563171, 1.0388109278678894, 1.0395285892486572, 1.0360455179214478, 1.0362286806106566, 1.0378615057468414, 1.0360619342327118, 1.0329222619533538, 1.028256813287735, 1.0306883573532104, 1.027604023218155, 1.0225172209739686, 1.0286301791667938, 1.0364560198783874, 1.0278473258018495, 1.0285393929481506, 1.026623762845993, 1.022752913236618, 1.018578004837036, 1.0208775317668914, 1.0190901136398316, 1.0188428390026092, 1.0188001799583435, 1.0130794537067414, 1.0149587845802308, 1.0123591387271882, 1.016560822725296, 1.0112602078914643, 1.0092214298248292, 1.0064994132518768, 1.0059625864028932, 1.0110446619987488, 1.002820155620575, 1.0056570053100586, 1.003309954404831, 1.0091475927829743, 1.005548095703125, 1.0065574526786805, 1.0017400908470153, 0.9974808001518249, 0.9995666980743408, 1.0010142815113068, 0.997894606590271, 0.9967019045352936, 0.9971602272987365, 0.9914016091823578, 0.9922497034072876, 0.9913472986221313, 0.9931351733207703, 0.9902175986766815, 0.9906194543838501, 0.9868606400489807, 0.9787171077728272, 0.982323888540268, 0.9865102243423461, 0.9787170565128327, 0.9875346350669861, 0.9791136491298675, 0.9873934769630432, 0.9874543309211731, 0.9762512981891632, 0.9773995697498321, 0.9810152518749237, 0.9754396545886993, 0.9751365542411804, 0.97091552734375, 0.9793168938159943, 0.9758727705478668, 0.9707571637630462, 0.9756669890880585, 0.9714809584617615, 0.974834281206131, 0.9696683096885681, 0.9678277468681336, 0.9645298790931701, 0.9666352760791779, 0.9628205704689026, 0.9599384641647339, 0.964095299243927, 0.9581777000427246, 0.9588697803020477, 0.9604995036125183, 0.9677036595344544, 0.9583352899551392, 0.9606640529632569, 0.9569046604633331, 0.9551510965824127, 0.9576222515106201, 0.957395156621933, 0.9567980980873108, 0.9500655150413513, 0.9519929552078247, 0.9505119276046753, 0.9499457192420959, 0.9491644763946533, 0.9468895268440246, 0.9471928000450134, 0.9461406087875366, 0.9465962016582489, 0.9497041583061219, 0.9439988052845001, 0.9413583064079285, 0.9454530608654023, 0.9420735323429108, 0.9427159011363984, 0.9431906950473785, 0.9468706715106964, 0.9392661428451539, 0.9404235529899597, 0.946960574388504, 0.9380256974697113, 0.9370840811729431, 0.9391837573051453, 0.9328169536590576, 0.9422996640205383, 0.9283569180965423, 0.9330653357505798, 0.9284079575538635, 