{"hp": {"lambda": 1, "alpha": 1, "lr": 0.0001, "wd": 1e-05, "bits": 12}, "loss": [1.629555789232254, 0.6429802775382996, 0.57808589220047, 0.5448186278343201, 0.5242729902267456, 0.5045894938707352, 0.49127651333808897, 0.47652329623699186, 0.4569163358211517, 0.43866590738296507, 0.43370177507400515, 0.41973011791706083, 0.41285995721817015, 0.3960240149497986, 0.38092237055301664, 0.37126818656921384, 0.36136911273002625, 0.35151948511600495, 0.34245614051818846, 0.3350831234455109, 0.340981702208519, 0.31354273200035093, 0.3156591767072678, 0.3078026822209358, 0.29370302498340606, 0.29461121261119844, 0.29449538111686707, 0.28044830441474916, 0.2745056629180908, 0.2685151681303978, 0.2657423576712608, 0.2604332935810089, 0.2635147005319595, 0.2550287038087845, 0.23781317144632338, 0.24368136942386628, 0.244500712454319, 0.2321065777540207, 0.2348916518688202, 0.22886193931102752, 0.220227969288826, 0.22078607201576234, 0.22184231132268906, 0.20495036184787752, 0.2059560850262642, 0.2117652016878128, 0.20306559890508652, 0.1992473703622818, 0.20069167762994766, 0.19364973932504653, 0.1928711026906967, 0.1845086395740509, 0.1869593721628189, 0.19301310390233994, 0.17352690994739534, 0.17862724214792253, 0.17608472794294358, 0.167240010201931, 0.17734284251928328, 0.170588481426239, 0.16903554499149323, 0.16173105150461198, 0.1644452291727066, 0.15750313341617583, 0.15742539197206498, 0.1551889070868492, 0.1570623479783535, 0.16165385589003564, 0.14120430260896683, 0.15361591741442682, 0.14440557569265366, 0.14367225870490075, 0.14281233951449393, 0.14387169241905212, 0.14183503970503808, 0.13447473511099817, 0.14347588136792183, 0.1347126169502735, 0.13634832188487053, 0.1299853090941906, 0.1325010585784912, 0.1297781863808632, 0.12999790981411935, 0.12600265324115753, 0.12743040338158607, 0.12236391484737397, 0.12798840478062629, 0.1199765633046627, 0.12641168460249902, 0.12098071143031121, 0.11673616513609886, 0.12068800568580627, 0.1165876205265522, 0.12072313532233238, 0.1143995214998722, 0.11224631011486054, 0.11639031305909157, 0.11405892208218575, 0.11337540924549103, 0.10877415940165519, 0.11257097110152245, 0.11038924545049668, 0.10729078039526939, 0.1056633172929287, 0.11181416392326354, 0.10095461919903755, 0.10526516005396842, 0.10344451725482941, 0.10494410932064056, 0.10125865086913109, 0.1011675763130188, 0.10061710387468338, 0.10464649856090545, 0.10015321850776672, 0.09435897067189217, 0.09671642139554024, 0.1088438193500042, 0.08713078528642654, 0.09615303754806519, 0.09870629891753196, 0.0943568266928196, 0.09531301945447922, 0.09317808672785759, 0.09314274981617927, 0.09341799765825272, 0.0935729931294918, 0.09407224491238594, 0.0883721475303173, 0.08714894846081733, 0.0930686916410923, 0.08739459872245789, 0.0903643299639225, 0.08971311144530773, 0.08928920984268189, 0.08469701647758483, 0.08684364289045333, 0.08916811302304267, 0.08357386112213135, 0.08345971241593361, 0.08594202563166618, 0.08863884858787059, 0.07819816790521145, 0.08607431389391422, 0.07980470716953278, 0.08594326004385948, 0.08611161440610886, 0.0787720013409853, 0.0807571616768837, 0.08102808266878128, 0.07932836599648, 0.07899472676217556, 0.08583679139614105, 0.08034660831093789, 0.07508071258664131, 0.07856759943068027, 0.07734411992132664, 0.07525102570652961, 0.08394688382744789, 0.06898970544338226, 0.08360299080610276, 0.07208665706217289, 0.07892122805118561, 0.07322920136153697, 0.07756732575595379, 0.07148072861135006, 0.07838713921606541, 0.07448934011161328, 0.07594273507595062, 0.06662318482995033, 0.07797010265290737, 0.06858141474425793, 0.0738680601119995, 0.07079905897378921, 0.07227552838623524, 0.06978978797793388, 0.07370245300233363, 0.06801694102585315, 0.07747009590268135, 0.06440384835004806, 0.07070593170821667, 0.06992641858756542, 0.06578279502689838, 0.07066782727837563, 0.06972730405628681, 0.06609355635941029, 0.07046351052820682, 0.07089136473834515, 0.06716007381677627, 0.06331371784210205, 0.06681605190038681, 0.0702721767872572, 0.06860228128731251, 0.06696520939469337, 0.06344615690410137, 0.06840034961700439, 0.06362640544772148, 0.06437699317932129, 0.06741284668445587, 0.06399166502058506, 0.06668235808610916, 0.06604408822953702, 0.060024489834904673, 0.06679553665220737, 0.06429734662175178, 0.06407279893755913, 0.0691216878592968, 0.06189167767763138, 0.06156452976167202, 0.06419731244444847, 0.05653434857726097, 0.06519667521119117, 0.06417777672410012, 0.06293771639466286, 0.05849293515086174, 0.06413879327476024, 0.05993962079286575, 0.05740218050777912, 0.0634789964556694, 0.06377578027546406, 0.05576192624866962, 0.06622565761208535, 0.05910627231001854, 0.05645897150039673, 0.06095928966999054, 0.06282842516899109, 0.05908569239079952, 0.060208803489804265, 0.05830687686800957, 0.05730065189301967, 0.06064338319003582, 0.06169332198798656, 0.05654195383191109, 0.05773804396390915, 0.05932651698589325, 0.058677385970950124, 0.05417049348354339, 0.05774647496640682, 0.057198987230658534, 0.06702161803841591, 0.05097887471318245, 0.05637389913201332, 0.059751708284020426, 0.052961098700761794, 0.05563081592321396, 0.06260138928890228, 0.05092177771031856, 0.06282667890191078, 0.05233559675514698, 0.05603920370340347, 0.052158688232302665, 0.05735832914710045, 0.059600939974188805, 0.05194851018488407, 0.05173396058380604, 0.05683944389224052, 0.057346782758831975, 0.054860832318663594, 0.054872191175818444, 0.05771550998091698, 0.049771789908409116, 0.05684830509126186, 0.05630283206701279, 0.04996442764997482, 0.05759406678378582, 0.04990345574915409, 0.053402954638004305, 0.051224500387907025, 0.05583217516541481, 0.05273052237927914, 0.05315165296196937, 0.05387071542441845, 0.05105186603963375, 0.05275619007647037, 0.05034879244863987, 0.055596604123711584, 0.0573319299519062, 0.047811635881662366, 0.05041003279387951, 0.05061837986111641, 0.05447965353727341, 0.05599056549370289, 0.047749130949378014, 0.05108300447463989, 0.050970359668135644, 0.051659763976931575, 0.050422535166144374, 0.049446414560079574, 0.051245242059230804, 0.04740677662193775, 0.05633505761623383, 0.04927375286817551, 0.0492536024749279, 0.05988239169120788, 0.04562228180468082, 0.049633266776800154, 0.049172247126698494, 0.05881060458719731, 0.04447804935276509, 0.04758553586900234, 0.05243191324174404, 0.050160054937005046, 0.05488837085664272, 0.04574647501111031, 0.05443793959915638, 0.046584989428520206, 0.045715290158987044, 0.05337158568203449, 0.047701670452952386, 0.04855365253984928, 0.04967691697180271, 0.0516775768995285, 0.045586420446634295, 0.047486851066350935, 0.04858303390443325, 0.04865212604403496, 0.05112308956682682, 0.0449040038138628, 0.04771764822304249], "map": 0.7939367139891675}