{"hp": {"lambda": 0.5, "alpha": 4, "lr": 0.0001, "wd": 1e-05, "bits": 12}, "loss": [2.19802782535553, 1.2700456416606902, 1.1348850798606873, 1.0423261082172395, 0.9793957257270813, 0.92638711810112, 0.8760371053218842, 0.8405325388908387, 0.8098704218864441, 0.7653010177612305, 0.7457109522819519, 0.710025782585144, 0.6830757367610931, 0.6599952435493469, 0.6263340109586716, 0.603138667345047, 0.5960305380821228, 0.5616223108768463, 0.5434407585859299, 0.5284808039665222, 0.520676948428154, 0.5057380467653274, 0.49428069293498994, 0.4644054162502289, 0.46556767880916594, 0.4386529314517975, 0.4274106687307358, 0.42864722430706026, 0.4025947690010071, 0.40152949213981626, 0.3847579818964004, 0.4040894603729248, 0.35902266442775727, 0.3604463505744934, 0.357700372338295, 0.3461572876572609, 0.32533832609653474, 0.34850841879844663, 0.3239389145374298, 0.3106004896759987, 0.32914591699838636, 0.2955483338236809, 0.3051354703307152, 0.2798418739438057, 0.2984458526968956, 0.2743811830878258, 0.29383541494607923, 0.2554888591170311, 0.26256445944309237, 0.2588508665561676, 0.27219240337610245, 0.2350064578652382, 0.25333109617233274, 0.24032707154750824, 0.23972784757614135, 0.23535365581512452, 0.21851093649864198, 0.2193680739402771, 0.21472761064767837, 0.21398087948560715, 0.2186476108431816, 0.19944849044084548, 0.20433516919612885, 0.2053038802742958, 0.19995662242174148, 0.19757695883512497, 0.18651139348745346, 0.18532336354255677, 0.18870433211326598, 0.18113047242164612, 0.16684274658560752, 0.19164557605981827, 0.16806388333439826, 0.17335943520069122, 0.17454511195421218, 0.1883932428061962, 0.1578924562036991, 0.15207680344581603, 0.16523626774549485, 0.14067343458533288, 0.1560889022052288, 0.1513638912141323, 0.16740397691726686, 0.13461644262075423, 0.14074643537402154, 0.1522087934613228, 0.13400088280439376, 0.13106350243091583, 0.15632808208465576, 0.13255094945430757, 0.12758487060666085, 0.1590890282392502, 0.13750610545277595, 0.12426947295665741, 0.12509663432836532, 0.12372450992465019, 0.13591803148388862, 0.11709712609648705, 0.12506211787462235, 0.1121619138121605, 0.12930980697274208, 0.1171019834280014, 0.13258020505309104, 0.09350827932357789, 0.12093027159571648, 0.10152330100536347, 0.12838319256901742, 0.11415438950061799, 0.08802885383367538, 0.13904896169900893, 0.09242803692817687, 0.10804051712155342, 0.0997409987449646, 0.10308130443096161, 0.12976570457220077, 0.08849491506814956, 0.1041236962378025, 0.0969136342406273, 0.1256815665960312, 0.0760219445079565, 0.09876780956983566, 0.12118505656719208, 0.08393954411149025, 0.08110063694417477, 0.09725154906511307, 0.11320216827094555, 0.10762264631688595, 0.0773375627398491, 0.0994763059914112, 0.0755393897742033, 0.13672075554728508, 0.06659969858825207, 0.10621983788907528, 0.06250980511307716, 0.096095647290349, 0.06761828139424324, 0.1208243715018034, 0.06296134226024151, 0.10432071678340435, 0.06854212813079358, 0.09228098161518573, 0.06148272112011909, 0.10568885721266269, 0.09517496041953563, 0.05709581002593041, 0.08594907768070698, 0.12217947497963905, 0.05357898861169815, 0.06454420946538449, 0.11197632268071174, 0.07631543003022671, 0.0924778763204813, 0.061988775953650474, 0.06734615065157414, 0.06583561584353446, 0.1119943206012249, 0.05115419127047062, 0.13184153817594052, 0.051373004391789434, 0.06371290430426597, 0.0853356521576643, 0.07522138200700283, 0.04902377888560295, 0.09869391694664956, 0.04970764420926571, 0.09998384520411491, 0.04829025849699974, 0.11820490844547749, 0.04553403325378895, 0.06389572747051715, 0.07587472900748253, 0.06725904144346714, 0.08769048921763897, 0.048297595679759976, 0.08781555831432343, 0.04460377372801304, 0.05253810115158558, 0.06475432738661765, 0.07334386676549912, 0.09450879320502281, 0.04294285126030445, 0.06242500945925713, 0.08539696969091892, 0.04130632542073727, 0.08531793855130672, 0.04198021225631237, 0.04388234809041023, 0.1087687385082245, 0.03909809544682503, 0.07588371813297272, 0.039802856519818304, 0.08501041345298291, 0.03833127740770578, 0.07644372671842575, 0.0581780793517828, 0.04280303858220577, 0.08330127403140068, 0.03801611460745335, 0.08957309566438199, 0.03733702503144741, 0.0927531150728464, 0.036173483543097976, 0.05449858751147985, 0.05735026009380818, 0.06706880919635295, 0.04334478780627251, 0.04958083916455507, 0.09548161812126636, 0.037008273527026174, 0.06314649492502213, 0.05745287030935287, 0.034727582298219206, 0.0862367606908083, 0.03465418208390474, 0.08615337688475848, 0.03381491858512163, 0.06629835825413466, 0.041606620438396934, 0.06713063180446625, 0.031436709500849244, 0.0736906598508358, 0.049054104387760165, 0.07294738404452801, 0.031099734976887703, 0.07772561777383089, 0.0314828810095787, 0.05851993627846241, 0.07361220303922891, 0.03357668567448854, 0.0491148329526186, 0.06770018842071295, 0.030263353288173676, 0.07346981398761272, 0.03254063218832016, 0.07524392463266849, 0.03482169725000858, 0.045435212403535846, 0.07876920733600855, 0.03480757340788841, 0.0669455848634243, 0.030509777553379535, 0.03206570565700531, 0.0695610137656331, 0.07622243523597717, 0.028024572879076004, 0.06270887196063996, 0.028226937539875506, 0.06246009547263384, 0.029598917923867703, 0.04896678563207388, 0.07225184310227632, 0.039607407413423064, 0.03450341563671827, 0.06247140865772963, 0.06886157341301441, 0.02853718664497137, 0.028928726091980935, 0.057070261985063556, 0.03589914992451668, 0.06804651737213135, 0.02720951907336712, 0.05890236854553223, 0.027491846196353434, 0.06956541579216718, 0.02529573980718851, 0.08120810326188803, 0.025060834437608717, 0.041304936110973356, 0.059221373423933986, 0.02561094030737877, 0.05405069675296545, 0.03545244760811329, 0.07728952385485172, 0.026706672497093676, 0.07887336019426584, 0.027189794294536114, 0.025781838558614253, 0.04693540163338184, 0.09404037989675999, 0.031158634461462498, 0.02188485100865364, 0.03453778184950352, 0.07120408117771149, 0.023444683142006397, 0.07092356033623219, 0.024256343469023705, 0.05719995360821486, 0.024897410981357098, 0.02951178766787052, 0.05024156227707863, 0.029310139156877996, 0.06389924526214599, 0.06995108895003796, 0.023459506779909135, 0.02141734853386879, 0.07694862022995949, 0.021870257556438445, 0.05211935095489025, 0.02454393085092306, 0.080567661896348, 0.024754398390650748, 0.022073787711560725, 0.13514171678572892, 0.02761627797037363, 0.020022072233259677, 0.019691210202872754, 0.032153722941875455, 0.08362700451165438, 0.024711494371294974, 0.021187863945960998, 0.05826500821858645, 0.01989781592041254, 0.06764388851821422, 0.021870054937899112, 0.026250471211969852, 0.042233037576079366, 0.022013457119464876, 0.07093224164098501, 0.03473156474530697, 0.054620668105781076, 0.037860441356897354, 0.05552036922425032, 0.029785751216113567, 0.018669941872358323, 0.0571499902755022, 0.019345647543668746, 0.06207401193678379, 0.018707862421870232, 0.07667831396684051, 0.019907068349421023, 0.020486607011407615, 0.06833204038441182, 0.05000260714441538, 0.0238148058578372, 0.017596648186445237, 0.056572728492319584, 0.029142513759434222, 0.022277476154267787, 0.05776450674980879, 0.019826735481619836, 0.046653801314532756, 0.0211779092438519, 0.0676206474006176, 0.018581559918820857, 0.037013729233294726, 0.051888848505914215, 0.02161218013614416, 0.028957036323845387, 0.03580396460369229, 0.06642507269978523, 0.018069592788815498, 0.021072700209915637, 0.0620118298009038, 0.016907357200980185, 0.05686276212334633, 0.01841729328036308, 0.06439247105270623, 0.01680750247091055, 0.022082299962639808, 0.06212825294584036, 0.016670373175293206, 0.06693069916218519, 0.017438168860971926, 0.031179196126759054, 0.0408548298664391, 0.017817330081015825, 0.062438043132424355, 0.017045886982232333, 0.04931353773921728, 0.016623398028314113, 0.05074230618774891, 0.03994986614212394, 0.02235977688804269, 0.04796129360795021, 0.030872705522924662, 0.02704430466517806, 0.018637625984847545, 