{"hp": {"lambda": 4, "alpha": 0.5, "lr": 1e-06, "wd": 1e-05, "bits": 12}, "loss": [2.0957988500595093, 1.65005450963974, 1.5611430239677428, 1.5081690669059753, 1.4609738039970397, 1.4253084897994994, 1.390418348312378, 1.3615942525863647, 1.3382011437416077, 1.3155707836151123, 1.2954785990715028, 1.2762699556350707, 1.254074444770813, 1.208640661239624, 1.1473652982711793, 1.1007104706764221, 1.066062982082367, 1.0347706687450409, 1.0103933894634247, 0.9913251852989197, 0.9727960872650147, 0.9591369330883026, 0.946885050535202, 0.935138943195343, 0.9276883900165558, 0.9223939514160157, 0.9124665653705597, 0.9065260803699493, 0.9002390849590302, 0.8933027970790863, 0.8885612678527832, 0.8824602317810059, 0.8793065536022187, 0.8741936707496643, 0.8730240261554718, 0.866298485994339, 0.8648067331314087, 0.8613348484039307, 0.8580590999126434, 0.853768984079361, 0.8525038707256317, 0.8481868267059326, 0.8450584471225738, 0.8440713310241699, 0.8394563853740692, 0.8381659698486328, 0.8368713140487671, 0.8343075704574585, 0.8324213290214538, 0.8294361042976379, 0.8287230288982391, 0.8257762372493744, 0.8236990892887115, 0.8210125553607941, 0.8175801408290863, 0.8176771175861358, 0.8148456501960755, 0.8159039306640625, 0.8107739555835723, 0.8091987764835358, 0.8110966050624847, 0.8061936557292938, 0.8063682293891907, 0.8029428803920746, 0.7999608254432679, 0.7998681652545929, 0.7985589861869812, 0.7962232792377472, 0.7952225065231323, 0.7947462201118469, 0.7927166926860809, 0.7934837102890014, 0.7899301314353943, 0.7873010170459748, 0.7871789562702179, 0.7874647378921509, 0.7845355927944183, 0.7831341862678528, 0.781877555847168, 0.7827285766601563, 0.7798981177806854, 0.777486937046051, 0.7794452786445618, 0.7762496078014374, 0.7742355048656464, 0.7738522696495056, 0.7717526066303253, 0.7717663681507111, 0.771253011226654, 0.7689007568359375, 0.7690780293941498, 0.7680443239212036, 0.7653580486774445, 0.7664354157447815, 0.7647096109390259, 0.7622506809234619, 0.7608080196380616, 0.7611746490001678, 0.7610354149341583, 0.7586700391769409, 0.7601500654220581, 0.7582568871974945, 0.7560178017616273, 0.7562372291088104, 0.7532327520847321, 0.7528200089931488, 0.7548169565200805, 0.7530979859828949, 0.7517522466182709, 0.7504738688468933, 0.7495056247711182, 0.7488887906074524, 0.7478190183639526, 0.7466712439060211, 0.7465847229957581, 0.74783376455307, 0.7441339385509491, 0.7438088762760162, 0.7445334053039551, 0.7420624232292176, 0.7402373671531677, 0.7392533123493195, 0.7397123515605927, 0.7396108329296112, 0.7375703299045563, 0.7361792635917663, 0.7364600610733032, 0.7364807438850403, 0.7366712725162506, 0.7363155424594879, 0.7333620798587799, 0.7333256053924561, 0.7331081986427307, 0.7334711587429047, 0.7308851075172424, 0.7295854127407074, 0.728387256860733, 0.7303669166564941, 0.7289486110210419, 0.7287898528575897, 0.7268356299400329, 0.7265781044960022, 0.7250366187095643, 0.7249234139919281, 0.7245480966567993, 0.7239443433284759, 0.7235153222084045, 0.723145353794098, 0.7210591232776642, 0.7211768460273743, 0.7189434278011322, 0.7199472582340241, 0.7193480837345123, 0.718710480928421, 0.7185117554664612, 0.7173103666305543, 0.7187856733798981, 0.7183759343624115, 0.715608059167862, 0.718581327199936, 0.7151866376399993, 0.7136966812610627, 0.714855843782425, 0.712266594171524, 0.7123333299160004, 0.7117186832427979, 0.7114067494869232, 0.7117087292671204, 0.7140994715690613, 0.7107129204273224, 0.7081166005134583, 0.7097558128833771, 0.7079671299457551, 0.7084017133712769, 0.7083149456977844, 0.7088412380218506, 0.7080375242233277, 0.7051147294044494, 0.7060540413856506, 0.7048561072349548, 0.7040955638885498, 0.7043407881259918, 0.7036054742336273, 0.7021412360668182, 0.7049444317817688, 0.7027253830432891, 0.7011481201648713, 0.6996731960773468, 0.7023903155326843, 0.701219300031662, 0.7000494873523713, 0.6973097646236419, 0.6976152467727661, 0.6983227968215943, 0.6973739194869996, 0.6975112020969391, 0.6983019483089447, 0.6969913291931152, 0.6960358595848084, 0.6947888922691345, 0.6954591500759125, 0.696292154788971, 0.6937170004844666, 0.6928661990165711, 0.6937340259552002, 0.6910881114006042, 0.6905848884582519, 0.6931650805473327, 0.6923655366897583, 0.6921065080165864, 0.6904657971858978, 0.6911833202838897, 0.6918892598152161, 0.690487642288208, 0.6906617403030395, 0.6882319319248199, 0.6876296961307525, 0.6866580224037171, 0.6868115532398223, 0.685561684370041, 0.690195940732956, 0.6858666920661927, 0.6873654198646545, 0.6853893280029297, 0.6826815772056579, 0.6855566275119781, 0.6843655788898468, 0.6824253511428833, 0.6826560688018799, 0.6852175974845887, 0.6835153651237488, 0.682702683210373, 0.6816217279434205, 0.6832186782360077, 0.6819499278068543, 0.6806281137466431, 0.6801051282882691, 0.6809206557273865, 0.6790463054180145, 0.6793488800525666, 0.6772169768810272, 0.6790647041797638, 0.6785517680644989, 0.6794818568229676, 0.6806328320503234, 0.6786873006820678, 0.6775918817520141, 0.6767167317867279, 0.6779840326309204, 0.6755153858661651, 0.6757822728157044, 0.6739969730377198, 0.6738331353664399, 0.6757104825973511, 0.6752066242694855, 0.6745922648906708, 0.6747807502746582, 0.6731838846206665, 0.6729907488822937, 0.6736834979057312, 0.6702639186382293, 0.6727576863765716, 0.6720428824424743, 0.67095587849617, 0.6701317465305329, 0.6695886433124543, 0.6700405156612397, 0.6677521789073944, 0.6686325478553772, 0.6695451354980468, 0.6693362390995026, 0.6677286171913147, 0.6686901414394378, 0.6701438319683075, 0.6676057350635528, 0.6675433528423309, 0.6664703249931335, 0.666781359910965, 0.6664049708843232, 0.6650330698490143, 0.6674141669273377, 0.6650330257415772, 0.6649206888675689, 0.664693683385849, 0.6639945232868194, 0.6643230628967285, 0.6646220791339874, 0.6645247638225555, 0.662893191576004, 0.6647291529178619, 0.6622605407238007, 0.6626286935806275, 0.6620151090621949, 0.6606104433536529, 0.6616673994064332, 0.6610150313377381, 0.6613949823379517, 0.6608644592761993, 0.6604108703136444, 0.6600753629207611, 0.6598336112499237, 0.6596558213233947, 0.6614107608795166, 0.6596481525897979, 0.6594756972789765, 0.6576238405704499, 0.6609894609451294, 0.6575562262535095, 0.6571957170963287, 0.6574363219738006, 0.6567643177509308, 0.6563908779621124, 0.6562460637092591, 0.658091197013855, 0.6586294317245484, 0.6565370118618011, 0.6545008075237274, 0.6557702422142029, 0.6549488759040832, 0.6557275211811066, 0.6549928057193756, 0.6536838757991791, 0.6542004323005677, 0.6516189181804657, 0.654281690120697, 0.6531740748882293, 0.6537005317211151, 0.6522567963600159, 0.6511961638927459, 0.6533952844142914, 0.6524073946475982, 0.6515049707889556, 0.6511652779579162, 0.64933100938797, 0.6502304887771606, 0.6517187786102295, 0.6504284524917603, 0.6509416246414185, 0.64861212849617, 0.648364851474762, 0.6486543095111847, 0.6494439005851745, 0.6480912244319916, 0.6478914654254914, 0.6482902133464813, 0.6490298879146575, 0.6472692787647247, 0.6480585563182831, 0.6468241107463837, 0.6469514119625092, 0.6463243222236633, 0.6463523066043854, 0.6460781073570252, 0.6455762934684753, 0.6460374212265014, 0.6464196598529816, 0.6442085993289948, 0.6454521048069001, 0.646006338596344, 0.6467984437942504, 0.6450126242637634, 0.6445669221878052, 0.6438956701755524, 0.643114047050476, 0.6447626090049744, 0.6439585530757904, 0.6446993744373322, 0.643835518360138, 0.6421354305744171, 0.6418247723579407, 0.6424166619777679, 0.6430300092697143, 0.6422969508171081, 0.6409253907203675, 0.642775045633316, 0.6391558587551117, 0.6410206234455109, 0.6400878131389618, 0.6401832461357116, 0.6414915406703949, 0.6396010243892669, 0.6390721869468688, 0.6389828395843505, 0.6399542450904846, 0.6393598103523255, 0.6409127128124237, 0.6386351799964904, 0.6384797191619873, 0.638062094449997, 0.6386674177646637, 0.6397856223583221, 0.6378545999526978, 0.6358518266677856, 0.6372659921646118, 0.6386512327194214, 0.6385631239414216, 0.6368581283092499, 0.6375337779521942, 