{"hp": {"lambda": 2, "alpha": 2, "lr": 0.0001, "wd": 1e-05, "bits": 12}, "loss": [2.4058414769172667, 1.0819739484786988, 0.9977264702320099, 0.9287101876735687, 0.9004107439517974, 0.8740158927440643, 0.8418709659576415, 0.8340730035305023, 0.8041142451763154, 0.7832906198501587, 0.7622147691249848, 0.7434067142009735, 0.7213251209259033, 0.7142605006694793, 0.7178135704994202, 0.6724101567268371, 0.655897912979126, 0.6673029339313508, 0.6429343283176422, 0.6272576832771302, 0.627683277130127, 0.5936781334877014, 0.6004345917701721, 0.5868827617168426, 0.561768069267273, 0.5600353550910949, 0.5436120945215225, 0.5335967874526978, 0.5264434391260147, 0.5152942490577698, 0.5000414365530014, 0.49299133598804473, 0.5022472804784774, 0.4781697887182236, 0.47903467655181886, 0.4793867111206055, 0.4546086812019348, 0.45302890598773954, 0.45556336402893066, 0.4529459375143051, 0.4411490106582642, 0.4205200207233429, 0.43592699110507965, 0.42094784557819365, 0.4082446902990341, 0.40936924755573273, 0.4079174238443375, 0.4082515239715576, 0.38835756599903104, 0.3868783587217331, 0.38684835374355314, 0.37422494888305663, 0.3769912481307983, 0.3691860669851303, 0.3597062885761261, 0.3729353058338165, 0.35814590513706207, 0.3448922234773636, 0.36457289934158327, 0.33026383459568026, 0.34499342381954196, 0.33882974207401273, 0.33531320571899415, 0.3306853872537613, 0.32678871512413027, 0.32945446729660033, 0.32038397699594495, 0.3226309961080551, 0.3119551876187325, 0.30466832041740416, 0.305276820063591, 0.2994006049633026, 0.3075698122382164, 0.2925408810377121, 0.2988028219342232, 0.2877576944231987, 0.2921129462122917, 0.28204656213521956, 0.2947369411587715, 0.26627160489559176, 0.286860249042511, 0.2778997012972832, 0.26536787509918214, 0.27745396286249163, 0.26481429636478426, 0.27594094842672345, 0.25337074339389803, 0.2639641904830933, 0.2647254106402397, 0.2475508388876915, 0.2565458631515503, 0.2504366022348404, 0.25973192662000655, 0.24733355581760408, 0.2501435017585754, 0.24317433506250383, 0.2408467373251915, 0.2387220960855484, 0.23814588010311127, 0.24163764238357544, 0.24176960527896882, 0.2280400025844574, 0.22243877917528151, 0.23900473058223726, 0.2312083896994591, 0.2260179966688156, 0.22220115780830382, 0.22484337210655211, 0.2246600690484047, 0.21042971700429916, 0.22230535358190537, 0.21839438050985335, 0.2087171694636345, 0.22302815884351732, 0.21313235700130462, 0.19921427249908447, 0.2181200096011162, 0.20856216460466384, 0.20755198806524278, 0.1997598683834076, 0.20194227159023284, 0.20585350185632706, 0.19267607599496842, 0.2084086525440216, 0.19399286150932313, 0.19071875244379044, 0.19838199973106385, 0.19990483283996582, 0.20328793823719024, 0.19077491402626037, 0.1947328519821167, 0.17962589383125305, 0.18931506097316741, 0.18843806087970733, 0.1750793367624283, 0.19563751339912414, 0.18799708932638168, 0.1726370260119438, 0.1810932347178459, 0.18008410632610322, 0.18293508350849152, 0.17736184924840928, 0.1754155284166336, 0.17940962702035904, 0.17492236375808715, 0.17878502428531648, 0.17044178187847137, 0.17339511156082155, 0.17384014546871185, 0.1674075934290886, 0.1714503125846386, 0.16683151081204414, 0.1757380697131157, 0.169750440120697, 0.1693440043926239, 0.15500931456685066, 0.17126578599214554, 0.16928622543811797, 0.15631212934851646, 0.16040383130311966, 0.16768064796924592, 0.15574196621775627, 0.16900948017835618, 0.15599082246422769, 0.16293699473142623, 0.1463695225119591, 0.15648711159825324, 0.15669663220643998, 0.16087402924895286, 0.15455109477043152, 0.15558277651667596, 0.15191750720143318, 0.14409991294145585, 0.16770132139325142, 0.1461877204477787, 0.1446865276992321, 0.15468545794487, 0.15231903463602067, 0.15522108405828475, 0.13903794303536415, 0.15654706463217735, 0.14024072661995887, 0.1428634113073349, 0.1515743687748909, 0.14721777573227882, 0.14469794496893884, 0.1436353039741516, 0.13779905751347543, 0.1489904896914959, 0.1516713973879814, 0.13971467226743697, 0.13254328399896623, 0.1453027147054672, 0.14009314894676209, 0.14378726541996, 0.13504432201385497, 0.14223143681883813, 0.13190040305256845, 0.14445032566785812, 0.13663932487368582, 0.13565554186701775, 0.13948921486735344, 0.13367826551198958, 0.13070634618401528, 0.14134132012724876, 0.13443256363272668, 0.1272371657192707, 0.142672029286623, 0.12721944808959962, 0.13019970029592515, 0.13931185901165008, 0.12989242896437644, 0.13018190756440162, 0.1279919783771038, 0.13248251423239707, 0.12703319504857064, 0.13315381243824959, 0.12678142502903939, 0.12583519011735916, 0.12503472372889518, 0.13828425243496895, 0.11934508591890335, 0.13097810313105585, 0.12952057719230653, 0.13472195401787757, 0.11509549647569656, 0.1230956457555294, 0.1299306209385395, 0.12118183374404908, 0.1264931106567383, 0.12222760692238807, 0.11717842474579811, 0.12603786453604698, 0.11883078709244728, 0.1290809142589569, 0.12080640405416489, 0.12624464586377143, 0.12290253579616546, 0.11766385987401008, 0.12207094743847847, 0.12193642154335976, 0.12223628401756287, 0.11533455729484558, 0.12073231652379036, 0.1228542922437191, 0.11901971057057381], "map": 0.8142518116660277}