{"hp": {"lambda": 4, "alpha": 4, "lr": 1e-05, "wd": 1e-05, "bits": 12}, "loss": [3.066558313369751, 2.4264740991592406, 2.3014344215393066, 2.219769711494446, 2.1650711584091185, 2.095594208240509, 2.03409743309021, 2.0035982728004456, 1.972691421508789, 1.9401076769828796, 1.9215751147270204, 1.90227144241333, 1.8789333701133728, 1.8694952988624574, 1.8441069340705871, 1.8306496834754944, 1.8191526818275452, 1.8056607675552367, 1.7845346975326537, 1.7714560413360596, 1.7595384073257447, 1.7486722254753113, 1.7345453691482544, 1.7324796843528747, 1.7180511951446533, 1.7074492049217225, 1.697502202987671, 1.6837104892730712, 1.6728678703308106, 1.6651037073135375, 1.6693824601173402, 1.657513132095337, 1.6467369079589844, 1.644282536506653, 1.6318936610221864, 1.6286632823944092, 1.6225087213516236, 1.6144866847991943, 1.6089391255378722, 1.605531940460205, 1.5896100854873658, 1.590678424835205, 1.580855405330658, 1.5728535223007203, 1.5696171307563782, 1.5561997413635253, 1.5642662739753723, 1.55423171043396, 1.5406240367889403, 1.541045377254486, 1.5403969597816467, 1.5348716497421264, 1.5307769179344177, 1.5134436225891112, 1.5234935331344603, 1.5105805158615113, 1.5092737555503846, 1.5071869492530823, 1.5024041390419007, 1.488837571144104, 1.497102406024933, 1.4856917572021484, 1.4864495134353637, 1.4817503142356871, 1.4731447410583496, 1.477694926261902, 1.4688273143768311, 1.461728537082672, 1.4651194405555725, 1.4506459045410156, 1.4502412915229796, 1.4515228748321534, 1.4481208181381227, 1.440945222377777, 1.4410444116592407, 1.4340246176719667, 1.4297723007202148, 1.4267396974563598, 1.4217380380630493, 1.4205587744712829, 1.4208470392227173, 1.4110416054725647, 1.40843492269516, 1.4174888825416565, 1.4109325003623963, 1.395185272693634, 1.4005160570144652, 1.3949893188476563, 1.3947720503807068, 1.3902271032333373, 1.3891492128372191, 1.3777033543586732, 1.3798964738845825, 1.3789166450500487, 1.3744524264335631, 1.3753288984298706, 1.3630033540725708, 1.3624433612823486, 1.3649429178237915, 1.3657094025611878, 1.352501335144043, 1.35407240152359, 1.3533350539207458, 1.3521764588356018, 1.344746491909027, 1.3397926235198974, 1.337143566608429, 1.3375554442405702, 1.3376506638526917, 1.3306673002243041, 1.3268351125717164, 1.3285955119132995, 1.330447244644165, 1.319754457473755, 1.317918577194214, 1.3204431557655334, 1.3223686218261719, 1.3147957706451416, 1.309430947303772, 1.3042340683937073, 1.3041383600234986, 1.3064772701263427, 1.3036349511146545, 1.291328797340393, 1.3022731685638427, 1.2949770021438598, 1.2919405937194823, 1.2910451793670654, 1.284229166507721, 1.283373203277588, 1.2807124662399292, 1.280696747303009, 1.2819469833374024, 1.2705869603157043, 1.277928457260132, 1.2701307082176208, 1.2647505593299866, 1.2671833586692811, 1.2620815062522888, 1.2627227663993836, 1.2574639225006103, 1.2537040257453917, 1.2532866454124452, 1.2509473061561585, 1.2533192920684815, 1.2485415291786195, 1.2467420196533203, 1.246736354827881, 1.2437909030914307, 1.236718397140503, 1.2390757584571839, 1.2341304397583008, 1.238385238647461, 1.2353724575042724, 1.231621584892273, 1.2306245064735413, 1.2282686305046082, 1.231406750679016, 1.2227872228622436, 1.222486276626587, 1.2186368894577027, 1.2182994484901428, 1.2126718592643737, 1.2167454838752747, 1.2122328996658325, 1.2169775199890136, 1.2120797991752625, 1.2033837270736694, 1.1998635482788087, 1.2004537200927734, 1.1974316334724426, 1.195497648715973, 1.2020638799667358, 1.1962648987770081, 1.1915720510482788, 1.189248926639557, 1.1858707475662231, 1.1900352215766907, 1.1897893714904786, 1.1847355127334596, 1.1858658385276795, 1.176273329257965, 1.1788242053985596, 1.1718503952026367, 1.1817561674118042, 1.171655330657959, 1.1736774468421936, 1.171235010623932, 1.1763759136199952, 1.1683941388130188, 1.1708710026741027, 1.1652660965919495, 1.162623679637909, 1.1614382028579713, 1.1631049919128418, 1.1602787709236144, 1.1496461856365203, 1.1562322735786439, 1.141712110042572, 1.1542490649223327, 1.1501602721214295, 1.1469273519515992, 1.1451828122138976, 1.1455052018165588, 1.146872329711914, 1.1430040168762208, 1.1401556038856506, 1.1356529808044433, 1.143431899547577, 1.13350745677948, 1.1344170904159545, 1.1318688774108887, 1.1331749415397645, 1.1255803680419922, 1.1324796748161317, 1.1307365798950195, 1.1267231333255767, 1.1220462954044341, 1.1273227989673615, 1.1211648178100586, 1.1203789353370666, 1.1211238288879395, 1.1139448058605195, 1.1226095640659333, 1.1191279888153076, 1.1128683197498321, 1.1138989400863648, 1.1116932010650635, 1.1111060118675231, 1.1076531386375428, 1.0981775271892547, 1.1036026072502136, 1.098358190059662, 1.1043621873855591, 1.0952965795993805, 1.0971347784996033, 1.1019072794914246, 1.091301031112671, 1.0925748610496522, 1.0922703194618224, 1.086889820098877, 1.0929031777381897, 1.090122858285904, 1.0833246099948883, 1.0847993648052217, 1.0883046412467956, 1.0853968119621278, 1.0844974768161775, 1.0852787172794343, 1.079929337501526, 1.0816217243671418, 1.0789384615421296, 1.0733107316493988, 1.0781189703941345, 1.0708220493793488, 1.0747335934638977, 1.0714913654327392, 1.0705705976486206, 1.069700893163681, 1.067019406557083, 1.0674630296230316, 1.0654051065444947, 1.0661606442928315, 1.0601287305355072, 1.0597729659080506, 1.0585532116889953, 1.0647069549560546, 1.0554093647003173, 1.0560232758522035, 1.0524970030784606, 1.0551844799518586, 1.0544456839561462, 1.0538157677650453, 1.0482386660575866, 1.0545427846908568, 1.0512039363384247, 1.048150371313095, 1.0477571427822112, 1.0440714061260223, 1.0398018229007722, 1.0366852629184722, 1.0409269785881043, 1.0444687151908874, 1.038631386756897, 1.0306009399890899, 1.035831571817398, 1.0326145994663238, 1.0345046091079713, 1.0349117410182953, 1.0334067571163177, 1.0290950548648834, 1.0305961227416993, 1.0280694210529326, 1.0308761608600616, 1.0246481359004975, 1.0306419336795807, 1.0210738801956176, 1.0230400991439819, 1.024529687166214, 1.0248746943473817, 1.0221408581733704, 1.0225465548038484, 1.0151574766635896, 1.0171983206272126, 1.0136559319496155, 1.0163767433166504, 1.0080883610248565, 1.0084550821781157, 1.0204631888866424, 1.0122952497005462, 1.0123430836200713, 1.0053057718276976, 1.0080614364147187, 1.0093069720268248, 1.0006934237480163, 1.0025071287155152, 1.0067373514175415, 1.0038208329677583, 0.9967510032653809, 0.9983646035194397, 1.0035614633560181, 0.9989245998859405, 0.9989963793754577, 0.9923418080806732, 0.9962120580673218, 0.9923574161529541, 0.9950928246974945, 0.994785554409027, 0.9938087677955627, 0.9921310758590698, 0.9831315267086029, 0.9923039782047272, 0.9901502859592438, 0.9936389362812043, 0.9835096049308777, 0.9870407068729401, 0.9821547567844391, 0.9834313929080963, 0.9839306116104126, 0.9858867537975311, 0.9835625100135803, 0.979908800125122, 0.9795353066921234, 0.9791474628448487, 0.9768888187408448, 0.9776513874530792, 0.9776368057727813, 0.9714592170715332, 0.9701131618022919, 0.9726411056518555, 0.9694059622287751, 0.9697692906856537, 0.9699978148937225, 0.9791681337356567, 0.9697202134132386, 0.969620076417923, 0.9696393537521363, 0.9640312719345093, 0.9647501742839814, 0.9594577097892761, 0.9606240653991699, 0.9673208367824554, 0.9591243147850037, 0.9567230880260468, 0.9596103799343109, 0.9564122581481933, 0.9624204933643341, 0.9648800218105316, 0.9590508162975311, 0.9579920077323913, 0.9589991664886475, 0.9494798469543457, 0.9530949139595032, 0.9558251929283142, 0.9498246884346009, 0.9560642659664154, 0.9518436741828918, 0.9441943717002869, 0.9455505287647248, 0.9487030291557312, 0.9472499048709869, 0.9459070074558258, 0.9406677651405334, 0.9455939424037934, 0.9452677047252656, 0.9429475724697113, 0.9418424522876739, 0.9440307319164276, 0.9392694127559662, 0.9384392976760865, 0.9403231048583984, 0.9375646901130676, 0.9360275483131408, 0.9403694951534272, 0.935442932844162, 0.9318232715129853, 0.9323430073261261, 0.9406363153457642, 0.9340794289112091, 